:020000040800F2
:100000000080012059230008052100080D21000867
:10001000152100081D21000825210008000000000E
:100020000000000000000000000000002D2100087A
:100030003B21000800000000492100085921000868
:10004000A9230008A9230008A9230008A923000860
:10005000A9230008A9230008A9230008A923000850
:10006000A9230008A9230008A9230008A923000840
:10007000A9230008A9230008A9230008A923000830
:10008000A9230008A9230008A9230008A923000820
:10009000A9230008A9230008A9230008A923000810
:1000A000A9230008A9230008A9230008A923000800
:1000B000A9230008A9230008A9230008A9230008F0
:1000C000A9230008A9230008A9230008A9230008E0
:1000D000A9230008A9230008A923000895210008E6
:1000E000A9230008A9230008A9230008A9230008C0
:1000F000A9230008A9230008A9230008A9230008B0
:10010000A9230008A9230008A9230008A92300089F
:10011000A9230008A9230008A9230008A92300088F
:10012000A9230008A9230008A9230008A92300087F
:10013000A9230008A9230008A9230008A92300086F
:10014000A9230008A9230008A9230008A92300085F
:10015000A9230008A9230008A9230008A92300084F
:10016000A9230008A9230008A9230008A92300083F
:10017000A9230008A9230008A92300080000000003
:08018000A9230008A9230008CF
:1001900010B5054C237833B9044B13B10448AFF3C1
:1001A00000800123237010BD8000002000000000AB
:1001B000B8B6000808B5034B1BB103490348AFF3B9
:1001C000008008BD0000000084000020B8B60008D0
:1001D000034613F8012B002AFBD1181A0138704787
:1001E00001F0FF01102A2BDB10F0070F08D010F8E8
:1001F000013B013A8B422DD010F0070F42B3F6D1EC
:10020000F0B441EA012141EA014122F007047FF004
:1002100000070023F0E80256083C85EA010586EA5B
:10022000010685FA47F5A3FA87F586FA47F6A5FA97
:1002300087F68EB9EED1F0BC01F0FF0102F00702A3
:1002400032B110F8013B013A83EA010313B1F8D14E
:100250000020704701387047002D06BF354603382F
:10026000073815F0010F07D1013015F4807F02BF68
:10027000013015F4C03F0130F0BC0138704700BFB9
:1002800070B54FF0FF0C4CF4E06C1CEA11541DBF2C
:100290001CEA135594EA0C0F95EA0C0F00F0DEF8F7
:1002A0002C4481EA030621EA4C5123EA4C5350EADC
:1002B000013518BF52EA033541F4801143F480132D
:1002C00038D0A0FB02CE4FF00005E1FB02E506F0BE
:1002D0000042E0FB03E54FF00006E1FB03569CF013
:1002E000000F18BF4EF0010EA4F1FF04B6F5007F19
:1002F00064F5407404D25FEA4E0E6D4146EB06068B
:1003000042EAC62141EA55514FEAC52040EA5E5013
:100310004FEACE2EB4F1FD0C88BFBCF5E06F1ED8BD
:10032000BEF1004F08BF5FEA500E50F1000041EBF4
:10033000045170BD06F0004646EA010140EA0200A1
:1003400081EA0301B4EB5C04C2BFD4EB0C0541EAC3
:10035000045170BD41F480114FF0000E013C00F3D8
:10036000AB8014F1360FDEBF002001F0004170BDFC
:10037000C4F10004203C35DA0C341BDC04F1140415
:10038000C4F1200500FA05F320FA04F001FA05F2A1
:1003900040EA020001F0004221F0004110EBD3706E
:1003A00021FA04F642EB06015EEA430E08BF20EA9A
:1003B000D37070BDC4F10C04C4F1200500FA04F33D
:1003C00020FA05F001FA04F240EA020001F00041CF
:1003D00010EBD37041F100015EEA430E08BF20EA42
:1003E000D37070BDC4F1200500FA05F24EEA020E8A
:1003F00020FA04F301FA05F243EA020321FA04F0B9
:1004000001F0004121FA04F220EA020000EBD3706F
:100410005EEA430E08BF20EAD37070BD94F0000F6F
:100420000FD101F00046400041EB010111F4801FA3
:1004300008BF013CF7D041EA060195F0000F18BF54
:10044000704703F00046520043EB030313F4801F90
:1004500008BF013DF7D043EA0603704794EA0C0F4A
:100460000CEA135518BF95EA0C0F0CD050EA410660
:1004700018BF52EA4306D1D181EA030101F00041DD
:100480004FF0000070BD50EA410606BF1046194605
:1004900052EA430619D094EA0C0F02D150EA013611
:1004A00013D195EA0C0F05D152EA03361CBF104652
:1004B00019460AD181EA030101F0004141F0FE41F1
:1004C00041F470014FF0000070BD41F0FE4141F475
:1004D000780170BD81F0004102E000BF83F000436D
:1004E00030B54FEA41044FEA430594EA050F08BFCF
:1004F00090EA020F1FBF54EA000C55EA020C7FEA93
:10050000645C7FEA655C00F0E2804FEA5454D4EB0F
:100510005555B8BF6D420CDD2C4480EA020281EAD9
:10052000030382EA000083EA010180EA020281EA11
:100530000303362D88BF30BD11F0004F4FEA013163
:100540004FF4801C4CEA113102D0404261EB410172
:1005500013F0004F4FEA03334CEA133302D05242F8
:1005600063EB430394EA050F00F0A780A4F10104B4
:10057000D5F1200E0DDB02FA0EFC22FA05F28018EE
:1005800041F1000103FA0EF2801843FA05F35941D4
:100590000EE0A5F120050EF1200E012A03FA0EFC53
:1005A00028BF4CF0020C43FA05F3C01851EBE3717D
:1005B00001F0004507D54FF0000EDCF1000C7EEB9A
:1005C00000006EEB0101B1F5801F1BD3B1F5001FD8
:1005D0000CD349085FEA30004FEA3C0C04F10104F7
:1005E0004FEA445212F5800F80F09A80BCF1004F20
:1005F00008BF5FEA500C50F1000041EB045141EAA2
:10060000050130BD5FEA4C0C404141EB0101013C6A
:1006100028BFB1F5801FE9D291F0000F04BF014659
:100620000020B1FA81F308BF2033A3F10B03B3F12B
:1006300020020CDA0C3208DD02F1140CC2F10C02BB
:1006400001FA0CF021FA02F10CE002F11402D8BF19
:10065000C2F1200C01FA02F120FA0CFCDCBF41EAE5
:100660000C019040E41AA2BF01EB0451294330BDB4
:100670006FEA04041F3C1CDA0C340EDC04F1140491
:10068000C4F1200220FA04F001FA02F340EA030068
:1006900021FA04F345EA030130BDC4F10C04C4F1AE
:1006A000200220FA02F001FA04F340EA030029468E
:1006B00030BD21FA04F0294630BD94F0000F83F4D8
:1006C000801306BF81F480110134013D4EE77FEABB
:1006D000645C18BF7FEA655C29D094EA050F08BF07
:1006E00090EA020F05D054EA000C04BF19461046E8
:1006F00030BD91EA030F1EBF0021002030BD5FEA2C
:10070000545C05D14000494128BF41F0004130BD53
:1007100014F580043CBF01F5801130BD01F00045A7
:1007200045F0FE4141F470014FF0000030BD7FEA1A
:10073000645C1ABF194610467FEA655C1CBF0B4615
:10074000024650EA013406BF52EA033591EA030F2C
:1007500041F4002130BD00BF90F0000F04BF002124
:10076000704730B54FF4806404F132044FF0000557
:100770004FF0000150E700BF90F0000F04BF0021D0
:10078000704730B54FF4806404F1320410F0004536
:1007900048BF40424FF000013EE700BF42004FEA31
:1007A000E2014FEA31014FEA02701FBF12F07F43AE
:1007B00093F07F4F81F06051704732F07F4208BF65
:1007C000704793F07F4F04BF41F40021704730B56C
:1007D0004FF4607401F0004521F000411CE700BFB8
:1007E00050EA010208BF704730B54FF000050AE03B
:1007F00050EA010208BF704730B511F0004502D53C
:10080000404261EB41014FF4806404F132045FEA3D
:10081000915C3FF4D8AE4FF003025FEADC0C18BFE6
:1008200003325FEADC0C18BF033202EBDC02C2F1D8
:10083000200300FA03FC20FA02F001FA03FE40EA6A
:100840000E0021FA02F11444BDE600BF4A0011D2A5
:1008500012F5001211D20DD56FF47873B3EB62521A
:100860000ED44FEAC12343F0004343EA505323FA26
:1008700002F070474FF00000704750EA013002D19B
:100880004FF0FF3070474FF00000704753B94AB93E
:10089000002908BF00281CBF4FF0FF314FF0FF3088
:1008A00000F088B9ADF1080C6DE904CE00F006F84F
:1008B000DDF804E0DDE9022304B070472DE9F047DC
:1008C000089D8E4604468846002B4AD18A42174628
:1008D00062D9B2FA82F64EB1C6F1200301FA06F8E7
:1008E00020FA03F3B74043EA0808B4404FEA174E32
:1008F0001FFA87FCB8FBFEF1230C0EFB118843EABC
:10090000084301FB0CF29A4209D9FB1801F1FF30B0
:1009100080F0EA809A4240F2E78002393B449A1A1A
:10092000A3B2B2FBFEF00EFB102243EA024300FB2F
:100930000CFC9C4509D9FB1800F1FF3280F0D680F1
:100940009C4540F2D3803B44023840EA0140A3EB8F
:100950000C0300211DB1F3400022C5E90032BDE8BF
:10096000F0878B4205D90DB1C5E900010021084689
:10097000F5E7B3FA83F1002946D1734502D38242E9
:1009800000F20581841A6EEB030201209046002DCF
:10099000E5D0C5E90048E2E7002A00F09080B2FA0D
:1009A00082F6002E40F0A4808A1A030C4FEA174EFC
:1009B00080B2BCB20121B2FBFEFC0EFB1C2243EA5A
:1009C000024304FB0CF29A4207D9FB180CF1FF38E2
:1009D00002D29A4200F2E080C4469B1AB3FBFEF2B8
:1009E0000EFB123340EA034302FB04F49C4207D996
:1009F000FB1802F1FF3002D29C4200F2CA8002468C
:100A00001B1B42EA0C40A5E7C1F120068B4022FAED
:100A100006F71F430EFA01F420FA06F32EFA06FE3B
:100A20004FEA1749234300FA01F81FFA87FCBEFB7F
:100A3000F9F01C0C09FB10EE44EA0E4400FB0CFE1E
:100A4000A64502FA01F209D93C1900F1FF3A80F0FB
:100A50009C80A64540F2998002383C44A4EB0E04E9
:100A60001FFA83FEB4FBF9F309FB13444EEA044476
:100A700003FB0CFCA44508D93C1903F1FF3E80F0B0
:100A80008280A4457FD9023B3C4443EA0040A4EB6A
:100A90000C04A0FB02EC64457346E14662D35FD0D0
:100AA0005DB1B8EB030264EB090404FA06F622FA1E
:100AB00001F31E43CC40C5E9006400214FE7B1FBC0
:100AC000F2FC010C41EA0E4180B240EA01423B4691
:100AD00038463C46B846BE462026B1FBF7F1A2EBAD
:100AE000080241EA0C4166E7014618E710462CE788
:100AF000C6F120022EFA02F3B740B14020FA02F20A
:100B00004FEA174E0A43B3FBFEF8BCB20EFB183394
:100B1000110C41EA034108FB04F9B04089454FEA52
:100B2000104380B23ED9791808F1FF3C01D28945C3
:100B30001FD8A1EB0901B1FBFEF909FB04F80EFB7C
:100B4000191192B242EA0142424529D2BA1809F17A
:100B5000FF31C4D24245C2D2A9F102013A44BEE7F4
:100B6000F0459DD2BEEB02036CEB070C0138E14669
:100B700096E7A7EB09094944A8F1020CB1FBFEF97D
:100B800009FB04F8DBE773467FE7504666E7084653
:100B9000FDE63B44023A33E7ACF1020C3B441CE770
:100BA00049469CE7A1EB0901C446B1FBFEF909FBEC
:100BB00004F8C4E7704700BF80B500AF00220221EF
:100BC000034801F0CDFF012001F06CFC00BF80BDA7
:100BD0000008004880B500AF01220221034801F05F
:100BE000BFFF012001F05EFC00BF80BD000800488F
:100BF00080B582B000AF0346FB7100BF084B1B6895
:100C00009B6803F00203022BF8D1F91D6423012233
:100C1000034803F080FB00BF0837BD4680BD00BF1E
:100C2000A400002080B582B000AF78600B467B80C6
:100C300000BF084B1B689B6803F00203022BF8D12E
:100C40007A8864237968034803F065FB00BF08379E
:100C5000BD4680BDA400002080B584B002AFFF2354
:100C6000FB7100BF094B1B689B6803F00203022B5A
:100C7000F8D1BA1DF91D642300930123034803F042
:100C8000C0FCBB7918460837BD4680BDA4000020D3
:100C900080B582B000AF7860FFF7DEFF03461A46EA
:100CA0007B681A7000BF0837BD4680BD80B582B032
:100CB00000AF0A4B4FF4FA721A80FFF7CDFF0346DC
:100CC000FB71FB79FF2B03D0044B1B88002BF4D165
:100CD000FB7918460837BD4680BD00BF9E00002046
:100CE00080B584B000AF41F6FF73FB60FFF772FF81
:100CF0000023BB6005E0FF20FFF77AFFBB680133EC
:100D0000BB60BB68092BF6DDFFF756FF40233B7045
:100D100000237B700023BB700023FB7000233B711A
:100D200095237B713B4606211846FFF77BFF02E0C7
:100D3000FB68013BFB60FFF78FFF0346012B02D0EE
:100D4000FB68002BF4D1FFF745FFFF20FFF750FFB2
:100D5000034B01221A7000BF1037BD4680BD00BF93
:100D6000A100002080B400AF034B00221A7000BF26
:100D7000BD465DF8047B7047A100002080B400AF41
:100D8000034B1B781846BD465DF8047B704700BFD7
:100D9000A100002080B584B000AF78603960134BAB
:100DA000C8221A80FFF758FF0346FB73FB7BFF2B1B
:100DB00003D10E4B1B88002BF4D1FB7BFE2B01D003
:100DC00000230FE07B685A1C7A601846FFF760FF2B
:100DD0003B685A1E3A60002BF4D1FFF73DFFFFF746
:100DE0003BFF012318461037BD4680BD9C00002004
:100DF00080B584B000AF78600B46FB700023BB73F6
:100E0000FFF754FF0346FF2B01D000232FE0FB78B0
:100E10001846FFF7EDFEFB78FD2B20D04FF4007154
:100E20007868FFF7FFFEFFF717FFFFF715FF0BE0EE
:100E3000FFF712FF0346FB73FB7B03F01F03052B39
:100E400006D0BB7B0133BB73BB7B402BF0D900E0EA
:100E500000BF00BFFFF700FF0346002BFAD0FB7B6B
:100E600003F01F03052B01D1012300E000231846E6
:100E70001037BD4680BD80B584B000AF03463960F1
:100E8000FB71FFF713FF0346FF2B01D0FF2342E066
:100E9000FB791846FFF7ACFE3B681B0EDBB2184629
:100EA000FFF7A6FE3B681B0CDBB21846FFF7A0FE5F
:100EB0003B681B0ADBB21846FFF79AFE3B68DBB2C1
:100EC0001846FFF795FEFB79402B02D19523FB7363
:100ED00007E0FB79482B02D18723FB7301E0012354
:100EE000FB73FB7B1846FFF783FEFB794C2B01D18C
:100EF000FFF7B2FE0A23BB73FFF7AEFE03467B7318
:100F000097F90D30002B05DABB7B013BBB73BB7B34
:100F1000002BF1D17B7B18461037BD4680BD000009
:100F200090B585B000AF0346FB71FB79002B01D073
:100F30000123D1E06A4B1B78DBB203F00203002BE4
:100F400003D0674B1B78DBB2C6E0FFF7C9FEFFF7A3
:100F500033FE0023BB7300214020FFF78CFF0346C4
:100F6000012B40F0A1805F4B4FF47A721A804FF44E
:100F7000D5714820FFF77FFF0346012B55D1002391
:100F8000FB730CE0FC7BFFF767FE03461A4604F197
:100F900010033B4403F8082CFB7B0133FB73FB7B02
:100FA000032BEFD9BB7A012B7ED1FB7AAA2B7BD105
:100FB00000217720FFF75FFF0346012B07D84FF092
:100FC00080416920FFF757FF0346002B04D0454BB3
:100FD0001B88002BECD100E000BF424B1B88002B8C
:100FE00062D000217A20FFF746FF0346002B5BD139
:100FF0000023FB730CE0FC7BFFF72EFE03461A4632
:1010000004F110033B4403F8082CFB7B0133FB7312
:10101000FB7B032BEFD93B7A03F04003002B01D07D
:101020000C2300E00423BB733EE000217720FFF790
:1010300022FF0346012B08D800216920FFF71BFF80
:101040000346012B01D8022300E00123BB73BB7BC5
:10105000022B0ED100217720FFF70DFF0346012B55
:101060000ED800216920FFF706FF0346002B07D1A9
:101070000CE000214120FFF7FEFE0346002B04D0C8
:10108000184B1B88002BE2D100E000BF154B1B88DA
:10109000002B07D04FF400715020FFF7ECFE034601
:1010A000002B01D00023BB730F4ABB7B1370FFF7EB
:1010B00091FDFFF7D1FDBB7B002B08D0084B1B78BF
:1010C000DBB223F00103DAB2054B1A7001E0FFF73F
:1010D00049FE034B1B78DBB218461437BD4690BD62
:1010E000000000209C000020A000002080B483B0FD
:1010F00000AF0346FB71FB79002B01D0012302E016
:10110000044B1B78DBB218460C37BD465DF8047BF8
:10111000704700BF0000002080B584B000AFB96008
:101120007A603B600346FB73FB7B002B02D13B687C
:10113000002B01D1042351E02A4B1B78DBB203F0D2
:101140000103002B01D0032348E0274B1B7803F059
:101150000403002B02D17B685B027B60FFF72CFD50
:101160003B68012B11D179685120FFF784FE0346BB
:10117000002B29D14FF40071B868FFF70BFE03462E
:10118000002B21D000233B601EE079685220FFF73E
:1011900072FE0346002B17D14FF40071B868FFF7B9
:1011A000F9FD0346002B0AD0BB6803F50073BB6052
:1011B0003B68013B3B603B68002BEDD100E000BF8A
:1011C00000214C20FFF757FEFFF704FDFFF744FD19
:1011D0003B68002B14BF01230023DBB218461037F5
:1011E000BD4680BD00000020A000002080B584B076
:1011F00000AFB9607A603B600346FB73FB7B002B5A
:1012000002D13B68002B01D104236BE0374B1B78E4
:10121000DBB203F00103002B01D0032362E0334B68
:101220001B78DBB203F00403002B01D0022359E04A
:101230002F4B1B7803F00403002B02D17B685B0269
:101240007B60FFF7B9FC3B68012B10D1796858200F
:10125000FFF711FE0346002B3AD1FE21B868FFF7D5
:10126000C7FD0346002B33D000233B6030E0204B0A
:101270001B7803F00203002B07D000217720FFF733
:10128000FAFD39685720FFF7F6FD79685920FFF716
:10129000F2FD0346002B1BD1FC21B868FFF7A8FD27
:1012A0000346002B0AD0BB6803F50073BB603B68A4
:1012B000013B3B603B68002BEED100E000BFFD210D
:1012C0000020FFF795FD0346002B01D101233B6071
:1012D000FFF780FCFFF7C0FC3B68002B14BF012325
:1012E0000023DBB218461037BD4680BD0000002049
:1012F000A000002090B58BB000AF03463A60FB71B0
:101300000B46BB713B683B62FB79002B01D0042389
:1013100013E1012387F82730BB79052B24D13B6AE1
:101320001B78022B12D0022B1ADC002B02D0012BCF
:1013300006D015E0FFF716FD002387F82730FAE006
:10134000FFF7CEFC002387F82730F4E03B6A5C1CF3
:10135000FFF714FD03462370002387F82730EAE0E7
:10136000042387F82730E6E0764B1B78DBB203F0E6
:101370000103002B01D00323DFE0FFF71DFCBB7945
:101380000D2B00F2C98001A252F823F0831400084B
:10139000C513000873140008191500081915000872
:1013A0001915000819150008191500081915000865
:1013B000191500081915000895140008B91400083B
:1013C000DD14000800214920FFF755FD0346002BDE
:1013D00040F0A68007F10C0310211846FFF7DAFC55
:1013E0000346002B00F09C803B7B9B09DBB2012B6A
:1013F0000DD17B7D1A463B7D1B029BB213449BB2F1
:101400000133FB83FB8B9A023B681A602DE07B7CE7
:1014100003F00F03DAB2BB7DDB09DBB21344DAB2AF
:101420007B7D5B00DBB203F00603DBB21344DBB26F
:10143000023387F826303B7D9B09DBB21A46FB7CE2
:101440009B009BB213449AB2BB7C9B029BB203F4F9
:1014500040639BB213449BB20133FB83FA8B97F832
:101460002630093B9A403B681A60002387F82730F2
:1014700056E03B684FF400721A80002387F827304B
:1014800055E0FFF713FC0346FF2B4BD1002387F8F1
:10149000273047E000214920FFF7EDFC0346002BF1
:1014A00042D11021386AFFF775FC0346002B3BD070
:1014B000002387F8273037E000214A20FFF7DBFCC4
:1014C0000346002B32D11021386AFFF763FC034634
:1014D000002B2BD0002387F8273027E000217A202B
:1014E000FFF7C9FC0346002B16D1002387F82630EE
:1014F0000BE03C6A631C3B62FFF7AEFB03462370C4
:1015000097F82630013387F8263097F82630032BDA
:10151000EFD9002387F82730042387F8273006E027
:1015200000BF04E000BF02E000BF00E000BFFFF723
:1015300051FBFFF791FB97F8273018462C37BD4633
:1015400090BD00BF0000002080B483B000AF786081
:101550004FF06043D3F8803E03F00103002B13D01B
:101560004FF06043D3F8003E03F00103002B0BD093
:1015700000E000BF4FF060431B68002BF9D04FF034
:1015800060437A68D2B21A707B6818460C37BD4641
:101590005DF8047B70470FB480B5C2B000AF07F5AB
:1015A0008A7207F58473A3F584731A6007F5847350
:1015B000A3F58473381D1B68D7F810214FF4807190
:1015C00008F028FB0023A7F806310EE0B7F8063133
:1015D00007F58472A2F58272D35C1846FFF7B4FF58
:1015E000B7F806310133A7F80631B7F8063107F529
:1015F0008472A2F58272D35C002BE7D100BF00BFDA
:1016000007F58477BD46BDE8804004B07047000010
:1016100080B487B000AF87ED010A97ED017ADFED66
:101620001A6AC7EE267AFDEEE77A17EE903A7B61EA
:101630007B69642202FB03F307EE903AF8EEE77A47
:1016400097ED017A77EE677AC7ED047A97ED047A21
:10165000DFED0E6AC7EE267AC7ED037A7B6907EEE7
:10166000903AF8EEE77A97ED037A77EE277AC7EDAE
:10167000027ABB6807EE903AB0EE670A1C37BD46A7
:101680005DF8047B704700BF0000C8420000704254
:1016900080B586B004AF786006224549786808F0C6
:1016A000CFFA0346002B24D1424B0293424B0193C5
:1016B000424B0093424B434A4349786808F00AFA88
:1016C0003F4BD3ED007AB0EE670AFFF7A1FFF0EED3
:1016D000407A3E4BC3ED007A374BD3ED007AB0EE43
:1016E000670AFFF795FFF0EE407A394BC3ED007AB9
:1016F0005AE006223749786808F0A2FA0346002B20
:1017000024D1304B02932B4B01932B4B00932B4B4B
:101710002B4A3149786808F0DDF9294BD3ED007A7E
:10172000B0EE670AFFF774FFF0EE407A274BC3ED87
:10173000007A214BD3ED007AB0EE670AFFF768FF1D
:10174000F0EE407A224BC3ED007A2DE006222349C9
:10175000786808F075FA0346002B25D1154B0393E2
:10176000154B0293154B0193154B00931C4B154AD7
:101770001C49786808F0AEF9114BD3ED007AB0EE51
:10178000670AFFF745FFF0EE407A104BC3ED007A91
:10179000094BD3ED007AB0EE670AFFF739FFF0EEA0
:1017A000407A0B4BC3ED007A00BF0837BD4680BDC1
:1017B000F4B60008792300206C2300207823002051
:1017C0007023002074230020FCB600088023002032
:1017D0007C23002014B700081CB7000834B70008A9
:1017E0007A2300203CB7000880B586B000AF78604F
:1017F00000237B6100233B617B697A6813441B787B
:10180000242B03D17B6901337B610CE0002347E08B
:101810007B697A6813441B781A463B6953403B61E5
:101820007B6901337B617B697A6813441B78002BE9
:1018300008D07B697A6813441B782A2B02D07B6915
:101840004A2BE5DD7B694A2B01DD002328E07B691B
:101850007A6813441B782A2B19D17B6901337A6883
:1018600013441B783B737B6902337A6813441B78FB
:101870007B730023BB7307F108033A690A491846D2
:1018800008F006F93A7A3B7B9A4208D101E000233E
:1018900006E07A7A7B7B9A4201D1012300E00023A3
:1018A00018461837BD4680BD58B7000880B5BCB093
:1018B00002AF786006222949786808F0C1F903462A
:1018C000002B47D107F10C037968184608F099FA04
:1018D00007F10C032249184608F0C4F9C7F8E400E0
:1018E0001F49002008F0BEF9C7F8E4001C49002099
:1018F00008F0B8F9C7F8E0001949002008F0B2F97B
:10190000C7F8DC001649002008F0ACF9C7F8D80089
:101910001349002008F0A6F9C7F8D400D7F8E03042
:10192000002B17D0D7F8DC30002B13D0D7F8D830E5
:10193000002B0FD0D7F8D430002B0BD0D7F8D430F1
:101940000093D7F8D830D7F8DC20D7F8E010054856
:10195000FFF721FE00BFE837BD4680BD60B7000835
:1019600068B700086CB7000880B582B000AF786037
:101970007B681B68204A93423AD1204B1B780A2B84
:101980000FD01F4B1B787E2B0BD81D4B1B785A1C7E
:10199000D1B21B4A11701A46184B1978194B995439
:1019A00021E0174B1B781A46164B00219954154815
:1019B000FFF71AFF0346002B09D01248FFF768FE15
:1019C0001048FFF773FF0F4800F032FA03E00D49AB
:1019D0000D48FFF7E0FD0A4B00221A70802200211B
:1019E000084808F025F901220449084803F0DAF90B
:1019F00000BF0837BD4680BD004800406923002075
:101A000068230020E822002090B700089001002001
:101A100080B500AF00F0CAFC00F01CF800F00AF935
:101A200000F06AF804F0D0FC00F0A4F800F0D2F85E
:101A300001220549054803F0B5F90548FFF7ABFD5C
:101A400000F042F900BFFDE769230020900100206B
:101A5000A4B7000880B596B000AF07F11403442284
:101A60000021184608F0E4F83B4600221A605A604C
:101A70009A60DA601A614FF4007001F097F803463B
:101A8000002B01D000F008FA10237B610123FB62D8
:101A900000233B6360237B630223FB6301233B64DE
:101AA00001237B641423BB640723FB6402233B658F
:101AB00002237B6507F11403184601F0CDF80346B5
:101AC000002B01D000F0E8F90F233B6003237B607B
:101AD0000023BB600023FB6000233B613B460221E7
:101AE000184601F095FC0346002B01D000F0D4F914
:101AF00000BF5837BD4680BD80B500AF1B4B1C4AA8
:101B00001A601A4B4FF482725A60184B00229A6086
:101B1000164B4FF4E062DA60144B00221A61134B4B
:101B200000225A61114B4FF400729A610F4B002250
:101B3000DA610E4B00221A620C4B00225A620B4BE8
:101B400000229A62094B0722DA62084B00221A63CC
:101B5000064B08225A63054802F03AFB0346002B65
:101B600001D000F099F900BF80BD00BFA4000020A3
:101B70000038004080B500AF144B154A1A60134B73
:101B80004FF4E1325A60114B00229A600F4B002251
:101B9000DA600E4B00221A610C4B0C225A610B4B7F
:101BA00000229A61094B0022DA61084B00221A6276
:101BB000064B00225A62054803F0A6F80346002BA4
:101BC00001D000F069F900BF80BD00BF080100200E
:101BD0000044004080B500AF144B154A1A60134B07
:101BE0004FF416525A60114B00229A600F4B00229C
:101BF000DA600E4B00221A610C4B0C225A610B4B1F
:101C000000229A61094B0022DA61084B00221A6215
:101C1000064B00225A62054803F076F80346002B73
:101C200001D000F039F900BF80BD00BF9001002055
:101C30000048004080B588B000AF07F10C030022D7
:101C40001A605A609A60DA601A611D4BDB6C1C4A9C
:101C500043F00403D3641A4BDB6C03F00403BB6052
:101C6000BB68174BDB6C164A43F00103D364144B7B
:101C7000DB6C03F001037B607B68114BDB6C104A6B
:101C800043F00203D3640E4BDB6C03F002033B60B2
:101C90003B68002202210B4800F062FF0223FB6038
:101CA00001233B6100237B610023BB6107F10C032F
:101CB0001946044800F0AAFD00BF2037BD4680BD8C
:101CC000001002400008004880B584B000AF012237
:101CD0004749484806F0C0FD03461A46464B1A706D
:101CE000454B1B78002B05D0434B1B7819464348C6
:101CF000FFF751FC4248FFF74EFC3A1D3B461946A0
:101D00003B4807F052FB7B68DB69023B7A685289EB
:101D100002FB03F31846FEF71FFD4FF00002394B9C
:101D2000FEF7AEFA02460B4610461946FEF78EFD48
:101D30000346FB607B685B891A463B6802FB03F342
:101D40001846FEF709FD4FF000022E4BFEF798FAF9
:101D500002460B4610461946FEF778FD0346BB6067
:101D6000BA68F9682848FFF716FC0B22274928486B
:101D700006F0B8FD03461A461F4B1A701E4B1B781F
:101D8000002B05D01C4B1B7819462248FFF703FC9B
:101D90002148FFF700FC1E49204807F070FC1C4852
:101DA00007F0D9FA01221949194806F09BFD0346AC
:101DB0001A46114B1A70104B1B78002B05D00E4B96
:101DC0001B7819461648FFF7E6FB114A64211548AF
:101DD00007F0A0FB13491448FFF7DDFB0C4807F0A0
:101DE000BAFA1248FFF7D7FB00BF1037BD4680BDD7
:101DF000BCB700081802002080220020C0B70008ED
:101E0000DCB700080000E03F00B8000830B8000868
:101E1000501200203CB8000860B8000874B80008F0
:101E20009CB8000884220020B8B80008C8B8000890
:101E300080B582B000AF786032221249124806F0B5
:101E400051FD03461A46114B1A70104B1B78002B9C
:101E50000ED179680E48FFF79EFB0B49786807F0B2
:101E60000EFC094807F0F9F9074807F074FA05E095
:101E7000064B1B7819460748FFF78DFB00BF083754
:101E8000BD4680BD30B800085012002080220020DE
:101E9000F0B800080CB9000880B400AF72B600BFFB
:101EA00000BFFDE780B483B000AF0F4B1B6E0E4A3E
:101EB00043F0010313660C4B1B6E03F001037B60C0
:101EC0007B68094B9B6D084A43F080539365064B32
:101ED0009B6D03F080533B603B6800BF0C37BD46F1
:101EE0005DF8047B704700BF0010024080B58AB0E7
:101EF00000AF786007F1140300221A605A609A60FC
:101F0000DA601A617B681B68254A934244D1254BED
:101F10009B6D244A43F480439365224B9B6D03F4ED
:101F200080433B613B691F4BDB6C1E4A43F004035B
:101F3000D3641C4BDB6C03F00403FB60FB68194BA0
:101F4000DB6C184A43F00203D364164BDB6C03F0DE
:101F50000203BB60BB680C237B610223BB610023CF
:101F6000FB6103233B6205237B6207F114031946DF
:101F70000D4800F04BFC4FF480637B610223BB6192
:101F80000023FB6103233B6205237B6207F11403FB
:101F90001946064800F03AFC00BF2837BD4680BD10
:101FA00000380040001002400008004800040048CB
:101FB00080B5AEB000AF786007F1A40300221A60CC
:101FC0005A609A60DA601A6107F11C0388220021C6
:101FD000184607F02DFE7B681B68464A93423CD1A9
:101FE0000223FB610023BB6507F11C03184601F0C7
:101FF00033FC0346002B01D0FFF74EFF3E4B9B6D99
:102000003D4A43F4003393653B4B9B6D03F400332F
:10201000BB61BB69384BDB6C374A43F00103D364C7
:10202000354BDB6C03F001037B617B690C23C7F844
:10203000A4300223C7F8A8300023C7F8AC3003232C
:10204000C7F8B0300723C7F8B43007F1A403194626
:102050004FF0904000F0DAFB47E07B681B68274AAE
:10206000934242D10423FB610023FB6507F11C036B
:10207000184601F0F1FB0346002B01D0FFF70CFFDF
:102080001D4B9B6D1C4A43F4802393651A4B9B6D3B
:1020900003F480233B613B69174BDB6C164A43F02A
:1020A0000403D364144BDB6C03F00403FB60FB6894
:1020B0003023C7F8A4300223C7F8A8300023C7F89C
:1020C000AC300323C7F8B0300723C7F8B43007F1AA
:1020D000A40319460A4800F099FB0022002127209A
:1020E00000F0DFFA272000F0F8FA00BFB837BD464D
:1020F00080BD00BF00440040001002400048004086
:102100000008004880B400AF00BFFDE780B400AF16
:1021100000BFFDE780B400AF00BFFDE780B400AFB3
:1021200000BFFDE780B400AF00BFFDE780B400AFA3
:1021300000BFBD465DF8047B704780B400AF00BFB0
:10214000BD465DF8047B704780B400AF00BFBD465C
:102150005DF8047B7047000080B500AF0B4B1B8817
:10216000002B05D0094B1B88013B9AB2074B1A8004
:10217000074B1B88002B05D0054B1B88013B9AB2EF
:10218000034B1A8000F06EF900BF80BD9C00002058
:102190009E00002080B500AF024802F04FFE00BF55
:1021A00080BD00BF9001002080B400AF012318461D
:1021B000BD465DF8047B704780B582B000AF7860A3
:1021C000396007F0F1FD034616221A604FF0FF3325
:1021D00018460837BD4680BD80B582B000AF786034
:1021E0004FF0FF317868FFF7E7FF00BFFDE780B5EC
:1021F00086B000AFF860B9607A6000237B610AE0C6
:10220000AFF300800146BB685A1CBA60CAB21A70AC
:102210007B6901337B617A697B689A42F0DB7B687A
:1022200018461837BD4680BD80B586B000AFF8604F
:10223000B9607A6000237B6109E0BB685A1CBA6010
:102240001B781846AFF300807B6901337B617A69A4
:102250007B689A42F1DB7B6818461837BD4680BD23
:1022600080B483B000AF78604FF0FF3318460C376E
:10227000BD465DF8047B704780B483B000AF7860E2
:1022800039603B684FF400525A60002318460C37FF
:10229000BD465DF8047B704780B483B000AF7860C2
:1022A000012318460C37BD465DF8047B704780B4A7
:1022B00085B000AFF860B9607A6000231846143723
:1022C000BD465DF8047B704780B586B000AF78608E
:1022D000144A154BD31A7B617B693B61134B1B6816
:1022E000002B02D1114B124A1A60104B1A687B68FE
:1022F00013443A699A4207D207F056FD03460C226E
:102300001A604FF0FF3309E0084B1B68FB60074B76
:102310001A687B681344054A1360FB68184618372F
:10232000BD4680BD00800120000400008423002001
:102330001827002080B400AF064BD3F88830054A38
:1023400043F47003C2F8883000BFBD465DF8047BDB
:10235000704700BF00ED00E0DFF834D0FFF7EAFF80
:102360000C480D490D4A002302E0D458C4500433F0
:10237000C4188C42F9D30A4A0A4C002301E01360C6
:102380000432A242FBD307F015FDFFF741FBFEE745
:1023900000800120000000208000002030C00008E4
:1023A0008000002014270020FEE7000080B582B0E6
:1023B00000AF0023FB710C4B1B680B4A43F4807386
:1023C0001360032000F062F9002000F00FF80346CC
:1023D000002B02D00123FB7101E0FFF763FDFB79C5
:1023E00018460837BD4680BD0020024080B584B045
:1023F00000AF78600023FB73174B1B78002B23D0B2
:10240000164B1A68144B1B7819464FF47A73B3FBBA
:10241000F1F3B2FBF3F3184600F06DF90346002B1D
:102420000FD17B680F2B09D8002279684FF0FF305D
:1024300000F037F90A4A7B68136007E00123FB7359
:1024400004E00123FB7301E00123FB73FB7B1846CF
:102450001037BD4680BD00BF0C00002004000020E6
:102460000800002080B400AF064B1B781A46064BCC
:102470001B681344044A136000BFBD465DF8047B2B
:10248000704700BF0C0000208823002080B400AFFC
:10249000034B1B681846BD465DF8047B704700BFC0
:1024A0008823002080B584B000AF7860FFF7EEFF8E
:1024B000B8607B68FB60FB68B3F1FF3F05D00A4B57
:1024C0001B781A46FB681344FB6000BFFFF7DEFF72
:1024D0000246BB68D31AFA689A42F7D800BF00BF19
:1024E0001037BD4680BD00BF0C00002080B485B011
:1024F00000AF78607B6803F00703FB600C4BDB6880
:10250000BB60BA684FF6FF031340BB60FB681A025A
:10251000BB68134343F0BF6343F40033BB60044A1A
:10252000BB68D36000BF1437BD465DF8047B7047BD
:1025300000ED00E080B400AF044BDB681B0A03F041
:1025400007031846BD465DF8047B704700ED00E0C8
:1025500080B483B000AF0346FB7197F90730002BBE
:102560000BDBFB7903F01F02074997F907305B0982
:10257000012000FA02F241F8232000BF0C37BD46CB
:102580005DF8047B704700BF00E100E080B483B0D9
:1025900000AF03463960FB7197F90730002B0ADB67
:1025A0003B68DAB20C4997F907301201D2B20B44FA
:1025B00083F800230AE03B68DAB20849FB7903F0AC
:1025C0000F03043B1201D2B20B441A7600BF0C3742
:1025D000BD465DF8047B704700E100E000ED00E0DF
:1025E00080B489B000AFF860B9607A60FB6803F02E
:1025F0000703FB61FB69C3F10703042B28BF042316
:10260000BB61FB690433062B02D9FB69033B00E085
:1026100000237B614FF0FF32BB6902FA03F3DA4318
:10262000BB681A407B699A404FF0FF317B6901FA21
:1026300003F3D9437B680B40134318462437BD4648
:102640005DF8047B7047000080B582B000AF786011
:102650007B68013BB3F1807F01D301230FE00A4A7D
:102660007B68013B53600F214FF0FF30FFF78EFF77
:10267000054B00229A60044B07221A60002318467B
:102680000837BD4680BD00BF10E000E080B582B0D5
:1026900000AF78607868FFF729FF00BF0837BD46B4
:1026A00080BD80B586B000AF0346B9607A60FB7329
:1026B00000237B61FFF73EFF78617A68B96878692B
:1026C000FFF78EFF024697F90F3011461846FFF7C5
:1026D0005DFF00BF1837BD4680BD80B582B000AF3A
:1026E0000346FB7197F907301846FFF731FF00BF2B
:1026F0000837BD4680BD80B582B000AF786078688D
:10270000FFF7A2FF034618460837BD4680BD80B4D8
:1027100085B000AF78600023FB737B6893F82530A9
:10272000DBB2022B08D07B680422DA637B680022CC
:1027300083F82420012322E07B681B681A687B68E9
:102740001B6822F00E021A607B681B681A687B689F
:102750001B6822F001021A607B685B6C03F01C02AC
:102760007B681B6C012101FA02F25A607B6801222E
:1027700083F825207B68002283F82420FB7B184601
:102780001437BD465DF8047B704780B584B000AF58
:1027900078600023FB737B6893F82530DBB2022B53
:1027A00005D07B680422DA630123FB7329E07B6890
:1027B0001B681A687B681B6822F00E021A607B682F
:1027C0001B681A687B681B6822F001021A607B682C
:1027D0005B6C03F01C027B681B6C012101FA02F2A6
:1027E0005A607B68012283F825207B68002283F8E9
:1027F00024207B689B6B002B03D07B689B6B7868E5
:102800009847FB7B18461037BD4680BD80B487B023
:1028100000AF7860396000237B617FE13B681A6814
:1028200001217B6901FA03F31340FB60FB68002B75
:1028300000F071813B685B6803F00303012B05D056
:102840003B685B6803F00303022B30D17B689B6815
:102850003B617B695B00032202FA03F3DB433A69C5
:1028600013403B613B68DA687B695B0002FA03F363
:102870003A6913433B617B683A699A607B685B689D
:102880003B6101227B6902FA03F3DB433A6913409F
:102890003B613B685B681B0903F001027B6902FA3C
:1028A00003F33A6913433B617B683A695A603B68BA
:1028B0005B6803F00303032B18D17B68DB6A3B6181
:1028C00001227B6902FA03F3DB433A6913403B615F
:1028D0003B685B68DB0803F001027B6902FA03F3E3
:1028E0003A6913433B617B683A69DA623B685B682B
:1028F00003F00303032B17D07B68DB683B617B6924
:102900005B00032202FA03F3DB433A6913403B61A5
:102910003B689A687B695B0002FA03F33A691343E8
:102920003B617B683A69DA603B685B6803F00303EC
:10293000022B23D17B69DA087B68083253F82230F6
:102940003B617B6903F007039B000F2202FA03F34C
:10295000DB433A6913403B613B681A697B6903F0CA
:1029600007039B0002FA03F33A6913433B617B6957
:10297000DA087B680832396943F822107B681B68E3
:102980003B617B695B00032202FA03F3DB433A6994
:1029900013403B613B685B6803F003027B695B00AB
:1029A00002FA03F33A6913433B617B683A691A60A0
:1029B0003B685B6803F44033002B00F0AC805F4B56
:1029C0001B6E5E4A43F0010313665C4B1B6E03F003
:1029D0000103BB60BB685A4A7B699B08023352F80B
:1029E00023303B617B6903F003039B000F2202FA53
:1029F00003F3DB433A6913403B617B68B3F1904FCB
:102A000025D07B684F4A93421FD07B684E4A934241
:102A100019D07B684D4A934213D07B684C4A93424D
:102A20000DD07B684B4A934207D07B684A4A934259
:102A300001D106230CE007230AE0052308E0042364
:102A400006E0032304E0022302E0012300E0002368
:102A50007A6902F00302920093403A6913433B61A2
:102A600037497B699B0802333A6941F823203B4B85
:102A70009B683B61FB68DB433A6913403B613B6801
:102A80005B6803F48013002B03D03A69FB6813439F
:102A90003B61324A3B699360304BDB683B61FB68CA
:102AA000DB433A6913403B613B685B6803F4001306
:102AB000002B03D03A69FB6813433B61274A3B690B
:102AC000D360264B5B683B61FB68DB433A6913408C
:102AD0003B613B685B6803F40033002B03D03A6929
:102AE000FB6813433B611D4A3B6953601B4B1B68EA
:102AF0003B61FB68DB433A6913403B613B685B68C1
:102B000003F48033002B03D03A69FB6813433B6125
:102B1000124A3B6913607B6901337B613B681A6829
:102B20007B6922FA03F3002B7FF478AE00BF00BF6D
:102B30001C37BD465DF8047B704700BF00100240A3
:102B4000000001400004004800080048000C004854
:102B5000001000480014004800180048000401401C
:102B600080B483B000AF78600B467B8013467B70E7
:102B70007B78002B03D07A887B689A6102E07A88A0
:102B80007B689A6200BF0C37BD465DF8047B7047D6
:102B900080B400AF044B1B6803F4C0631846BD4605
:102BA0005DF8047B704700BF0070004080B485B0C2
:102BB00000AF78607B68B3F5007F30D1234B1B6892
:102BC00003F4C063B3F5007F38D0204B1B6823F4B7
:102BD000C0631E4A43F4007313601D4B1B6832220E
:102BE00002FB03F31B4AA2FB03239B0C0133FB6094
:102BF00002E0FB68013BFB60144B5B6903F48063FC
:102C0000B3F5806F02D1FB68002BF2D10F4B5B69EB
:102C100003F48063B3F5806F10D103230FE00B4BF7
:102C20001B6803F4C063B3F5806F07D0074B1B68C4
:102C300023F4C063054A43F48063136000231846FD
:102C40001437BD465DF8047B704700BF007000403C
:102C50000400002083DE1B4380B588B000AF78609D
:102C60007B68002B01D10123CAE3974B9B6803F0DB
:102C70000C03BB61944BDB6803F003037B617B684F
:102C80001B6803F01003002B00F0E480BB69002BED
:102C900007D0BB690C2B40F08B807B69012B40F087
:102CA0008780894B1B6803F00203002B05D07B68EB
:102CB0009B69002B01D10123A2E37B681A6A824B36
:102CC0001B6803F00803002B04D07F4B1B6803F044
:102CD000F00305E07C4BD3F894301B0903F0F003BC
:102CE000934223D27B681B6A184600F055FD0346C9
:102CF000002B01D0012383E3734B1B68724A43F01E
:102D000008031360704B1B6823F0F0027B681B6A9A
:102D10006D4913430B606C4B5B6823F47F427B6807
:102D2000DB691B02684913434B6025E0664B1B6857
:102D3000654A43F008031360634B1B6823F0F002FD
:102D40007B681B6A604913430B605F4B5B6823F42D
:102D50007F427B68DB691B025B4913434B60BB69A5
:102D6000002B09D17B681B6A184600F015FD03464D
:102D7000002B01D0012343E300F04AFC0246524BF2
:102D80009B681B0903F00F035049CB5C03F01F0342
:102D900022FA03F34E4A13604E4B1B681846FFF7A6
:102DA00025FB0346FB73FB7B002B52D0FB7B27E309
:102DB0007B689B69002B32D0434B1B68424A43F02F
:102DC00001031360FFF762FB386108E0FFF75EFB69
:102DD00002463B69D31A022B01D9032310E33A4B75
:102DE0001B6803F00203002BF0D0374B1B68364AF8
:102DF00043F008031360344B1B6823F0F0027B6838
:102E00001B6A314913430B602F4B5B6823F47F42ED
:102E10007B68DB691B022C4913434B601AE02A4B89
:102E20001B68294A23F001031360FFF72FFB386169
:102E300008E0FFF72BFB02463B69D31A022B01D9AE
:102E40000323DDE2204B1B6803F00203002BF0D1CB
:102E500000E000BF7B681B6803F00103002B74D007
:102E6000BB69082B05D0BB690C2B0ED17B69032BEA
:102E70000BD1154B1B6803F40033002B64D07B6827
:102E80005B68002B60D10123BAE27B685B68B3F515
:102E9000803F06D10C4B1B680B4A43F48033136010
:102EA00026E07B685B68B3F5A02F15D1064B1B6845
:102EB000054A43F480231360034B1B68024A43F422
:102EC0008033136014E000BF001002409CB900087A
:102ED0000400002008000020A04B1B689F4A23F438
:102EE000803313609D4B1B689C4A23F4802313603E
:102EF0007B685B68002B13D0FFF7C8FA386108E0E5
:102F0000FFF7C4FA02463B69D31A642B01D90323A5
:102F100076E2924B1B6803F40033002BF0D014E0F0
:102F2000FFF7B4FA386108E0FFF7B0FA02463B69F0
:102F3000D31A642B01D9032362E2884B1B6803F484
:102F40000033002BF0D100E000BF7B681B6803F06A
:102F50000203002B60D0BB69042B05D0BB690C2B8E
:102F600019D17B69022B16D17C4B1B6803F480635B
:102F7000002B05D07B68DB68002B01D101233FE2E9
:102F8000764B5B6823F0F8527B681B691B0673491C
:102F900013434B6040E07B68DB68002B23D06F4B12
:102FA0001B686E4A43F480731360FFF76FFA386151
:102FB00008E0FFF76BFA02463B69D31A022B01D9EE
:102FC00003231DE2654B1B6803F48063002BF0D0E4
:102FD000624B5B6823F0F8527B681B691B065F49F4
:102FE00013434B6018E05D4B1B685C4A23F480730D
:102FF0001360FFF74BFA386108E0FFF747FA024623
:103000003B69D31A022B01D90323F9E1534B1B6807
:1030100003F48063002BF0D17B681B6803F0080386
:10302000002B3CD07B685B69002B1CD04B4BD3F84A
:1030300094304A4A43F00103C2F89430FFF726FA6D
:10304000386108E0FFF722FA02463B69D31A022BE7
:1030500001D90323D4E1414BD3F8943003F00203A8
:10306000002BEFD01BE03D4BD3F894303B4A23F0CC
:103070000103C2F89430FFF709FA386108E0FFF75E
:1030800005FA02463B69D31A022B01D90323B7E1A3
:10309000324BD3F8943003F00203002BEFD17B685E
:1030A0001B6803F00403002B00F0A6800023FB77CD
:1030B0002A4B9B6D03F08053002B0DD1274B9B6D4A
:1030C000264A43F080539365244B9B6D03F0805355
:1030D000BB60BB680123FB77214B1B6803F4807343
:1030E000002B18D11E4B1B681D4A43F480731360DC
:1030F000FFF7CCF9386108E0FFF7C8F902463B69F1
:10310000D31A022B01D903237AE1154B1B6803F470
:103110008073002BF0D07B689B68012B08D10F4B8C
:10312000D3F890300D4A43F00103C2F8903029E003
:103130007B689B68052B15D1084BD3F89030074A64
:1031400043F00403C2F89030044BD3F89030034AA4
:1031500043F00103C2F8903014E000BF00100240B9
:10316000007000409C4BD3F890309B4A23F0010341
:10317000C2F89030984BD3F89030974A23F004036C
:10318000C2F890307B689B68002B16D0FFF77EF961
:1031900038610AE0FFF77AF902463B69D31A41F237
:1031A0008832934201D903232AE18B4BD3F8903024
:1031B00003F00203002BEDD015E0FFF767F938614B
:1031C0000AE0FFF763F902463B69D31A41F28832FD
:1031D000934201D9032313E17F4BD3F8903003F0DE
:1031E0000203002BEDD1FB7F012B05D17A4B9B6DA8
:1031F000794A23F0805393657B689B6A002B00F02B
:10320000FE807B689B6A022B40F0D080724BDB68AB
:103210007B617B6903F003027B68DB6A9A4230D1F1
:103220007B6903F070027B681B6B013B1B019A42B8
:1032300027D17B6903F4FE427B685B6B1B029A42D9
:103240001FD17B6903F400337A68926B072A14BF9D
:1032500001220022D2B2934213D17B6903F4C0024F
:103260007B68DB6B5B08013B5B059A4209D17B699C
:1032700003F0C0627B681B6C5B08013B5B069A42F3
:103280006ED0BB690C2B69D0534B1B6803F0806375
:10329000002B05D1504B1B6803F08053002B01D04D
:1032A0000123ADE04C4B1B684B4A23F08073136045
:1032B000FFF7ECF8386108E0FFF7E8F802463B69F1
:1032C000D31A022B01D903239AE0434B1B6803F066
:1032D0000073002BF0D1404BDA68404B13407A6802
:1032E000D16A7A68126B013A120111437A68526B03
:1032F000120211437A68D26B5208013A5205114307
:103300007A68126C5208013A520611437A68926B3D
:10331000120952040A4330491343CB602E4B1B68F9
:103320002D4A43F0807313602B4BDB682A4A43F02D
:103330008073D360FFF7AAF8386108E0FFF7A6F8BA
:1033400002463B69D31A022B01D9032358E0224BD2
:103350001B6803F00073002BF0D050E001234FE016
:103360001D4B1B6803F00073002B48D11A4B1B68E0
:10337000194A43F080731360174BDB68164A43F019
:103380008073D360FFF782F8386108E0FFF77EF8BA
:1033900002463B69D31A022B01D9032330E00E4BBE
:1033A0001B6803F00073002BF0D028E0BB690C2BE6
:1033B00023D0094B1B68084A23F080731360FFF782
:1033C00065F838610CE0FFF761F802463B69D31AF3
:1033D000022B05D9032313E0001002408C809DF9D5
:1033E000094B1B6803F00073002BECD1064BDA6825
:1033F0000549064B1340CB6001E0012300E00023A8
:1034000018462037BD4680BD00100240FCFFEEFE8E
:1034100080B584B000AF786039607B68002B01D143
:103420000123E7E0754B1B6803F007033A689A42F3
:1034300010D9724B1B6823F0070270493B68134395
:103440000B606E4B1B6803F007033A689A4201D089
:103450000123CFE07B681B6803F00203002B10D030
:103460007B689A68664B9B6803F0F0039A4208D920
:10347000634B9B6823F0F0027B689B6860491343B1
:103480008B607B681B6803F00103002B4CD07B68CA
:103490005B68032B07D15A4B1B6803F00073002BAA
:1034A00021D10123A6E07B685B68022B07D1544B36
:1034B0001B6803F40033002B15D101239AE07B68CD
:1034C0005B68002B07D14E4B1B6803F00203002BF7
:1034D00009D101238EE04A4B1B6803F48063002B63
:1034E00001D1012386E0464B9B6823F003027B68F1
:1034F0005B68434913438B60FEF7C8FFF8600AE03E
:10350000FEF7C4FF0246FB68D31A41F288329342A9
:1035100001D903236EE03A4B9B6803F00C027B68F1
:103520005B689B009A42EBD17B681B6803F0020347
:10353000002B10D07B689A68314B9B6803F0F00336
:103540009A4208D22E4B9B6823F0F0027B689B685E
:103550002B4913438B60294B1B6803F007033A6820
:103560009A4210D2254B1B6823F0070223493B687F
:1035700013430B60214B1B6803F007033A689A4220
:1035800001D0012336E07B681B6803F00403002BA5
:1035900008D01B4B9B6823F4E0627B68DB6818490A
:1035A00013438B607B681B6803F00803002B09D072
:1035B000134B9B6823F460527B681B69DB00104946
:1035C00013438B6000F024F802460D4B9B681B09E7
:1035D00003F00F030B49CB5C03F01F0322FA03F344
:1035E000094A1360094B1B681846FEF7FFFE0346A5
:1035F000FB72FB7A18461037BD4680BD00200240A2
:10360000001002409CB900080400002008000020BF
:1036100080B489B000AF0023FB610023BB613E4B47
:103620009B6803F00C033B613B4BDB6803F0030337
:10363000FB603B69002B05D03B690C2B21D1FB685B
:10364000012B1ED1344B1B6803F00803002B07D15C
:10365000314BD3F894301B0A03F00F03FB6105E0F4
:103660002D4B1B681B0903F00F03FB612B4AFB6901
:1036700052F82330FB613B69002B0DD1FB69BB6124
:103680000AE03B69042B02D1254BBB6104E03B6996
:10369000082B01D1234BBB613B690C2B34D11E4B52
:1036A000DB6803F00303BB60BB68022B03D0BB687D
:1036B000032B03D005E01A4B7B6105E0194B7B61BE
:1036C00002E0FB697B6100BF134BDB681B0903F061
:1036D000070301337B60104BDB681B0A03F07F0399
:1036E0007A6903FB02F27B68B2FBF3F37B610A4B5E
:1036F000DB685B0E03F0030301335B003B607A6918
:103700003B68B2FBF3F3BB61BB6918462437BD4687
:103710005DF8047B704700BF00100240B4B9000898
:103720000024F40000127A0080B400AF034B1B6841
:103730001846BD465DF8047B704700BF04000020BA
:1037400080B500AFFFF7F0FF0246064B9B681B0AEF
:1037500003F007030449CB5C03F01F0322FA03F3D1
:10376000184680BD00100240ACB9000880B500AF1B
:10377000FFF7DAFF0246064B9B68DB0A03F00703FC
:103780000449CB5C03F01F0322FA03F3184680BD03
:1037900000100240ACB9000880B586B000AF786078
:1037A00000233B612A4B9B6D03F08053002B03D019
:1037B000FFF7EEF9786114E0254B9B6D244A43F046
:1037C00080539365224B9B6D03F08053FB60FB6835
:1037D000FFF7DEF978611E4B9B6D1D4A23F0805385
:1037E00093657B69B3F5007F0BD17B68802B19D97A
:1037F0007B68A02B02D902233B6113E001233B61CC
:1038000010E07B68802B02D903233B610AE07B68D0
:10381000802B02D102233B6104E07B68702B01D135
:1038200001233B610B4B1B6823F0070209493B69ED
:1038300013430B60074B1B6803F007033A699A4276
:1038400001D0012300E0002318461837BD4680BD93
:10385000001002400020024080B586B000AF7860C2
:103860000023FB740023BB747B681B6803F40063B4
:10387000002B41D07B685B6EB3F5400F2AD0B3F5C7
:10388000400F24D8B3F5000F08D0B3F5000F1ED8B1
:10389000002B0AD0B3F5800F10D018E0864BDB6800
:1038A000854A43F48033D36015E07B6804330021FC
:1038B000184600F0BBFA0346FB740CE07B6820332B
:1038C0000021184600F0A6FB0346FB7403E0012329
:1038D000FB7400E000BFFB7C002B0BD1764BD3F8D0
:1038E000883023F440027B685B6E73491343C1F850
:1038F000883001E0FB7CBB747B681B6803F4805359
:10390000002B41D07B689B6EB3F1407F2AD0B3F18E
:10391000407F24D8B3F1007F08D0B3F1007F1ED8D8
:10392000002B0AD0B3F1807F10D018E0624BDB6827
:10393000614A43F48033D36015E07B68043300218F
:10394000184600F073FA0346FB740CE07B682033E2
:103950000021184600F05EFB0346FB7403E00123E0
:10396000FB7400E000BFFB7C002B0BD1524BD3F863
:10397000883023F040727B689B6E4F491343C1F837
:10398000883001E0FB7CBB747B681B6803F4003368
:10399000002B00F0A08000237B74474B9B6D03F04D
:1039A0008053002B01D1012300E00023002B0DD018
:1039B000414B9B6D404A43F0805393653E4B9B6D5A
:1039C00003F08053BB60BB6801237B743B4B1B68D7
:1039D0003A4A43F480731360FEF758FDF86009E03B
:1039E000FEF754FD0246FB68D31A022B02D90323CB
:1039F000FB7405E0314B1B6803F48073002BEFD0A0
:103A0000FB7C002B5CD12C4BD3F8903003F440733B
:103A10007B617B69002B1FD07B68D3F884307A6987
:103A20009A4219D0244BD3F8903023F440737B6131
:103A3000214BD3F89030204A43F48033C2F89030C1
:103A40001D4BD3F890301C4A23F48033C2F89030D9
:103A5000194A7B69C2F890307B6903F00103002B9F
:103A600016D0FEF713FDF8600BE0FEF70FFD0246DF
:103A7000FB68D31A41F28832934202D90323FB74C4
:103A800006E00D4BD3F8903003F00203002BECD08E
:103A9000FB7C002B0CD1084BD3F8903023F4407200
:103AA0007B68D3F8843004491343C1F8903009E0AF
:103AB000FB7CBB7406E000BF0010024000700040B9
:103AC000FB7CBB747B7C012B05D19E4B9B6D9D4A7F
:103AD00023F0805393657B681B6803F00103002B80
:103AE0000AD0984BD3F8883023F003027B689B6B95
:103AF00094491343C1F888307B681B6803F00203C4
:103B0000002B0AD08F4BD3F8883023F00C027B684F
:103B1000DB6B8C491343C1F888307B681B6803F06A
:103B20000403002B0AD0874BD3F8883023F03002EF
:103B30007B681B6C83491343C1F888307B681B6822
:103B400003F00803002B0AD07E4BD3F8883023F013
:103B5000C0027B685B6C7B491343C1F888307B688B
:103B60001B6803F01003002B0AD0764BD3F8883083
:103B700023F440727B689B6C72491343C1F8883010
:103B80007B681B6803F02003002B0AD06D4BD3F831
:103B9000883023F440627B68DB6C6A491343C1F8C8
:103BA00088307B681B6803F40073002B0AD0654BD8
:103BB000D3F8883023F440227B68DB6D61491343DE
:103BC000C1F888307B681B6803F48063002B0AD03F
:103BD0005C4BD3F8883023F440127B681B6E594944
:103BE0001343C1F888307B681B6803F04003002B47
:103BF0000AD0544BD3F8883023F440527B681B6DB5
:103C000050491343C1F888307B681B6803F0800378
:103C1000002B0AD04B4BD3F8883023F440427B680A
:103C20005B6D48491343C1F888307B681B6803F417
:103C30008073002B0AD0434BD3F8883023F44032F2
:103C40007B689B6D3F491343C1F888307B681B68D4
:103C500003F40053002B28D03A4BD3F8883023F0DC
:103C600040627B68DB6E37491343C1F888307B685C
:103C7000DB6EB3F1006F06D1324BDB68314A43F49F
:103C80008013D36011E07B68DB6EB3F1806F0CD1E1
:103C90007B6804330121184600F0C8F80346FB7422
:103CA000FB7C002B01D0FB7CBB747B681B6803F49E
:103CB0000023002B28D0234BD3F8883023F0406218
:103CC0007B681B6F1F491343C1F888307B681B6FEB
:103CD000B3F1006F06D11B4BDB681A4A43F4801323
:103CE000D36011E07B681B6FB3F1806F0CD17B68F0
:103CF00004330121184600F099F80346FB74FB7C5D
:103D0000002B01D0FB7CBB747B681B6803F4802311
:103D1000002B2BD00B4BD3F8883023F040627B680C
:103D20005B6F08491343C1F888307B685B6FB3F160
:103D3000006F09D1034BDB68024A43F48013D36060
:103D400014E000BF001002407B685B6FB3F1806F2E
:103D50000CD17B6804330121184600F067F8034654
:103D6000FB74FB7C002B01D0FB7CBB747B681B6865
:103D700003F48043002B2FD02B4BD3F8883023F053
:103D800040527B689B6F28491343C1F888307B6899
:103D90009B6FB3F1805F0DD17B680433022118461D
:103DA00000F044F80346FB74FB7C002B14D0FB7C32
:103DB000BB7411E07B689B6FB3F1005F0CD17B6833
:103DC00020330221184600F025F90346FB74FB7CE2
:103DD000002B01D0FB7CBB747B681B6803F40043A1
:103DE000002B0AD0104BD3F8883023F080427B6838
:103DF000DB6F0D491343C1F888307B681B6803F4FF
:103E00008033002B0BD0084BD3F8883023F00042CE
:103E10007B68D3F8803004491343C1F88830BB7CF9
:103E200018461837BD4680BD0010024080B584B0EA
:103E300000AF786039600023FB73754BDB6803F0DB
:103E40000303002B18D0724BDB6803F003027B687E
:103E50001B689A420DD17B681B68002B09D06C4B04
:103E6000DB681B0903F007035A1C7B685B689A42F6
:103E700047D00123FB7344E07B681B68032B18D0F9
:103E8000032B25D8012B02D0022B09D020E0604B58
:103E90001B6803F00203002B1DD10123FB731AE002
:103EA0005B4B1B6803F48063002B16D10123FB736B
:103EB00013E0574B1B6803F40033002B0FD1544B16
:103EC0001B6803F48023002B09D10123FB7306E058
:103ED0000123FB7304E000BF02E000BF00E000BF6D
:103EE000FB7B002B0DD14A4BDB6823F073027B6810
:103EF00019687B685B68013B1B010B434449134312
:103F0000CB60FB7B002B7DD1414B1B68404A23F0EB
:103F100080631360FEF7BAFAB86009E0FEF7B6FAFC
:103F20000246BB68D31A022B02D90323FB7305E0B8
:103F3000374B1B6803F00063002BEFD1FB7B002B9A
:103F400060D13B68002B11D1314B1B6923F41F3327
:103F500023F440737A68926811027A68D268120971
:103F600052040A432A4913430B6127E03B68012BA3
:103F700012D1274B1B6923F4C00323F4FE437A6854
:103F8000926811027A6812695208013A52050A438E
:103F90001F4913430B6111E01D4B1B6923F0C063E4
:103FA00023F4FE437A68926811027A6852695208D3
:103FB000013A52060A43164913430B61144B1B681E
:103FC000134A43F080631360FEF760FAB86009E0BB
:103FD000FEF75CFA0246BB68D31A022B02D9032310
:103FE000FB7305E00A4B1B6803F00063002BEFD066
:103FF000FB7B002B06D1064B1A697B689B69044941
:1040000013430B61FB7B18461037BD4680BD00BFD4
:104010000010024080B584B000AF786039600023A2
:10402000FB736A4BDB6803F00303002B18D0674B6C
:10403000DB6803F003027B681B689A420DD17B6842
:104040001B68002B09D0614BDB681B0903F00703D9
:104050005A1C7B685B689A4247D00123FB7344E09B
:104060007B681B68032B18D0032B25D8012B02D0AB
:10407000022B09D020E0554B1B6803F00203002BF4
:104080001DD10123FB731AE0504B1B6803F48063BE
:10409000002B16D10123FB7313E04C4B1B6803F478
:1040A0000033002B0FD1494B1B6803F48023002BF6
:1040B00009D10123FB7306E00123FB7304E000BF79
:1040C00002E000BF00E000BFFB7B002B0DD13F4BA7
:1040D000DB6823F073027B6819687B685B68013BCF
:1040E0001B010B4339491343CB60FB7B002B67D18A
:1040F000364B1B68354A23F080531360FEF7C6F930
:10410000B86009E0FEF7C2F90246BB68D31A022B79
:1041100002D90323FB7305E02C4B1B6803F000530B
:10412000002BEFD1FB7B002B4AD13B68002B11D138
:10413000264B5B6923F41F3323F440737A6892683B
:1041400011027A68D268120952040A431F491343C4
:104150004B6111E01D4B5B6923F0C06323F4FE4308
:104160007A68926811027A6812695208013A520616
:104170000A43164913434B61144B1B68134A43F01F
:1041800080531360FEF782F9B86009E0FEF77EF90C
:104190000246BB68D31A022B02D90323FB7305E046
:1041A0000A4B1B6803F00053002BEFD0FB7B002B66
:1041B00006D1064B5A697B685B69044913434B611E
:1041C000FB7B18461037BD4680BD00BF0010024083
:1041D00080B584B000AF78607B68002B01D10123EB
:1041E00095E07B685B6A002B08D17B685B68B3F560
:1041F000827F09D07B680022DA6105E07B680022BB
:104200001A617B6800225A617B6800229A627B688F
:1042100093F85D30DBB2002B06D17B68002283F877
:104220005C207868FDF762FE7B68022283F85D20DF
:104230007B681B681A687B681B6822F040021A6062
:104240007B68DB68B3F5E06F02D90023FB6002E016
:104250004FF48053FB607B68DB68B3F5706F07D069
:104260007B68DB68B3F5E06F02D07B6800229A625E
:104270007B685B6803F482727B689B6803F4044389
:104280001A437B681B6903F002031A437B685B696E
:1042900003F001031A437B689B6903F400731A431C
:1042A0007B68DB6903F038031A437B681B6A03F001
:1042B000800342EA03017B689B6A03F400527B6837
:1042C0001B680A431A607B689B691B0C03F004029D
:1042D0007B685B6A03F010031A437B685B6B03F037
:1042E00008031A437B68DB6803F4706342EA030146
:1042F000FB6803F480527B681B680A435A607B6842
:1043000000221A667B68012283F85D20002318468C
:104310001037BD4680BD80B588B000AFF860B96089
:104320003B601346FB80FEF7B1F8F861FB887B83A6
:10433000FB6893F85D30DBB2012B01D002235CE116
:10434000BB68002B02D0FB88002B01D1012354E174
:10435000FB6893F85C30012B01D102234DE1FB682F
:10436000012283F85C20FB68032283F85D20FB6850
:1043700000221A66FB68BA689A63FB68FA889A8713
:10438000FB68FA88DA87FB6800221A64FB6800225F
:10439000A3F84420FB680022A3F84620FB68002213
:1043A0001A65FB680022DA64FB689B68B3F5004F6E
:1043B0000FD1FB681B681A68FB681B6822F040027B
:1043C0001A60FB681B681A68FB681B6842F480422D
:1043D0001A60FB681B681B6803F04003402B07D082
:1043E000FB681B681A68FB681B6842F040021A6091
:1043F000FB68DB68B3F5E06F52D9FB685B68002BA4
:1044000002D07B8B012B45D1FB689B6B1A88FB6824
:104410001B68DA60FB689B6B9A1CFB689A63FB68FD
:10442000DB8F9BB2013B9AB2FB68DA8732E0FB6814
:104430001B689B6803F00203022B12D1FB689B6B85
:104440001A88FB681B68DA60FB689B6B9A1CFB6828
:104450009A63FB68DB8F9BB2013B9AB2FB68DA87F9
:1044600018E0FEF713F80246FB69D31A3A689A423D
:1044700003D83B68B3F1FF3F02D13B68002B09D161
:10448000FB68012283F85D20FB68002283F85C2032
:104490000323B2E0FB68DB8F9BB2002BC7D183E024
:1044A000FB685B68002B02D07B8B012B77D1FB680C
:1044B000DB8F9BB2012B12D9FB689B6B1A88FB68C0
:1044C0001B68DA60FB689B6B9A1CFB689A63FB684D
:1044D000DB8F9BB2023B9AB2FB68DA875FE0FB6836
:1044E0009A6BFB681B680C3312781A70FB689B6B25
:1044F0005A1CFB689A63FB68DB8F9BB2013B9AB244
:10450000FB68DA874BE0FB681B689B6803F00203DB
:10451000022B2BD1FB68DB8F9BB2012B12D9FB68DE
:104520009B6B1A88FB681B68DA60FB689B6B9A1CA4
:10453000FB689A63FB68DB8F9BB2023B9AB2FB6815
:10454000DA872CE0FB689A6BFB681B680C331278E7
:104550001A70FB689B6B5A1CFB689A63FB68DB8FC5
:104560009BB2013B9AB2FB68DA8718E0FDF78EFF39
:104570000246FB69D31A3A689A4203D83B68B3F102
:10458000FF3F02D13B68002B09D1FB68012283F871
:104590005D20FB68002283F85C2003232DE0FB688C
:1045A000DB8F9BB2002BAED1FA693968F86800F056
:1045B00065FB0346002B02D0FB6820221A66FB68CD
:1045C0009B68002B0AD100237B61FB681B68DB68BA
:1045D0007B61FB681B689B687B617B69FB680122D0
:1045E00083F85D20FB68002283F85C20FB681B6E6B
:1045F000002B01D0012300E0002318462037BD46E0
:1046000080BD80B58AB000AFF860B9607A607B8009
:1046100001237B62FDF73AFF3862FB6893F85D3057
:10462000FB77FB685B68BB617B88FB827B88BB8216
:10463000FB7F012B0CD0BB69B3F5827F06D1FB68F1
:104640009B68002B02D1FB7F042B01D00223F3E1F6
:10465000BB68002B05D07B68002B02D07B88002B29
:1046600001D10123E8E1FB6893F85C30012B01D113
:104670000223E1E1FB68012283F85C20FB6893F8E8
:104680005D30DBB2042B03D0FB68052283F85D208C
:10469000FB6800221A66FB687A681A64FB687A88ED
:1046A000A3F84620FB687A88A3F84420FB68BA6820
:1046B0009A63FB687A88DA87FB687A889A87FB684E
:1046C0000022DA64FB6800221A65FB68DB68B3F538
:1046D000E06F02D8BB8A012B08D9FB681B685A68B7
:1046E000FB681B6822F480525A6007E0FB681B6875
:1046F0005A68FB681B6842F480525A60FB681B686A
:104700001B6803F04003402B07D0FB681B681A6846
:10471000FB681B6842F040021A60FB68DB68B3F577
:10472000E06F40F28380FB685B68002B02D0FB8A5D
:10473000012B6FD1FB689B6B1A88FB681B68DA60E2
:10474000FB689B6B9A1CFB689A63FB68DB8F9BB2D0
:10475000013B9AB2FB68DA875CE0FB681B689B68E8
:1047600003F00203022B1BD1FB68DB8F9BB2002BF3
:1047700016D07B6A012B13D1FB689B6B1A88FB68F0
:104780001B68DA60FB689B6B9A1CFB689A63FB688A
:10479000DB8F9BB2013B9AB2FB68DA8700237B6216
:1047A000FB681B689B6803F00103012B1CD1FB68AD
:1047B000B3F846309BB2002B16D0FB681B68DA6852
:1047C000FB681B6C92B21A80FB681B6C9A1CFB681E
:1047D0001A64FB68B3F846309BB2013B9AB2FB689F
:1047E000A3F8462001237B62FDF750FE02463B6A98
:1047F000D31A3A6B9A420DD83B6BB3F1FF3F09D005
:10480000FB68012283F85D20FB68002283F85C20AE
:10481000032311E1FB68DB8F9BB2002B9DD1FB686A
:10482000B3F846309BB2002B97D1E5E0FB685B689C
:10483000002B03D0FB8A012B40F0D180FB68DB8F7B
:104840009BB2012B12D9FB689B6B1A88FB681B6813
:10485000DA60FB689B6B9A1CFB689A63FB68DB8FD2
:104860009BB2023B9AB2FB68DA87B8E0FB689A6BAE
:10487000FB681B680C3312781A70FB689B6B5A1C20
:10488000FB689A63FB68DB8F9BB2013B9AB2FB68C3
:10489000DA87A4E0FB681B689B6803F00203022B25
:1048A00034D1FB68DB8F9BB2002B2FD07B6A012BAE
:1048B0002CD1FB68DB8F9BB2012B12D9FB689B6B61
:1048C0001A88FB681B68DA60FB689B6B9A1CFB68A4
:1048D0009A63FB68DB8F9BB2023B9AB2FB68DA8774
:1048E00012E0FB689A6BFB681B680C3312781A7035
:1048F000FB689B6B5A1CFB689A63FB68DB8F9BB25F
:10490000013B9AB2FB68DA8700237B62FB681B6875
:104910009B6803F00103012B48D1FB68B3F84630D4
:104920009BB2002B42D0FB68B3F846309BB2012B00
:1049300023D9FB681B68DA68FB681B6C92B21A808B
:10494000FB681B6C9A1CFB681A64FB68B3F8463062
:104950009BB2023B9AB2FB68A3F84620FB68B3F80F
:1049600046309BB2012B1FD8FB681B685A68FB6856
:104970001B6842F480525A6016E0FB681B6803F122
:104980000C02FB681B6C1278D2B21A70FB681B6CAD
:104990005A1CFB681A64FB68B3F846309BB2013BB3
:1049A0009AB2FB68A3F8462001237B62FDF76EFDF7
:1049B00002463B6AD31A3A6B9A4203D83B6BB3F177
:1049C000FF3F02D13B6B002B09D1FB68012283F82A
:1049D0005D20FB68002283F85C2003232CE0FB6849
:1049E000DB8F9BB2002B7FF455AFFB68B3F84630EA
:1049F0009BB2002B7FF44EAF3A6A396BF86800F037
:104A00003DF90346002B08D0FB6820221A66FB689C
:104A1000002283F85C2001230EE0FB68012283F86A
:104A20005D20FB68002283F85C20FB681B6E002B76
:104A300001D0012300E0002318462837BD4680BD81
:104A400080B588B000AFF860B9603B601346FB7179
:104A5000FDF71CFD0246BB6A9B1A3A681344FB61D2
:104A6000FDF714FDB861394B1B685B011B0DFA693A
:104A700002FB03F37B6154E03B68B3F1FF3F50D08E
:104A8000FDF704FD0246BB69D31AFA699A4202D9BE
:104A9000FB69002B3DD1FB681B685A68FB681B68EB
:104AA00022F0E0025A60FB685B68B3F5827F11D1A7
:104AB000FB689B68B3F5004F04D0FB689B68B3F5B7
:104AC000806F07D1FB681B681A68FB681B6822F0BF
:104AD00040021A60FB689B6AB3F5005F0FD1FB6868
:104AE0001B681A68FB681B6822F400521A60FB6896
:104AF0001B681A68FB681B6842F400521A60FB6866
:104B0000012283F85D20FB68002283F85C200323E8
:104B100017E07B69002B01D10023FB617B69013B1E
:104B20007B61FB681B689A68BB681340BA689A424D
:104B30000CBF01230023DBB21A46FB799A429BD1BA
:104B4000002318462037BD4680BD00BF040000206A
:104B500080B58AB000AFF860B9607A603B6000232E
:104B6000FB75FDF793FC02463B6B9B1A3A681344B6
:104B70007B62FDF78BFC3862FB681B680C33FB61C2
:104B80003D4B1A6813469B001344DA00D31A1B0DE1
:104B90007A6A02FB03F3BB6160E0BB68B3F5C06FE8
:104BA00007D17B68002B04D1FB691B78DBB2FB7556
:104BB000FB7D3B68B3F1FF3F50D0FDF767FC024639
:104BC0003B6AD31A7A6A9A4202D97B6A002B3DD19A
:104BD000FB681B685A68FB681B6822F0E0025A6099
:104BE000FB685B68B3F5827F11D1FB689B68B3F506
:104BF000004F04D0FB689B68B3F5806F07D1FB685A
:104C00001B681A68FB681B6822F040021A60FB6888
:104C10009B6AB3F5005F0FD1FB681B681A68FB68DD
:104C20001B6822F400521A60FB681B681A68FB6854
:104C30001B6842F400521A60FB68012283F85D2071
:104C4000FB68002283F85C20032310E0BB69002B83
:104C500001D100237B62BB69013BBB61FB681B6820
:104C60009A68BB6813407A689A4296D10023184626
:104C70002837BD4680BD00BF0400002080B586B047
:104C800002AFF860B9607A607B680093BB6800226D
:104C90004FF4C051F868FFF75BFF0346002B07D0C5
:104CA000FB681B6E43F02002FB681A66032327E0B3
:104CB0007B680093BB6800228021F868FFF7C0FE84
:104CC0000346002B07D0FB681B6E43F02002FB68F5
:104CD0001A66032314E07B680093BB6800224FF43C
:104CE000C061F868FFF734FF0346002B07D0FB686C
:104CF0001B6E43F02002FB681A66032300E00023CA
:104D000018461037BD4680BD80B582B000AF7860D0
:104D10007B68002B01D1012340E07B68DB6F002B17
:104D200006D17B68002283F878207868FDF740F987
:104D30007B682422DA677B681B681A687B681B68BB
:104D400022F001021A607B685B6A002B02D078684F
:104D500000F052FE786800F097FB0346012B01D16A
:104D600001231BE07B681B685A687B681B6822F480
:104D700090425A607B681B689A687B681B6822F0C7
:104D80002A029A607B681B681A687B681B6842F07D
:104D900001021A60786800F0D1FE03461846083711
:104DA000BD4680BD80B58AB000AFF860B9601346DB
:104DB000FB80FB68D3F88030202B37D1BB68002BF9
:104DC00002D0FB88002B01D1012330E0FB680022D8
:104DD0001A66FB681B68184A93421FD0FB681B6861
:104DE0005B6803F40003002B18D0FB681B687B6131
:104DF0007B6953E8003F3B613B6943F080637B6222
:104E0000FB681B681A467B6A3B62FA61F9693A6A79
:104E100041E80023BB61BB69002BE6D1FB881A4641
:104E2000B968F86800F0A0FF034600E002231846C6
:104E30002837BD4680BD00BF0080004080B5BAB0B5
:104E400000AF78607B681B68DB69C7F8E4307B687B
:104E50001B681B68C7F8E0307B681B689B68C7F855
:104E6000DC30D7F8E42040F60F031340C7F8D83001
:104E7000D7F8D830002B15D1D7F8E43003F0200351
:104E8000002B0FD0D7F8E03003F02003002B09D01F
:104E90007B689B6E002B00F0CA827B689B6E7868F3
:104EA0009847C4E2D7F8D830002B00F01781D7F824
:104EB000DC3003F00103002B06D1D7F8E020854B4E
:104EC0001340002B00F00A81D7F8E43003F001030F
:104ED000002B11D0D7F8E03003F48073002B0BD0F7
:104EE0007B681B6801221A627B68D3F8843043F028
:104EF00001027B68C3F88420D7F8E43003F0020392
:104F0000002B11D0D7F8DC3003F00103002B0BD0BD
:104F10007B681B6802221A627B68D3F8843043F0F6
:104F200004027B68C3F88420D7F8E43003F004035C
:104F3000002B11D0D7F8DC3003F00103002B0BD08D
:104F40007B681B6804221A627B68D3F8843043F0C4
:104F500002027B68C3F88420D7F8E43003F008032A
:104F6000002B17D0D7F8E03003F02003002B05D139
:104F7000D7F8DC3003F00103002B0BD07B681B68F3
:104F800008221A627B68D3F8843043F008027B68F9
:104F9000C3F88420D7F8E43003F40063002B12D068
:104FA000D7F8E03003F08063002B0CD07B681B68DF
:104FB0004FF400621A627B68D3F8843043F0200219
:104FC0007B68C3F884207B68D3F88430002B00F022
:104FD0003082D7F8E43003F02003002B0DD0D7F84F
:104FE000E03003F02003002B07D07B689B6E002B82
:104FF00003D07B689B6E786898477B68D3F88430D1
:10500000C7F8D4307B681B689B6803F04003402BD3
:1050100005D0D7F8D43003F02803002B4FD07868A0
:1050200000F068FF7B681B689B6803F04003402B1F
:1050300041D17B681B680833C7F89C30D7F89C3097
:1050400053E8003FC7F89830D7F8983023F0400372
:10505000C7F8D0307B681B680833D7F8D020C7F872
:10506000A820C7F8A430D7F8A410D7F8A82041E8A2
:105070000023C7F8A030D7F8A030002BD9D17B6827
:105080005B6F002B13D07B685B6F134A9A637B685E
:105090005B6F1846FDF779FB0346002B17D07B6842
:1050A0005B6F9B6B7A68526F104698470FE0786889
:1050B00000F0D4F90BE0786800F0D0F907E07868E8
:1050C00000F0CCF97B680022C3F88420B1E100BF76
:1050D000AFE100BF20010004BD5F00087B681B6ECC
:1050E000012B40F06A81D7F8E43003F01003002B65
:1050F00000F06381D7F8E03003F01003002B00F0DC
:105100005C817B681B6810221A627B681B689B6845
:1051100003F04003402B40F0D4807B685B6F1B683A
:105120005B68A7F8BE30B7F8BE30002B00F0AD804A
:105130007B68B3F85830B7F8BE209A4280F0A5805B
:105140007B68B7F8BE20A3F85A207B685B6F1B68AA
:105150001B6803F02003002B40F086807B681B68EF
:10516000C7F88830D7F8883053E8003FC7F8843054
:10517000D7F8843023F48073C7F8B8307B681B6895
:105180001A46D7F8B830C7F89430C7F89020D7F847
:105190009010D7F8942041E80023C7F88C30D7F856
:1051A0008C30002BDAD17B681B6808337B677B6F00
:1051B00053E8003F3B673B6F23F00103C7F8B4306F
:1051C0007B681B680833D7F8B420C7F88020FB67DA
:1051D000F96FD7F8802041E80023BB67BB6F002B35
:1051E000E1D17B681B6808333B663B6E53E8003FA8
:1051F000FB65FB6D23F04003C7F8B0307B681B688C
:105200000833D7F8B020FA66BB66B96EFA6E41E88B
:1052100000237B667B6E002BE3D17B682022C3F8E2
:1052200080207B6800221A667B681B68FB64FB6C2D
:1052300053E8003FBB64BB6C23F01003C7F8AC30ED
:105240007B681B681A46D7F8AC30BB657A65796D08
:10525000BA6D41E800233B653B6D002BE4D17B68D0
:105260005B6F1846FDF753FA7B6802225A667B682B
:10527000B3F858207B68B3F85A309BB2D31A9BB26C
:105280001946786800F0F4F8D5E07B68B3F8583038
:10529000B7F8BE209A4240F0CE807B685B6F1B68F7
:1052A0001B6803F02003202B40F0C5807B6802229E
:1052B0005A667B68B3F858301946786800F0D8F819
:1052C000B9E07B68B3F858207B68B3F85A309BB2DA
:1052D000D31AA7F8CE307B68B3F85A309BB2002BB4
:1052E00000F0AB80B7F8CE30002B00F0A6807B68D2
:1052F0001B68BB63BB6B53E8003F7B637B6B23F492
:105300009073C7F8C8307B681B681A46D7F8C83056
:105310007B643A64396C7A6C41E80023FB63FB6B75
:10532000002BE4D17B681B6808337B627B6A53E8FF
:10533000003F3B623B6A23F00103C7F8C4307B683F
:105340001B680833D7F8C4203A63FB62F96A3A6BEA
:1053500041E80023BB62BB6A002BE3D17B682022BB
:10536000C3F880207B6800221A667B6800229A6658
:105370007B681B683B613B6953E8003FFB60FB684F
:1053800023F01003C7F8C0307B681B681A46D7F8B3
:10539000C030FB61BA61B969FA6941E800237B61F9
:1053A0007B69002BE4D17B6802225A66B7F8CE30C5
:1053B0001946786800F05CF83FE0D7F8E43003F471
:1053C0008013002B0ED0D7F8DC3003F48003002BC1
:1053D00008D07B681B684FF480121A62786800F06E
:1053E000E9FF2DE0D7F8E43003F08003002B0ED066
:1053F000D7F8E03003F08003002B08D07B68DB6E29
:10540000002B1CD07B68DB6E7868984717E0D7F8D4
:10541000E43003F04003002B12D0D7F8E03003F063
:105420004003002B0CD0786800F0DEFD08E000BFE0
:1054300006E000BF04E000BF02E000BF00E000BFE4
:10544000E837BD4680BD00BF80B483B000AF786050
:1054500000BF0C37BD465DF8047B704780B483B055
:1054600000AF786000BF0C37BD465DF8047B704725
:1054700080B483B000AF78600B467B8000BF0C37F0
:10548000BD465DF8047B70472DE9B04F8AB000AF90
:10549000F860002387F82230FB689A68FB681B6974
:1054A0001A43FB685B691A43FB68DB6913437B6241
:1054B000FB681B681A68A44B1340FA681268796A83
:1054C0000B431360FB681B685B6823F44051FB6867
:1054D000DA68FB681B680A435A60FB689B697B6259
:1054E000FB681B68994A934204D0FB681B6A7A6A7E
:1054F00013437B62FB681B689B6823F43061FB6885
:105500001B687A6A0A439A60FB681B68904A934258
:1055100026D1904BD3F8883003F00303032B1BD81C
:1055200001A252F823F000BF395500084955000880
:105530004155000851550008012387F8233016E132
:10554000022387F8233012E1042387F823300EE189
:10555000082387F823300AE1102387F8233006E177
:10556000FB681B687C4A934238D17A4BD3F8883069
:1055700003F00C030C2B2DD801A252F823F000BF2E
:10558000B5550008D5550008D5550008D555000873
:10559000C5550008D5550008D5550008D555000853
:1055A000BD550008D5550008D5550008D55500084B
:1055B000CD550008002387F82330D8E0022387F870
:1055C0002330D4E0042387F82330D0E0082387F881
:1055D0002330CCE0102387F82330C8E0FB681B6839
:1055E0005E4A934225D15B4BD3F8883003F03003F9
:1055F000302B16D0302B18D8202B0AD0202B14D8C3
:10560000002B02D0102B08D00FE0002387F82330A6
:10561000ADE0022387F82330A9E0042387F8233084
:10562000A5E0082387F82330A1E0102387F8233072
:105630009DE0FB681B684A4A934225D1454BD3F84D
:10564000883003F0C003C02B16D0C02B18D8802B95
:105650000AD0802B14D8002B02D0402B08D00FE0AA
:10566000002387F8233082E0022387F823307EE08E
:10567000042387F823307AE0082387F8233076E084
:10568000102387F8233072E0FB681B68354A934289
:105690002AD1304BD3F8883003F44073B3F5407F00
:1056A0001AD0B3F5407F1BD8B3F5007F0CD0B3F50B
:1056B000007F15D8002B03D0B3F5807F08D00FE012
:1056C000002387F8233052E0022387F823304EE08E
:1056D000042387F823304AE0082387F8233046E084
:1056E000102387F8233042E0FB681B68174A934277
:1056F0003AD1184BD3F8883003F44063B3F5406FC8
:105700001AD0B3F5406F1BD8B3F5006F0CD0B3F5CA
:10571000006F15D8002B03D0B3F5806F08D00FE0D1
:10572000002387F8233022E0022387F823301EE08D
:10573000042387F823301AE0082387F8233016E083
:10574000102387F8233012E0F369FFEF0080004058
:105750000038014000100240004400400048004072
:10576000004C004000500040102387F82330FB68B5
:105770001B689F4A93427AD197F82330082B24D88C
:1057800001A252F823F000BFAD570008CB57000824
:10579000B5570008CB570008BB570008CB57000887
:1057A000CB570008CB570008C3570008FDF7C8FFC8
:1057B000F86110E08F4BFB610DE0FDF729FFF86108
:1057C00009E04FF40043FB6105E00023FB61012386
:1057D00087F8223000BFFB69002B00F0FB80FB68DC
:1057E0005A6813465B001344FA699A4205D3FB6872
:1057F0005B681B03FA699A4203D9012387F82230B8
:10580000E8E0FB6900221C4615464FF000024FF00D
:1058100000032B0243EA14632202F968496849082D
:1058200000208846814612EB080A43EB090BFB680F
:105830005B6800223B607A60D7E9002350465946F6
:10584000FBF724F802460B461346BB61BB69B3F570
:10585000407F08D3BB69B3F5801F04D2FB681B6887
:10586000BA69DA60B6E0012387F82230B2E0FB685B
:10587000DB69B3F5004F5ED197F82330082B28D8A9
:1058800001A252F823F000BFAD580008B558000837
:10589000BD580008D3580008C3580008D358000862
:1058A000D3580008D3580008CB580008FDF748FF2C
:1058B000F86114E0FDF75AFFF86110E04D4BFB6111
:1058C0000DE0FDF7A5FEF86109E04FF40043FB6130
:1058D00005E00023FB61012387F8223000BFFB694C
:1058E000002B77D0FB695A00FB685B685B081A44A1
:1058F000FB685B68B2FBF3F3BB61BB690F2B16D986
:10590000BB69B3F5803F12D2BB699BB223F00F0392
:10591000FB82BB695B089BB203F007039AB2FB8A68
:105920001343FB82FB681B68FA8ADA6052E00123AA
:1059300087F822304EE097F82330082B27D801A2B1
:1059400052F823F069590008715900087959000884
:105950008F5900087F5900088F5900088F59000897
:105960008F59000887590008FDF7EAFEF86114E036
:10597000FDF7FCFEF86110E01E4BFB610DE0FDF74A
:1059800047FEF86109E04FF40043FB6105E00023A6
:10599000FB61012387F8223000BFFB69002B19D07F
:1059A000FB685B685A08FB691A44FB685B68B2FBDA
:1059B000F3F3BB61BB690F2B09D9BB69B3F5803F1A
:1059C00005D2BB699AB2FB681B68DA6002E001236A
:1059D00087F82230FB6800229A66FB680022DA66AC
:1059E00097F8223018462837BD46BDE8B08F00BF73
:1059F000008000400024F40080B483B000AF7860E1
:105A00007B685B6A03F00803002B0AD07B681B6885
:105A10005B6823F400417B685A6B7B681B680A4310
:105A20005A607B685B6A03F00103002B0AD07B6835
:105A30001B685B6823F400317B689A6A7B681B688B
:105A40000A435A607B685B6A03F00203002B0AD0AA
:105A50007B681B685B6823F480317B68DA6A7B684B
:105A60001B680A435A607B685B6A03F00403002BDF
:105A70000AD07B681B685B6823F480217B681A6B03
:105A80007B681B680A435A607B685B6A03F01003FB
:105A9000002B0AD07B681B689B6823F480517B68CD
:105AA0009A6B7B681B680A439A607B685B6A03F0A9
:105AB0002003002B0AD07B681B689B6823F40051ED
:105AC0007B68DA6B7B681B680A439A607B685B6A59
:105AD00003F04003002B1AD07B681B685B6823F43B
:105AE00080117B681A6C7B681B680A435A607B686C
:105AF0001B6CB3F5801F0AD17B681B685B6823F4BD
:105B0000C0017B685A6C7B681B680A435A607B68DB
:105B10005B6A03F08003002B0AD07B681B685B681C
:105B200023F400217B689A6C7B681B680A435A60E7
:105B300000BF0C37BD465DF8047B704780B598B058
:105B400002AF78607B680022C3F88420FCF79EFCDB
:105B500078657B681B681B6803F00803082B2ED14F
:105B60006FF07E4300937B6D00224FF40011786844
:105B700000F08CF80346002B21D07B681B68BB63C8
:105B8000BB6B53E8003F7B637B6B23F080033B657B
:105B90007B681B681A463B6D7B643A64396C7A6C8F
:105BA00041E80023FB63FB6B002BE6D17B682022DE
:105BB000DA677B68002283F87820032362E07B6841
:105BC0001B681B6803F00403042B49D16FF07E436C
:105BD00000937B6D00224FF48001786800F056F846
:105BE0000346002B3CD07B681B687B627B6A53E8D2
:105BF000003F3B623B6A23F49073FB647B681B6845
:105C00001A46FB6C3B63FA62F96A3A6B41E800237F
:105C1000BB62BB6A002BE6D17B681B6808333B6123
:105C20003B6953E8003FFB60FB6823F00103BB6462
:105C30007B681B680833BA6CFA61BB61B969FA69A1
:105C400041E800237B617B69002BE5D17B68202242
:105C5000C3F880207B68002283F87820032311E0BA
:105C60007B682022DA677B682022C3F880207B686B
:105C700000221A667B6800225A667B68002283F83D
:105C80007820002318465837BD4680BD80B584B0C3
:105C900000AFF860B9603B601346FB714FE0BB6931
:105CA000B3F1FF3F4BD0FCF7F1FB02463B68D31A40
:105CB000BA699A4202D3BB69002B01D103234EE09B
:105CC000FB681B681B6803F00403002B37D0BB681C
:105CD000802B34D0BB68402B31D0FB681B68DB695C
:105CE00003F00803082B10D1FB681B6808221A6216
:105CF000F86800F0FFF8FB680822C3F88420FB680E
:105D0000002283F87820012329E0FB681B68DB6907
:105D100003F40063B3F5006F11D1FB681B684FF407
:105D200000621A62F86800F0E5F8FB682022C3F808
:105D30008420FB68002283F8782003230FE0FB68AF
:105D40001B68DA69BB681340BA689A420CBF01232A
:105D50000023DBB21A46FB799A42A0D000231846F2
:105D60001037BD4680BD000080B497B000AFF8602A
:105D7000B9601346FB80FB68BA685A65FB68FA880D
:105D8000A3F85820FB68FA88A3F85A20FB68002281
:105D90009A66FB689B68B3F5805F0ED1FB681B6950
:105DA000002B05D1FB6840F2FF12A3F85C202DE028
:105DB000FB68FF22A3F85C2028E0FB689B68002BAF
:105DC0000DD1FB681B69002B04D1FB68FF22A3F8EF
:105DD0005C201BE0FB687F22A3F85C2016E0FB68D8
:105DE0009B68B3F1805F0DD1FB681B69002B04D168
:105DF000FB687F22A3F85C2008E0FB683F22A3F841
:105E00005C2003E0FB680022A3F85C20FB68002212
:105E1000C3F88420FB682222C3F88020FB681B683B
:105E20000833FB63FB6B53E8003FBB63BB6B43F082
:105E300001037B65FB681B6808337A6DBA647B6479
:105E4000796CBA6C41E800233B643B6C002BE5D1D4
:105E5000FB689B68B3F5805F07D1FB681B69002B6B
:105E600003D1FB68214A9A6602E0FB68204A9A66E1
:105E7000FB681B69002B19D0FB681B68BB62BB6AFF
:105E800053E8003F7B627B6A43F49073FB64FB68DA
:105E90001B681A46FB6C7B633A63396B7A6B41E88B
:105EA0000023FB62FB6A002BE6D118E0FB681B684D
:105EB0007B617B6953E8003F3B613B6943F0200312
:105EC0003B65FB681B681A463B6D3B62FA61F969EA
:105ED0003A6A41E80023BB61BB69002BE6D100238D
:105EE00018465C37BD465DF8047B7047F9610008D1
:105EF0003D60000880B495B000AF78607B681B6897
:105F00007B637B6B53E8003F3B633B6B23F49073F5
:105F1000FB647B681B681A46FB6C3B64FA63F96B95
:105F20003A6C41E80023BB63BB6B002BE6D17B6876
:105F30001B6808333B623B6A53E8003FFB61FB6927
:105F400023F00103BB647B681B680833BA6CFA62F8
:105F5000BB62B96AFA6A41E800237B627B6A002B64
:105F6000E5D17B681B6E012B18D17B681B68FB6039
:105F7000FB6853E8003FBB60BB6823F010037B6401
:105F80007B681B681A467B6CBB617A617969BA6968
:105F900041E800233B613B69002BE6D17B6820226E
:105FA000C3F880207B6800221A667B6800229A660C
:105FB00000BF5437BD465DF8047B704780B584B0A0
:105FC00000AF78607B689B6AFB60FB680022A3F8E7
:105FD0005A20FB680022A3F85220F868FFF73EFA27
:105FE00000BF1037BD4680BD80B588B000AF786077
:105FF0007B681B68FB60FB6853E8003FBB60BB68C5
:1060000023F04003FB617B681B681A46FB69BB6198
:106010007A617969BA6941E800233B613B69002BE9
:10602000E6D17B682022DA677B680022DA6678682E
:10603000FFF70AFA00BF2037BD4680BD80B59CB08F
:1060400000AF78607B68B3F85C30A7F86E307B688F
:10605000D3F88030222B40F0BE807B681B689B8C7D
:10606000A7F86C30B7F86C30D9B2B7F86E30DAB246
:106070007B685B6D0A40D2B21A707B685B6D5A1CFC
:106080007B685A657B68B3F85A309BB2013B9AB281
:106090007B68A3F85A207B68B3F85A309BB2002B78
:1060A00040F0A3807B681B68FB64FB6C53E8003FF7
:1060B000BB64BB6C23F49073BB667B681B681A4699
:1060C000BB6EBB657A65796DBA6D41E800233B65AF
:1060D0003B6D002BE6D17B681B680833BB63BB6B51
:1060E00053E8003F7B637B6B23F001037B667B6897
:1060F0001B6808337A6E7A643B64396C7A6C41E8C9
:106100000023FB63FB6B002BE5D17B682022C3F8E7
:1061100080207B6800229A667B6800225A667B6832
:106120001B68344A93421FD07B681B685B6803F48A
:106130000003002B18D07B681B687B627B6A53E8E6
:10614000003F3B623B6A23F080633B667B681B68D1
:106150001A463B6E3B63FA62F96A3A6B41E80023E8
:10616000BB62BB6A002BE6D17B681B6E012B2ED174
:106170007B6800221A667B681B683B613B6953E8B9
:10618000003FFB60FB6823F01003FB657B681B6826
:106190001A46FB6DFB61BA61B969FA6941E80023EF
:1061A0007B617B69002BE6D17B681B68DB6903F0B0
:1061B0001003102B03D17B681B6810221A627B68C6
:1061C000B3F8583019467868FFF752F90DE078684F
:1061D000FBF7CAFB09E07B681B681B8B9AB27B68E4
:1061E0001B6842F0080292B21A8300BF7037BD46A6
:1061F00080BD00BF0080004080B59CB000AF7860DB
:106200007B68B3F85C30A7F86E307B68D3F88030D9
:10621000222B40F0BE807B681B689B8CA7F86C30FB
:106220007B685B6DBB66B7F86C20B7F86E301340C7
:106230009AB2BB6E1A807B685B6D9A1C7B685A654C
:106240007B68B3F85A309BB2013B9AB27B68A3F8E3
:106250005A207B68B3F85A309BB2002B40F0A380E1
:106260007B681B68BB64BB6C53E8003F7B647B6C42
:1062700023F490737B667B681B681A467B6E7B6594
:106280003A65396D7A6D41E80023FB64FB6C002BA5
:10629000E6D17B681B6808337B637B6B53E8003F68
:1062A0003B633B6B23F001033B667B681B68083351
:1062B0003A6E3A64FB63F96B3A6C41E80023BB63C6
:1062C000BB6B002BE5D17B682022C3F880207B6864
:1062D00000229A667B6800225A667B681B68344AF3
:1062E00093421FD07B681B685B6803F40003002B9C
:1062F00018D07B681B683B623B6A53E8003FFB6138
:10630000FB6923F08063FB657B681B681A46FB6DA5
:10631000FB62BA62B96AFA6A41E800237B627B6A6F
:10632000002BE6D17B681B6E012B2ED17B680022EF
:106330001A667B681B68FB60FB6853E8003FBB6024
:10634000BB6823F01003BB657B681B681A46BB6DF6
:10635000BB617A617969BA6941E800233B613B69B5
:10636000002BE6D17B681B68DB6903F01003102B60
:1063700003D17B681B6810221A627B68B3F858301F
:1063800019467868FFF774F80DE07868FBF7ECFAC7
:1063900009E07B681B681B8B9AB27B681B6842F024
:1063A000080292B21A8300BF7037BD4680BD00BF9D
:1063B0000080004080B483B000AF786000BF0C372D
:1063C000BD465DF8047B704780B500AF04490548C1
:1063D00003F0C6F903461A46034B1A7000BF80BD8E
:1063E00090230020100000208C23002080B400AFF8
:1063F00000231846BD465DF8047B704780B582B027
:1064000000AF0346FB71FB791846FAF789FD034696
:1064100018460837BD4680BD80B582B000AF034640
:10642000FB71FB791846FAF761FE034618460837F8
:10643000BD4680BD80B584B000AFB9607A603B6076
:106440000346FB73F87B3B687A68B968FAF764FE29
:10645000034618461037BD4680BD80B584B000AFF6
:10646000B9607A603B600346FB73F87B3B687A68EF
:10647000B968FAF7BBFE034618461037BD4680BD23
:1064800080B582B000AF03463A60FB710B46BB712A
:10649000B979FB793A681846FAF72CFF0346184693
:1064A0000837BD4680BD000080B584B000AF03460C
:1064B000FB71FB79084A9B0013445B685B68FA79BF
:1064C00005490A44127A104698470346FB73FB7B42
:1064D00018461037BD4680BDBC25002080B584B06D
:1064E00000AF0346FB710023FB73FB790D4AD35CBD
:1064F000002B11D1FB790B4A0121D154FB79094AB8
:106500009B0013445B681B68FA7906490A44127AB7
:10651000104698470346FB73FB7B18461037BD4671
:1065200080BD00BFBC25002090B587B000AFB9602A
:106530007A603B600346FB73FB7B0A4A9B00134473
:106540005B689C68FB7B074A1344187A3B687A684F
:10655000B968A0470346FB75FB7D18461C37BD464E
:1065600090BD00BFBC25002090B587B000AFB960DA
:106570007A603B600346FB73FB7B0A4A9B00134433
:106580005B68DC68FB7B074A1344187A3B687A68CF
:10659000B968A0470346FB75FB7D18461C37BD460E
:1065A00090BD00BFBC25002080B584B000AF03467D
:1065B0003A60FB710B46BB71FB79094A9B0013449F
:1065C0005B681B69FA7906490A44107AB9793A6816
:1065D00098470346FB73FB7B18461037BD4680BDCA
:1065E000BC25002080B485B000AF78607B680133A3
:1065F0001B78FB81B7F90E301B021AB27B681B783F
:106600001BB213431BB2FB81FB8918461437BD46EE
:106610005DF8047B704780B485B000AF78607B681C
:1066200003331B78FB60FB681B027A680232127826
:106630001343FB60FB681B027A6801321278134334
:10664000FB60FB681B027A6812781343FB60FB68EF
:1066500018461437BD465DF8047B704780B483B09C
:1066600000AF78600B467B807B685A1C7A607A8822
:10667000D2B21A707B881B0A7B807B685A1C7A60B6
:106680007A88D2B21A7000BF0C37BD465DF8047B21
:10669000704780B483B000AF786039607B685A1C63
:1066A0007A603A68D2B21A703B681B0A3B607B681A
:1066B0005A1C7A603A68D2B21A703B681B0A3B6077
:1066C0007B685A1C7A603A68D2B21A703B681B0A1F
:1066D0003B607B685A1C7A603A68D2B21A7000BF7D
:1066E0000C37BD465DF8047B704780B487B000AFBF
:1066F000F860B9607A60FB687B61BB683B617B686E
:10670000002B0DD03A69531C3B617B69591C7961A0
:1067100012781A707B68013B7B607B68002BF1D19B
:1067200000BF1C37BD465DF8047B704780B487B05E
:1067300000AFF860B9607A60FB687B617B695A1CC6
:106740007A61BA68D2B21A707B68013B7B607B6861
:10675000002BF3D100BF00BF1C37BD465DF8047BA2
:10676000704780B489B000AFF860B9607A60FB68A8
:10677000FB61BB68BB6100237B61FB695A1CFA614A
:106780001B781946BB695A1CBA611B78CB1A7B610E
:106790007B68013B7B607B68002B02D07B69002B10
:1067A000EBD07B6918462437BD465DF8047B704703
:1067B00080B483B000AF7860396002E07B68013359
:1067C0007B607B681B78002B05D07B681B781A46A2
:1067D0003B689342F2D17B681B7818460C37BD4664
:1067E0005DF8047B7047000080B485B000AF78602E
:1067F00039600023BB60BB68FB6029E0274AFB6867
:106800001B0113441B68002B1DD0244AFB681B018D
:1068100013441A687B681B689A4216D11F4AFB68AA
:106820001B01134404331A687B689B689A420CD19D
:106830001A4AFB681B01134408331A687B685B69BA
:106840009A4202D107E00123BB60FB680133FB6081
:10685000FB68012BD2D9FB68022B09D1BB68002B46
:1068600002D13B68022B01D1002310E012230EE07D
:106870003B68002B08D1094AFB681B0113440C3309
:106880001B88B3F5807F01D1102300E00023184658
:106890001437BD465DF8047B704700BF9C23002081
:1068A00080B483B000AF00237B6002E07B680133DB
:1068B0007B607B68012B06D8094A7B681B01134467
:1068C0001B68002BF2D17B68022B14BF012300232D
:1068D000DBB218460C37BD465DF8047B704700BF3D
:1068E0009C23002080B485B000AF7860396000231D
:1068F000FB601FE0414AFB681B0113441A687B6878
:106900001B689A4213D13D4AFB681B0113440433B0
:106910001A687B689B689A4209D1384AFB681B0158
:10692000134408331A687B685B699A4206D0FB6897
:106930000133FB60FB68012BDCD900E000BFFB6882
:10694000022B32D10023FB6002E0FB680133FB60C5
:10695000FB68012B06D8294AFB681B0113441B68FE
:10696000002BF2D1FB68022B01D1002340E07B68B1
:106970001A682249FB681B010B441A607B689A68FD
:106980001E49FB681B010B4404331A607B685A697B
:106990001A49FB681B010B4408331A60174AFB684D
:1069A0001B0113440C3300221A803B68002B09D0D2
:1069B000124AFB681B0113440C331B88002B01D0C7
:1069C000002315E03B68002B08D10C4AFB681B0133
:1069D00013440C331B8801339AB201E04FF48072E8
:1069E0000649FB681B010B440C331A80FB6801331A
:1069F00018461437BD465DF8047B70479C23002081
:106A000080B485B000AF78607B68013B7B607B68B9
:106A1000012B25D8174A7B681B0113440C331B88B4
:106A2000FB81FB89B3F5807F01D10023FB81FB89CA
:106A3000002B02D0FB89013BFB810E4A7B681B01C6
:106A400013440C33FA891A80FB89002B05D1094ABB
:106A50007B681B01134400221A6000237B7301E052
:106A600002237B737B7B18461437BD465DF8047B9D
:106A7000704700BF9C23002080B485B000AF7860D1
:106A80000023FB6010E00D4AFB681B0113441B68E8
:106A90007A689A4205D1094AFB681B011344002217
:106AA0001A60FB680133FB60FB68012BEBD900BF68
:106AB00000BF1437BD465DF8047B70479C2300205F
:106AC00080B586B000AF78600023FB737B68DB780D
:106AD000002B34D07B685B6B7B617B6858787B686C
:106AE00003F1380101237A69FFF73EFD0346002BCD
:106AF00002D00123FB7322E07B680022DA707B68FE
:106B00009B6A7A69D21A7B681B6A9A4217D27B68A1
:106B10009B783B6110E07B681B6A7A6913447B6158
:106B20007B6858787B6803F1380101237A69FFF7A5
:106B30001BFD3B69013B3B613B69012BEBD8FB7BB8
:106B400018461837BD4680BD80B584B000AF786068
:106B500039600023FB737B685B6B3A689A421BD0F9
:106B60007868FFF7ADFF0346FB73FB7B002B13D167
:106B70007B6858787B6803F1380101233A68FFF796
:106B8000D3FC0346002B04D04FF0FF333B600123BE
:106B9000FB737B683A685A63FB7B18461037BD4627
:106BA00080BD000080B584B000AF78607868FFF7E2
:106BB00087FF0346FB73FB7B002B59D17B681B7857
:106BC000032B49D17B681B79012B45D17B6803F1ED
:106BD00038007B689B891A460021FFF7A7FD7B6878
:106BE000383303F5FF734AF655211846FFF736FD93
:106BF0007B68383321491846FFF74BFD7B683833F3
:106C000003F5F2731E491846FFF743FD7B683833DE
:106C100003F5F4727B689B6919461046FFF739FD4E
:106C20007B68383303F5F6727B685B69194610465A
:106C3000FFF72FFD7B685B6A5A1C7B685A637B6891
:106C400058787B6803F138017B685A6B0123FFF7A2
:106C50008BFC7B6800221A717B685B780022002124
:106C60001846FFF7A1FC0346002B01D00123FB735C
:106C7000FB7B18461037BD4680BD00BF52526141B4
:106C80007272416180B483B000AF786039603B6854
:106C9000023B3B607B68DB69023B3A689A4201D366
:106CA000002308E07B685B891A463B6803FB02F21D
:106CB0007B681B6B134418460C37BD465DF8047B9C
:106CC000704780B586B000AF786039607B681B681C
:106CD0003B613B68012B04D93B69DB693A689A4206
:106CE00002D301237B61BAE04FF0FF337B613B6944
:106CF0001B78032B00F08280032B00F3A680012B6E
:106D000002D0022B55D0A0E03B68FB60FB685B081B
:106D1000FA681344FB603B699A6A3B699B89194690
:106D2000FB68B3FBF1F3134419463869FFF70CFF16
:106D30000346002B40F08C80FB685A1CFA603A69CD
:106D40009289B3FBF2F101FB02F29B1A3A691344F8
:106D500093F83830BB603B699A6A3B699B89194656
:106D6000FB68B3FBF1F3134419463869FFF7ECFEF7
:106D70000346002B6ED13B699B891A46FB68B3FB27
:106D8000F2F101FB02F29B1A3A69134493F838308E
:106D90001B02BA681343BB603B6803F00103002B7E
:106DA00002D0BB681B0902E0BB68C3F30B037B6125
:106DB00055E03B699A6A3B699B895B089BB219461F
:106DC0003B68B3FBF1F3134419463869FFF7BCFE87
:106DD0000346002B40D13B6903F138013B685B005F
:106DE0003A699289B3FBF2F000FB02F29B1A0B4462
:106DF0001846FFF7F7FB03467B6130E03B699A6A70
:106E00003B699B899B089BB219463B68B3FBF1F336
:106E1000134419463869FFF797FE0346002B1DD12E
:106E20003B6903F138013B689B003A699289B3FBE7
:106E3000F2F000FB02F29B1A0B441846FFF7EBFB43
:106E4000034623F070437B6109E001237B6106E088
:106E500000BF04E000BF02E000BF00E000BF7B69AC
:106E600018461837BD4680BD90B589B000AFF860B0
:106E7000B9607A600223FB77BB68012B40F209817D
:106E8000FB68DB69BA689A4280F00381FB681B7873
:106E9000032B00F0B680032B00F3FB80012B03D003
:106EA000022B00F08380F4E0BB68BB61BB695B0828
:106EB000BA691344BB61FB689A6AFB689B891946EF
:106EC000BB69B3FBF1F313441946F868FFF73CFEC6
:106ED0000346FB77FB7F002B40F0D480FB6803F177
:106EE0003801BB695A1CBA61FA689289B3FBF2F0A7
:106EF00000FB02F29B1A0B447B61BB6803F00103A9
:106F0000002B0DD07B691B785BB203F00F035AB2E4
:106F10007B685BB21B015BB213435BB2DBB201E087
:106F20007B68DBB27A691370FB680122DA70FB6858
:106F30009A6AFB689B891946BB69B3FBF1F313445A
:106F40001946F868FFF700FE0346FB77FB7F002B2E
:106F500040F09A80FB6803F13801FB689B891A4670
:106F6000BB69B3FBF2F000FB02F29B1A0B447B619E
:106F7000BB6803F00103002B03D07B681B09DBB265
:106F80000EE07B691B785BB223F00F035AB27B687B
:106F90001B0A5BB203F00F035BB213435BB2DBB2BD
:106FA0007A691370FB680122DA7072E0FB689A6AF2
:106FB000FB689B895B089BB21946BB68B3FBF1F386
:106FC00013441946F868FFF7BFFD0346FB77FB7FC4
:106FD000002B5BD1FB6803F13801BB685B00FA68EA
:106FE0009289B3FBF2F000FB02F29B1A0B447A6821
:106FF00092B211461846FFF731FBFB680122DA70A6
:1070000047E0FB689A6AFB689B899B089BB219461C
:10701000BB68B3FBF1F313441946F868FFF794FD1E
:107020000346FB77FB7F002B32D17B6823F0704453
:10703000FB6803F13801BB689B00FA689289B3FBD7
:10704000F2F000FB02F29B1A0B441846FFF7E3FA3A
:10705000034603F0704323437B60FB6803F1380170
:10706000BB689B00FA689289B3FBF2F000FB02F266
:107070009B1A0B4479681846FFF70BFBFB6801224B
:10708000DA7006E000BF04E000BF02E000BF00E0ED
:1070900000BFFB7F18462437BD4690BD80B588B041
:1070A00000AFF860B9607A600023FB77FB681B686B
:1070B000BB61BB68012B04D9BB69DB69BA689A4222
:1070C00001D302234BE07B68002B0CD04FF0FF3242
:1070D0007968B869FFF7C8FE0346FB77FB7F002B92
:1070E00001D0FB7F3BE0B968F868FFF7EAFD786103
:1070F0007B69002B31D07B69012B01D102232EE06B
:107100007B69B3F1FF3F01D1012328E00022B96878
:10711000B869FFF7A9FE0346FB77FB7F002B01D080
:10712000FB7F1CE0BB699A69BB69DB69023B9A4241
:107130000BD2BB699B695A1CBB699A61BB691B79FD
:1071400043F00103DAB2BB691A717B69BB60BB69AA
:10715000DB69BA689A42C6D300E000BF0023184634
:107160002037BD4680BD80B588B000AF78603960FB
:107170007B681B683B613B68002B0DD13B695B69F9
:10718000BB61BB69002B04D03B69DB69BA699A42D9
:107190001BD30123BB6118E039687868FFF791FDC4
:1071A000F860FB68012B01D8012370E0FB68B3F1A4
:1071B000FF3F01D1FB686AE03B69DB69FA689A42EC
:1071C00001D2FB6863E03B68BB61BB69FB61FB69A3
:1071D0000133FB613B69DB69FA699A4207D30223F9
:1071E000FB61FA69BB699A4201D900234FE0F96952
:1071F0007868FFF766FDF860FB68002B0ED0FB682F
:10720000012B03D0FB68B3F1FF3F01D1FB683EE0E7
:10721000FA69BB699A42DAD1002338E000BF4FF027
:10722000FF32F9693869FFF71FFE0346FB75FB7DE6
:10723000002B09D13B68002B06D0FA693968386900
:10724000FFF712FE0346FB75FB7D002B16D13B6951
:10725000FA695A613B699A693B69DB69023B9A4268
:1072600004D83B699B695A1E3B699A613B691B794B
:1072700043F00103DAB23B691A7107E0FB7D012B91
:1072800002D14FF0FF3300E00123FB61FB69184698
:107290002037BD4680BD80B487B000AF78603960CC
:1072A0007B681B68FB607B68DB6A04333B61FB68BF
:1072B0009B891A463B68B3FBF2F3FA685289B3FB29
:1072C000F2F37B613B691A1D3A611B68BB60BB68C6
:1072D000002B01D1002310E07A69BB689A4207D3E2
:1072E0007A69BB68D31A7B613B6904333B61E9E788
:1072F00000BF3B691A687B69134418461C37BD46BA
:107300005DF8047B704780B586B000AF7860396067
:107310007B681B683B613B68B3F5001F04D23B6888
:1073200003F01F03002B01D0022371E07B683A6851
:107330005A617B689B687B617B69002B06D13B6946
:107340001B78022B02D93B69DB6A7B617B69002BCE
:107350000CD13B685B093A691289934201D302233D
:1073600056E03B69DA6A7B68DA612DE03B695B894C
:107370001A463B699B8902FB03F3FB6019E07B68BB
:1073800079691846FFF79DFC78617B69B3F1FF3F8F
:1073900001D101233CE07B69012B04D93B69DB6906
:1073A0007A699A4201D3022332E03A68FB68D31A21
:1073B0003B603A68FB689A42E1D279693869FFF725
:1073C00061FC02467B68DA617B687A699A617B6856
:1073D000DB69002B01D102231AE07B68DA693B6983
:1073E0009B8919463B68B3FBF1F31A447B68DA6169
:1073F0003B6903F138013B699B891A463B68B3FB43
:10740000F2F000FB02F29B1ACA187B681A62002392
:1074100018461837BD4680BD80B586B000AF78608D
:1074200039607B681B68FB607B685B692033BB60ED
:107430007B68DB69002B03D0BB68B3F5001F01D369
:107440000423BBE0FB689B891A46BB68B3FBF2F1DF
:1074500001FB02F29B1A002B40F09D807B68DB69E8
:107460005A1C7B68DA617B689B69002B0BD1BB6877
:107470005B09FA6812899342C0F08D807B68002214
:10748000DA6104239AE0FB689B891A46BB68B3FB68
:10749000F2F3FA685289013A1340002B7BD17A68E3
:1074A0007B689B6919461046FFF70BFC78617B6986
:1074B000012B01D8022381E07B69B3F1FF3F01D1A9
:1074C00001237BE0FB68DB697A699A4259D33B6808
:1074D000002B04D17B680022DA6104236EE07A6815
:1074E0007B689B6919461046FFF73DFE78617B6912
:1074F000002B01D1072361E07B69012B01D102231D
:107500005CE07B69B3F1FF3F01D1012356E0F868ED
:10751000FFF7D6FA0346002B01D001234EE0FB68AB
:1075200003F13800FB689B891A460021FFF7FEF83B
:1075300000233B617969F868FFF7A4FB0246FB680A
:107540005A6312E0FB680122DA70F868FFF7B8FAB4
:107550000346002B01D0012330E03B6901333B613E
:10756000FB685B6B5A1CFB685A63FB685B891A46B5
:107570003B699342E6D3FB685A6B3B69D21AFB68BE
:107580005A637B687A699A617969F868FFF77AFBD0
:1075900002467B68DA617B68BA685A61FB6803F16E
:1075A0003801FB689B891A46BB68B3FBF2F000FB0D
:1075B00002F29B1ACA187B681A6200231846183711
:1075C000BD4680BD80B586B000AF786039607B680D
:1075D0001B68FB6000217868FFF795FE0346FB758A
:1075E000FB7D002B2BD100233B617B68DB691946B7
:1075F000F868FFF7A9FA0346FB75FB7D002B1DD148
:107600007B681B6A1B78E52B04D07B681B6A1B78A0
:10761000002B07D13B6901333B613A693B689A42D1
:1076200002D10CE000233B6101217868FFF7F4FEF2
:107630000346FB75FB7D002BD7D000E000BFFB7D30
:10764000042B01D10723FB75FB7D18461837BD4677
:1076500080BD80B584B000AF786039603B681A3374
:107660001846FEF7BFFF0346FB607B681B78032BC1
:1076700009D13B6814331846FEF7B4FF03461B04D8
:10768000FA681343FB60FB6818461037BD4680BD9F
:1076900080B584B000AFF860B9607A60BB681A3317
:1076A0007A6892B211461846FEF7D8FFFB681B783D
:1076B000032B09D1BB6803F114027B681B0C9BB23E
:1076C00019461046FEF7CAFF00BF1037BD4680BD01
:1076D00090B587B000AF786039603B681A331846C0
:1076E000FEF780FF0346002B01D0002359E03B68E2
:1076F0001B7803F03F035A1E13465B0013449B00A4
:1077000013447B610123FB8100233B6133E0274A63
:107710003B6913441B781A463B6813441846FEF72E
:1077200061FF0346BB81FB89002B1AD07B69FE2BCE
:1077300012D8BB89184602F05FF803461C467B69E5
:107740005A1C7A615B007A6813441B88184602F061
:1077500053F803469C4201D0002322E0BB89FB8101
:1077600006E0BB894FF6FF72934201D0002318E078
:107770003B6901333B613B690C2BC8D93B681B78E3
:1077800003F04003002B0BD0FB89002B08D07B6952
:107790005B007A6813441B88002B01D0002300E0B3
:1077A000012318461C37BD4690BD00BF64BA0008CF
:1077B00080B588B000AFF860B96011461A460B4634
:1077C000FB711346BB71BB680D33BA791A70BB6885
:1077D0000B330F221A70BB680C3300221A70BB687F
:1077E0001A3300211846FEF739FFFB795A1E13465B
:1077F0005B0013449B001344FB610023FB820023C6
:10780000BB61FB8A4FF6FF72934207D0FB695A1C9B
:10781000FA615B00FA6813441B88FB82174ABB6954
:1078200013441B781A46BB681344FA8A114618465B
:10783000FEF714FFFB8A002B02D14FF6FF73FB8289
:10784000BB690133BB61BB690C2BDAD9FB8A4FF6EC
:10785000FF72934206D0FB695B00FA6813441B88F1
:10786000002B03D1FB7943F04003FB71BB68FA792D
:107870001A7000BF2037BD4680BD00BF64BA000843
:1078800080B58CB000AFF860B9607A603B600B22C5
:10789000B968F868FEF729FF3B68052B2BD93B68D0
:1078A000FB6122E07B689A1C7A601B887B84002342
:1078B000BB6217E0FB695A007B8C03F001031344A1
:1078C000FB617B8C5B087B84FB6903F48033002BBA
:1078D00005D0FB6983F4883383F02103FB61BB6A25
:1078E0000133BB62BB6A0F2BE4D97B681B88002B7A
:1078F000D8D1FB693B600723BB623B68DBB203F076
:107900000F03DBB2303387F82F3097F82F30392B45
:1079100004D997F82F30073387F82F30BB6A5A1EE7
:10792000BA6230333B4497F82F2003F81C2C3B6895
:107930001B093B603B68002BDFD107F11402BB6AD7
:1079400013447E221A7000237B6202E07B6A0133BB
:107950007B627A6ABB6A9A4205D2FA687B6A1344F0
:107960001B78202BF2D1BB6A072B07D8BB6A5A1CA5
:10797000BA6230333B4413F81C1C00E020217B6AC0
:107980005A1C7A62FA6813440A461A707B6A072BFB
:10799000E9D900BF00BF3037BD4680BD80B485B097
:1079A00000AF78600023FB730B23BB60FB7BDAB274
:1079B0005208DB011343DAB27B68591C79601B78EB
:1079C0001344FB73BB68013BBB60BB68002BEDD16C
:1079D000FB7B18461437BD465DF8047B704780B5C5
:1079E00086B000AF78607B681B683B6100217868D7
:1079F000FFF789FC0346FB75FB7D002B01D0FB7D67
:107A0000A9E0FF233B753B7D7B757B684FF0FF3220
:107A10001A637B68DB6919463869FFF795F80346F6
:107A2000FB75FB7D002B40F090807B681B6A1B7808
:107A3000BB75BB7D002B02D10423FB758AE07B68FC
:107A40001B6A0B331B7803F03F03FB737B68FA7BE5
:107A50009A71BB7DE52B07D0FB7B03F00803002B5D
:107A600009D0FB7B0F2B06D0FF237B757B684FF083
:107A7000FF321A635EE0FB7B0F2B36D17B6893F8F5
:107A80002F3003F04003002B54D1BB7D03F04003A3
:107A9000002B0DD07B681B6A5B7B3B75BB7D23F0A5
:107AA0004003BB75BB7D7B757B685A697B681A6335
:107AB000BA7D7B7D9A4215D17B681B6A0D331B789A
:107AC0003A7D9A420ED13B691A697B681B6A194656
:107AD0001046FFF7FDFD0346002B03D07B7D013BE5
:107AE000DBB200E0FF237B7524E07B7D002B09D116
:107AF0007B681B6A1846FFF751FF03461A463B7D19
:107B0000934224D07B6893F82F3003F00103002BBD
:107B10000AD17B68186A7B6824330B221946FEF76A
:107B200020FE0346002B14D0FF237B757B684FF0AB
:107B3000FF321A6300217868FFF76EFC0346FB757D
:107B4000FB7D002B3FF465AF04E000BF02E000BF07
:107B500000E000BFFB7D18461837BD4680BD000021
:107B600080B58CB000AF78607B681B68FB617B6878
:107B700093F82F3003F0A003002B01D00623E0E0A0
:107B800000237B6202E07B6A01337B62FB691A6936
:107B90007B6A5B0013441B88002BF4D17B6803F1E4
:107BA000240107F10C030C221846FEF79EFDFB7D15
:107BB00003F00103002B32D07B68402283F82F2092
:107BC0000123BB6216E07B6803F12400FB691A699C
:107BD00007F10C01BB6AFFF753FE7868FFF7FFFE61
:107BE000034687F82F3097F82F30002B06D1BB6A59
:107BF0000133BB62BB6A632BE5D900E000BFBB6AFF
:107C0000642B01D107239CE097F82F30042B02D07E
:107C100097F82F3095E0FA7D7B6883F82F20FB7D65
:107C200003F00203002B07D07B6A0C33474AA2FB08
:107C300003239B08013300E001233B62396A786823
:107C4000FFF7C0FC034687F82F3097F82F30002B42
:107C500048D13B6A013B3B623B6A002B42D07B68C8
:107C60005A693B6A5B01D31A19467868FFF74BFBE8
:107C7000034687F82F3097F82F30002B32D17B68DE
:107C800024331846FFF78AFE0346FB767B68DB69E0
:107C90001946F869FEF758FF034687F82F3097F822
:107CA0002F30002B1DD1FB6918697B68196A3B6A6C
:107CB000DAB2FB7EFFF77CFDFB690122DA7000215E
:107CC0007868FFF7A9FB034687F82F3097F82F3025
:107CD000002B07D13B6A013B3B623B6A002BD5D1AD
:107CE00000E000BF97F82F30002B28D17B68DB69BC
:107CF0001946F869FEF728FF034687F82F3097F8F2
:107D00002F30002B1BD17B681B6A202200211846D4
:107D1000FEF70CFD7B68186A7B6824330B2219463A
:107D2000FEF7E3FC7B6893F82F207B681B6A0C331B
:107D300002F01802D2B21A70FB690122DA7097F8C9
:107D40002F3018463037BD4680BD00BF4FECC44EC3
:107D500080B58AB000AF786039603B681B683B61D2
:107D60007B681B681B69FB6000237B617B69BB61CF
:107D7000BB695A1CBA613A6913441B78BB84BB8C3B
:107D80001F2B40D9BB8C2F2B06D0BB8C5C2B10D16A
:107D900002E0BB690133BB613A69BB6913441B78DC
:107DA0002F2BF6D03A69BB6913441B785C2BF0D0BB
:107DB0002AE07B69FE2B01D906237DE1BB8CDBB277
:107DC000BB84BB8C0121184601F0DAFC0346BB845E
:107DD000BB8C002B01D106236EE1BB8C7F2B09D815
:107DE000BB8C19468D48FEF7E3FC0346002B01D0FF
:107DF000062361E17B695A1C7A615B00FA681344CF
:107E0000BA8C1A80B4E700BF3A69BB691A443B6870
:107E10001A60BB8C1F2B01D8042300E0002387F8D5
:107E2000273011E07B6903F10043013B5B00FA68F6
:107E300013441B88BB84BB8C202B02D0BB8C2E2B05
:107E400006D17B69013B7B617B69002BEAD100E0B5
:107E500000BF7B695B00FA68134400221A807B69CB
:107E6000002B01D1062327E17B6824330B2220213C
:107E70001846FEF75BFC0023BB6102E0BB690133DF
:107E8000BB61BB695B00FA6813441B88202BF5D0EB
:107E9000BB695B00FA6813441B882E2BEED0BB69CC
:107EA000002B09D097F8273043F0030387F82730D9
:107EB00002E07B69013B7B617B69002B09D07B6918
:107EC00003F10043013B5B00FA6813441B882E2B2F
:107ED000EFD1002387F8263000233B620823FB61A3
:107EE000BB695A1CBA615B00FA6813441B88BB84E7
:107EF000BB8C002B00F09080BB8C202B06D0BB8C61
:107F00002E2B0AD1BA697B699A4206D097F827309E
:107F100043F0030387F827307DE03A6AFB699A4211
:107F200003D2BA697B699A4223D1FB690B2B06D134
:107F300097F8273043F0030387F8273075E0BA69D4
:107F40007B699A4205D097F8273043F0030387F8FE
:107F50002730BA697B699A4266D87B69BB6108237E
:107F60003B620B23FB6197F826309B0087F8263095
:107F700051E0BB8C7F2B14D9BB8C0021184601F03B
:107F8000FFFB0346BB84BB8C002B04D0BB8C803B27
:107F9000234AD35CBB8497F8273043F0020387F869
:107FA0002730BB8C002B07D0BB8C19461D48FEF731
:107FB000FFFB0346002B08D05F23BB8497F82730D4
:107FC00043F0030387F827301BE0BB8C402B09D913
:107FD000BB8C5A2B06D897F8263043F0020387F85B
:107FE00026300EE0BB8C602B0BD9BB8C7A2B08D8CB
:107FF00097F8263043F0010387F82630BB8C203BEE
:10800000BB843B6A5A1C3A62BA8CD1B27A68134478
:108010000A4683F8242063E700BF06E048B9000859
:10802000E4B9000854B9000800BF7B6893F8243015
:10803000E52B03D17B68052283F82420FB69082BFC
:1080400004D197F826309B0087F8263097F8263021
:1080500003F00C030C2B05D097F8263003F0030334
:10806000032B05D197F8273043F0020387F8273018
:1080700097F8273003F00203002B17D197F826302A
:1080800003F00303012B05D197F8273043F01003C9
:1080900087F8273097F8263003F00C03042B05D11E
:1080A00097F8273043F0080387F827307B6897F864
:1080B000272083F82F20002318462837BD4680BD8F
:1080C00080B586B000AF786039607B683B613B6902
:1080D0001B68FB6002E03B6801333B603B681B7838
:1080E0002F2BF8D03B681B785C2BF4D03B69002227
:1080F0009A603B681B781F2B0AD87B68802283F824
:108100002F2000217868FFF7FEF80346FB7548E052
:108110003B4619467868FFF71BFE0346FB75FB7D5F
:10812000002B39D17868FFF75AFC0346FB757B6852
:1081300093F82F30FB72FB7D002B0AD0FB7D042BC4
:108140002CD1FB7A03F00403002B27D10523FB7508
:1081500024E0FB7A03F00403002B21D13B699B79D7
:1081600003F01003002B02D10523FB7519E0FB6817
:1081700003F138017B685B69FA689289B3FBF2F01E
:1081800000FB02F29B1A0B441946F868FFF761FAEC
:1081900002463B699A60BBE700BF02E000BF00E017
:1081A00000BFFB7D18461837BD4680BD80B487B040
:1081B00000AF78604FF0FF333B617B681B68002B9A
:1081C00031D07B681B687B6102E07B6901337B6196
:1081D0007B691B781F2B03D97B691B783A2BF4D161
:1081E0007B691B783A2B1CD17B681B68FB60FB68A2
:1081F0005A1CFA601B78303BBB60BB68092B0ED859
:10820000FA687B699A420AD1BB68002B07D1BB6828
:108210003B617B6901337B617B687A691A603B69EA
:1082200002E000233B613B6918461C37BD465DF800
:10823000047B704780B582B000AF786039607B689E
:108240000022DA707B684FF0FF325A633968786831
:10825000FEF77AFC0346002B01D0042338E07B684C
:10826000383303F5FF731846FEF7BCF903461A4688
:108270004AF655239A4201D0032329E07B6893F8FC
:108280003830E92B09D07B6893F83830EB2B1ED1BE
:108290007B6893F83A30902B19D17B6838333633AA
:1082A0001846FEF7B8F9034623F07F430A4A934283
:1082B00001D100230CE07B68383352331846FEF7B7
:1082C000AAF90346054A934201D1002300E00223A4
:1082D00018460837BD4680BD4641540046415433D8
:1082E00080B596B000AFF860B9601346FB71BB680B
:1082F00000221A60F868FFF759FFF863FB6B002B48
:1083000001DA0B2365E29F4AFB6B52F82330BB6313
:10831000BB6B002B01D10C235BE2BB68BA6B1A600C
:10832000FB7923F00103FB71BB6B1B78002B1AD088
:10833000BB6B5B781846FEF7B7F8034687F8373013
:1083400097F8373003F00103002B0CD1FB79002B99
:1083500007D097F8373003F00403002B01D00A232D
:1083600037E2002335E2BB6B00221A70FB6BDAB2F6
:10837000BB6B5A70BB6B5B781846FEF7AFF80346D1
:1083800087F8373097F8373003F00103002B01D01E
:1083900003231EE2FB79002B07D097F8373003F058
:1083A0000403002B01D00A2313E2BB6B5878BB6B8C
:1083B0000C331A460221FEF7F7F80346002B01D0D2
:1083C000012306E2BB6B9B89B3F5805F0DD8BB6BC5
:1083D0009B89B3F5007F08D3BB6B9B891A46BB6BA7
:1083E0009B89013B1340002B01D00123F1E10023C5
:1083F0003B65396DB86BFFF71DFF034687F85730B3
:1084000097F85730022B49D100233B641EE0BB6B29
:1084100003F138023B6C1B0103F5DF7313443B632C
:108420003B6B04331B78002B06D03B6B083318469C
:10843000FEF7F1F8024600E000223B6C9B00583347
:108440003B4443F8442C3B6C01333B643B6C032BB3
:10845000DDD900233B643B6C002B02D03B6C013B1D
:108460003B643B6C9B0058333B4453F8443C3B65B6
:108470003B6D002B05D0396DB86BFFF7DBFE034673
:1084800000E0032387F8573097F85730012B05D9C0
:108490003B6C01333B643B6C032BE2D997F85730BC
:1084A000042B01D1012394E197F85730012B01D916
:1084B0000D238EE1BB6B38330B331846FEF792F871
:1084C00003461A46BB6B9B899A4201D00D2380E17B
:1084D000BB6B383316331846FEF784F80346FB644B
:1084E000FB6C002B06D1BB6B383324331846FEF7E8
:1084F00092F8F864BB6BFA6C1A62BB6B93F8482075
:10850000BB6B9A70BB6B9B78012B05D0BB6B9B78C8
:10851000022B01D00D235CE1BB6B9B781A46FB6CF0
:1085200002FB03F3FB64BB6B93F845301A46BB6B4D
:108530005A81BB6B5B89002B08D0BB6B5B891A46E9
:10854000BB6B5B89013B1340002B01D00D2340E145
:10855000BB6B383311331846FEF744F803461A460E
:10856000BB6B1A81BB6B1B89BA6B9289520992B2A1
:10857000B3FBF2F101FB02F29B1A9BB2002B03D07A
:108580000D2326E194230020BB6B383313331846A8
:10859000FEF728F80346BB64BB6C002B06D1BB6B0F
:1085A000383320331846FEF736F8B864BB6B3833DF
:1085B0000E331846FEF716F80346FB85FB8D002B9D
:1085C00001D10D2305E1FA8DFB6C1344BA6B1189BF
:1085D000BA6B9289520992B2B1FBF2F292B2134491
:1085E000BB62BA6CBB6A9A4201D20D23F1E0BA6C4D
:1085F000BB6AD31ABA6B5289B3FBF2F37B627B6A14
:10860000002B01D10D23E4E0032387F857307B6A68
:108610004FF6F572934202D8022387F857307B6AEF
:1086200040F6F572934202D8012387F857307B6AEF
:108630009A1CBB6BDA61BB6B3A6D5A62FA8D3B6D6B
:108640001A44BB6B9A623A6DBB6A1A44BB6B1A63DD
:1086500097F85730032B1ED1BB6B38332A3318469B
:10866000FDF7C0FF0346002B01D00D23B1E0BB6B2B
:108670001B89002B01D00D23ABE0BB6B38332C33AF
:108680001846FDF7C8FF0246BB6BDA62BB6BDB69BD
:108690009B007B641FE0BB6B1B89002B01D10D236A
:1086A00097E0BB6B9A6AFB6C1A44BB6BDA6297F873
:1086B0005730022B03D1BB6BDB695B000AE0BB6B5D
:1086C000DA6913465B0013445A08BB6BDB6903F09D
:1086D000010313447B64BB6B1A6ABB6B9B8919460D
:1086E0007B6C0B44013BB96B8989B3FBF1F39A4274
:1086F00001D20D236DE0BB6B4FF0FF329A61BB6B73
:108700009A69BB6B5A61BB6B80221A7197F857301C
:10871000032B49D1BB6B383330331846FDF762FF6A
:108720000346012B40D13B6D01331946B86BFEF770
:108730000BFA0346002B37D1BB6B00221A71BB6BBF
:10874000383303F5FF731846FDF74CFF03461A460E
:108750004AF655239A4227D1BB6B38331846FDF7AA
:108760005AFF03461D4A93421ED1BB6B383303F5B3
:10877000F2731846FDF74FFF0346194A934213D18F
:10878000BB6B383303F5F4731846FDF744FF02461C
:10879000BB6B9A61BB6B383303F5F6731846FDF774
:1087A0003AFF0246BB6B5A61BB6B97F857201A70B1
:1087B0000C4B1B8801339AB20A4B1A80094B1A885A
:1087C000BB6BDA80BB6B084A1A61B86BFEF754F9D1
:1087D000002318465837BD4680BD00BF5252614144
:1087E0007272416198230020BC23002080B584B0C0
:1087F00000AF786039600923FB737B68002B1CD0C5
:108800007B681B68002B18D07B681B681B78002BCB
:1088100013D07B689A887B681B68DB889A420CD1EE
:108820007B681B685B781846FDF73EFE034603F045
:108830000103002B01D10023FB73FB7B002B02D132
:108840007B681B6800E000233A681360FB7B1846D6
:108850001037BD4680BD000080B588B000AFF8601D
:10886000B9601346FB71BB683B6107F11003184602
:10887000FFF79CFCF861FB69002B01DA0B232BE06E
:10888000174AFB6952F82330BB61BB69002B05D046
:10889000B869FEF7F1F8BB6900221A70FB68002B7B
:1088A00002D0FB6800221A70FA680D49FB6941F892
:1088B0002320FB68002B02D0FB79012B01D0002381
:1088C0000AE007F10C0107F1080300221846FFF740
:1088D00007FD0346FB75FB7D18462037BD4680BD6E
:1088E0009423002080B59AB000AFF860B9601346B9
:1088F000FB71FB68002B01D10923B7E1FB7903F081
:108900003F03FB71FA7907F1140107F108031846D8
:10891000FFF7E6FC034687F8673097F86730002BCF
:1089200040F09B817B69BB61BA6807F1180311466F
:108930001846FFF7C5FB034687F8673097F867309E
:10894000002B18D197F847305BB2002B03DA0623CF
:1089500087F867300FE0FB79012B8CBF01230023E0
:10896000DBB21A4607F1180311461846FDF73CFF23
:10897000034687F86730FB7903F01C03002B7FD098
:1089800097F86730002B17D097F86730042B0ED17B
:10899000FDF786FF0346002B06D007F118031846A3
:1089A000FFF7DEF8034600E0122387F86730FB7913
:1089B00043F00803FB7110E0BB7F03F01103002BB1
:1089C00003D0072387F8673007E0FB7903F004033F
:1089D000002B02D0082387F8673097F86730002B08
:1089E00068D1FB7903F00803002B63D0FDF7FEFC90
:1089F000B865BB6B0E33B96D1846FDF74AFEBB6B0D
:108A00001633B96D1846FDF744FEBB6B0B332022BD
:108A10001A707B69BA6B11461846FEF71AFE786524
:108A20007B69B96B00221846FEF732FEBB6B1C3324
:108A300000211846FDF72DFE7B690122DA707B6D5F
:108A4000002B37D07B695B6BBB6507F118030022F5
:108A5000796D1846FEF722FB034687F8673097F8D2
:108A60006730002B26D17B69B96D1846FEF76CF88C
:108A7000034687F867307B697A6D013A5A6119E0DD
:108A800097F86730002B15D1BB7F03F01003002B44
:108A900003D0042387F867300CE0FB7903F002036E
:108AA000002B07D0BB7F03F00103002B02D007236C
:108AB00087F8673097F86730002B26D1FB7903F0F1
:108AC0000803002B03D0FB7943F04003FB717B6963
:108AD0005A6BFB685A62BA6BFB689A62FB79012B8E
:108AE0008CBF01230023DBB21A4607F1180311469D
:108AF0001846FDF7F7FE0246FB681A61FB681B6922
:108B0000002B02D1022387F8673097F86730002BDB
:108B100040F0A3807B69BA6B11461846FEF799FDB9
:108B20000246FB689A60BB6B1C331846FDF773FD69
:108B30000246FB68DA60FB680022DA627A69FB6849
:108B40001A607B69DA88FB689A80FB68FA791A7583
:108B5000FB6800225A75FB6800221A62FB6800223B
:108B60009A61FB6830334FF4805200211846FDF7BC
:108B7000DDFDFB7903F02003002B6ED0FB68DB6882
:108B8000002B6AD0FB68DA68FB689A617B695B89B5
:108B90001A467B699B8902FB03F33B65FB689B6874
:108BA0003B66FB68DB68FB6516E0FB68396E1846C0
:108BB000FEF787F838663B6E012B02D8022387F850
:108BC00067303B6EB3F1FF3F02D1012387F8673076
:108BD000FA6D3B6DD31AFB6597F86730002B03D114
:108BE000FA6D3B6D9A42E0D8FB683A6EDA6197F80D
:108BF0006730002B31D17B699B891A46FB6DB3FB33
:108C0000F2F101FB02F29B1A002B26D07B69396E30
:108C10001846FEF737F8F864FB6C002B03D10223EB
:108C200087F8673019E07B699B891A46FB6DB3FBB7
:108C3000F2F2FB6C1A44FB681A627B695878FB6895
:108C400003F13001FB681A6A0123FDF76DFC03464E
:108C5000002B02D0012387F8673097F86730002B8C
:108C600002D0FB6800221A6097F867301846683710
:108C7000BD4680BD80B58EB000AFF860B9607A6047
:108C80003B60BB687B623B6800221A60FB6807F1AF
:108C9000140211461846FFF7A9FD034687F837303E
:108CA00097F83730002B07D1FB685B7D87F83730AA
:108CB00097F83730002B02D097F8373035E1FB6852
:108CC0001B7D03F00103002B01D107232DE1FB687D
:108CD000DA68FB689B69D31A3B627A683B6A9A42FE
:108CE00040F21E813B6A7B601AE1FB689B697A69EE
:108CF0009289B3FBF2F101FB02F29B1A002B40F0C8
:108D0000D580FB689B697A699289B3FBF2F37A6933
:108D10005289013A1340FB61FB69002B2FD1FB689C
:108D20009B69002B03D1FB689B683B6313E0FB68E6
:108D3000DB6A002B07D0FB689B691946F868FEF7D1
:108D4000AAFA386307E0FA68FB68DB69194610463F
:108D5000FDF7B7FF38633B6B012B04D8FB68022299
:108D60005A750223E1E03B6BB3F1FF3F04D1FB688E
:108D700001225A750123D8E0FB683A6BDA617A69FF
:108D8000FB68DB6919461046FDF77CFFB861BB69DB
:108D9000002B04D1FB6802225A750223C5E0BA6990
:108DA000FB691344BB617B699B891A467B68B3FBF3
:108DB000F2F3BB62BB6A002B41D0FA69BB6A134471
:108DC0007A695289934205D97B695B891A46FB69A6
:108DD000D31ABB627B695878BB6ABA69796AFDF7B6
:108DE000A3FB0346002B04D0FB6801225A75012324
:108DF0009BE0FB681B7D5BB2002B18DAFB681A6AEC
:108E0000BB69D31ABA6A9A4211D9FB681A6ABB695C
:108E1000D31A7A69928902FB03F37A6AD018FB6845
:108E200003F130017B699B891A46FDF75EFC7B6983
:108E30009B891A46BB6A02FB03F3FB625CE0FB689A
:108E40001B6ABA699A422ED0FB681B7D5BB2002B6D
:108E500018DA7B695878FB6803F13001FB681A6AFD
:108E60000123FDF781FB0346002B04D0FB680122A0
:108E70005A75012359E0FB681B7D03F07F03DAB2CA
:108E8000FB681A757B695878FB6803F13001012390
:108E9000BA69FDF749FB0346002B04D0FB680122A9
:108EA0005A75012341E0FB68BA691A627B699B89A4
:108EB0001846FB689B697A699289B3FBF2F101FB62
:108EC00002F29B1AC31AFB62FA6A7B689A4201D9C2
:108ED0007B68FB62FB6803F13001FB689B697A6980
:108EE0009289B3FBF2F000FB02F29B1A0B44FA6A80
:108EF0001946786AFDF7F9FB7A6AFB6A13447B62CC
:108F0000FB689A69FB6A1A44FB689A613B681A68B5
:108F1000FB6A1A443B681A607A68FB6AD31A7B6062
:108F20007B68002B7FF4E1AE002318463837BD463E
:108F300080BD80B58CB000AFF860B9607A603B60EE
:108F4000BB68FB613B6800221A60FB6807F11002F6
:108F500011461846FFF74AFC034687F82F3097F86A
:108F60002F30002B07D1FB685B7D87F82F3097F8F7
:108F70002F30002B02D097F82F306AE1FB681B7D61
:108F800003F00203002B01D1072362E1FB689A6919
:108F90007B681A44FB689B699A4280F04C81FB68AD
:108FA0009B69DB437B6046E1FB689B693A69928978
:108FB000B3FBF2F101FB02F29B1A002B40F0F180AF
:108FC000FB689B693A699289B3FBF2F33A6952896B
:108FD000013A1340BB61BB69002B43D1FB689B691D
:108FE000002B0CD1FB689B68BB62BB6A002B1AD1BB
:108FF000FB6800211846FEF7B6F8B86213E0FB687C
:10900000DB6A002B07D0FB689B691946F868FEF7FE
:1090100042F9B86207E0FA68FB68DB691946104656
:10902000FEF7A1F8B862BB6A002B00F00981BB6AA9
:10903000012B04D1FB6802225A75022309E1BB6AA5
:10904000B3F1FF3F04D1FB6801225A75012300E10F
:10905000FB68BA6ADA61FB689B68002B02D1FB6887
:10906000BA6A9A60FB681B7D5BB2002B18DA3B6919
:109070005878FB6803F13001FB681A6A0123FDF799
:1090800073FA0346002B04D0FB6801225A750123B2
:10909000DFE0FB681B7D03F07F03DAB2FB681A7523
:1090A0003A69FB68DB6919461046FDF7EBFD78610C
:1090B0007B69002B04D1FB6802225A750223C8E0A9
:1090C0007A69BB6913447B613B699B891A467B685B
:1090D000B3FBF2F33B623B6A002B43D0BA693B6AB5
:1090E00013443A695289934205D93B695B891A4610
:1090F000BB69D31A3B623B6958783B6A7A69F96964
:10910000FDF732FA0346002B04D0FB6801225A75A2
:1091100001239EE0FB681A6A7B69D31A3A6A9A4275
:1091200018D9FB6803F13000FB681A6A7B69D31A0F
:109130003A69928902FB03F3FA69D1183B699B896A
:109140001A46FDF7D2FAFB681B7D03F07F03DAB203
:10915000FB681A753B699B891A463B6A02FB03F35D
:109160007B624BE0FB681B6A7A699A4216D0FB6807
:109170009A69FB68DB689A4210D23B695878FB68B1
:1091800003F1300101237A69FDF7CEF90346002B84
:1091900004D0FB6801225A7501235AE0FB687A6902
:1091A0001A623B699B891846FB689B693A699289F8
:1091B000B3FBF2F101FB02F29B1AC31A7B627A6ADB
:1091C0007B689A4201D97B687B62FB6803F13001BE
:1091D000FB689B693A699289B3FBF2F000FB02F2EB
:1091E0009B1A0B447A6AF9691846FDF77EFAFB6808
:1091F0001B7D63F07F03DAB2FB681A75FA697B6A3C
:109200001344FB61FB689A697B6A1A44FB689A61A4
:10921000FB68DA68FB689B699A4238BF1A46FB68AC
:10922000DA603B681A687B6A1A443B681A607A689D
:109230007B6AD31A7B607B68002B7FF4B5AE00E0BD
:1092400000BFFB681B7D43F04003DAB2FB681A7570
:10925000002318463037BD4680BD80B586B000AFCC
:1092600078607B6807F1080211461846FFF7BEFADE
:109270000346FB75FB7D002B68D17B681B7D03F0EB
:109280004003002B62D07B681B7D5BB2002B15DA9C
:10929000BB6858787B6803F130017B681A6A012348
:1092A000FDF762F90346002B01D001234FE07B68F4
:1092B0001B7D03F07F03DAB27B681A75FDF796F821
:1092C0003861BA687B685B6A19461046FDF73CFC5A
:1092D0000346FB75FB7D002B38D17B689B6AFB60E6
:1092E000FB680B331A78FB680B3342F02002D2B2D2
:1092F0001A707B6818687B689B681A46F968FEF7E5
:10930000C7F9FB6803F11C027B68DB68194610464D
:10931000FDF7BFF9FB68163339691846FDF7B9F94F
:10932000FB68123300211846FDF798F9BB6801224B
:10933000DA70BB681846FDF735FC0346FB757B68A1
:109340001B7D23F04003DAB27B681A75FB7D18465B
:109350001837BD4680BD80B584B000AF78607868AE
:10936000FFF77BFF0346FB73FB7B002B18D17B6869
:1093700007F1080211461846FFF738FA0346FB7357
:10938000FB7B002B0CD17B681B691846FDF738FB73
:109390000346FB73FB7B002B02D17B6800221A6023
:1093A000FB7B18461037BD4680BD80B592B000AF3C
:1093B000F860B9607A6007F1280107F10C03002218
:1093C0001846FEF78DFF034687F8473097F8473079
:1093D000002B40F09980BA6A7B681A60BB6A9A6970
:1093E000BB6ADB69023B9A4204D8BB6A9A69BB68D4
:1093F0001A6089E000233B64BB6A1B78012B28D1EB
:109400000223FB63BB6A7B6107F11403F96B184607
:10941000FDF757FCF862FB6AB3F1FF3F03D101236C
:1094200087F8473063E0FB6A012B03D1022387F8FA
:1094300047305CE0FB6A002B02D13B6C01333B649C
:10944000FB6B0133FB63BB6ADB69FA6B9A42DBD3CC
:109450004DE0BB6ADB69FB63BB6A9B6ABB630023AD
:109460007B6300233B637B6B002B13D1B86ABB6B20
:109470005A1CBA631946FDF767FB034687F8473065
:1094800097F84730002B31D1BB6A38333B63BB6A56
:109490009B897B63BB6A1B78022B0FD1386BFDF76E
:1094A000A1F80346002B02D13B6C01333B643B6BBC
:1094B00002333B637B6B023B7B6310E0386BFDF751
:1094C000AAF8034623F07043002B02D13B6C013312
:1094D0003B643B6B04333B637B6B043B7B63FB6B09
:1094E000013BFB63FB6B002BBDD100E000BFBB6801
:1094F0003A6C1A60BB6A3A6C9A61BB6A1A79BB6AA9
:1095000042F00102D2B21A7197F847301846483734
:10951000BD4680BD80B588B000AFF860B9607A60A4
:109520000023FB61FB68BB611CE007F1100307F13E
:10953000140101227868FFF79DFB3B69012B17D1CD
:109540003B7DFB75FB7D0D2B0BD0BB695A1CBA61B3
:10955000FA7D1A70FB690133FB61FB7D0A2B09D090
:1095600000E000BFBB68013BFA699A42DDDB02E024
:1095700000BF00E000BFBB6900221A70FB69002B2E
:1095800001D0FB6800E0002318462037BD4680BDAF
:1095900080B584B000AF78600B46FB70FB780A2B77
:1095A00003D10D217868FFF7F3FF7B685B68FB60F0
:1095B000FB68002B25DBFB685A1CFA607A681344B1
:1095C000FA781A73FB683C2B12DD7B6818687B689D
:1095D00003F10C01FA6807F10803FFF7AAFCBA6867
:1095E000FB689A4201D1002301E04FF0FF33FB609A
:1095F0007B68FA685A607B689B685A1C7B689A6033
:1096000000E000BF1037BD4680BD80B584B000AF1C
:1096100078607B685B68002B16DB7B6818687B686A
:1096200003F10C017B685B681A4607F10C03FFF736
:1096300080FC0346002B07D17B685B68FA68934285
:1096400002D17B689B6801E04FF0FF33184610376A
:10965000BD4680BD80B483B000AF786039607B6860
:109660003A681A607B6800225A607B685A687B6897
:109670009A6000BF0C37BD465DF8047B704780B52B
:1096800096B000AF7860396007F10C03396818466E
:10969000FFF7E0FF09E07B685A1C7A601A7807F14F
:1096A0000C0311461846FFF773FF7B681B78002BED
:1096B000F1D107F10C031846FFF7A7FF0346184640
:1096C0005837BD4680BD000080B487B000AFF86059
:1096D000B9601346FB710123FB750023BB751F4B5B
:1096E0005B7ADBB2002B31D11C4B5B7ADBB21A46C2
:1096F0001A4B00219954194B5B7ADBB2174A9B0035
:109700001344FA685A60154B5B7ADBB21A46134B66
:109710001344FA791A72114B5B7ADBB25A1CD1B23C
:109720000E4A5172BB75BB7D3033DAB2BB681A701A
:10973000BB6801333A221A70BB6802332F221A70B9
:10974000BB68033300221A700023FB75FB7D1846AB
:109750001C37BD465DF8047B704700BFBC25002068
:1097600080B582B000AF78603960002239687868CF
:10977000FFF7AAFF034618460837BD4680BD000024
:1097800080B485B000AF03463960FB80FB887F2B37
:1097900002D8FB88FB8125E03B68002B0BD0FB88BF
:1097A000FF2B05D8FB88803B124A32F8133000E0CB
:1097B0000023FB8116E00023FB8109E0FB890D4AB1
:1097C00032F81330FA889A4206D0FB890133FB81C4
:1097D000FB897F2BF2D900E000BFFB8980339BB26D
:1097E000DBB2FB81FB8918461437BD465DF8047B6C
:1097F000704700BF74BA000880B487B000AF03465A
:10980000FB80FB88B3F5805F01D23E4B00E03E4B0E
:109810007B617B699A1C7A611B887B827B8A002B27
:1098200068D0FA887B8A9A4264D37B699A1C7A61F1
:109830001B883B823B8A1B0AFB813B8ADBB23B8253
:10984000FA88798A3B8A0B449A4249DAFB89082BC9
:109850004FD801A252F823F07D9800088F98000895
:10986000A5980008AD980008B5980008BD980008B4
:10987000C5980008CD980008D5980008FA887B8A1A
:10988000D31A5B007A6913441B88FB8027E0FA88AF
:109890007B8AD31A9BB203F001039BB2FA88D31AD6
:1098A000FB801CE0FB88103BFB8018E0FB88203B22
:1098B000FB8014E0FB88303BFB8010E0FB881A3B08
:1098C000FB800CE0FB880833FB8008E0FB88503B02
:1098D000FB8004E0FB88A3F5E353FB8000BF08E0B6
:1098E000FB89002B95D13B8A5B007A6913447B612D
:1098F0008FE700BFFB8818461C37BD465DF8047B28
:10990000704700BF74BB000868BD0008002310B595
:109910000446C0E90033C0E90433836081814366B3
:10992000C2818361194608225C3000F081F90D4B39
:1099300063620D4BA3620D4BE3620D4B23630D4B32
:1099400024629C4206D003F16802944202D0D033D4
:109950009C4205D104F15800BDE8104000F04EBA19
:1099600010BD00BF2D9B0008539B00088B9B000877
:10997000AF9B0008C8250020024A0349034800F0B5
:1099800069B800BF240000205DAD0008340000204D
:1099900041680C4B994210B5044601D001F0DEF944
:1099A000A168094B994202D0204601F0D7F9E1683D
:1099B000064B994204D02046BDE8104001F0CEB9D4
:1099C00010BD00BFC82500203026002098260020AA
:1099D00010B50B4B0B4C0C4A1A6020460022042198
:1099E000FFF794FF04F1680001220921FFF78EFFC1
:1099F00004F1D0000222BDE810401221FFF786BF1B
:109A000000270020C825002079990008014800F0AF
:109A1000F6B900BF09270020014800F0F1B900BFE6
:109A20000927002010B50446FFF7F0FF236A1BB199
:109A3000BDE81040FFF7F0BF044B2362044B1B68E6
:109A4000002BF5D1FFF7C4FFF2E700BF91990008A2
:109A5000002700202DE9F8430746884614460026D3
:109A6000D4E90195B9F1010905D52468002CF7D195
:109A70003046BDE8F883AB89012B07D9B5F90E3024
:109A8000013303D029463846C04706436835E9E725
:109A90000EB410B59DB01FAB029006906FF0004160
:109AA0000A48079104910A4953F8042B05910024B0
:109AB00002A9006801931B9400F026FB029B1C7016
:109AC0001DB0BDE8104003B0704700BF300000205B
:109AD0000802FFFF0EB470B59DB021AC00254FF415
:109AE000017254F8046BADF814201B950290069097
:109AF000F6F76EFB0B4B039007900B480B934FF65A
:109B0000FF73ADF816303246234602A900680F9560
:109B10001495019400F04EFC1DB0BDE8704003B0F8
:109B2000704700BF4F9B00083000002010B50C4666
:109B3000B1F90E1000F014F90028ABBF636DA389D2
:109B40001B1823F48053ACBF6365A38110BD0020B4
:109B500070472DE9F0411F468B89DB0505460C4611
:109B6000164605D5B1F90E100223002200F0E6F8E2
:109B7000A389B4F90E1023F48053A38132463B46E7
:109B80002846BDE8F04100F0FDB810B50C46B1F92B
:109B90000E1000F0D3F8431CA38915BF606523F4B1
:109BA000805343F48053A38118BFA38110BDB1F942
:109BB0000E1000F0B3B830B51446002C9BB005462B
:109BC0001A4605DA8B2303604FF0FF301BB030BD1F
:109BD0004FF40273ADF80C304FF00003199314BF2B
:109BE00004F1FF332346029305934FF6FF73009170
:109BF0000491ADF80E3069461E9B00F085FA431CB7
:109C0000BCBF8B232B60002CE0D0009B00221A707D
:109C1000DCE7000007B5009313460A4601460348F7
:109C20000068FFF7C8FF03B05DF804FB30000020B8
:109C300002440346934200D1704703F8011BF9E741
:109C400010B56AB10139841810F8012B11F8013FE1
:109C50009A4203D1A04201D0002AF5D1D01A10BDFA
:109C60001046FCE7164B2DE9F0411F687C6C054659
:109C70000E46ECB9502000F035F90246786420B960
:109C8000104B11485B2100F0C5F8C0E90044C0E961
:109C90000244C0E90444C0E90A44C0E90C44C0E9F4
:109CA0000E44C0E91044C0E9124484610477446260
:109CB0007A6C314628460123BDE8F04100F006B831
:109CC0003000002024BE00083BBE0008F0B504466A
:109CD00008B9146844B1204614F8015B0F4617F820
:109CE000016B1EB965B91560002005E0B542F6D1DB
:109CF000002BF0D114600370F0BD1C460CE01DB9C0
:109D0000274614F8013B0E4616F8015BAB42F6D12C
:109D1000002BF2D000233B701460EDE738B5064D00
:109D20000023044608462B60F8F79AFA431C02D138
:109D30002B6803B1236038BD0427002038B5074DD8
:109D400004460846114600222A601A46F8F7AFFA80
:109D5000431C02D12B6803B1236038BD04270020C7
:109D600038B5074D04460846114600222A601A46B7
:109D7000F8F73DFA431C02D12B6803B1236038BDCC
:109D80000427002038B5074D044608461146002236
:109D90002A601A46F8F748FA431C02D12B6803B12F
:109DA000236038BD04270020014B1868704700BFAE
:109DB0003000002070B50D4D0D4C641BA410002622
:109DC000A64209D10B4D0C4C01F076FC641BA4108B
:109DD0000026A64205D170BD55F8043B98470136D0
:109DE000EEE755F8043B98470136F2E728C0000833
:109DF00028C0000828C000082CC000087047704721
:109E00007047034611F8012B03F8012B002AF9D102
:109E1000704700001FB514461A46094B1B680546DB
:109E2000D8684CB1074B0091CDE9013406492B4667
:109E300000F0BCFF01F078F8044B1C46F3E700BFCC
:109E40003000002095BE0008A2BE0008D0BE000869
:109E500038B50546002941D051F8043C0C1F002BB1
:109E6000B8BFE41800F0E8F81D4A136833B963601E
:109E700014602846BDE8384000F0E4B8A34208D991
:109E8000206821188B4201BF19685B68091821609E
:109E9000EDE71A465B680BB1A342FAD91168501876
:109EA000A0420BD120680144501883421160E0D1D8
:109EB00018685B68536008441060DAE702D90C2325
:109EC0002B60D6E7206821188B4204BF19685B68B5
:109ED000636004BF091821605460CAE738BD00BF41
:109EE00010270020024B0146186800F025B800BF7B
:109EF0003000002070B50F4E0C463168054611B990
:109F000000F0F4FF30602146284600F0EFFF431CCC
:109F100003D14FF0FF34204670BDC41C24F003046D
:109F2000A042F8D0211A284600F0E0FF0130F2D11B
:109F3000EFE700BF0C2700202DE9F843CD1C25F0EA
:109F4000030508350C2D38BF0C25002D064601DB16
:109F5000A94204D90C2333600020BDE8F883DFF860
:109F6000D48000F069F8D8F800301C4644BB29467C
:109F70003046FFF7BFFF431C044658D1D8F80040D5
:109F80002746002F43D1002C4BD02368394630465A
:109F900004EB030900F0AAFF814542D121686D1A44
:109FA00029463046FFF7A6FF01303AD023682B44FC
:109FB0002360D8F800305A6862BBC8F800700FE020
:109FC0002268521B20D40B2A17D96119A34225609D
:109FD00018BF5960636808BFC8F8001062514B6031
:109FE000304600F02FF804F10B00231D20F007008D
:109FF000C21A1CBF1B1AA350AFE76268A3420CBF72
:10A00000C8F800205A60EBE723466468AEE73C4698
:10A010007F68B6E71A465B68A342FBD10023536012
:10A02000DEE70C233360304600F00CF894E705605F
:10A03000D6E700BF102700200148FFF7E0BE00BFB1
:10A04000082700200148FFF7DBBE00BF08270020DB
:10A050002DE9F0478E681F46BE420B6882460C46CB
:10A0600090462DD8B1F90C2012F4906F26D0656976
:10A07000096905EB4505A3EB010905EBD5757B1CCB
:10A080004B446D109D4238BF1D46530527D52946C8
:10A09000FFF752FF064660B321694A4600F036FFDB
:10A0A000A38923F4906343F08003A3812661656153
:10A0B0004E44A5EB09052660A5603E46BE4200D988
:10A0C0003E4620683246414600F0F5FEA3689B1BE1
:10A0D000A3602368334423600020BDE8F0872A464C
:10A0E00000F029FF06460028E0D121695046FFF71D
:10A0F000AFFE0C23CAF80030A38943F04003A381CC
:10A100004FF0FF30E9E700002DE9F04F98468B89CA
:10A110001B069DB007460D46144610D50B6973B952
:10A120004021FFF709FF2860286130B90C233B600C
:10A130004FF0FF301DB0BDE8F08F40236B6100236E
:10A14000099320238DF82930CDF80C803023DFF8D7
:10A150009C818DF82A304FF0010923469A4613F866
:10A16000012B0AB1252AF9D1BAEB040B0BD05B46BF
:10A17000224629463846FFF76BFF013000F0A780E2
:10A18000099A5A4409929AF80030002B00F09F80F7
:10A1900000234FF0FF32CDE905230AF1010A0493B1
:10A1A00007938DF853301A935446052214F8011B77
:10A1B0004E48F6F715F8049AD8B9D00644BF2023C4
:10A1C0008DF85330110744BF2B238DF853309AF884
:10A1D00000302A2B15D0079A544600204FF00A0C65
:10A1E000214611F8013B303B092B4BD9B0B1079206
:10A1F00014E0A0EB080309FA03F313430493A24607
:10A20000D2E7039B191D1B680391002BBBBF5B4268
:10A2100042F0020207930793B8BF049223782E2BD3
:10A220000AD163782A2B32D1039B1A1D1B68039233
:10A2300043EAE37302340593DFF8C0A021780322D8
:10A240005046F5F7CDFF38B1049BA0EB0A00402241
:10A25000824013430134049314F8011B24488DF801
:10A2600028100622F5F7BCFF002836D0214B1BBB77
:10A27000039B073323F0070308330393099B3344FD
:10A2800009936AE70CFB02320C460120A8E7002381
:10A290000134059319464FF00A0C204610F8012BA3
:10A2A000303A092A03D9002BC6D00591C4E70CFB2C
:10A2B000012104460123F0E703AB00932A460E4B2D
:10A2C00004A93846AFF30080421C0646D6D1AB89BC
:10A2D0005B063FF52DAF09982CE703AB00932A46A8
:10A2E000054B04A9384600F049FAEDE7D1BE000855
:10A2F000DBBE00080000000051A00008D7BE000827
:10A3000038B54B1C144603D14FF0FF35284638BDF5
:10A31000938923F020039381636B5268CDB28BB194
:10A32000A36B934208DD23685A1E226003F8015C88
:10A33000636801336360E9E7214600F082FD00288D
:10A34000F1D0E1E72169236851B1994208D213F8AD
:10A35000011CA94204D1013B013223606260D5E7B0
:10A36000C4E90F3204F1440363630323A363234668
:10A3700003F8465F23600123DCE710B50C46496B08
:10A3800069B104F14403994201D0FFF761FD236CE8
:10A3900063600020606313B1E36B236010BD236929
:10A3A000236000236360A38943F02003A3814FF05F
:10A3B000FF30F3E72DE9F04F0C46ADF5237D00218A
:10A3C000CDE94411A649A0910DF10408A549A64F75
:10A3D000CDF818810646A191009392F80090B9F14A
:10A3E000000F00F0588117F8093013F0080302F14C
:10A3F000010519D06368002B0FDD23681A78BA5C59
:10A40000120701D42A46E8E7459A0132459262686C
:10A410000133013A62602360ECE7A19B214630469C
:10A4200098470028E9D0EDE7B9F1250F40F0858085
:10A430004193439353782A2B02BF1023951C4193D9
:10A440000A22AA461AF8011BA1F13003092B1ED9D2
:10A45000DFF818B203225846F5F7C2FE38B1419A28
:10A46000A0EB0B000123834013434193554615F89D
:10A47000013B782B06D8572B10D8252B5DD057D809
:10A48000002B75D0032347930A23429388E0439B14
:10A4900002FB0311303943915546D2E7A3F158022C
:10A4A000202AEFD801A151F822F000BF7FA50008B3
:10A4B00085A4000885A40008D9A5000885A4000883
:10A4C00085A4000885A4000885A4000885A40008C8
:10A4D00085A4000885A40008EFA50008D5A50008FC
:10A4E00037A5000837A5000837A5000885A400088F
:10A4F00091A5000885A4000885A4000885A400088B
:10A5000085A40008FFA5000899A5000877A5000804
:10A5100085A4000885A40008FBA5000885A4000800
:10A52000D5A5000885A4000885A400087FA500081B
:10A53000453B022BA6D8052331E06368002B0DDDD7
:10A5400023681A784A4540F0A68001336268236088
:10A55000459B013A01336260459353E7A19B214635
:10A56000304698470028EBD04498002840F08B8074
:10A570004FF0FF308BE0419A42F020024192419A25
:10A5800042F40072419210226E2B429202D905E0F1
:10A5900000234293032302E00823429304234793BA
:10A5A0006368002B39DD419B590604D423681A786F
:10A5B000BA5C120738D4479B022B47DC6B46224615
:10A5C00041A9304600F0F8F9012864D002287FF450
:10A5D00019AFC9E70A22D7E72946404600F0F8FB41
:10A5E000419B43F04003419305460123D7E7419B3C
:10A5F00043F0400341930023D1E70223CFE7419882
:10A60000C3063FF5FFAE009B459A191D00911B68DC
:10A61000C0074CBF1A801A60F4E6A19B2146304661
:10A6200098470028BFD09FE7459A0132459262685B
:10A63000013A002A626002DD01332360B6E7A19B84
:10A640002146304698470028B0D08DE7042B0FDC18
:10A650006B46224641A9304600F008FAB4E700BF35
:10A6600001A300087BA3000820BF0008D7BE000894
:10A670000A4B002B3FF4C6AE6B46224641A930463A
:10A68000AFF30080A0E7A3895B063FF571AF0DF53E
:10A69000237DBDE8F08F4498F9E700BF000000007B
:10A6A0002DE9F047164698468A680B69DDF8209038
:10A6B0009342B8BF1346336091F8432007460C46D7
:10A6C0000AB1013333602368990642BF336802330D
:10A6D0003360256815F0060506D104F1190AE36810
:10A6E00032689B1AAB4226DC94F843302268003B68
:10A6F00018BF012392062BD404F143024146384689
:10A70000C84701301ED02368226903F00603042BDA
:10A7100002BFE5683368ED1AA3680CBF25EAE5754A
:10A7200000259342C4BF9B1AED1800261A34B54287
:10A730001AD1002008E00123524641463846C84756
:10A74000013003D14FF0FF30BDE8F0870135C6E797
:10A75000E1185A1C302081F84300224494F8451037
:10A7600082F843100233C7E70123224641463846A8
:10A77000C8470130E6D00136D9E700002DE9FF4790
:10A780000F7E0C9E782F914680460C469A4601F12A
:10A79000430207D8622F0AD8002F00F0D180582F2B
:10A7A00000F0B88004F1420684F842703AE0A7F164
:10A7B0006303152BF6D801A151F823F015A8000862
:10A7C00029A80008A5A70008A5A70008A5A70008B4
:10A7D000A5A7000829A80008A5A70008A5A70008A4
:10A7E000A5A70008A5A7000827A9000853A80008E6
:10A7F000E1A80008A5A70008A5A7000849A9000826
:10A80000A5A7000853A80008A5A70008A5A7000849
:10A81000E9A8000833681A1D1B68326004F142067B
:10A8200084F8423001239CE033682068191D3160B0
:10A83000060601D51D6803E04506FBD5B3F90050B7
:10A84000002D03DA2D236D4284F8433058480A2343
:10A8500011E021683368080653F8045B02D4490606
:10A8600048BFADB26F2F5248336014BF0A2308238C
:10A87000002184F843106668A660002E05DB21687D
:10A880002E4321F0040121604BD01646B5FBF3F1B5
:10A8900003FB1157C75D06F8017D2F46BB420D46ED
:10A8A000F4D9082B0BD12368DF0708D52369616829
:10A8B0009942DEBF302306F8013C06F1FF36921BB9
:10A8C0002261CDF800A04B4603AA21464046FFF77F
:10A8D000E7FE01304AD14FF0FF3004B0BDE8F08709
:10A8E000236843F0200323603248782784F84570BA
:10A8F000236831681F0651F8045B02D45F0648BF25
:10A90000ADB23160D90744BF43F0200323601DB1CD
:10A910001023ADE72648E9E7236823F020032360EE
:10A92000F6E71646BDE7336825686169181D306093
:10A930002E061B6801D5196002E06806FBD5198058
:10A94000002323611646BCE733681A1D32601E6877
:10A95000626800213046F5F743FC08B1801B606057
:10A9600063682361002384F84330AAE723693246F1
:10A9700049464046D0470130ADD023689B0713D4E9
:10A98000E068039B9842B8BF1846A6E70123324609
:10A9900049464046D04701309DD00135E3680399D0
:10A9A0005B1AAB42F2DCEBE7002504F11906F5E790
:10A9B000E2BE0008F3BE00082DE9F84315468A6898
:10A9C00080460C4632B98A69002A14BF4FF0FF3224
:10A9D00001228A602268DFF89090D1065FBF1A6872
:10A9E000111D196016680027A06988B1012807D1D8
:10A9F0002B681A7863699B5C53B9002F31D022E031
:10AA0000022820D12B681B7819F803301B071AD4B1
:10AA10002368DA065EBF2B681B7806F8013B2A68BC
:10AA20006B6801322A60A268013B013A6B60013712
:10AA3000A26042B1002BD7DCD4F8803129464046D1
:10AA400098470028D0D0236813F0100305D1E2689E
:10AA50000132E260A26902B1337023693B44236191
:10AA60000020BDE8F88300BF20BF00082DE9F04FAB
:10AA70009846744B0C468246164693E8070087B00A
:10AA800003AB83E80700704BA169704A032908BF34
:10AA90001A46A36801925A1EB2F5AE7F88BF6FF4C2
:10AAA000AE75274682BF03EB050940F25D13A36034
:10AAB00057F81C3B43F4506398BF4FF000092360E4
:10AAC0003D464FF0000B316803AB097853F82B007B
:10AAD0000222F5F785FB28B3BBF1010F59D162685B
:10AAE0002AB92268082142F400726160226022685B
:10AAF00022F4A0622260A268511EA16092B1326865
:10AB0000511C3160127805F8012B7268013A002A55
:10AB1000726007DCD4F88021314650469047002807
:10AB200040F085800BF1010BBBF1030FCBD16368C3
:10AB30000BB90A236360636845496069C91A00F06C
:10AB400047F94FF0000BA3682268002B3DD0316815
:10AB5000606991F800C010F80C00002835D0BCF1F5
:10AB6000300F24D1100522D50BF1010BB9F1000FE4
:10AB700003D0013309F1FF39A3607368013B002B57
:10AB800073601BDD336801333360A368013BA3604E
:10AB9000D9E7BBF1020FAED1226802F4C061B1F572
:10ABA000007FC4D11021616042F48072A2E722F4D8
:10ABB000106222600B7805F8013BDEE7D4F88031A3
:10ABC0003146504698470028DFD02368D9050DD577
:10ABD000BD4209D915F8011CD4F87C3132465046E3
:10ABE000984705F1FF394D46BD4228D0226812F042
:10ABF000100213D12A706368019E39465046B0474F
:10AC0000D8F8003021681A1DC8F8002011F0200F74
:10AC10001B680FD01860E3680133E3602369ED1B04
:10AC20005D442B442361002007B0BDE8F08F4FF056
:10AC3000000BCAE7CA074CBF18801860EBE7012079
:10AC4000F2E700BF90B9000889B0000869B10008B8
:10AC500014BF0008B1F90C202DE9F0411607054694
:10AC60000C4654D44B68002B02DC0B6C002B48DDE7
:10AC7000E66A002E45D0002312F480522F68216A24
:10AC80002B6030D0626DA389590705D56368D21A4D
:10AC9000636B0BB1236CD21A0023E66A216A284643
:10ACA000B047431CA38906D129681D292BD82A4AFD
:10ACB000CA40D60727D500226260D90422692260E3
:10ACC00004D5421C01D12B6803B96065616B2F600C
:10ACD000B9B104F14403994202D02846FFF7B8F80D
:10ACE000002363630DE001232846B0470246501C51
:10ACF000C9D12B68002BC6D01D2B01D0162B1ED11D
:10AD00002F60002022E043F040031BB21BE00F69DC
:10AD1000002FF6D093070E6808BF4B690F6018BF6D
:10AD20000023A6EB07088B60B8F1000FE9DD216A6C
:10AD3000A66A43463A462846B047002808DCB4F9DC
:10AD40000C3043F04003A3814FF0FF30BDE8F081A9
:10AD50000744A8EB0008E7E70100402038B50B697D
:10AD600005460C4613B90025284638BD18B1036ABC
:10AD70000BB9FEF757FEB4F90C30002BF3D0626E1E
:10AD8000D00704D4990502D4A06DFFF738F82846FF
:10AD90002146FFF75FFF636EDA070546E4D4A38917
:10ADA0009B05E1D4A06DFFF72BF8DDE70EB403B5EA
:10ADB000014603AB054853F8042B0068019300F0EB
:10ADC000FFF902B05DF804EB03B0704730000020DB
:10ADD00070B50B7804465E2B0BBF4B784A1C8A1C5F
:10ADE000002108BF0121013804F1FF0500F8011F0F
:10ADF000A842FBD10BB9501E70BD81F00101E15496
:10AE00001046024612F8015B2D2D05D05D2D16D09F
:10AE1000002DF1D02B46F2E746785D2EFAD0B342F2
:10AE2000F8DC02301A4601329642A154FBDCF21AD9
:10AE3000013A5D1CB342A8BF0022AB18E1E71046FF
:10AE4000DAE72DE9F0410C46496B04F144039942DD
:10AE50001DD14FF48061FFF76FF818B94FF0FF3044
:10AE6000BDE8F0814FF48063A36394F846306063DB
:10AE700080F8FF3394F8453080F8FE3394F844307E
:10AE800080F8FD3300F2FD3020600020E8E7A66B7B
:10AE900077003A4600F04FF805460028DED000EB78
:10AEA000060801463246404600F030F8C4E90D5726
:10AEB000C4F80080E9E7884210B501EB020402D92A
:10AEC0008442234607D8431EA14208D011F8012B23
:10AED00003F8012FF8E7024401468A4200D110BD71
:10AEE00013F8014D02F8014DF7E7000038B5064DA3
:10AEF0000023044608462B60F7F7E6F9431C02D10D
:10AF00002B6803B1236038BD042700200A44914216
:10AF100000F1FF3300D1704710B511F8014B03F871
:10AF2000014F9142F9D110BD08B5062000F01CFB7D
:10AF30000120F7F751F92DE9F041074614460D4677
:10AF400021B9BDE8F0411146FEF7F6BF2AB9FEF778
:10AF50007FFF25462846BDE8F08100F021FB8442B2
:10AF6000064602D8B4EB500FF4D821463846FEF717
:10AF7000E3FF804608B94546ECE7B442224629463D
:10AF800028BF3246FFF7C2FF29463846FEF760FF6A
:10AF9000F1E70000242B2DE9F0478646904601D8C2
:10AFA000012B06D1FEF700FF162303600020BDE849
:10AFB000F08734480D462A4615F8014B065D16F019
:10AFC0000806F8D12D2C10D12C780126951C33F0D1
:10AFD000100215D1302C0DD12A7802F0DF02582A48
:10AFE00008D16C78023510230AE02B2C04BF2C7892
:10AFF000951CECE7002BF6D1302C14BF0A23082354
:10B0000006F1004C0CF1FF3C0022BCFBF3F91046AA
:10B0100003FB19CAA4F13007092F0FD83C46A342FD
:10B020001BDD571C07D0814514D301D1A24511DB8C
:10B0300000FB0340012215F8014BEBE7A4F14107A7
:10B04000192F01D8373CEAE7A4F16107192F04D87A
:10B05000573CE4E74FF0FF32EDE7531C08D12223C1
:10B06000CEF800306046B8F1000FA0D0691E06E0AF
:10B0700006B14042B8F1000F99D0002AF6D1C8F8C5
:10B08000001094E720BF0008FFF784BF2DE9F043CC
:10B09000344E86460D46284615F8014B375D17F0AD
:10B0A0000807F8D12D2C10D12C780127851C33F0FE
:10B0B000100015D1302C0DD1287800F0DF00582871
:10B0C00008D16C78023510230AE02B2C04BF2C78B1
:10B0D000851CECE7002BF6D1302C14BF0A23082383
:10B0E0004FF0FF380026B8FBF3F803FB08F96FEACE
:10B0F00009093046A4F1300CBCF1090F10D86446A0
:10B10000A3421EDDB6F1FF3F07D0804516D301D123
:10B11000A14513DB00FB0340012615F8014BE9E7CD
:10B12000A4F1410CBCF1190F01D8373CE8E7A4F1B8
:10B13000610CBCF1190F04D8573CE1E74FF0FF3622
:10B14000EBE7731C06D12223CEF80030304632B92B
:10B15000BDE8F08307B14042002AF9D006B1691E6C
:10B160001160F5E720BF0008FFF790BF9368013B2F
:10B17000002B10B4936008DA9469A34201DB0A291A
:10B1800003D15DF8044B00F033B91368581C10600C
:10B19000197008465DF8044B7047F8B506460F462F
:10B1A0001446D518AC4201D1002007E014F8011B69
:10B1B0003A463046FFF7DAFF431CF3D1F8BD0000F2
:10B1C0002DE9F04F0D469DB014469846064618B13D
:10B1D000036A0BB9FEF726FC6B6ED90705D4AB8961
:10B1E0009A0502D4A86DFEF70AFEAB891B0701D5AC
:10B1F0002B699BB92946304600F038F970B16B6E67
:10B20000DC0704D54FF0FF301DB0BDE8F08FAB89EF
:10B210009805F7D4A86DFEF7F3FDF3E70023099333
:10B2200020238DF82930CDF80C803023DFF8AC8155
:10B230008DF82A304FF0010923469A4613F8012B66
:10B240000AB1252AF9D1BAEB040B0BD05B46224692
:10B2500029463046FFF7A1FF013000F0A780099A88
:10B260005A4409929AF80030002B00F09F80002386
:10B270004FF0FF32CDE905230AF1010A0493079349
:10B280008DF853301A935446052214F8011B534885
:10B29000F4F7A6FF049AD8B9D10644BF20238DF84D
:10B2A0005330130744BF2B238DF853309AF80030E6
:10B2B0002A2B15D0079A544600204FF00A0C21463D
:10B2C00011F8013B303B092B4BD9B0B1079214E088
:10B2D000A0EB080309FA03F313430493A246D2E751
:10B2E000039B191D1B680391002BBBBF5B4242F0FF
:10B2F000020207930793B8BF049223782E2B0AD13A
:10B3000063782A2B32D1039B1A1D1B68039243EAF0
:10B31000E37302340593DFF8D4A02178032250466A
:10B32000F4F75EFF38B1049BA0EB0A004022824094
:10B3300013430134049314F8011B29488DF8281095
:10B340000622F4F74DFF00283FD0264B1BBB039B82
:10B35000073323F0070308330393099B3B44099306
:10B360006AE70CFB02320C460120A8E700230134F7
:10B37000059319464FF00A0C204610F8012B303A7D
:10B38000092A03D9002BC6D00591C4E70CFB012183
:10B3900004460123F0E703AB00932A46124B04A9AD
:10B3A0003046AFF300800746781CD6D16B6ED907C4
:10B3B00005D4AB899A0502D4A86DFEF721FDAB89AF
:10B3C0005B063FF51FAF09981EE703AB00932A46C3
:10B3D000054B04A93046FFF7D1F9E4E7D1BE0008D8
:10B3E000DBBE0008000000009BB10008D7BE0008CB
:10B3F000F8B50E461446054618B1036A0BB9FEF7B8
:10B4000011FBA369A360A3891A0701D5236943B976
:10B410002146284600F02AF818B14FF0FF37384689
:10B42000F8BD23682269981A6369F6B283423746E9
:10B4300005DC21462846FFF791FC0028EDD1A368E2
:10B44000013BA36023685A1C22601E706269431C82
:10B450009A4204D0A389DB07E1D50A2EDFD1214629
:10B460002846FFF77BFC0028D9D0D6E738B5294B12
:10B47000054618680C4618B1036A0BB9FEF7D2FAF4
:10B48000B4F90C30190722D4DA0607D409222A604D
:10B4900043F04003A3814FF0FF3033E0580712D54B
:10B4A000616B41B104F14403994202D02846FEF792
:10B4B000CFFC00236363A38923F02403A38100232B
:10B4C000636023692360A38943F00803A381236990
:10B4D0004BB9A38903F42073B3F5007F03D0214651
:10B4E000284600F08BF8B4F90C3013F001020AD0B2
:10B4F0000022A26062695242A261226942B913F03D
:10B500008000C5D138BD990758BF6269A260F4E7D1
:10B510000020F7E7300000201F2938B505460C460B
:10B5200004D9162303604FF0FF3038BDC26B12B14F
:10B5300052F821304BB9284600F030F82246014637
:10B540002846BDE8384000F017B8012B0AD0591C36
:10B5500003D1162303600120E7E7002142F82410FD
:10B56000204698470020E0E7024B01461868FFF7A5
:10B57000D3BF00BF3000002038B5074D002304467C
:10B58000084611462B60F6F717FE431C02D12B68C4
:10B5900003B1236038BD00BF04270020F6F704BEC6
:10B5A00051F8043C181F002BBCBF0B58C018704743
:10B5B00070B50C46B1F90E10002996B015461E461E
:10B5C0000DDAA38913F0800F4FF0000114BF402360
:10B5D0004FF48063002031602B6016B070BD6A4666
:10B5E00000F048F80028ECDB019901F47041A1F566
:10B5F0000053594259414FF48063EBE78B89F7B50B
:10B600009D0706460C4607D504F1470323602361D6
:10B610000123636103B0F0BD01AB6A46FFF7C8FFC9
:10B62000009F054639463046FEF786FC48B9B4F916
:10B630000C309A05EED423F0030343F00203A381F8
:10B64000E2E7A389206043F08003A381019BC4E962
:10B6500004075BB1B4F90E10304600F01DF828B1B4
:10B66000A38923F0030343F00103A381A3891D43AE
:10B67000A581CFE738B5074D00230446084611469B
:10B680002B60F6F7F9FD431C02D12B6803B1236050
:10B6900038BD00BF0427002038B5064D00230446FE
:10B6A00008462B60F6F7F8FD431C02D12B6803B166
:10B6B000236038BD04270020F8B500BFF8BC08BCE3
:10B6C0009E467047F8B500BFF8BC08BC9E46704760
:10B6D000252E36662C25632C252E36662C25632CCC
:10B6E000252E32660A0000004C6F676765643A20B9
:10B6F0002573000024475047474100002447504726
:10B7000047412C25662C25662C25632C25662C2587
:10B7100063000000244750474C4C0000244750472A
:10B720004C4C2C25662C25632C25662C25632C255A
:10B7300066000000244750524D43000024475052F9
:10B740004D432C25662C25632C25662C25632C2542
:10B75000662C2563000000002530325800000000F0
:10B7600024474E47474100002C0000004C6174699B
:10B77000747564653A2025732025732C204C6F6EF8
:10B780006769747564653A2025732025730A000083
:10B79000496E76616C6964204E4D45413A202573AF
:10B7A0000D0A00005344204361726420496E69749D
:10B7B00069616C697A6174696F6E0A00000000004B
:10B7C0004E6F205344204361726420666F756E642F
:10B7D000203A20282569290D0A00000053442043FF
:10B7E000617264204D6F756E746564205375636378
:10B7F00065737366756C6C792121210D0A00000058
:10B80000546F74616C5370616365203A20256C75C8
:10B810002062797465732C2046726565537061638C
:10B8200065203D20256C752062797465730A0000DF
:10B830004C6F67732E7478740000000046696C6565
:10B84000206372656174696F6E2F6F70656E20453D
:10B8500072726F72203A20282569290D0A000000B3
:10B8600057726974696E6720646174612121210DCA
:10B870000A0000002A2A2A2A2A2A2A2A4750532064
:10B880006D6F64756C6520446174612A2A2A2A2AC6
:10B890002A2A2A2A2A2A2A2A2A0A000046696C65A4
:10B8A000206F70656E696E67204572726F72203A04
:10B8B00020282569290D0A005265616420446174BD
:10B8C00061203A2025730A00436C6F73696E67200C
:10B8D00046696C652121210D0A00000053656E73D5
:10B8E0006F725F64617461203A2025730A00000062
:10B8F00077726974696E67206C6F6720696E746F08
:10B9000020534420636172642025730046696C658E
:10B91000206F70656E206572726F723A2025640A1E
:10B92000000000005344204361726420556E6D6F27
:10B93000756E746564205375636365737366756CA7
:10B940006C792121210D0A00222A3A3C3E3F7C7F5E
:10B95000000000002B2C3B3D5B5D0000EBFE904D9A
:10B9600053444F53352E30004E4F204E414D45200D
:10B970002020204641543332202020004E4F204EBC
:10B98000414D4520202020464154202020202000E9
:10B9900016BF000819BF00081CBF00080000000007
:10B9A000000000000102030406070809000000006F
:10B9B00001020304A0860100400D0300801A060066
:10B9C00000350C0040420F0080841E0000093D003D
:10B9D00000127A000024F40000366E010048E801ED
:10B9E000006CDC02435545414141414345454549D1
:10B9F000494941414592924F4F4F5555594F554FE7
:10BA00009C4F9E9F41494F55A5A5A6A7A8A9AAABA3
:10BA1000ACADAEAFB0B1B2B3B4414141B8B9BABB4D
:10BA2000BCBDBEBFC0C1C2C3C4C54141C8C9CACBE9
:10BA3000CCCDCECFD1D145454549494949D9DADBAD
:10BA4000DCDD49DF4FE14F4F4F4FE6E8E8555555F4
:10BA50005959EEEFF0F1F2F3F4F5F6F7F8F9FAFBD5
:10BA6000FCFDFEFF01030507090E10121416181C39
:10BA70001E000000C700FC00E900E200E400E00056
:10BA8000E500E700EA00EB00E800EF00EE00EC0064
:10BA9000C400C500C900E600C600F400F600F200CC
:10BAA000FB00F900FF00D600DC00F800A300D8007E
:10BAB000D7009201E100ED00F300FA00F100D1009F
:10BAC000AA00BA00BF00AE00AC00BD00BC00A100DF
:10BAD000AB00BB0091259225932502252425C100AA
:10BAE000C200C000A9006325512557255D25A2008D
:10BAF000A5001025142534252C251C2500253C25C2
:10BB0000E300C3005A255425692566256025502584
:10BB10006C25A400F000D000CA00CB00C8003101A1
:10BB2000CD00CE00CF0018250C2588258425A60041
:10BB3000CC008025D300DF00D400D200F500D50072
:10BB4000B500FE00DE00DA00DB00D900FD00DD00FC
:10BB5000AF00B400AD00B1001720BE00B600A700D2
:10BB6000F700B800B000A800B700B900B300B200F9
:10BB7000A025A00061001A03E0001703F8000703E6
:10BB8000FF00010078010001300132010601390196
:10BB900010014A012E017901060180014D00430286
:10BBA000810182018201840184018601870187016C
:10BBB00089018A018B018B018D018E018F0190011A
:10BBC0009101910193019401F60196019701980169
:10BBD00098013D029B019C019D0120029F01A00153
:10BBE000A001A201A201A401A401A601A701A7012D
:10BBF000A901AA01AB01AC01AC01AE01AF01AF01DB
:10BC0000B101B201B301B301B501B501B701B8018A
:10BC1000B801BA01BB01BC01BC01BE01F701C00102
:10BC2000C101C201C301C401C501C401C701C801EA
:10BC3000C701CA01CB01CA01CD011001DD0101001C
:10BC40008E01DE011201F3010300F101F401F401A0
:10BC5000F8012801220212013A020900652C3B0278
:10BC60003B023D02662C3F02400241024102460275
:10BC70000A015302400081018601550289018A01AF
:10BC800058028F015A0290015C025D025E025F025F
:10BC90009301610262029401640265026602670216
:10BCA000970196016A02622C6C026D026E029C0181
:10BCB000700271029D01730274029F017602770285
:10BCC000780279027A027B027C02642C7E027F0277
:10BCD000A60181028202A9018402850286028702EE
:10BCE000AE014402B101B20145028D028E028F0203
:10BCF00090029102B7017B030300FD03FE03FF03E3
:10BD0000AC0304008603880389038A03B10311038B
:10BD1000C2030200A303A303C4030803CC0303006C
:10BD20008C038E038F03D8031801F2030A00F90372
:10BD3000F303F403F503F603F703F703F903FA0338
:10BD4000FA033004200350041007600422018A041F
:10BD50003601C1040E01CF040100C004D004440127
:10BD600061052604000000007D1D0100632C001EFB
:10BD70009601A01E5A01001F0806101F0606201F6C
:10BD80000806301F0806401F0606511F0700591FEE
:10BD9000521F5B1F541F5D1F561F5F1F601F080649
:10BDA000701F0E00BA1FBB1FC81FC91FCA1FCB1FA1
:10BDB000DA1FDB1FF81FF91FEA1FEB1FFA1FFB1F1B
:10BDC000801F0806901F0806A01F0806B01F040069
:10BDD000B81FB91FB21FBC1FCC1F0100C31FD01F4B
:10BDE0000206E01F0206E51F0100EC1FF21F010022
:10BDF000FC1F4E210100322170211002842101001C
:10BE00008321D0241A05302C2F04602C0201672CCA
:10BE10000601752C0201802C6401002D260841FFCB
:10BE20001A0300005245454E54206D616C6C6F63DF
:10BE300020737563636565646564002F6275696C62
:10BE4000642F676E752D746F6F6C732D666F722D16
:10BE500073746D33325F31332E332E72656C312E35
:10BE600032303234303932362D313731352F73722A
:10BE7000632F6E65776C69622F6E65776C69622FD0
:10BE80006C6962632F737472696E672F7374727456
:10BE90006F6B2E63002C2066756E6374696F6E3A4B
:10BEA0002000617373657274696F6E20222573229E
:10BEB000206661696C65643A2066696C652022259C
:10BEC00073222C206C696E65202564257325730A06
:10BED00000232D302B2000686C4C006566674546BA
:10BEE00047003031323334353637383941424344F4
:10BEF0004546003031323334353637383961626384
:10BF000064656600412D46612D6638393031323323
:10BF1000343536375D002B2D003030007858000066
:10BF200020202020202020202028282828282020E9
:10BF30002020202020202020202020202020202001
:10BF40008810101010101010101010101010101079
:10BF50000404040404040404040410101010101059
:10BF60001041414141414101010101010101010132
:10BF70000101010101010101010101101010101066
:10BF80001042424242424202020202020202020203
:10BF9000020202020202020202020210101010202B
:10BFA0000000000000000000000000000000000091
:10BFB0000000000000000000000000000000000081
:10BFC0000000000000000000000000000000000071
:10BFD0000000000000000000000000000000000061
:10BFE0000000000000000000000000000000000051
:10BFF0000000000000000000000000000000000041
:10C000000000000000000000000000000000000030
:10C010000000000000000000000000000000000020
:08C02000B041FF7F01000000A8
:04C02800B501000856
:04C02C009101000876
:10C030000100000000093D001000000001000000A8
:10C04000FD63000819640008356400085B6400089B
:10C05000816400080000000003000000C8250020E3
:10C060003400002000000000C825002030260020F9
:10C0700098260020000000000000000000000000E2
:10C0800000000000000000000000000000000000B0
:10C0900000000000000000000000000000000000A0
:10C0A0000000000000000000000000000000000090
:040000050800235973
:00000001FF
