S016000031335F4750535F53445F636172642E7372656372
S315080000000080012059230008052100080D21000859
S31508000010152100081D210008252100080000000000
S315080000200000000000000000000000002D2100086C
S315080000303B2100080000000049210008592100085A
S31508000040A9230008A9230008A9230008A923000852
S31508000050A9230008A9230008A9230008A923000842
S31508000060A9230008A9230008A9230008A923000832
S31508000070A9230008A9230008A9230008A923000822
S31508000080A9230008A9230008A9230008A923000812
S31508000090A9230008A9230008A9230008A923000802
S315080000A0A9230008A9230008A9230008A9230008F2
S315080000B0A9230008A9230008A9230008A9230008E2
S315080000C0A9230008A9230008A9230008A9230008D2
S315080000D0A9230008A9230008A923000895210008D8
S315080000E0A9230008A9230008A9230008A9230008B2
S315080000F0A9230008A9230008A9230008A9230008A2
S31508000100A9230008A9230008A9230008A923000891
S31508000110A9230008A9230008A9230008A923000881
S31508000120A9230008A9230008A9230008A923000871
S31508000130A9230008A9230008A9230008A923000861
S31508000140A9230008A9230008A9230008A923000851
S31508000150A9230008A9230008A9230008A923000841
S31508000160A9230008A9230008A9230008A923000831
S31508000170A9230008A9230008A923000800000000F5
S30D08000180A9230008A9230008C1
S3150800019010B5054C237833B9044B13B10448AFF3B3
S315080001A000800123237010BD80000020000000009D
S315080001B0B8B6000808B5034B1BB103490348AFF3AB
S315080001C0008008BD0000000084000020B8B60008C2
S315080001D0034613F8012B002AFBD1181A0138704779
S315080001E001F0FF01102A2BDB10F0070F08D010F8DA
S315080001F0013B013A8B422DD010F0070F42B3F6D1DE
S31508000200F0B441EA012141EA014122F007047FF0F6
S3150800021000070023F0E80256083C85EA010586EA4D
S31508000220010685FA47F5A3FA87F586FA47F6A5FA89
S3150800023087F68EB9EED1F0BC01F0FF0102F0070295
S3150800024032B110F8013B013A83EA010313B1F8D140
S315080002500020704701387047002D06BF3546033821
S31508000260073815F0010F07D1013015F4807F02BF5A
S31508000270013015F4C03F0130F0BC0138704700BFAB
S3150800028070B54FF0FF0C4CF4E06C1CEA11541DBF1E
S315080002901CEA135594EA0C0F95EA0C0F00F0DEF8E9
S315080002A02C4481EA030621EA4C5123EA4C5350EACE
S315080002B0013518BF52EA033541F4801143F480131F
S315080002C038D0A0FB02CE4FF00005E1FB02E506F0B0
S315080002D00042E0FB03E54FF00006E1FB03569CF005
S315080002E0000F18BF4EF0010EA4F1FF04B6F5007F0B
S315080002F064F5407404D25FEA4E0E6D4146EB06067D
S3150800030042EAC62141EA55514FEAC52040EA5E5005
S315080003104FEACE2EB4F1FD0C88BFBCF5E06F1ED8AF
S31508000320BEF1004F08BF5FEA500E50F1000041EBE6
S31508000330045170BD06F0004646EA010140EA020093
S3150800034081EA0301B4EB5C04C2BFD4EB0C0541EAB5
S31508000350045170BD41F480114FF0000E013C00F3CA
S31508000360AB8014F1360FDEBF002001F0004170BDEE
S31508000370C4F10004203C35DA0C341BDC04F1140407
S31508000380C4F1200500FA05F320FA04F001FA05F293
S3150800039040EA020001F0004221F0004110EBD37060
S315080003A021FA04F642EB06015EEA430E08BF20EA8C
S315080003B0D37070BDC4F10C04C4F1200500FA04F32F
S315080003C020FA05F001FA04F240EA020001F00041C1
S315080003D010EBD37041F100015EEA430E08BF20EA34
S315080003E0D37070BDC4F1200500FA05F24EEA020E7C
S315080003F020FA04F301FA05F243EA020321FA04F0AB
S3150800040001F0004121FA04F220EA020000EBD37061
S315080004105EEA430E08BF20EAD37070BD94F0000F61
S315080004200FD101F00046400041EB010111F4801F95
S3150800043008BF013CF7D041EA060195F0000F18BF46
S31508000440704703F00046520043EB030313F4801F82
S3150800045008BF013DF7D043EA0603704794EA0C0F3C
S315080004600CEA135518BF95EA0C0F0CD050EA410652
S3150800047018BF52EA4306D1D181EA030101F00041CF
S315080004804FF0000070BD50EA410606BF10461946F7
S3150800049052EA430619D094EA0C0F02D150EA013603
S315080004A013D195EA0C0F05D152EA03361CBF104644
S315080004B019460AD181EA030101F0004141F0FE41E3
S315080004C041F470014FF0000070BD41F0FE4141F467
S315080004D0780170BD81F0004102E000BF83F000435F
S315080004E030B54FEA41044FEA430594EA050F08BFC1
S315080004F090EA020F1FBF54EA000C55EA020C7FEA85
S31508000500645C7FEA655C00F0E2804FEA5454D4EB01
S315080005105555B8BF6D420CDD2C4480EA020281EACB
S31508000520030382EA000083EA010180EA020281EA03
S315080005300303362D88BF30BD11F0004F4FEA013155
S315080005404FF4801C4CEA113102D0404261EB410164
S3150800055013F0004F4FEA03334CEA133302D05242EA
S3150800056063EB430394EA050F00F0A780A4F10104A6
S31508000570D5F1200E0DDB02FA0EFC22FA05F28018E0
S3150800058041F1000103FA0EF2801843FA05F35941C6
S315080005900EE0A5F120050EF1200E012A03FA0EFC45
S315080005A028BF4CF0020C43FA05F3C01851EBE3716F
S315080005B001F0004507D54FF0000EDCF1000C7EEB8C
S315080005C000006EEB0101B1F5801F1BD3B1F5001FCA
S315080005D00CD349085FEA30004FEA3C0C04F10104E9
S315080005E04FEA445212F5800F80F09A80BCF1004F12
S315080005F008BF5FEA500C50F1000041EB045141EA94
S31508000600050130BD5FEA4C0C404141EB0101013C5C
S3150800061028BFB1F5801FE9D291F0000F04BF01464B
S315080006200020B1FA81F308BF2033A3F10B03B3F11D
S3150800063020020CDA0C3208DD02F1140CC2F10C02AD
S3150800064001FA0CF021FA02F10CE002F11402D8BF0B
S31508000650C2F1200C01FA02F120FA0CFCDCBF41EAD7
S315080006600C019040E41AA2BF01EB0451294330BDA6
S315080006706FEA04041F3C1CDA0C340EDC04F1140483
S31508000680C4F1200220FA04F001FA02F340EA03005A
S3150800069021FA04F345EA030130BDC4F10C04C4F1A0
S315080006A0200220FA02F001FA04F340EA0300294680
S315080006B030BD21FA04F0294630BD94F0000F83F4CA
S315080006C0801306BF81F480110134013D4EE77FEAAD
S315080006D0645C18BF7FEA655C29D094EA050F08BFF9
S315080006E090EA020F05D054EA000C04BF19461046DA
S315080006F030BD91EA030F1EBF0021002030BD5FEA1E
S31508000700545C05D14000494128BF41F0004130BD45
S3150800071014F580043CBF01F5801130BD01F0004599
S3150800072045F0FE4141F470014FF0000030BD7FEA0C
S31508000730645C1ABF194610467FEA655C1CBF0B4607
S31508000740024650EA013406BF52EA033591EA030F1E
S3150800075041F4002130BD00BF90F0000F04BF002116
S31508000760704730B54FF4806404F132044FF0000549
S315080007704FF0000150E700BF90F0000F04BF0021C2
S31508000780704730B54FF4806404F1320410F0004528
S3150800079048BF40424FF000013EE700BF42004FEA23
S315080007A0E2014FEA31014FEA02701FBF12F07F43A0
S315080007B093F07F4F81F06051704732F07F4208BF57
S315080007C0704793F07F4F04BF41F40021704730B55E
S315080007D04FF4607401F0004521F000411CE700BFAA
S315080007E050EA010208BF704730B54FF000050AE02D
S315080007F050EA010208BF704730B511F0004502D52E
S31508000800404261EB41014FF4806404F132045FEA2F
S31508000810915C3FF4D8AE4FF003025FEADC0C18BFD8
S3150800082003325FEADC0C18BF033202EBDC02C2F1CA
S31508000830200300FA03FC20FA02F001FA03FE40EA5C
S315080008400E0021FA02F11444BDE600BF4A0011D297
S3150800085012F5001211D20DD56FF47873B3EB62520C
S315080008600ED44FEAC12343F0004343EA505323FA18
S3150800087002F070474FF00000704750EA013002D18D
S315080008804FF0FF3070474FF00000704753B94AB930
S31508000890002908BF00281CBF4FF0FF314FF0FF307A
S315080008A000F088B9ADF1080C6DE904CE00F006F841
S315080008B0DDF804E0DDE9022304B070472DE9F047CE
S315080008C0089D8E4604468846002B4AD18A4217461A
S315080008D062D9B2FA82F64EB1C6F1200301FA06F8D9
S315080008E020FA03F3B74043EA0808B4404FEA174E24
S315080008F01FFA87FCB8FBFEF1230C0EFB118843EAAE
S31508000900084301FB0CF29A4209D9FB1801F1FF30A2
S3150800091080F0EA809A4240F2E78002393B449A1A0C
S31508000920A3B2B2FBFEF00EFB102243EA024300FB21
S315080009300CFC9C4509D9FB1800F1FF3280F0D680E3
S315080009409C4540F2D3803B44023840EA0140A3EB81
S315080009500C0300211DB1F3400022C5E90032BDE8B1
S31508000960F0878B4205D90DB1C5E90001002108467B
S31508000970F5E7B3FA83F1002946D1734502D38242DB
S3150800098000F20581841A6EEB030201209046002DC1
S31508000990E5D0C5E90048E2E7002A00F09080B2FAFF
S315080009A082F6002E40F0A4808A1A030C4FEA174EEE
S315080009B080B2BCB20121B2FBFEFC0EFB1C2243EA4C
S315080009C0024304FB0CF29A4207D9FB180CF1FF38D4
S315080009D002D29A4200F2E080C4469B1AB3FBFEF2AA
S315080009E00EFB123340EA034302FB04F49C4207D988
S315080009F0FB1802F1FF3002D29C4200F2CA8002467E
S31508000A001B1B42EA0C40A5E7C1F120068B4022FADF
S31508000A1006F71F430EFA01F420FA06F32EFA06FE2D
S31508000A204FEA1749234300FA01F81FFA87FCBEFB71
S31508000A30F9F01C0C09FB10EE44EA0E4400FB0CFE10
S31508000A40A64502FA01F209D93C1900F1FF3A80F0ED
S31508000A509C80A64540F2998002383C44A4EB0E04DB
S31508000A601FFA83FEB4FBF9F309FB13444EEA044468
S31508000A7003FB0CFCA44508D93C1903F1FF3E80F0A2
S31508000A808280A4457FD9023B3C4443EA0040A4EB5C
S31508000A900C04A0FB02EC64457346E14662D35FD0C2
S31508000AA05DB1B8EB030264EB090404FA06F622FA10
S31508000AB001F31E43CC40C5E9006400214FE7B1FBB2
S31508000AC0F2FC010C41EA0E4180B240EA01423B4683
S31508000AD038463C46B846BE462026B1FBF7F1A2EB9F
S31508000AE0080241EA0C4166E7014618E710462CE77A
S31508000AF0C6F120022EFA02F3B740B14020FA02F2FC
S31508000B004FEA174E0A43B3FBFEF8BCB20EFB183386
S31508000B10110C41EA034108FB04F9B04089454FEA44
S31508000B20104380B23ED9791808F1FF3C01D28945B5
S31508000B301FD8A1EB0901B1FBFEF909FB04F80EFB6E
S31508000B40191192B242EA0142424529D2BA1809F16C
S31508000B50FF31C4D24245C2D2A9F102013A44BEE7E6
S31508000B60F0459DD2BEEB02036CEB070C0138E1465B
S31508000B7096E7A7EB09094944A8F1020CB1FBFEF96F
S31508000B8009FB04F8DBE773467FE7504666E7084645
S31508000B90FDE63B44023A33E7ACF1020C3B441CE762
S31508000BA049469CE7A1EB0901C446B1FBFEF909FBDE
S31508000BB004F8C4E7704700BF80B500AF00220221E1
S31508000BC0034801F0CDFF012001F06CFC00BF80BD99
S31508000BD00008004880B500AF01220221034801F051
S31508000BE0BFFF012001F05EFC00BF80BD0008004881
S31508000BF080B582B000AF0346FB7100BF084B1B6887
S31508000C009B6803F00203022BF8D1F91D6423012225
S31508000C10034803F080FB00BF0837BD4680BD00BF10
S31508000C20A400002080B582B000AF78600B467B80B8
S31508000C3000BF084B1B689B6803F00203022BF8D120
S31508000C407A8864237968034803F065FB00BF083790
S31508000C50BD4680BDA400002080B584B002AFFF2346
S31508000C60FB7100BF094B1B689B6803F00203022B4C
S31508000C70F8D1BA1DF91D642300930123034803F034
S31508000C80C0FCBB7918460837BD4680BDA4000020C5
S31508000C9080B582B000AF7860FFF7DEFF03461A46DC
S31508000CA07B681A7000BF0837BD4680BD80B582B024
S31508000CB000AF0A4B4FF4FA721A80FFF7CDFF0346CE
S31508000CC0FB71FB79FF2B03D0044B1B88002BF4D157
S31508000CD0FB7918460837BD4680BD00BF9E00002038
S31508000CE080B584B000AF41F6FF73FB60FFF772FF73
S31508000CF00023BB6005E0FF20FFF77AFFBB680133DE
S31508000D00BB60BB68092BF6DDFFF756FF40233B7037
S31508000D1000237B700023BB700023FB7000233B710C
S31508000D2095237B713B4606211846FFF77BFF02E0B9
S31508000D30FB68013BFB60FFF78FFF0346012B02D0E0
S31508000D40FB68002BF4D1FFF745FFFF20FFF750FFA4
S31508000D50034B01221A7000BF1037BD4680BD00BF85
S31508000D60A100002080B400AF034B00221A7000BF18
S31508000D70BD465DF8047B7047A100002080B400AF33
S31508000D80034B1B781846BD465DF8047B704700BFC9
S31508000D90A100002080B584B000AF78603960134B9D
S31508000DA0C8221A80FFF758FF0346FB73FB7BFF2B0D
S31508000DB003D10E4B1B88002BF4D1FB7BFE2B01D0F5
S31508000DC000230FE07B685A1C7A601846FFF760FF1D
S31508000DD03B685A1E3A60002BF4D1FFF73DFFFFF738
S31508000DE03BFF012318461037BD4680BD9C000020F6
S31508000DF080B584B000AF78600B46FB700023BB73E8
S31508000E00FFF754FF0346FF2B01D000232FE0FB78A2
S31508000E101846FFF7EDFEFB78FD2B20D04FF4007146
S31508000E207868FFF7FFFEFFF717FFFFF715FF0BE0E0
S31508000E30FFF712FF0346FB73FB7B03F01F03052B2B
S31508000E4006D0BB7B0133BB73BB7B402BF0D900E0DC
S31508000E5000BF00BFFFF700FF0346002BFAD0FB7B5D
S31508000E6003F01F03052B01D1012300E000231846D8
S31508000E701037BD4680BD80B584B000AF03463960E3
S31508000E80FB71FFF713FF0346FF2B01D0FF2342E058
S31508000E90FB791846FFF7ACFE3B681B0EDBB218461B
S31508000EA0FFF7A6FE3B681B0CDBB21846FFF7A0FE51
S31508000EB03B681B0ADBB21846FFF79AFE3B68DBB2B3
S31508000EC01846FFF795FEFB79402B02D19523FB7355
S31508000ED007E0FB79482B02D18723FB7301E0012346
S31508000EE0FB73FB7B1846FFF783FEFB794C2B01D17E
S31508000EF0FFF7B2FE0A23BB73FFF7AEFE03467B730A
S31508000F0097F90D30002B05DABB7B013BBB73BB7B26
S31508000F10002BF1D17B7B18461037BD4680BD0000FB
S31508000F2090B585B000AF0346FB71FB79002B01D065
S31508000F300123D1E06A4B1B78DBB203F00203002BD6
S31508000F4003D0674B1B78DBB2C6E0FFF7C9FEFFF795
S31508000F5033FE0023BB7300214020FFF78CFF0346B6
S31508000F60012B40F0A1805F4B4FF47A721A804FF440
S31508000F70D5714820FFF77FFF0346012B55D1002383
S31508000F80FB730CE0FC7BFFF767FE03461A4604F189
S31508000F9010033B4403F8082CFB7B0133FB73FB7BF4
S31508000FA0032BEFD9BB7A012B7ED1FB7AAA2B7BD1F7
S31508000FB000217720FFF75FFF0346012B07D84FF084
S31508000FC080416920FFF757FF0346002B04D0454BA5
S31508000FD01B88002BECD100E000BF424B1B88002B7E
S31508000FE062D000217A20FFF746FF0346002B5BD12B
S31508000FF00023FB730CE0FC7BFFF72EFE03461A4624
S3150800100004F110033B4403F8082CFB7B0133FB7304
S31508001010FB7B032BEFD93B7A03F04003002B01D06F
S315080010200C2300E00423BB733EE000217720FFF782
S3150800103022FF0346012B08D800216920FFF71BFF72
S315080010400346012B01D8022300E00123BB73BB7BB7
S31508001050022B0ED100217720FFF70DFF0346012B47
S315080010600ED800216920FFF706FF0346002B07D19B
S315080010700CE000214120FFF7FEFE0346002B04D0BA
S31508001080184B1B88002BE2D100E000BF154B1B88CC
S31508001090002B07D04FF400715020FFF7ECFE0346F3
S315080010A0002B01D00023BB730F4ABB7B1370FFF7DD
S315080010B091FDFFF7D1FDBB7B002B08D0084B1B78B1
S315080010C0DBB223F00103DAB2054B1A7001E0FFF731
S315080010D049FE034B1B78DBB218461437BD4690BD54
S315080010E0000000209C000020A000002080B483B0EF
S315080010F000AF0346FB71FB79002B01D0012302E008
S31508001100044B1B78DBB218460C37BD465DF8047BEA
S31508001110704700BF0000002080B584B000AFB960FA
S315080011207A603B600346FB73FB7B002B02D13B686E
S31508001130002B01D1042351E02A4B1B78DBB203F0C4
S315080011400103002B01D0032348E0274B1B7803F04B
S315080011500403002B02D17B685B027B60FFF72CFD42
S315080011603B68012B11D179685120FFF784FE0346AD
S31508001170002B29D14FF40071B868FFF70BFE034620
S31508001180002B21D000233B601EE079685220FFF730
S3150800119072FE0346002B17D14FF40071B868FFF7AB
S315080011A0F9FD0346002B0AD0BB6803F50073BB6044
S315080011B03B68013B3B603B68002BEDD100E000BF7C
S315080011C000214C20FFF757FEFFF704FDFFF744FD0B
S315080011D03B68002B14BF01230023DBB218461037E7
S315080011E0BD4680BD00000020A000002080B584B068
S315080011F000AFB9607A603B600346FB73FB7B002B4C
S3150800120002D13B68002B01D104236BE0374B1B78D6
S31508001210DBB203F00103002B01D0032362E0334B5A
S315080012201B78DBB203F00403002B01D0022359E03C
S315080012302F4B1B7803F00403002B02D17B685B025B
S315080012407B60FFF7B9FC3B68012B10D17968582001
S31508001250FFF711FE0346002B3AD1FE21B868FFF7C7
S31508001260C7FD0346002B33D000233B6030E0204BFC
S315080012701B7803F00203002B07D000217720FFF725
S31508001280FAFD39685720FFF7F6FD79685920FFF708
S31508001290F2FD0346002B1BD1FC21B868FFF7A8FD19
S315080012A00346002B0AD0BB6803F50073BB603B6896
S315080012B0013B3B603B68002BEED100E000BFFD21FF
S315080012C00020FFF795FD0346002B01D101233B6063
S315080012D0FFF780FCFFF7C0FC3B68002B14BF012317
S315080012E00023DBB218461037BD4680BD000000203B
S315080012F0A000002090B58BB000AF03463A60FB71A2
S315080013000B46BB713B683B62FB79002B01D004237B
S3150800131013E1012387F82730BB79052B24D13B6AD3
S315080013201B78022B12D0022B1ADC002B02D0012BC1
S3150800133006D015E0FFF716FD002387F82730FAE0F8
S31508001340FFF7CEFC002387F82730F4E03B6A5C1CE5
S31508001350FFF714FD03462370002387F82730EAE0D9
S31508001360042387F82730E6E0764B1B78DBB203F0D8
S315080013700103002B01D00323DFE0FFF71DFCBB7937
S315080013800D2B00F2C98001A252F823F0831400083D
S31508001390C513000873140008191500081915000864
S315080013A01915000819150008191500081915000857
S315080013B0191500081915000895140008B91400082D
S315080013C0DD14000800214920FFF755FD0346002BD0
S315080013D040F0A68007F10C0310211846FFF7DAFC47
S315080013E00346002B00F09C803B7B9B09DBB2012B5C
S315080013F00DD17B7D1A463B7D1B029BB213449BB2E3
S315080014000133FB83FB8B9A023B681A602DE07B7CD9
S3150800141003F00F03DAB2BB7DDB09DBB21344DAB2A1
S315080014207B7D5B00DBB203F00603DBB21344DBB261
S31508001430023387F826303B7D9B09DBB21A46FB7CD4
S315080014409B009BB213449AB2BB7C9B029BB203F4EB
S3150800145040639BB213449BB20133FB83FA8B97F824
S315080014602630093B9A403B681A60002387F82730E4
S3150800147056E03B684FF400721A80002387F827303D
S3150800148055E0FFF713FC0346FF2B4BD1002387F8E3
S31508001490273047E000214920FFF7EDFC0346002BE3
S315080014A042D11021386AFFF775FC0346002B3BD062
S315080014B0002387F8273037E000214A20FFF7DBFCB6
S315080014C00346002B32D11021386AFFF763FC034626
S315080014D0002B2BD0002387F8273027E000217A201D
S315080014E0FFF7C9FC0346002B16D1002387F82630E0
S315080014F00BE03C6A631C3B62FFF7AEFB03462370B6
S3150800150097F82630013387F8263097F82630032BCC
S31508001510EFD9002387F82730042387F8273006E019
S3150800152000BF04E000BF02E000BF00E000BFFFF715
S3150800153051FBFFF791FB97F8273018462C37BD4625
S3150800154090BD00BF0000002080B483B000AF786073
S315080015504FF06043D3F8803E03F00103002B13D00D
S315080015604FF06043D3F8003E03F00103002B0BD085
S3150800157000E000BF4FF060431B68002BF9D04FF026
S3150800158060437A68D2B21A707B6818460C37BD4633
S315080015905DF8047B70470FB480B5C2B000AF07F59D
S315080015A08A7207F58473A3F584731A6007F5847342
S315080015B0A3F58473381D1B68D7F810214FF4807182
S315080015C008F028FB0023A7F806310EE0B7F8063125
S315080015D007F58472A2F58272D35C1846FFF7B4FF4A
S315080015E0B7F806310133A7F80631B7F8063107F51B
S315080015F08472A2F58272D35C002BE7D100BF00BFCC
S3150800160007F58477BD46BDE8804004B07047000002
S3150800161080B487B000AF87ED010A97ED017ADFED58
S315080016201A6AC7EE267AFDEEE77A17EE903A7B61DC
S315080016307B69642202FB03F307EE903AF8EEE77A39
S3150800164097ED017A77EE677AC7ED047A97ED047A13
S31508001650DFED0E6AC7EE267AC7ED037A7B6907EED9
S31508001660903AF8EEE77A97ED037A77EE277AC7EDA0
S31508001670027ABB6807EE903AB0EE670A1C37BD4699
S315080016805DF8047B704700BF0000C8420000704246
S3150800169080B586B004AF786006224549786808F0B8
S315080016A0CFFA0346002B24D1424B0293424B0193B7
S315080016B0424B0093424B434A4349786808F00AFA7A
S315080016C03F4BD3ED007AB0EE670AFFF7A1FFF0EEC5
S315080016D0407A3E4BC3ED007A374BD3ED007AB0EE35
S315080016E0670AFFF795FFF0EE407A394BC3ED007AAB
S315080016F05AE006223749786808F0A2FA0346002B12
S3150800170024D1304B02932B4B01932B4B00932B4B3D
S315080017102B4A3149786808F0DDF9294BD3ED007A70
S31508001720B0EE670AFFF774FFF0EE407A274BC3ED79
S31508001730007A214BD3ED007AB0EE670AFFF768FF0F
S31508001740F0EE407A224BC3ED007A2DE006222349BB
S31508001750786808F075FA0346002B25D1154B0393D4
S31508001760154B0293154B0193154B00931C4B154AC9
S315080017701C49786808F0AEF9114BD3ED007AB0EE43
S31508001780670AFFF745FFF0EE407A104BC3ED007A83
S31508001790094BD3ED007AB0EE670AFFF739FFF0EE92
S315080017A0407A0B4BC3ED007A00BF0837BD4680BDB3
S315080017B0F4B60008792300206C2300207823002043
S315080017C07023002074230020FCB600088023002024
S315080017D07C23002014B700081CB7000834B700089B
S315080017E07A2300203CB7000880B586B000AF786041
S315080017F000237B6100233B617B697A6813441B786D
S31508001800242B03D17B6901337B610CE0002347E07D
S315080018107B697A6813441B781A463B6953403B61D7
S315080018207B6901337B617B697A6813441B78002BDB
S3150800183008D07B697A6813441B782A2B02D07B6907
S315080018404A2BE5DD7B694A2B01DD002328E07B690D
S315080018507A6813441B782A2B19D17B6901337A6875
S3150800186013441B783B737B6902337A6813441B78ED
S315080018707B730023BB7307F108033A690A491846C4
S3150800188008F006F93A7A3B7B9A4208D101E0002330
S3150800189006E07A7A7B7B9A4201D1012300E0002395
S315080018A018461837BD4680BD58B7000880B5BCB085
S315080018B002AF786006222949786808F0C1F903461C
S315080018C0002B47D107F10C037968184608F099FAF6
S315080018D007F10C032249184608F0C4F9C7F8E400D2
S315080018E01F49002008F0BEF9C7F8E4001C4900208B
S315080018F008F0B8F9C7F8E0001949002008F0B2F96D
S31508001900C7F8DC001649002008F0ACF9C7F8D8007B
S315080019101349002008F0A6F9C7F8D400D7F8E03034
S31508001920002B17D0D7F8DC30002B13D0D7F8D830D7
S31508001930002B0FD0D7F8D430002B0BD0D7F8D430E3
S315080019400093D7F8D830D7F8DC20D7F8E010054848
S31508001950FFF721FE00BFE837BD4680BD60B7000827
S3150800196068B700086CB7000880B582B000AF786029
S315080019707B681B68204A93423AD1204B1B780A2B76
S315080019800FD01F4B1B787E2B0BD81D4B1B785A1C70
S31508001990D1B21B4A11701A46184B1978194B99542B
S315080019A021E0174B1B781A46164B00219954154807
S315080019B0FFF71AFF0346002B09D01248FFF768FE07
S315080019C01048FFF773FF0F4800F032FA03E00D499D
S315080019D00D48FFF7E0FD0A4B00221A70802200210D
S315080019E0084808F025F901220449084803F0DAF9FD
S315080019F000BF0837BD4680BD004800406923002067
S31508001A0068230020E822002090B7000890010020F3
S31508001A1080B500AF00F0CAFC00F01CF800F00AF927
S31508001A2000F06AF804F0D0FC00F0A4F800F0D2F850
S31508001A3001220549054803F0B5F90548FFF7ABFD4E
S31508001A4000F042F900BFFDE769230020900100205D
S31508001A50A4B7000880B596B000AF07F11403442276
S31508001A600021184608F0E4F83B4600221A605A603E
S31508001A709A60DA601A614FF4007001F097F803462D
S31508001A80002B01D000F008FA10237B610123FB62CA
S31508001A9000233B6360237B630223FB6301233B64D0
S31508001AA001237B641423BB640723FB6402233B6581
S31508001AB002237B6507F11403184601F0CDF80346A7
S31508001AC0002B01D000F0E8F90F233B6003237B606D
S31508001AD00023BB600023FB6000233B613B460221D9
S31508001AE0184601F095FC0346002B01D000F0D4F906
S31508001AF000BF5837BD4680BD80B500AF1B4B1C4A9A
S31508001B001A601A4B4FF482725A60184B00229A6078
S31508001B10164B4FF4E062DA60144B00221A61134B3D
S31508001B2000225A61114B4FF400729A610F4B002242
S31508001B30DA610E4B00221A620C4B00225A620B4BDA
S31508001B4000229A62094B0722DA62084B00221A63BE
S31508001B50064B08225A63054802F03AFB0346002B57
S31508001B6001D000F099F900BF80BD00BFA400002095
S31508001B700038004080B500AF144B154A1A60134B65
S31508001B804FF4E1325A60114B00229A600F4B002243
S31508001B90DA600E4B00221A610C4B0C225A610B4B71
S31508001BA000229A61094B0022DA61084B00221A6268
S31508001BB0064B00225A62054803F0A6F80346002B96
S31508001BC001D000F069F900BF80BD00BF0801002000
S31508001BD00044004080B500AF144B154A1A60134BF9
S31508001BE04FF416525A60114B00229A600F4B00228E
S31508001BF0DA600E4B00221A610C4B0C225A610B4B11
S31508001C0000229A61094B0022DA61084B00221A6207
S31508001C10064B00225A62054803F076F80346002B65
S31508001C2001D000F039F900BF80BD00BF9001002047
S31508001C300048004080B588B000AF07F10C030022C9
S31508001C401A605A609A60DA601A611D4BDB6C1C4A8E
S31508001C5043F00403D3641A4BDB6C03F00403BB6044
S31508001C60BB68174BDB6C164A43F00103D364144B6D
S31508001C70DB6C03F001037B607B68114BDB6C104A5D
S31508001C8043F00203D3640E4BDB6C03F002033B60A4
S31508001C903B68002202210B4800F062FF0223FB602A
S31508001CA001233B6100237B610023BB6107F10C0321
S31508001CB01946044800F0AAFD00BF2037BD4680BD7E
S31508001CC0001002400008004880B584B000AF012229
S31508001CD04749484806F0C0FD03461A46464B1A705F
S31508001CE0454B1B78002B05D0434B1B7819464348B8
S31508001CF0FFF751FC4248FFF74EFC3A1D3B46194692
S31508001D003B4807F052FB7B68DB69023B7A685289DD
S31508001D1002FB03F31846FEF71FFD4FF00002394B8E
S31508001D20FEF7AEFA02460B4610461946FEF78EFD3A
S31508001D300346FB607B685B891A463B6802FB03F334
S31508001D401846FEF709FD4FF000022E4BFEF798FAEB
S31508001D5002460B4610461946FEF778FD0346BB6059
S31508001D60BA68F9682848FFF716FC0B22274928485D
S31508001D7006F0B8FD03461A461F4B1A701E4B1B7811
S31508001D80002B05D01C4B1B7819462248FFF703FC8D
S31508001D902148FFF700FC1E49204807F070FC1C4844
S31508001DA007F0D9FA01221949194806F09BFD03469E
S31508001DB01A46114B1A70104B1B78002B05D00E4B88
S31508001DC01B7819461648FFF7E6FB114A64211548A1
S31508001DD007F0A0FB13491448FFF7DDFB0C4807F092
S31508001DE0BAFA1248FFF7D7FB00BF1037BD4680BDC9
S31508001DF0BCB700081802002080220020C0B70008DF
S31508001E00DCB700080000E03F00B8000830B800085A
S31508001E10501200203CB8000860B8000874B80008E2
S31508001E209CB8000884220020B8B80008C8B8000882
S31508001E3080B582B000AF786032221249124806F0A7
S31508001E4051FD03461A46114B1A70104B1B78002B8E
S31508001E500ED179680E48FFF79EFB0B49786807F0A4
S31508001E600EFC094807F0F9F9074807F074FA05E087
S31508001E70064B1B7819460748FFF78DFB00BF083746
S31508001E80BD4680BD30B800085012002080220020D0
S31508001E90F0B800080CB9000880B400AF72B600BFED
S31508001EA000BFFDE780B483B000AF0F4B1B6E0E4A30
S31508001EB043F0010313660C4B1B6E03F001037B60B2
S31508001EC07B68094B9B6D084A43F080539365064B24
S31508001ED09B6D03F080533B603B6800BF0C37BD46E3
S31508001EE05DF8047B704700BF0010024080B58AB0D9
S31508001EF000AF786007F1140300221A605A609A60EE
S31508001F00DA601A617B681B68254A934244D1254BDF
S31508001F109B6D244A43F480439365224B9B6D03F4DF
S31508001F2080433B613B691F4BDB6C1E4A43F004034D
S31508001F30D3641C4BDB6C03F00403FB60FB68194B92
S31508001F40DB6C184A43F00203D364164BDB6C03F0D0
S31508001F500203BB60BB680C237B610223BB610023C1
S31508001F60FB6103233B6205237B6207F114031946D1
S31508001F700D4800F04BFC4FF480637B610223BB6184
S31508001F800023FB6103233B6205237B6207F11403ED
S31508001F901946064800F03AFC00BF2837BD4680BD02
S31508001FA000380040001002400008004800040048BD
S31508001FB080B5AEB000AF786007F1A40300221A60BE
S31508001FC05A609A60DA601A6107F11C0388220021B8
S31508001FD0184607F02DFE7B681B68464A93423CD19B
S31508001FE00223FB610023BB6507F11C03184601F0B9
S31508001FF033FC0346002B01D0FFF74EFF3E4B9B6D8B
S315080020003D4A43F4003393653B4B9B6D03F4003321
S31508002010BB61BB69384BDB6C374A43F00103D364B9
S31508002020354BDB6C03F001037B617B690C23C7F836
S31508002030A4300223C7F8A8300023C7F8AC3003231E
S31508002040C7F8B0300723C7F8B43007F1A403194618
S315080020504FF0904000F0DAFB47E07B681B68274AA0
S31508002060934242D10423FB610023FB6507F11C035D
S31508002070184601F0F1FB0346002B01D0FFF70CFFD1
S315080020801D4B9B6D1C4A43F4802393651A4B9B6D2D
S3150800209003F480233B613B69174BDB6C164A43F01C
S315080020A00403D364144BDB6C03F00403FB60FB6886
S315080020B03023C7F8A4300223C7F8A8300023C7F88E
S315080020C0AC300323C7F8B0300723C7F8B43007F19C
S315080020D0A40319460A4800F099FB0022002127208C
S315080020E000F0DFFA272000F0F8FA00BFB837BD463F
S315080020F080BD00BF00440040001002400048004078
S315080021000008004880B400AF00BFFDE780B400AF08
S3150800211000BFFDE780B400AF00BFFDE780B400AFA5
S3150800212000BFFDE780B400AF00BFFDE780B400AF95
S3150800213000BFBD465DF8047B704780B400AF00BFA2
S31508002140BD465DF8047B704780B400AF00BFBD464E
S315080021505DF8047B7047000080B500AF0B4B1B8809
S31508002160002B05D0094B1B88013B9AB2074B1A80F6
S31508002170074B1B88002B05D0054B1B88013B9AB2E1
S31508002180034B1A8000F06EF900BF80BD9C0000204A
S315080021909E00002080B500AF024802F04FFE00BF47
S315080021A080BD00BF9001002080B400AF012318460F
S315080021B0BD465DF8047B704780B582B000AF786095
S315080021C0396007F0F1FD034616221A604FF0FF3317
S315080021D018460837BD4680BD80B582B000AF786026
S315080021E04FF0FF317868FFF7E7FF00BFFDE780B5DE
S315080021F086B000AFF860B9607A6000237B610AE0B8
S31508002200AFF300800146BB685A1CBA60CAB21A709E
S315080022107B6901337B617A697B689A42F0DB7B686C
S3150800222018461837BD4680BD80B586B000AFF86041
S31508002230B9607A6000237B6109E0BB685A1CBA6002
S315080022401B781846AFF300807B6901337B617A6996
S315080022507B689A42F1DB7B6818461837BD4680BD15
S3150800226080B483B000AF78604FF0FF3318460C3760
S31508002270BD465DF8047B704780B483B000AF7860D4
S3150800228039603B684FF400525A60002318460C37F1
S31508002290BD465DF8047B704780B483B000AF7860B4
S315080022A0012318460C37BD465DF8047B704780B499
S315080022B085B000AFF860B9607A6000231846143715
S315080022C0BD465DF8047B704780B586B000AF786080
S315080022D0144A154BD31A7B617B693B61134B1B6808
S315080022E0002B02D1114B124A1A60104B1A687B68F0
S315080022F013443A699A4207D207F056FD03460C2260
S315080023001A604FF0FF3309E0084B1B68FB60074B68
S315080023101A687B681344054A1360FB681846183721
S31508002320BD4680BD008001200004000084230020F3
S315080023301827002080B400AF064BD3F88830054A2A
S3150800234043F47003C2F8883000BFBD465DF8047BCD
S31508002350704700BF00ED00E0DFF834D0FFF7EAFF72
S315080023600C480D490D4A002302E0D458C4500433E2
S31508002370C4188C42F9D30A4A0A4C002301E01360B8
S315080023800432A242FBD307F015FDFFF741FBFEE737
S3150800239000800120000000208000002030C00008D6
S315080023A08000002014270020FEE7000080B582B0D8
S315080023B000AF0023FB710C4B1B680B4A43F4807378
S315080023C01360032000F062F9002000F00FF80346BE
S315080023D0002B02D00123FB7101E0FFF763FDFB79B7
S315080023E018460837BD4680BD0020024080B584B037
S315080023F000AF78600023FB73174B1B78002B23D0A4
S31508002400164B1A68144B1B7819464FF47A73B3FBAC
S31508002410F1F3B2FBF3F3184600F06DF90346002B0F
S315080024200FD17B680F2B09D8002279684FF0FF304F
S3150800243000F037F90A4A7B68136007E00123FB734B
S3150800244004E00123FB7301E00123FB73FB7B1846C1
S315080024501037BD4680BD00BF0C00002004000020D8
S315080024600800002080B400AF064B1B781A46064BBE
S315080024701B681344044A136000BFBD465DF8047B1D
S31508002480704700BF0C0000208823002080B400AFEE
S31508002490034B1B681846BD465DF8047B704700BFB2
S315080024A08823002080B584B000AF7860FFF7EEFF80
S315080024B0B8607B68FB60FB68B3F1FF3F05D00A4B49
S315080024C01B781A46FB681344FB6000BFFFF7DEFF64
S315080024D00246BB68D31AFA689A42F7D800BF00BF0B
S315080024E01037BD4680BD00BF0C00002080B485B003
S315080024F000AF78607B6803F00703FB600C4BDB6872
S31508002500BB60BA684FF6FF031340BB60FB681A024C
S31508002510BB68134343F0BF6343F40033BB60044A0C
S31508002520BB68D36000BF1437BD465DF8047B7047AF
S3150800253000ED00E080B400AF044BDB681B0A03F033
S3150800254007031846BD465DF8047B704700ED00E0BA
S3150800255080B483B000AF0346FB7197F90730002BB0
S315080025600BDBFB7903F01F02074997F907305B0974
S31508002570012000FA02F241F8232000BF0C37BD46BD
S315080025805DF8047B704700BF00E100E080B483B0CB
S3150800259000AF03463960FB7197F90730002B0ADB59
S315080025A03B68DAB20C4997F907301201D2B20B44EC
S315080025B083F800230AE03B68DAB20849FB7903F09E
S315080025C00F03043B1201D2B20B441A7600BF0C3734
S315080025D0BD465DF8047B704700E100E000ED00E0D1
S315080025E080B489B000AFF860B9607A60FB6803F020
S315080025F00703FB61FB69C3F10703042B28BF042308
S31508002600BB61FB690433062B02D9FB69033B00E077
S3150800261000237B614FF0FF32BB6902FA03F3DA430A
S31508002620BB681A407B699A404FF0FF317B6901FA13
S3150800263003F3D9437B680B40134318462437BD463A
S315080026405DF8047B7047000080B582B000AF786003
S315080026507B68013BB3F1807F01D301230FE00A4A6F
S315080026607B68013B53600F214FF0FF30FFF78EFF69
S31508002670054B00229A60044B07221A60002318466D
S315080026800837BD4680BD00BF10E000E080B582B0C7
S3150800269000AF78607868FFF729FF00BF0837BD46A6
S315080026A080BD80B586B000AF0346B9607A60FB731B
S315080026B000237B61FFF73EFF78617A68B96878691D
S315080026C0FFF78EFF024697F90F3011461846FFF7B7
S315080026D05DFF00BF1837BD4680BD80B582B000AF2C
S315080026E00346FB7197F907301846FFF731FF00BF1D
S315080026F00837BD4680BD80B582B000AF786078687F
S31508002700FFF7A2FF034618460837BD4680BD80B4CA
S3150800271085B000AF78600023FB737B6893F825309B
S31508002720DBB2022B08D07B680422DA637B680022BE
S3150800273083F82420012322E07B681B681A687B68DB
S315080027401B6822F00E021A607B681B681A687B6891
S315080027501B6822F001021A607B685B6C03F01C029E
S315080027607B681B6C012101FA02F25A607B68012220
S3150800277083F825207B68002283F82420FB7B1846F3
S315080027801437BD465DF8047B704780B584B000AF4A
S3150800279078600023FB737B6893F82530DBB2022B45
S315080027A005D07B680422DA630123FB7329E07B6882
S315080027B01B681A687B681B6822F00E021A607B6821
S315080027C01B681A687B681B6822F001021A607B681E
S315080027D05B6C03F01C027B681B6C012101FA02F298
S315080027E05A607B68012283F825207B68002283F8DB
S315080027F024207B689B6B002B03D07B689B6B7868D7
S315080028009847FB7B18461037BD4680BD80B487B015
S3150800281000AF7860396000237B617FE13B681A6806
S3150800282001217B6901FA03F31340FB60FB68002B67
S3150800283000F071813B685B6803F00303012B05D048
S315080028403B685B6803F00303022B30D17B689B6807
S315080028503B617B695B00032202FA03F3DB433A69B7
S3150800286013403B613B68DA687B695B0002FA03F355
S315080028703A6913433B617B683A699A607B685B688F
S315080028803B6101227B6902FA03F3DB433A69134091
S315080028903B613B685B681B0903F001027B6902FA2E
S315080028A003F33A6913433B617B683A695A603B68AC
S315080028B05B6803F00303032B18D17B68DB6A3B6173
S315080028C001227B6902FA03F3DB433A6913403B6151
S315080028D03B685B68DB0803F001027B6902FA03F3D5
S315080028E03A6913433B617B683A69DA623B685B681D
S315080028F003F00303032B17D07B68DB683B617B6916
S315080029005B00032202FA03F3DB433A6913403B6197
S315080029103B689A687B695B0002FA03F33A691343DA
S315080029203B617B683A69DA603B685B6803F00303DE
S31508002930022B23D17B69DA087B68083253F82230E8
S315080029403B617B6903F007039B000F2202FA03F33E
S31508002950DB433A6913403B613B681A697B6903F0BC
S3150800296007039B0002FA03F33A6913433B617B6949
S31508002970DA087B680832396943F822107B681B68D5
S315080029803B617B695B00032202FA03F3DB433A6986
S3150800299013403B613B685B6803F003027B695B009D
S315080029A002FA03F33A6913433B617B683A691A6092
S315080029B03B685B6803F44033002B00F0AC805F4B48
S315080029C01B6E5E4A43F0010313665C4B1B6E03F0F5
S315080029D00103BB60BB685A4A7B699B08023352F8FD
S315080029E023303B617B6903F003039B000F2202FA45
S315080029F003F3DB433A6913403B617B68B3F1904FBD
S31508002A0025D07B684F4A93421FD07B684E4A934233
S31508002A1019D07B684D4A934213D07B684C4A93423F
S31508002A200DD07B684B4A934207D07B684A4A93424B
S31508002A3001D106230CE007230AE0052308E0042356
S31508002A4006E0032304E0022302E0012300E000235A
S31508002A507A6902F00302920093403A6913433B6194
S31508002A6037497B699B0802333A6941F823203B4B77
S31508002A709B683B61FB68DB433A6913403B613B68F3
S31508002A805B6803F48013002B03D03A69FB68134391
S31508002A903B61324A3B699360304BDB683B61FB68BC
S31508002AA0DB433A6913403B613B685B6803F40013F8
S31508002AB0002B03D03A69FB6813433B61274A3B69FD
S31508002AC0D360264B5B683B61FB68DB433A6913407E
S31508002AD03B613B685B6803F40033002B03D03A691B
S31508002AE0FB6813433B611D4A3B6953601B4B1B68DC
S31508002AF03B61FB68DB433A6913403B613B685B68B3
S31508002B0003F48033002B03D03A69FB6813433B6117
S31508002B10124A3B6913607B6901337B613B681A681B
S31508002B207B6922FA03F3002B7FF478AE00BF00BF5F
S31508002B301C37BD465DF8047B704700BF0010024095
S31508002B40000001400004004800080048000C004846
S31508002B50001000480014004800180048000401400E
S31508002B6080B483B000AF78600B467B8013467B70D9
S31508002B707B78002B03D07A887B689A6102E07A8892
S31508002B807B689A6200BF0C37BD465DF8047B7047C8
S31508002B9080B400AF044B1B6803F4C0631846BD46F7
S31508002BA05DF8047B704700BF0070004080B485B0B4
S31508002BB000AF78607B68B3F5007F30D1234B1B6884
S31508002BC003F4C063B3F5007F38D0204B1B6823F4A9
S31508002BD0C0631E4A43F4007313601D4B1B68322200
S31508002BE002FB03F31B4AA2FB03239B0C0133FB6086
S31508002BF002E0FB68013BFB60144B5B6903F48063EE
S31508002C00B3F5806F02D1FB68002BF2D10F4B5B69DD
S31508002C1003F48063B3F5806F10D103230FE00B4BE9
S31508002C201B6803F4C063B3F5806F07D0074B1B68B6
S31508002C3023F4C063054A43F48063136000231846EF
S31508002C401437BD465DF8047B704700BF007000402E
S31508002C500400002083DE1B4380B588B000AF78608F
S31508002C607B68002B01D10123CAE3974B9B6803F0CD
S31508002C700C03BB61944BDB6803F003037B617B6841
S31508002C801B6803F01003002B00F0E480BB69002BDF
S31508002C9007D0BB690C2B40F08B807B69012B40F079
S31508002CA08780894B1B6803F00203002B05D07B68DD
S31508002CB09B69002B01D10123A2E37B681A6A824B28
S31508002CC01B6803F00803002B04D07F4B1B6803F036
S31508002CD0F00305E07C4BD3F894301B0903F0F003AE
S31508002CE0934223D27B681B6A184600F055FD0346BB
S31508002CF0002B01D0012383E3734B1B68724A43F010
S31508002D0008031360704B1B6823F0F0027B681B6A8C
S31508002D106D4913430B606C4B5B6823F47F427B68F9
S31508002D20DB691B02684913434B6025E0664B1B6849
S31508002D30654A43F008031360634B1B6823F0F002EF
S31508002D407B681B6A604913430B605F4B5B6823F41F
S31508002D507F427B68DB691B025B4913434B60BB6997
S31508002D60002B09D17B681B6A184600F015FD03463F
S31508002D70002B01D0012343E300F04AFC0246524BE4
S31508002D809B681B0903F00F035049CB5C03F01F0334
S31508002D9022FA03F34E4A13604E4B1B681846FFF798
S31508002DA025FB0346FB73FB7B002B52D0FB7B27E3FB
S31508002DB07B689B69002B32D0434B1B68424A43F021
S31508002DC001031360FFF762FB386108E0FFF75EFB5B
S31508002DD002463B69D31A022B01D9032310E33A4B67
S31508002DE01B6803F00203002BF0D0374B1B68364AEA
S31508002DF043F008031360344B1B6823F0F0027B682A
S31508002E001B6A314913430B602F4B5B6823F47F42DF
S31508002E107B68DB691B022C4913434B601AE02A4B7B
S31508002E201B68294A23F001031360FFF72FFB38615B
S31508002E3008E0FFF72BFB02463B69D31A022B01D9A0
S31508002E400323DDE2204B1B6803F00203002BF0D1BD
S31508002E5000E000BF7B681B6803F00103002B74D0F9
S31508002E60BB69082B05D0BB690C2B0ED17B69032BDC
S31508002E700BD1154B1B6803F40033002B64D07B6819
S31508002E805B68002B60D10123BAE27B685B68B3F507
S31508002E90803F06D10C4B1B680B4A43F48033136002
S31508002EA026E07B685B68B3F5A02F15D1064B1B6837
S31508002EB0054A43F480231360034B1B68024A43F414
S31508002EC08033136014E000BF001002409CB900086C
S31508002ED00400002008000020A04B1B689F4A23F42A
S31508002EE0803313609D4B1B689C4A23F48023136030
S31508002EF07B685B68002B13D0FFF7C8FA386108E0D7
S31508002F00FFF7C4FA02463B69D31A642B01D9032397
S31508002F1076E2924B1B6803F40033002BF0D014E0E2
S31508002F20FFF7B4FA386108E0FFF7B0FA02463B69E2
S31508002F30D31A642B01D9032362E2884B1B6803F476
S31508002F400033002BF0D100E000BF7B681B6803F05C
S31508002F500203002B60D0BB69042B05D0BB690C2B80
S31508002F6019D17B69022B16D17C4B1B6803F480634D
S31508002F70002B05D07B68DB68002B01D101233FE2DB
S31508002F80764B5B6823F0F8527B681B691B0673490E
S31508002F9013434B6040E07B68DB68002B23D06F4B04
S31508002FA01B686E4A43F480731360FFF76FFA386143
S31508002FB008E0FFF76BFA02463B69D31A022B01D9E0
S31508002FC003231DE2654B1B6803F48063002BF0D0D6
S31508002FD0624B5B6823F0F8527B681B691B065F49E6
S31508002FE013434B6018E05D4B1B685C4A23F48073FF
S31508002FF01360FFF74BFA386108E0FFF747FA024615
S315080030003B69D31A022B01D90323F9E1534B1B68F9
S3150800301003F48063002BF0D17B681B6803F0080378
S31508003020002B3CD07B685B69002B1CD04B4BD3F83C
S3150800303094304A4A43F00103C2F89430FFF726FA5F
S31508003040386108E0FFF722FA02463B69D31A022BD9
S3150800305001D90323D4E1414BD3F8943003F002039A
S31508003060002BEFD01BE03D4BD3F894303B4A23F0BE
S315080030700103C2F89430FFF709FA386108E0FFF750
S3150800308005FA02463B69D31A022B01D90323B7E195
S31508003090324BD3F8943003F00203002BEFD17B6850
S315080030A01B6803F00403002B00F0A6800023FB77BF
S315080030B02A4B9B6D03F08053002B0DD1274B9B6D3C
S315080030C0264A43F080539365244B9B6D03F0805347
S315080030D0BB60BB680123FB77214B1B6803F4807335
S315080030E0002B18D11E4B1B681D4A43F480731360CE
S315080030F0FFF7CCF9386108E0FFF7C8F902463B69E3
S31508003100D31A022B01D903237AE1154B1B6803F462
S315080031108073002BF0D07B689B68012B08D10F4B7E
S31508003120D3F890300D4A43F00103C2F8903029E0F5
S315080031307B689B68052B15D1084BD3F89030074A56
S3150800314043F00403C2F89030044BD3F89030034A96
S3150800315043F00103C2F8903014E000BF00100240AB
S31508003160007000409C4BD3F890309B4A23F0010333
S31508003170C2F89030984BD3F89030974A23F004035E
S31508003180C2F890307B689B68002B16D0FFF77EF953
S3150800319038610AE0FFF77AF902463B69D31A41F229
S315080031A08832934201D903232AE18B4BD3F8903016
S315080031B003F00203002BEDD015E0FFF767F938613D
S315080031C00AE0FFF763F902463B69D31A41F28832EF
S315080031D0934201D9032313E17F4BD3F8903003F0D0
S315080031E00203002BEDD1FB7F012B05D17A4B9B6D9A
S315080031F0794A23F0805393657B689B6A002B00F01D
S31508003200FE807B689B6A022B40F0D080724BDB689D
S315080032107B617B6903F003027B68DB6A9A4230D1E3
S315080032207B6903F070027B681B6B013B1B019A42AA
S3150800323027D17B6903F4FE427B685B6B1B029A42CB
S315080032401FD17B6903F400337A68926B072A14BF8F
S3150800325001220022D2B2934213D17B6903F4C00241
S315080032607B68DB6B5B08013B5B059A4209D17B698E
S3150800327003F0C0627B681B6C5B08013B5B069A42E5
S315080032806ED0BB690C2B69D0534B1B6803F0806367
S31508003290002B05D1504B1B6803F08053002B01D03F
S315080032A00123ADE04C4B1B684B4A23F08073136037
S315080032B0FFF7ECF8386108E0FFF7E8F802463B69E3
S315080032C0D31A022B01D903239AE0434B1B6803F058
S315080032D00073002BF0D1404BDA68404B13407A68F4
S315080032E0D16A7A68126B013A120111437A68526BF5
S315080032F0120211437A68D26B5208013A52051143F9
S315080033007A68126C5208013A520611437A68926B2F
S31508003310120952040A4330491343CB602E4B1B68EB
S315080033202D4A43F0807313602B4BDB682A4A43F01F
S315080033308073D360FFF7AAF8386108E0FFF7A6F8AC
S3150800334002463B69D31A022B01D9032358E0224BC4
S315080033501B6803F00073002BF0D050E001234FE008
S315080033601D4B1B6803F00073002B48D11A4B1B68D2
S31508003370194A43F080731360174BDB68164A43F00B
S315080033808073D360FFF782F8386108E0FFF77EF8AC
S3150800339002463B69D31A022B01D9032330E00E4BB0
S315080033A01B6803F00073002BF0D028E0BB690C2BD8
S315080033B023D0094B1B68084A23F080731360FFF774
S315080033C065F838610CE0FFF761F802463B69D31AE5
S315080033D0022B05D9032313E0001002408C809DF9C7
S315080033E0094B1B6803F00073002BECD1064BDA6817
S315080033F00549064B1340CB6001E0012300E000239A
S3150800340018462037BD4680BD00100240FCFFEEFE80
S3150800341080B584B000AF786039607B68002B01D135
S315080034200123E7E0754B1B6803F007033A689A42E5
S3150800343010D9724B1B6823F0070270493B68134387
S315080034400B606E4B1B6803F007033A689A4201D07B
S315080034500123CFE07B681B6803F00203002B10D022
S315080034607B689A68664B9B6803F0F0039A4208D912
S31508003470634B9B6823F0F0027B689B6860491343A3
S315080034808B607B681B6803F00103002B4CD07B68BC
S315080034905B68032B07D15A4B1B6803F00073002B9C
S315080034A021D10123A6E07B685B68022B07D1544B28
S315080034B01B6803F40033002B15D101239AE07B68BF
S315080034C05B68002B07D14E4B1B6803F00203002BE9
S315080034D009D101238EE04A4B1B6803F48063002B55
S315080034E001D1012386E0464B9B6823F003027B68E3
S315080034F05B68434913438B60FEF7C8FFF8600AE030
S31508003500FEF7C4FF0246FB68D31A41F2883293429B
S3150800351001D903236EE03A4B9B6803F00C027B68E3
S315080035205B689B009A42EBD17B681B6803F0020339
S31508003530002B10D07B689A68314B9B6803F0F00328
S315080035409A4208D22E4B9B6823F0F0027B689B6850
S315080035502B4913438B60294B1B6803F007033A6812
S315080035609A4210D2254B1B6823F0070223493B6871
S3150800357013430B60214B1B6803F007033A689A4212
S3150800358001D0012336E07B681B6803F00403002B97
S3150800359008D01B4B9B6823F4E0627B68DB681849FC
S315080035A013438B607B681B6803F00803002B09D064
S315080035B0134B9B6823F460527B681B69DB00104938
S315080035C013438B6000F024F802460D4B9B681B09D9
S315080035D003F00F030B49CB5C03F01F0322FA03F336
S315080035E0094A1360094B1B681846FEF7FFFE034697
S315080035F0FB72FB7A18461037BD4680BD0020024094
S31508003600001002409CB900080400002008000020B1
S3150800361080B489B000AF0023FB610023BB613E4B39
S315080036209B6803F00C033B613B4BDB6803F0030329
S31508003630FB603B69002B05D03B690C2B21D1FB684D
S31508003640012B1ED1344B1B6803F00803002B07D14E
S31508003650314BD3F894301B0A03F00F03FB6105E0E6
S315080036602D4B1B681B0903F00F03FB612B4AFB69F3
S3150800367052F82330FB613B69002B0DD1FB69BB6116
S315080036800AE03B69042B02D1254BBB6104E03B6988
S31508003690082B01D1234BBB613B690C2B34D11E4B44
S315080036A0DB6803F00303BB60BB68022B03D0BB686F
S315080036B0032B03D005E01A4B7B6105E0194B7B61B0
S315080036C002E0FB697B6100BF134BDB681B0903F053
S315080036D0070301337B60104BDB681B0A03F07F038B
S315080036E07A6903FB02F27B68B2FBF3F37B610A4B50
S315080036F0DB685B0E03F0030301335B003B607A690A
S315080037003B68B2FBF3F3BB61BB6918462437BD4679
S315080037105DF8047B704700BF00100240B4B900088A
S315080037200024F40000127A0080B400AF034B1B6833
S315080037301846BD465DF8047B704700BF04000020AC
S3150800374080B500AFFFF7F0FF0246064B9B681B0AE1
S3150800375003F007030449CB5C03F01F0322FA03F3C3
S31508003760184680BD00100240ACB9000880B500AF0D
S31508003770FFF7DAFF0246064B9B68DB0A03F00703EE
S315080037800449CB5C03F01F0322FA03F3184680BDF5
S3150800379000100240ACB9000880B586B000AF78606A
S315080037A000233B612A4B9B6D03F08053002B03D00B
S315080037B0FFF7EEF9786114E0254B9B6D244A43F038
S315080037C080539365224B9B6D03F08053FB60FB6827
S315080037D0FFF7DEF978611E4B9B6D1D4A23F0805377
S315080037E093657B69B3F5007F0BD17B68802B19D96C
S315080037F07B68A02B02D902233B6113E001233B61BE
S3150800380010E07B68802B02D903233B610AE07B68C2
S31508003810802B02D102233B6104E07B68702B01D127
S3150800382001233B610B4B1B6823F0070209493B69DF
S3150800383013430B60074B1B6803F007033A699A4268
S3150800384001D0012300E0002318461837BD4680BD85
S31508003850001002400020024080B586B000AF7860B4
S315080038600023FB740023BB747B681B6803F40063A6
S31508003870002B41D07B685B6EB3F5400F2AD0B3F5B9
S31508003880400F24D8B3F5000F08D0B3F5000F1ED8A3
S31508003890002B0AD0B3F5800F10D018E0864BDB68F2
S315080038A0854A43F48033D36015E07B6804330021EE
S315080038B0184600F0BBFA0346FB740CE07B6820331D
S315080038C00021184600F0A6FB0346FB7403E001231B
S315080038D0FB7400E000BFFB7C002B0BD1764BD3F8C2
S315080038E0883023F440027B685B6E73491343C1F842
S315080038F0883001E0FB7CBB747B681B6803F480534B
S31508003900002B41D07B689B6EB3F1407F2AD0B3F180
S31508003910407F24D8B3F1007F08D0B3F1007F1ED8CA
S31508003920002B0AD0B3F1807F10D018E0624BDB6819
S31508003930614A43F48033D36015E07B680433002181
S31508003940184600F073FA0346FB740CE07B682033D4
S315080039500021184600F05EFB0346FB7403E00123D2
S31508003960FB7400E000BFFB7C002B0BD1524BD3F855
S31508003970883023F040727B689B6E4F491343C1F829
S31508003980883001E0FB7CBB747B681B6803F400335A
S31508003990002B00F0A08000237B74474B9B6D03F03F
S315080039A08053002B01D1012300E00023002B0DD00A
S315080039B0414B9B6D404A43F0805393653E4B9B6D4C
S315080039C003F08053BB60BB6801237B743B4B1B68C9
S315080039D03A4A43F480731360FEF758FDF86009E02D
S315080039E0FEF754FD0246FB68D31A022B02D90323BD
S315080039F0FB7405E0314B1B6803F48073002BEFD092
S31508003A00FB7C002B5CD12C4BD3F8903003F440732D
S31508003A107B617B69002B1FD07B68D3F884307A6979
S31508003A209A4219D0244BD3F8903023F440737B6123
S31508003A30214BD3F89030204A43F48033C2F89030B3
S31508003A401D4BD3F890301C4A23F48033C2F89030CB
S31508003A50194A7B69C2F890307B6903F00103002B91
S31508003A6016D0FEF713FDF8600BE0FEF70FFD0246D1
S31508003A70FB68D31A41F28832934202D90323FB74B6
S31508003A8006E00D4BD3F8903003F00203002BECD080
S31508003A90FB7C002B0CD1084BD3F8903023F44072F2
S31508003AA07B68D3F8843004491343C1F8903009E0A1
S31508003AB0FB7CBB7406E000BF0010024000700040AB
S31508003AC0FB7CBB747B7C012B05D19E4B9B6D9D4A71
S31508003AD023F0805393657B681B6803F00103002B72
S31508003AE00AD0984BD3F8883023F003027B689B6B87
S31508003AF094491343C1F888307B681B6803F00203B6
S31508003B00002B0AD08F4BD3F8883023F00C027B6841
S31508003B10DB6B8C491343C1F888307B681B6803F05C
S31508003B200403002B0AD0874BD3F8883023F03002E1
S31508003B307B681B6C83491343C1F888307B681B6814
S31508003B4003F00803002B0AD07E4BD3F8883023F005
S31508003B50C0027B685B6C7B491343C1F888307B687D
S31508003B601B6803F01003002B0AD0764BD3F8883075
S31508003B7023F440727B689B6C72491343C1F8883002
S31508003B807B681B6803F02003002B0AD06D4BD3F823
S31508003B90883023F440627B68DB6C6A491343C1F8BA
S31508003BA088307B681B6803F40073002B0AD0654BCA
S31508003BB0D3F8883023F440227B68DB6D61491343D0
S31508003BC0C1F888307B681B6803F48063002B0AD031
S31508003BD05C4BD3F8883023F440127B681B6E594936
S31508003BE01343C1F888307B681B6803F04003002B39
S31508003BF00AD0544BD3F8883023F440527B681B6DA7
S31508003C0050491343C1F888307B681B6803F080036A
S31508003C10002B0AD04B4BD3F8883023F440427B68FC
S31508003C205B6D48491343C1F888307B681B6803F409
S31508003C308073002B0AD0434BD3F8883023F44032E4
S31508003C407B689B6D3F491343C1F888307B681B68C6
S31508003C5003F40053002B28D03A4BD3F8883023F0CE
S31508003C6040627B68DB6E37491343C1F888307B684E
S31508003C70DB6EB3F1006F06D1324BDB68314A43F491
S31508003C808013D36011E07B68DB6EB3F1806F0CD1D3
S31508003C907B6804330121184600F0C8F80346FB7414
S31508003CA0FB7C002B01D0FB7CBB747B681B6803F490
S31508003CB00023002B28D0234BD3F8883023F040620A
S31508003CC07B681B6F1F491343C1F888307B681B6FDD
S31508003CD0B3F1006F06D11B4BDB681A4A43F4801315
S31508003CE0D36011E07B681B6FB3F1806F0CD17B68E2
S31508003CF004330121184600F099F80346FB74FB7C4F
S31508003D00002B01D0FB7CBB747B681B6803F4802303
S31508003D10002B2BD00B4BD3F8883023F040627B68FE
S31508003D205B6F08491343C1F888307B685B6FB3F152
S31508003D30006F09D1034BDB68024A43F48013D36052
S31508003D4014E000BF001002407B685B6FB3F1806F20
S31508003D500CD17B6804330121184600F067F8034646
S31508003D60FB74FB7C002B01D0FB7CBB747B681B6857
S31508003D7003F48043002B2FD02B4BD3F8883023F045
S31508003D8040527B689B6F28491343C1F888307B688B
S31508003D909B6FB3F1805F0DD17B680433022118460F
S31508003DA000F044F80346FB74FB7C002B14D0FB7C24
S31508003DB0BB7411E07B689B6FB3F1005F0CD17B6825
S31508003DC020330221184600F025F90346FB74FB7CD4
S31508003DD0002B01D0FB7CBB747B681B6803F4004393
S31508003DE0002B0AD0104BD3F8883023F080427B682A
S31508003DF0DB6F0D491343C1F888307B681B6803F4F1
S31508003E008033002B0BD0084BD3F8883023F00042C0
S31508003E107B68D3F8803004491343C1F88830BB7CEB
S31508003E2018461837BD4680BD0010024080B584B0DC
S31508003E3000AF786039600023FB73754BDB6803F0CD
S31508003E400303002B18D0724BDB6803F003027B6870
S31508003E501B689A420DD17B681B68002B09D06C4BF6
S31508003E60DB681B0903F007035A1C7B685B689A42E8
S31508003E7047D00123FB7344E07B681B68032B18D0EB
S31508003E80032B25D8012B02D0022B09D020E0604B4A
S31508003E901B6803F00203002B1DD10123FB731AE0F4
S31508003EA05B4B1B6803F48063002B16D10123FB735D
S31508003EB013E0574B1B6803F40033002B0FD1544B08
S31508003EC01B6803F48023002B09D10123FB7306E04A
S31508003ED00123FB7304E000BF02E000BF00E000BF5F
S31508003EE0FB7B002B0DD14A4BDB6823F073027B6802
S31508003EF019687B685B68013B1B010B434449134304
S31508003F00CB60FB7B002B7DD1414B1B68404A23F0DD
S31508003F1080631360FEF7BAFAB86009E0FEF7B6FAEE
S31508003F200246BB68D31A022B02D90323FB7305E0AA
S31508003F30374B1B6803F00063002BEFD1FB7B002B8C
S31508003F4060D13B68002B11D1314B1B6923F41F3319
S31508003F5023F440737A68926811027A68D268120963
S31508003F6052040A432A4913430B6127E03B68012B95
S31508003F7012D1274B1B6923F4C00323F4FE437A6846
S31508003F80926811027A6812695208013A52050A4380
S31508003F901F4913430B6111E01D4B1B6923F0C063D6
S31508003FA023F4FE437A68926811027A6852695208C5
S31508003FB0013A52060A43164913430B61144B1B6810
S31508003FC0134A43F080631360FEF760FAB86009E0AD
S31508003FD0FEF75CFA0246BB68D31A022B02D9032302
S31508003FE0FB7305E00A4B1B6803F00063002BEFD058
S31508003FF0FB7B002B06D1064B1A697B689B69044933
S3150800400013430B61FB7B18461037BD4680BD00BFC6
S315080040100010024080B584B000AF78603960002394
S31508004020FB736A4BDB6803F00303002B18D0674B5E
S31508004030DB6803F003027B681B689A420DD17B6834
S315080040401B68002B09D0614BDB681B0903F00703CB
S315080040505A1C7B685B689A4247D00123FB7344E08D
S315080040607B681B68032B18D0032B25D8012B02D09D
S31508004070022B09D020E0554B1B6803F00203002BE6
S315080040801DD10123FB731AE0504B1B6803F48063B0
S31508004090002B16D10123FB7313E04C4B1B6803F46A
S315080040A00033002B0FD1494B1B6803F48023002BE8
S315080040B009D10123FB7306E00123FB7304E000BF6B
S315080040C002E000BF00E000BFFB7B002B0DD13F4B99
S315080040D0DB6823F073027B6819687B685B68013BC1
S315080040E01B010B4339491343CB60FB7B002B67D17C
S315080040F0364B1B68354A23F080531360FEF7C6F922
S31508004100B86009E0FEF7C2F90246BB68D31A022B6B
S3150800411002D90323FB7305E02C4B1B6803F00053FD
S31508004120002BEFD1FB7B002B4AD13B68002B11D12A
S31508004130264B5B6923F41F3323F440737A6892682D
S3150800414011027A68D268120952040A431F491343B6
S315080041504B6111E01D4B5B6923F0C06323F4FE43FA
S315080041607A68926811027A6812695208013A520608
S315080041700A43164913434B61144B1B68134A43F011
S3150800418080531360FEF782F9B86009E0FEF77EF9FE
S315080041900246BB68D31A022B02D90323FB7305E038
S315080041A00A4B1B6803F00053002BEFD0FB7B002B58
S315080041B006D1064B5A697B685B69044913434B6110
S315080041C0FB7B18461037BD4680BD00BF0010024075
S315080041D080B584B000AF78607B68002B01D10123DD
S315080041E095E07B685B6A002B08D17B685B68B3F552
S315080041F0827F09D07B680022DA6105E07B680022AD
S315080042001A617B6800225A617B6800229A627B6881
S3150800421093F85D30DBB2002B06D17B68002283F869
S315080042205C207868FDF762FE7B68022283F85D20D1
S315080042307B681B681A687B681B6822F040021A6054
S315080042407B68DB68B3F5E06F02D90023FB6002E008
S315080042504FF48053FB607B68DB68B3F5706F07D05B
S315080042607B68DB68B3F5E06F02D07B6800229A6250
S315080042707B685B6803F482727B689B6803F404437B
S315080042801A437B681B6903F002031A437B685B6960
S3150800429003F001031A437B689B6903F400731A430E
S315080042A07B68DB6903F038031A437B681B6A03F0F3
S315080042B0800342EA03017B689B6A03F400527B6829
S315080042C01B680A431A607B689B691B0C03F004028F
S315080042D07B685B6A03F010031A437B685B6B03F029
S315080042E008031A437B68DB6803F4706342EA030138
S315080042F0FB6803F480527B681B680A435A607B6834
S3150800430000221A667B68012283F85D20002318467E
S315080043101037BD4680BD80B588B000AFF860B9607B
S315080043203B601346FB80FEF7B1F8F861FB887B8398
S31508004330FB6893F85D30DBB2012B01D002235CE108
S31508004340BB68002B02D0FB88002B01D1012354E166
S31508004350FB6893F85C30012B01D102234DE1FB6821
S31508004360012283F85C20FB68032283F85D20FB6842
S3150800437000221A66FB68BA689A63FB68FA889A8705
S31508004380FB68FA88DA87FB6800221A64FB68002251
S31508004390A3F84420FB680022A3F84620FB68002205
S315080043A01A65FB680022DA64FB689B68B3F5004F60
S315080043B00FD1FB681B681A68FB681B6822F040026D
S315080043C01A60FB681B681A68FB681B6842F480421F
S315080043D01A60FB681B681B6803F04003402B07D074
S315080043E0FB681B681A68FB681B6842F040021A6083
S315080043F0FB68DB68B3F5E06F52D9FB685B68002B96
S3150800440002D07B8B012B45D1FB689B6B1A88FB6816
S315080044101B68DA60FB689B6B9A1CFB689A63FB68EF
S31508004420DB8F9BB2013B9AB2FB68DA8732E0FB6806
S315080044301B689B6803F00203022B12D1FB689B6B77
S315080044401A88FB681B68DA60FB689B6B9A1CFB681A
S315080044509A63FB68DB8F9BB2013B9AB2FB68DA87EB
S3150800446018E0FEF713F80246FB69D31A3A689A422F
S3150800447003D83B68B3F1FF3F02D13B68002B09D153
S31508004480FB68012283F85D20FB68002283F85C2024
S315080044900323B2E0FB68DB8F9BB2002BC7D183E016
S315080044A0FB685B68002B02D07B8B012B77D1FB68FE
S315080044B0DB8F9BB2012B12D9FB689B6B1A88FB68B2
S315080044C01B68DA60FB689B6B9A1CFB689A63FB683F
S315080044D0DB8F9BB2023B9AB2FB68DA875FE0FB6828
S315080044E09A6BFB681B680C3312781A70FB689B6B17
S315080044F05A1CFB689A63FB68DB8F9BB2013B9AB236
S31508004500FB68DA874BE0FB681B689B6803F00203CD
S31508004510022B2BD1FB68DB8F9BB2012B12D9FB68D0
S315080045209B6B1A88FB681B68DA60FB689B6B9A1C96
S31508004530FB689A63FB68DB8F9BB2023B9AB2FB6807
S31508004540DA872CE0FB689A6BFB681B680C331278D9
S315080045501A70FB689B6B5A1CFB689A63FB68DB8FB7
S315080045609BB2013B9AB2FB68DA8718E0FDF78EFF2B
S315080045700246FB69D31A3A689A4203D83B68B3F1F4
S31508004580FF3F02D13B68002B09D1FB68012283F863
S315080045905D20FB68002283F85C2003232DE0FB687E
S315080045A0DB8F9BB2002BAED1FA693968F86800F048
S315080045B065FB0346002B02D0FB6820221A66FB68BF
S315080045C09B68002B0AD100237B61FB681B68DB68AC
S315080045D07B61FB681B689B687B617B69FB680122C2
S315080045E083F85D20FB68002283F85C20FB681B6E5D
S315080045F0002B01D0012300E0002318462037BD46D2
S3150800460080BD80B58AB000AFF860B9607A607B80FB
S3150800461001237B62FDF73AFF3862FB6893F85D3049
S31508004620FB77FB685B68BB617B88FB827B88BB8208
S31508004630FB7F012B0CD0BB69B3F5827F06D1FB68E3
S315080046409B68002B02D1FB7F042B01D00223F3E1E8
S31508004650BB68002B05D07B68002B02D07B88002B1B
S3150800466001D10123E8E1FB6893F85C30012B01D105
S315080046700223E1E1FB68012283F85C20FB6893F8DA
S315080046805D30DBB2042B03D0FB68052283F85D207E
S31508004690FB6800221A66FB687A681A64FB687A88DF
S315080046A0A3F84620FB687A88A3F84420FB68BA6812
S315080046B09A63FB687A88DA87FB687A889A87FB6840
S315080046C00022DA64FB6800221A65FB68DB68B3F52A
S315080046D0E06F02D8BB8A012B08D9FB681B685A68A9
S315080046E0FB681B6822F480525A6007E0FB681B6867
S315080046F05A68FB681B6842F480525A60FB681B685C
S315080047001B6803F04003402B07D0FB681B681A6838
S31508004710FB681B6842F040021A60FB68DB68B3F569
S31508004720E06F40F28380FB685B68002B02D0FB8A4F
S31508004730012B6FD1FB689B6B1A88FB681B68DA60D4
S31508004740FB689B6B9A1CFB689A63FB68DB8F9BB2C2
S31508004750013B9AB2FB68DA875CE0FB681B689B68DA
S3150800476003F00203022B1BD1FB68DB8F9BB2002BE5
S3150800477016D07B6A012B13D1FB689B6B1A88FB68E2
S315080047801B68DA60FB689B6B9A1CFB689A63FB687C
S31508004790DB8F9BB2013B9AB2FB68DA8700237B6208
S315080047A0FB681B689B6803F00103012B1CD1FB689F
S315080047B0B3F846309BB2002B16D0FB681B68DA6844
S315080047C0FB681B6C92B21A80FB681B6C9A1CFB6810
S315080047D01A64FB68B3F846309BB2013B9AB2FB6891
S315080047E0A3F8462001237B62FDF750FE02463B6A8A
S315080047F0D31A3A6B9A420DD83B6BB3F1FF3F09D0F7
S31508004800FB68012283F85D20FB68002283F85C20A0
S31508004810032311E1FB68DB8F9BB2002B9DD1FB685C
S31508004820B3F846309BB2002B97D1E5E0FB685B688E
S31508004830002B03D0FB8A012B40F0D180FB68DB8F6D
S315080048409BB2012B12D9FB689B6B1A88FB681B6805
S31508004850DA60FB689B6B9A1CFB689A63FB68DB8FC4
S315080048609BB2023B9AB2FB68DA87B8E0FB689A6BA0
S31508004870FB681B680C3312781A70FB689B6B5A1C12
S31508004880FB689A63FB68DB8F9BB2013B9AB2FB68B5
S31508004890DA87A4E0FB681B689B6803F00203022B17
S315080048A034D1FB68DB8F9BB2002B2FD07B6A012BA0
S315080048B02CD1FB68DB8F9BB2012B12D9FB689B6B53
S315080048C01A88FB681B68DA60FB689B6B9A1CFB6896
S315080048D09A63FB68DB8F9BB2023B9AB2FB68DA8766
S315080048E012E0FB689A6BFB681B680C3312781A7027
S315080048F0FB689B6B5A1CFB689A63FB68DB8F9BB251
S31508004900013B9AB2FB68DA8700237B62FB681B6867
S315080049109B6803F00103012B48D1FB68B3F84630C6
S315080049209BB2002B42D0FB68B3F846309BB2012BF2
S3150800493023D9FB681B68DA68FB681B6C92B21A807D
S31508004940FB681B6C9A1CFB681A64FB68B3F8463054
S315080049509BB2023B9AB2FB68A3F84620FB68B3F801
S3150800496046309BB2012B1FD8FB681B685A68FB6848
S315080049701B6842F480525A6016E0FB681B6803F114
S315080049800C02FB681B6C1278D2B21A70FB681B6C9F
S315080049905A1CFB681A64FB68B3F846309BB2013BA5
S315080049A09AB2FB68A3F8462001237B62FDF76EFDE9
S315080049B002463B6AD31A3A6B9A4203D83B6BB3F169
S315080049C0FF3F02D13B6B002B09D1FB68012283F81C
S315080049D05D20FB68002283F85C2003232CE0FB683B
S315080049E0DB8F9BB2002B7FF455AFFB68B3F84630DC
S315080049F09BB2002B7FF44EAF3A6A396BF86800F029
S31508004A003DF90346002B08D0FB6820221A66FB688E
S31508004A10002283F85C2001230EE0FB68012283F85C
S31508004A205D20FB68002283F85C20FB681B6E002B68
S31508004A3001D0012300E0002318462837BD4680BD73
S31508004A4080B588B000AFF860B9603B601346FB716B
S31508004A50FDF71CFD0246BB6A9B1A3A681344FB61C4
S31508004A60FDF714FDB861394B1B685B011B0DFA692C
S31508004A7002FB03F37B6154E03B68B3F1FF3F50D080
S31508004A80FDF704FD0246BB69D31AFA699A4202D9B0
S31508004A90FB69002B3DD1FB681B685A68FB681B68DD
S31508004AA022F0E0025A60FB685B68B3F5827F11D199
S31508004AB0FB689B68B3F5004F04D0FB689B68B3F5A9
S31508004AC0806F07D1FB681B681A68FB681B6822F0B1
S31508004AD040021A60FB689B6AB3F5005F0FD1FB685A
S31508004AE01B681A68FB681B6822F400521A60FB6888
S31508004AF01B681A68FB681B6842F400521A60FB6858
S31508004B00012283F85D20FB68002283F85C200323DA
S31508004B1017E07B69002B01D10023FB617B69013B10
S31508004B207B61FB681B689A68BB681340BA689A423F
S31508004B300CBF01230023DBB21A46FB799A429BD1AC
S31508004B40002318462037BD4680BD00BF040000205C
S31508004B5080B58AB000AFF860B9607A603B60002320
S31508004B60FB75FDF793FC02463B6B9B1A3A681344A8
S31508004B707B62FDF78BFC3862FB681B680C33FB61B4
S31508004B803D4B1A6813469B001344DA00D31A1B0DD3
S31508004B907A6A02FB03F3BB6160E0BB68B3F5C06FDA
S31508004BA007D17B68002B04D1FB691B78DBB2FB7548
S31508004BB0FB7D3B68B3F1FF3F50D0FDF767FC02462B
S31508004BC03B6AD31A7A6A9A4202D97B6A002B3DD18C
S31508004BD0FB681B685A68FB681B6822F0E0025A608B
S31508004BE0FB685B68B3F5827F11D1FB689B68B3F5F8
S31508004BF0004F04D0FB689B68B3F5806F07D1FB684C
S31508004C001B681A68FB681B6822F040021A60FB687A
S31508004C109B6AB3F5005F0FD1FB681B681A68FB68CF
S31508004C201B6822F400521A60FB681B681A68FB6846
S31508004C301B6842F400521A60FB68012283F85D2063
S31508004C40FB68002283F85C20032310E0BB69002B75
S31508004C5001D100237B62BB69013BBB61FB681B6812
S31508004C609A68BB6813407A689A4296D10023184618
S31508004C702837BD4680BD00BF0400002080B586B039
S31508004C8002AFF860B9607A607B680093BB6800225F
S31508004C904FF4C051F868FFF75BFF0346002B07D0B7
S31508004CA0FB681B6E43F02002FB681A66032327E0A5
S31508004CB07B680093BB6800228021F868FFF7C0FE76
S31508004CC00346002B07D0FB681B6E43F02002FB68E7
S31508004CD01A66032314E07B680093BB6800224FF42E
S31508004CE0C061F868FFF734FF0346002B07D0FB685E
S31508004CF01B6E43F02002FB681A66032300E00023BC
S31508004D0018461037BD4680BD80B582B000AF7860C2
S31508004D107B68002B01D1012340E07B68DB6F002B09
S31508004D2006D17B68002283F878207868FDF740F979
S31508004D307B682422DA677B681B681A687B681B68AD
S31508004D4022F001021A607B685B6A002B02D0786841
S31508004D5000F052FE786800F097FB0346012B01D15C
S31508004D6001231BE07B681B685A687B681B6822F472
S31508004D7090425A607B681B689A687B681B6822F0B9
S31508004D802A029A607B681B681A687B681B6842F06F
S31508004D9001021A60786800F0D1FE03461846083703
S31508004DA0BD4680BD80B58AB000AFF860B9601346CD
S31508004DB0FB80FB68D3F88030202B37D1BB68002BEB
S31508004DC002D0FB88002B01D1012330E0FB680022CA
S31508004DD01A66FB681B68184A93421FD0FB681B6853
S31508004DE05B6803F40003002B18D0FB681B687B6123
S31508004DF07B6953E8003F3B613B6943F080637B6214
S31508004E00FB681B681A467B6A3B62FA61F9693A6A6B
S31508004E1041E80023BB61BB69002BE6D1FB881A4633
S31508004E20B968F86800F0A0FF034600E002231846B8
S31508004E302837BD4680BD00BF0080004080B5BAB0A7
S31508004E4000AF78607B681B68DB69C7F8E4307B686D
S31508004E501B681B68C7F8E0307B681B689B68C7F847
S31508004E60DC30D7F8E42040F60F031340C7F8D830F3
S31508004E70D7F8D830002B15D1D7F8E43003F0200343
S31508004E80002B0FD0D7F8E03003F02003002B09D011
S31508004E907B689B6E002B00F0CA827B689B6E7868E5
S31508004EA09847C4E2D7F8D830002B00F01781D7F816
S31508004EB0DC3003F00103002B06D1D7F8E020854B40
S31508004EC01340002B00F00A81D7F8E43003F0010301
S31508004ED0002B11D0D7F8E03003F48073002B0BD0E9
S31508004EE07B681B6801221A627B68D3F8843043F01A
S31508004EF001027B68C3F88420D7F8E43003F0020384
S31508004F00002B11D0D7F8DC3003F00103002B0BD0AF
S31508004F107B681B6802221A627B68D3F8843043F0E8
S31508004F2004027B68C3F88420D7F8E43003F004034E
S31508004F30002B11D0D7F8DC3003F00103002B0BD07F
S31508004F407B681B6804221A627B68D3F8843043F0B6
S31508004F5002027B68C3F88420D7F8E43003F008031C
S31508004F60002B17D0D7F8E03003F02003002B05D12B
S31508004F70D7F8DC3003F00103002B0BD07B681B68E5
S31508004F8008221A627B68D3F8843043F008027B68EB
S31508004F90C3F88420D7F8E43003F40063002B12D05A
S31508004FA0D7F8E03003F08063002B0CD07B681B68D1
S31508004FB04FF400621A627B68D3F8843043F020020B
S31508004FC07B68C3F884207B68D3F88430002B00F014
S31508004FD03082D7F8E43003F02003002B0DD0D7F841
S31508004FE0E03003F02003002B07D07B689B6E002B74
S31508004FF003D07B689B6E786898477B68D3F88430C3
S31508005000C7F8D4307B681B689B6803F04003402BC5
S3150800501005D0D7F8D43003F02803002B4FD0786892
S3150800502000F068FF7B681B689B6803F04003402B11
S3150800503041D17B681B680833C7F89C30D7F89C3089
S3150800504053E8003FC7F89830D7F8983023F0400364
S31508005050C7F8D0307B681B680833D7F8D020C7F864
S31508005060A820C7F8A430D7F8A410D7F8A82041E894
S315080050700023C7F8A030D7F8A030002BD9D17B6819
S315080050805B6F002B13D07B685B6F134A9A637B6850
S315080050905B6F1846FDF779FB0346002B17D07B6834
S315080050A05B6F9B6B7A68526F104698470FE078687B
S315080050B000F0D4F90BE0786800F0D0F907E07868DA
S315080050C000F0CCF97B680022C3F88420B1E100BF68
S315080050D0AFE100BF20010004BD5F00087B681B6EBE
S315080050E0012B40F06A81D7F8E43003F01003002B57
S315080050F000F06381D7F8E03003F01003002B00F0CE
S315080051005C817B681B6810221A627B681B689B6837
S3150800511003F04003402B40F0D4807B685B6F1B682C
S315080051205B68A7F8BE30B7F8BE30002B00F0AD803C
S315080051307B68B3F85830B7F8BE209A4280F0A5804D
S315080051407B68B7F8BE20A3F85A207B685B6F1B689C
S315080051501B6803F02003002B40F086807B681B68E1
S31508005160C7F88830D7F8883053E8003FC7F8843046
S31508005170D7F8843023F48073C7F8B8307B681B6887
S315080051801A46D7F8B830C7F89430C7F89020D7F839
S315080051909010D7F8942041E80023C7F88C30D7F848
S315080051A08C30002BDAD17B681B6808337B677B6FF2
S315080051B053E8003F3B673B6F23F00103C7F8B43061
S315080051C07B681B680833D7F8B420C7F88020FB67CC
S315080051D0F96FD7F8802041E80023BB67BB6F002B27
S315080051E0E1D17B681B6808333B663B6E53E8003F9A
S315080051F0FB65FB6D23F04003C7F8B0307B681B687E
S315080052000833D7F8B020FA66BB66B96EFA6E41E87D
S3150800521000237B667B6E002BE3D17B682022C3F8D4
S3150800522080207B6800221A667B681B68FB64FB6C1F
S3150800523053E8003FBB64BB6C23F01003C7F8AC30DF
S315080052407B681B681A46D7F8AC30BB657A65796DFA
S31508005250BA6D41E800233B653B6D002BE4D17B68C2
S315080052605B6F1846FDF753FA7B6802225A667B681D
S31508005270B3F858207B68B3F85A309BB2D31A9BB25E
S315080052801946786800F0F4F8D5E07B68B3F858302A
S31508005290B7F8BE209A4240F0CE807B685B6F1B68E9
S315080052A01B6803F02003202B40F0C5807B68022290
S315080052B05A667B68B3F858301946786800F0D8F80B
S315080052C0B9E07B68B3F858207B68B3F85A309BB2CC
S315080052D0D31AA7F8CE307B68B3F85A309BB2002BA6
S315080052E000F0AB80B7F8CE30002B00F0A6807B68C4
S315080052F01B68BB63BB6B53E8003F7B637B6B23F484
S315080053009073C7F8C8307B681B681A46D7F8C83048
S315080053107B643A64396C7A6C41E80023FB63FB6B67
S31508005320002BE4D17B681B6808337B627B6A53E8F1
S31508005330003F3B623B6A23F00103C7F8C4307B6831
S315080053401B680833D7F8C4203A63FB62F96A3A6BDC
S3150800535041E80023BB62BB6A002BE3D17B682022AD
S31508005360C3F880207B6800221A667B6800229A664A
S315080053707B681B683B613B6953E8003FFB60FB6841
S3150800538023F01003C7F8C0307B681B681A46D7F8A5
S31508005390C030FB61BA61B969FA6941E800237B61EB
S315080053A07B69002BE4D17B6802225A66B7F8CE30B7
S315080053B01946786800F05CF83FE0D7F8E43003F463
S315080053C08013002B0ED0D7F8DC3003F48003002BB3
S315080053D008D07B681B684FF480121A62786800F060
S315080053E0E9FF2DE0D7F8E43003F08003002B0ED058
S315080053F0D7F8E03003F08003002B08D07B68DB6E1B
S31508005400002B1CD07B68DB6E7868984717E0D7F8C6
S31508005410E43003F04003002B12D0D7F8E03003F055
S315080054204003002B0CD0786800F0DEFD08E000BFD2
S3150800543006E000BF04E000BF02E000BF00E000BFD6
S31508005440E837BD4680BD00BF80B483B000AF786042
S3150800545000BF0C37BD465DF8047B704780B483B047
S3150800546000AF786000BF0C37BD465DF8047B704717
S3150800547080B483B000AF78600B467B8000BF0C37E2
S31508005480BD465DF8047B70472DE9B04F8AB000AF82
S31508005490F860002387F82230FB689A68FB681B6966
S315080054A01A43FB685B691A43FB68DB6913437B6233
S315080054B0FB681B681A68A44B1340FA681268796A75
S315080054C00B431360FB681B685B6823F44051FB6859
S315080054D0DA68FB681B680A435A60FB689B697B624B
S315080054E0FB681B68994A934204D0FB681B6A7A6A70
S315080054F013437B62FB681B689B6823F43061FB6877
S315080055001B687A6A0A439A60FB681B68904A93424A
S3150800551026D1904BD3F8883003F00303032B1BD80E
S3150800552001A252F823F000BF395500084955000872
S315080055304155000851550008012387F8233016E124
S31508005540022387F8233012E1042387F823300EE17B
S31508005550082387F823300AE1102387F8233006E169
S31508005560FB681B687C4A934238D17A4BD3F888305B
S3150800557003F00C030C2B2DD801A252F823F000BF20
S31508005580B5550008D5550008D5550008D555000865
S31508005590C5550008D5550008D5550008D555000845
S315080055A0BD550008D5550008D5550008D55500083D
S315080055B0CD550008002387F82330D8E0022387F862
S315080055C02330D4E0042387F82330D0E0082387F873
S315080055D02330CCE0102387F82330C8E0FB681B682B
S315080055E05E4A934225D15B4BD3F8883003F03003EB
S315080055F0302B16D0302B18D8202B0AD0202B14D8B5
S31508005600002B02D0102B08D00FE0002387F8233098
S31508005610ADE0022387F82330A9E0042387F8233076
S31508005620A5E0082387F82330A1E0102387F8233064
S315080056309DE0FB681B684A4A934225D1454BD3F83F
S31508005640883003F0C003C02B16D0C02B18D8802B87
S315080056500AD0802B14D8002B02D0402B08D00FE09C
S31508005660002387F8233082E0022387F823307EE080
S31508005670042387F823307AE0082387F8233076E076
S31508005680102387F8233072E0FB681B68354A93427B
S315080056902AD1304BD3F8883003F44073B3F5407FF2
S315080056A01AD0B3F5407F1BD8B3F5007F0CD0B3F5FD
S315080056B0007F15D8002B03D0B3F5807F08D00FE004
S315080056C0002387F8233052E0022387F823304EE080
S315080056D0042387F823304AE0082387F8233046E076
S315080056E0102387F8233042E0FB681B68174A934269
S315080056F03AD1184BD3F8883003F44063B3F5406FBA
S315080057001AD0B3F5406F1BD8B3F5006F0CD0B3F5BC
S31508005710006F15D8002B03D0B3F5806F08D00FE0C3
S31508005720002387F8233022E0022387F823301EE07F
S31508005730042387F823301AE0082387F8233016E075
S31508005740102387F8233012E0F369FFEF008000404A
S315080057500038014000100240004400400048004064
S31508005760004C004000500040102387F82330FB68A7
S315080057701B689F4A93427AD197F82330082B24D87E
S3150800578001A252F823F000BFAD570008CB57000816
S31508005790B5570008CB570008BB570008CB57000879
S315080057A0CB570008CB570008C3570008FDF7C8FFBA
S315080057B0F86110E08F4BFB610DE0FDF729FFF861FA
S315080057C009E04FF40043FB6105E00023FB61012378
S315080057D087F8223000BFFB69002B00F0FB80FB68CE
S315080057E05A6813465B001344FA699A4205D3FB6864
S315080057F05B681B03FA699A4203D9012387F82230AA
S31508005800E8E0FB6900221C4615464FF000024FF0FF
S3150800581000032B0243EA14632202F968496849081F
S3150800582000208846814612EB080A43EB090BFB6801
S315080058305B6800223B607A60D7E9002350465946E8
S31508005840FBF724F802460B461346BB61BB69B3F562
S31508005850407F08D3BB69B3F5801F04D2FB681B6879
S31508005860BA69DA60B6E0012387F82230B2E0FB684D
S31508005870DB69B3F5004F5ED197F82330082B28D89B
S3150800588001A252F823F000BFAD580008B558000829
S31508005890BD580008D3580008C3580008D358000854
S315080058A0D3580008D3580008CB580008FDF748FF1E
S315080058B0F86114E0FDF75AFFF86110E04D4BFB6103
S315080058C00DE0FDF7A5FEF86109E04FF40043FB6122
S315080058D005E00023FB61012387F8223000BFFB693E
S315080058E0002B77D0FB695A00FB685B685B081A4493
S315080058F0FB685B68B2FBF3F3BB61BB690F2B16D978
S31508005900BB69B3F5803F12D2BB699BB223F00F0384
S31508005910FB82BB695B089BB203F007039AB2FB8A5A
S315080059201343FB82FB681B68FA8ADA6052E001239C
S3150800593087F822304EE097F82330082B27D801A2A3
S3150800594052F823F069590008715900087959000876
S315080059508F5900087F5900088F5900088F59000889
S315080059608F59000887590008FDF7EAFEF86114E028
S31508005970FDF7FCFEF86110E01E4BFB610DE0FDF73C
S3150800598047FEF86109E04FF40043FB6105E0002398
S31508005990FB61012387F8223000BFFB69002B19D071
S315080059A0FB685B685A08FB691A44FB685B68B2FBCC
S315080059B0F3F3BB61BB690F2B09D9BB69B3F5803F0C
S315080059C005D2BB699AB2FB681B68DA6002E001235C
S315080059D087F82230FB6800229A66FB680022DA669E
S315080059E097F8223018462837BD46BDE8B08F00BF65
S315080059F0008000400024F40080B483B000AF7860D3
S31508005A007B685B6A03F00803002B0AD07B681B6877
S31508005A105B6823F400417B685A6B7B681B680A4302
S31508005A205A607B685B6A03F00103002B0AD07B6827
S31508005A301B685B6823F400317B689A6A7B681B687D
S31508005A400A435A607B685B6A03F00203002B0AD09C
S31508005A507B681B685B6823F480317B68DA6A7B683D
S31508005A601B680A435A607B685B6A03F00403002BD1
S31508005A700AD07B681B685B6823F480217B681A6BF5
S31508005A807B681B680A435A607B685B6A03F01003ED
S31508005A90002B0AD07B681B689B6823F480517B68BF
S31508005AA09A6B7B681B680A439A607B685B6A03F09B
S31508005AB02003002B0AD07B681B689B6823F40051DF
S31508005AC07B68DA6B7B681B680A439A607B685B6A4B
S31508005AD003F04003002B1AD07B681B685B6823F42D
S31508005AE080117B681A6C7B681B680A435A607B685E
S31508005AF01B6CB3F5801F0AD17B681B685B6823F4AF
S31508005B00C0017B685A6C7B681B680A435A607B68CD
S31508005B105B6A03F08003002B0AD07B681B685B680E
S31508005B2023F400217B689A6C7B681B680A435A60D9
S31508005B3000BF0C37BD465DF8047B704780B598B04A
S31508005B4002AF78607B680022C3F88420FCF79EFCCD
S31508005B5078657B681B681B6803F00803082B2ED141
S31508005B606FF07E4300937B6D00224FF40011786836
S31508005B7000F08CF80346002B21D07B681B68BB63BA
S31508005B80BB6B53E8003F7B637B6B23F080033B656D
S31508005B907B681B681A463B6D7B643A64396C7A6C81
S31508005BA041E80023FB63FB6B002BE6D17B682022D0
S31508005BB0DA677B68002283F87820032362E07B6833
S31508005BC01B681B6803F00403042B49D16FF07E435E
S31508005BD000937B6D00224FF48001786800F056F838
S31508005BE00346002B3CD07B681B687B627B6A53E8C4
S31508005BF0003F3B623B6A23F49073FB647B681B6837
S31508005C001A46FB6C3B63FA62F96A3A6B41E8002371
S31508005C10BB62BB6A002BE6D17B681B6808333B6115
S31508005C203B6953E8003FFB60FB6823F00103BB6454
S31508005C307B681B680833BA6CFA61BB61B969FA6993
S31508005C4041E800237B617B69002BE5D17B68202234
S31508005C50C3F880207B68002283F87820032311E0AC
S31508005C607B682022DA677B682022C3F880207B685D
S31508005C7000221A667B6800225A667B68002283F82F
S31508005C807820002318465837BD4680BD80B584B0B5
S31508005C9000AFF860B9603B601346FB714FE0BB6923
S31508005CA0B3F1FF3F4BD0FCF7F1FB02463B68D31A32
S31508005CB0BA699A4202D3BB69002B01D103234EE08D
S31508005CC0FB681B681B6803F00403002B37D0BB680E
S31508005CD0802B34D0BB68402B31D0FB681B68DB694E
S31508005CE003F00803082B10D1FB681B6808221A6208
S31508005CF0F86800F0FFF8FB680822C3F88420FB6800
S31508005D00002283F87820012329E0FB681B68DB69F9
S31508005D1003F40063B3F5006F11D1FB681B684FF4F9
S31508005D2000621A62F86800F0E5F8FB682022C3F8FA
S31508005D308420FB68002283F8782003230FE0FB68A1
S31508005D401B68DA69BB681340BA689A420CBF01231C
S31508005D500023DBB21A46FB799A42A0D000231846E4
S31508005D601037BD4680BD000080B497B000AFF8601C
S31508005D70B9601346FB80FB68BA685A65FB68FA88FF
S31508005D80A3F85820FB68FA88A3F85A20FB68002273
S31508005D909A66FB689B68B3F5805F0ED1FB681B6942
S31508005DA0002B05D1FB6840F2FF12A3F85C202DE01A
S31508005DB0FB68FF22A3F85C2028E0FB689B68002BA1
S31508005DC00DD1FB681B69002B04D1FB68FF22A3F8E1
S31508005DD05C201BE0FB687F22A3F85C2016E0FB68CA
S31508005DE09B68B3F1805F0DD1FB681B69002B04D15A
S31508005DF0FB687F22A3F85C2008E0FB683F22A3F833
S31508005E005C2003E0FB680022A3F85C20FB68002204
S31508005E10C3F88420FB682222C3F88020FB681B682D
S31508005E200833FB63FB6B53E8003FBB63BB6B43F074
S31508005E3001037B65FB681B6808337A6DBA647B646B
S31508005E40796CBA6C41E800233B643B6C002BE5D1C6
S31508005E50FB689B68B3F5805F07D1FB681B69002B5D
S31508005E6003D1FB68214A9A6602E0FB68204A9A66D3
S31508005E70FB681B69002B19D0FB681B68BB62BB6AF1
S31508005E8053E8003F7B627B6A43F49073FB64FB68CC
S31508005E901B681A46FB6C7B633A63396B7A6B41E87D
S31508005EA00023FB62FB6A002BE6D118E0FB681B683F
S31508005EB07B617B6953E8003F3B613B6943F0200304
S31508005EC03B65FB681B681A463B6D3B62FA61F969DC
S31508005ED03A6A41E80023BB61BB69002BE6D100237F
S31508005EE018465C37BD465DF8047B7047F9610008C3
S31508005EF03D60000880B495B000AF78607B681B6889
S31508005F007B637B6B53E8003F3B633B6B23F49073E7
S31508005F10FB647B681B681A46FB6C3B64FA63F96B87
S31508005F203A6C41E80023BB63BB6B002BE6D17B6868
S31508005F301B6808333B623B6A53E8003FFB61FB6919
S31508005F4023F00103BB647B681B680833BA6CFA62EA
S31508005F50BB62B96AFA6A41E800237B627B6A002B56
S31508005F60E5D17B681B6E012B18D17B681B68FB602B
S31508005F70FB6853E8003FBB60BB6823F010037B64F3
S31508005F807B681B681A467B6CBB617A617969BA695A
S31508005F9041E800233B613B69002BE6D17B68202260
S31508005FA0C3F880207B6800221A667B6800229A66FE
S31508005FB000BF5437BD465DF8047B704780B584B092
S31508005FC000AF78607B689B6AFB60FB680022A3F8D9
S31508005FD05A20FB680022A3F85220F868FFF73EFA19
S31508005FE000BF1037BD4680BD80B588B000AF786069
S31508005FF07B681B68FB60FB6853E8003FBB60BB68B7
S3150800600023F04003FB617B681B681A46FB69BB618A
S315080060107A617969BA6941E800233B613B69002BDB
S31508006020E6D17B682022DA677B680022DA66786820
S31508006030FFF70AFA00BF2037BD4680BD80B59CB081
S3150800604000AF78607B68B3F85C30A7F86E307B6881
S31508006050D3F88030222B40F0BE807B681B689B8C6F
S31508006060A7F86C30B7F86C30D9B2B7F86E30DAB238
S315080060707B685B6D0A40D2B21A707B685B6D5A1CEE
S315080060807B685A657B68B3F85A309BB2013B9AB273
S315080060907B68A3F85A207B68B3F85A309BB2002B6A
S315080060A040F0A3807B681B68FB64FB6C53E8003FE9
S315080060B0BB64BB6C23F49073BB667B681B681A468B
S315080060C0BB6EBB657A65796DBA6D41E800233B65A1
S315080060D03B6D002BE6D17B681B680833BB63BB6B43
S315080060E053E8003F7B637B6B23F001037B667B6889
S315080060F01B6808337A6E7A643B64396C7A6C41E8BB
S315080061000023FB63FB6B002BE5D17B682022C3F8D9
S3150800611080207B6800229A667B6800225A667B6824
S315080061201B68344A93421FD07B681B685B6803F47C
S315080061300003002B18D07B681B687B627B6A53E8D8
S31508006140003F3B623B6A23F080633B667B681B68C3
S315080061501A463B6E3B63FA62F96A3A6B41E80023DA
S31508006160BB62BB6A002BE6D17B681B6E012B2ED166
S315080061707B6800221A667B681B683B613B6953E8AB
S31508006180003FFB60FB6823F01003FB657B681B6818
S315080061901A46FB6DFB61BA61B969FA6941E80023E1
S315080061A07B617B69002BE6D17B681B68DB6903F0A2
S315080061B01003102B03D17B681B6810221A627B68B8
S315080061C0B3F8583019467868FFF752F90DE0786841
S315080061D0FBF7CAFB09E07B681B681B8B9AB27B68D6
S315080061E01B6842F0080292B21A8300BF7037BD4698
S315080061F080BD00BF0080004080B59CB000AF7860CD
S315080062007B68B3F85C30A7F86E307B68D3F88030CB
S31508006210222B40F0BE807B681B689B8CA7F86C30ED
S315080062207B685B6DBB66B7F86C20B7F86E301340B9
S315080062309AB2BB6E1A807B685B6D9A1C7B685A653E
S315080062407B68B3F85A309BB2013B9AB27B68A3F8D5
S315080062505A207B68B3F85A309BB2002B40F0A380D3
S315080062607B681B68BB64BB6C53E8003F7B647B6C34
S3150800627023F490737B667B681B681A467B6E7B6586
S315080062803A65396D7A6D41E80023FB64FB6C002B97
S31508006290E6D17B681B6808337B637B6B53E8003F5A
S315080062A03B633B6B23F001033B667B681B68083343
S315080062B03A6E3A64FB63F96B3A6C41E80023BB63B8
S315080062C0BB6B002BE5D17B682022C3F880207B6856
S315080062D000229A667B6800225A667B681B68344AE5
S315080062E093421FD07B681B685B6803F40003002B8E
S315080062F018D07B681B683B623B6A53E8003FFB612A
S31508006300FB6923F08063FB657B681B681A46FB6D97
S31508006310FB62BA62B96AFA6A41E800237B627B6A61
S31508006320002BE6D17B681B6E012B2ED17B680022E1
S315080063301A667B681B68FB60FB6853E8003FBB6016
S31508006340BB6823F01003BB657B681B681A46BB6DE8
S31508006350BB617A617969BA6941E800233B613B69A7
S31508006360002BE6D17B681B68DB6903F01003102B52
S3150800637003D17B681B6810221A627B68B3F8583011
S3150800638019467868FFF774F80DE07868FBF7ECFAB9
S3150800639009E07B681B681B8B9AB27B681B6842F016
S315080063A0080292B21A8300BF7037BD4680BD00BF8F
S315080063B00080004080B483B000AF786000BF0C371F
S315080063C0BD465DF8047B704780B500AF04490548B3
S315080063D003F0C6F903461A46034B1A7000BF80BD80
S315080063E090230020100000208C23002080B400AFEA
S315080063F000231846BD465DF8047B704780B582B019
S3150800640000AF0346FB71FB791846FAF789FD034688
S3150800641018460837BD4680BD80B582B000AF034632
S31508006420FB71FB791846FAF761FE034618460837EA
S31508006430BD4680BD80B584B000AFB9607A603B6068
S315080064400346FB73F87B3B687A68B968FAF764FE1B
S31508006450034618461037BD4680BD80B584B000AFE8
S31508006460B9607A603B600346FB73F87B3B687A68E1
S31508006470B968FAF7BBFE034618461037BD4680BD15
S3150800648080B582B000AF03463A60FB710B46BB711C
S31508006490B979FB793A681846FAF72CFF0346184685
S315080064A00837BD4680BD000080B584B000AF0346FE
S315080064B0FB71FB79084A9B0013445B685B68FA79B1
S315080064C005490A44127A104698470346FB73FB7B34
S315080064D018461037BD4680BDBC25002080B584B05F
S315080064E000AF0346FB710023FB73FB790D4AD35CAF
S315080064F0002B11D1FB790B4A0121D154FB79094AAA
S315080065009B0013445B681B68FA7906490A44127AA9
S31508006510104698470346FB73FB7B18461037BD4663
S3150800652080BD00BFBC25002090B587B000AFB9601C
S315080065307A603B600346FB73FB7B0A4A9B00134465
S315080065405B689C68FB7B074A1344187A3B687A6841
S31508006550B968A0470346FB75FB7D18461C37BD4640
S3150800656090BD00BFBC25002090B587B000AFB960CC
S315080065707A603B600346FB73FB7B0A4A9B00134425
S315080065805B68DC68FB7B074A1344187A3B687A68C1
S31508006590B968A0470346FB75FB7D18461C37BD4600
S315080065A090BD00BFBC25002080B584B000AF03466F
S315080065B03A60FB710B46BB71FB79094A9B00134491
S315080065C05B681B69FA7906490A44107AB9793A6808
S315080065D098470346FB73FB7B18461037BD4680BDBC
S315080065E0BC25002080B485B000AF78607B68013395
S315080065F01B78FB81B7F90E301B021AB27B681B7831
S315080066001BB213431BB2FB81FB8918461437BD46E0
S315080066105DF8047B704780B485B000AF78607B680E
S3150800662003331B78FB60FB681B027A680232127818
S315080066301343FB60FB681B027A6801321278134326
S31508006640FB60FB681B027A6812781343FB60FB68E1
S3150800665018461437BD465DF8047B704780B483B08E
S3150800666000AF78600B467B807B685A1C7A607A8814
S31508006670D2B21A707B881B0A7B807B685A1C7A60A8
S315080066807A88D2B21A7000BF0C37BD465DF8047B13
S31508006690704780B483B000AF786039607B685A1C55
S315080066A07A603A68D2B21A703B681B0A3B607B680C
S315080066B05A1C7A603A68D2B21A703B681B0A3B6069
S315080066C07B685A1C7A603A68D2B21A703B681B0A11
S315080066D03B607B685A1C7A603A68D2B21A7000BF6F
S315080066E00C37BD465DF8047B704780B487B000AFB1
S315080066F0F860B9607A60FB687B61BB683B617B6860
S31508006700002B0DD03A69531C3B617B69591C796192
S3150800671012781A707B68013B7B607B68002BF1D18D
S3150800672000BF1C37BD465DF8047B704780B487B050
S3150800673000AFF860B9607A60FB687B617B695A1CB8
S315080067407A61BA68D2B21A707B68013B7B607B6853
S31508006750002BF3D100BF00BF1C37BD465DF8047B94
S31508006760704780B489B000AFF860B9607A60FB689A
S31508006770FB61BB68BB6100237B61FB695A1CFA613C
S315080067801B781946BB695A1CBA611B78CB1A7B6100
S315080067907B68013B7B607B68002B02D07B69002B02
S315080067A0EBD07B6918462437BD465DF8047B7047F5
S315080067B080B483B000AF7860396002E07B6801334B
S315080067C07B607B681B78002B05D07B681B781A4694
S315080067D03B689342F2D17B681B7818460C37BD4656
S315080067E05DF8047B7047000080B485B000AF786020
S315080067F039600023BB60BB68FB6029E0274AFB6859
S315080068001B0113441B68002B1DD0244AFB681B017F
S3150800681013441A687B681B689A4216D11F4AFB689C
S315080068201B01134404331A687B689B689A420CD18F
S315080068301A4AFB681B01134408331A687B685B69AC
S315080068409A4202D107E00123BB60FB680133FB6073
S31508006850FB68012BD2D9FB68022B09D1BB68002B38
S3150800686002D13B68022B01D1002310E012230EE06F
S315080068703B68002B08D1094AFB681B0113440C33FB
S315080068801B88B3F5807F01D1102300E0002318464A
S315080068901437BD465DF8047B704700BF9C23002073
S315080068A080B483B000AF00237B6002E07B680133CD
S315080068B07B607B68012B06D8094A7B681B01134459
S315080068C01B68002BF2D17B68022B14BF012300231F
S315080068D0DBB218460C37BD465DF8047B704700BF2F
S315080068E09C23002080B485B000AF7860396000230F
S315080068F0FB601FE0414AFB681B0113441A687B686A
S315080069001B689A4213D13D4AFB681B0113440433A2
S315080069101A687B689B689A4209D1384AFB681B014A
S31508006920134408331A687B685B699A4206D0FB6889
S315080069300133FB60FB68012BDCD900E000BFFB6874
S31508006940022B32D10023FB6002E0FB680133FB60B7
S31508006950FB68012B06D8294AFB681B0113441B68F0
S31508006960002BF2D1FB68022B01D1002340E07B68A3
S315080069701A682249FB681B010B441A607B689A68EF
S315080069801E49FB681B010B4404331A607B685A696D
S315080069901A49FB681B010B4408331A60174AFB683F
S315080069A01B0113440C3300221A803B68002B09D0C4
S315080069B0124AFB681B0113440C331B88002B01D0B9
S315080069C0002315E03B68002B08D10C4AFB681B0125
S315080069D013440C331B8801339AB201E04FF48072DA
S315080069E00649FB681B010B440C331A80FB6801330C
S315080069F018461437BD465DF8047B70479C23002073
S31508006A0080B485B000AF78607B68013B7B607B68AB
S31508006A10012B25D8174A7B681B0113440C331B88A6
S31508006A20FB81FB89B3F5807F01D10023FB81FB89BC
S31508006A30002B02D0FB89013BFB810E4A7B681B01B8
S31508006A4013440C33FA891A80FB89002B05D1094AAD
S31508006A507B681B01134400221A6000237B7301E044
S31508006A6002237B737B7B18461437BD465DF8047B8F
S31508006A70704700BF9C23002080B485B000AF7860C3
S31508006A800023FB6010E00D4AFB681B0113441B68DA
S31508006A907A689A4205D1094AFB681B011344002209
S31508006AA01A60FB680133FB60FB68012BEBD900BF5A
S31508006AB000BF1437BD465DF8047B70479C23002051
S31508006AC080B586B000AF78600023FB737B68DB78FF
S31508006AD0002B34D07B685B6B7B617B6858787B685E
S31508006AE003F1380101237A69FFF73EFD0346002BBF
S31508006AF002D00123FB7322E07B680022DA707B68F0
S31508006B009B6A7A69D21A7B681B6A9A4217D27B6893
S31508006B109B783B6110E07B681B6A7A6913447B614A
S31508006B207B6858787B6803F1380101237A69FFF797
S31508006B301BFD3B69013B3B613B69012BEBD8FB7BAA
S31508006B4018461837BD4680BD80B584B000AF78605A
S31508006B5039600023FB737B685B6B3A689A421BD0EB
S31508006B607868FFF7ADFF0346FB73FB7B002B13D159
S31508006B707B6858787B6803F1380101233A68FFF788
S31508006B80D3FC0346002B04D04FF0FF333B600123B0
S31508006B90FB737B683A685A63FB7B18461037BD4619
S31508006BA080BD000080B584B000AF78607868FFF7D4
S31508006BB087FF0346FB73FB7B002B59D17B681B7849
S31508006BC0032B49D17B681B79012B45D17B6803F1DF
S31508006BD038007B689B891A460021FFF7A7FD7B686A
S31508006BE0383303F5FF734AF655211846FFF736FD85
S31508006BF07B68383321491846FFF74BFD7B683833E5
S31508006C0003F5F2731E491846FFF743FD7B683833D0
S31508006C1003F5F4727B689B6919461046FFF739FD40
S31508006C207B68383303F5F6727B685B69194610464C
S31508006C30FFF72FFD7B685B6A5A1C7B685A637B6883
S31508006C4058787B6803F138017B685A6B0123FFF794
S31508006C508BFC7B6800221A717B685B780022002116
S31508006C601846FFF7A1FC0346002B01D00123FB734E
S31508006C70FB7B18461037BD4680BD00BF52526141A6
S31508006C807272416180B483B000AF786039603B6846
S31508006C90023B3B607B68DB69023B3A689A4201D358
S31508006CA0002308E07B685B891A463B6803FB02F20F
S31508006CB07B681B6B134418460C37BD465DF8047B8E
S31508006CC0704780B586B000AF786039607B681B680E
S31508006CD03B613B68012B04D93B69DB693A689A42F8
S31508006CE002D301237B61BAE04FF0FF337B613B6936
S31508006CF01B78032B00F08280032B00F3A680012B60
S31508006D0002D0022B55D0A0E03B68FB60FB685B080D
S31508006D10FA681344FB603B699A6A3B699B89194682
S31508006D20FB68B3FBF1F3134419463869FFF70CFF08
S31508006D300346002B40F08C80FB685A1CFA603A69BF
S31508006D409289B3FBF2F101FB02F29B1A3A691344EA
S31508006D5093F83830BB603B699A6A3B699B89194648
S31508006D60FB68B3FBF1F3134419463869FFF7ECFEE9
S31508006D700346002B6ED13B699B891A46FB68B3FB19
S31508006D80F2F101FB02F29B1A3A69134493F8383080
S31508006D901B02BA681343BB603B6803F00103002B70
S31508006DA002D0BB681B0902E0BB68C3F30B037B6117
S31508006DB055E03B699A6A3B699B895B089BB2194611
S31508006DC03B68B3FBF1F3134419463869FFF7BCFE79
S31508006DD00346002B40D13B6903F138013B685B0051
S31508006DE03A699289B3FBF2F000FB02F29B1A0B4454
S31508006DF01846FFF7F7FB03467B6130E03B699A6A62
S31508006E003B699B899B089BB219463B68B3FBF1F328
S31508006E10134419463869FFF797FE0346002B1DD120
S31508006E203B6903F138013B689B003A699289B3FBD9
S31508006E30F2F000FB02F29B1A0B441846FFF7EBFB35
S31508006E40034623F070437B6109E001237B6106E07A
S31508006E5000BF04E000BF02E000BF00E000BF7B699E
S31508006E6018461837BD4680BD90B589B000AFF860A2
S31508006E70B9607A600223FB77BB68012B40F209816F
S31508006E80FB68DB69BA689A4280F00381FB681B7865
S31508006E90032B00F0B680032B00F3FB80012B03D0F5
S31508006EA0022B00F08380F4E0BB68BB61BB695B081A
S31508006EB0BA691344BB61FB689A6AFB689B891946E1
S31508006EC0BB69B3FBF1F313441946F868FFF73CFEB8
S31508006ED00346FB77FB7F002B40F0D480FB6803F169
S31508006EE03801BB695A1CBA61FA689289B3FBF2F099
S31508006EF000FB02F29B1A0B447B61BB6803F001039B
S31508006F00002B0DD07B691B785BB203F00F035AB2D6
S31508006F107B685BB21B015BB213435BB2DBB201E079
S31508006F207B68DBB27A691370FB680122DA70FB684A
S31508006F309A6AFB689B891946BB69B3FBF1F313444C
S31508006F401946F868FFF700FE0346FB77FB7F002B20
S31508006F5040F09A80FB6803F13801FB689B891A4662
S31508006F60BB69B3FBF2F000FB02F29B1A0B447B6190
S31508006F70BB6803F00103002B03D07B681B09DBB257
S31508006F800EE07B691B785BB223F00F035AB27B686D
S31508006F901B0A5BB203F00F035BB213435BB2DBB2AF
S31508006FA07A691370FB680122DA7072E0FB689A6AE4
S31508006FB0FB689B895B089BB21946BB68B3FBF1F378
S31508006FC013441946F868FFF7BFFD0346FB77FB7FB6
S31508006FD0002B5BD1FB6803F13801BB685B00FA68DC
S31508006FE09289B3FBF2F000FB02F29B1A0B447A6813
S31508006FF092B211461846FFF731FBFB680122DA7098
S3150800700047E0FB689A6AFB689B899B089BB219460E
S31508007010BB68B3FBF1F313441946F868FFF794FD10
S315080070200346FB77FB7F002B32D17B6823F0704445
S31508007030FB6803F13801BB689B00FA689289B3FBC9
S31508007040F2F000FB02F29B1A0B441846FFF7E3FA2C
S31508007050034603F0704323437B60FB6803F1380162
S31508007060BB689B00FA689289B3FBF2F000FB02F258
S315080070709B1A0B4479681846FFF70BFBFB6801223D
S31508007080DA7006E000BF04E000BF02E000BF00E0DF
S3150800709000BFFB7F18462437BD4690BD80B588B033
S315080070A000AFF860B9607A600023FB77FB681B685D
S315080070B0BB61BB68012B04D9BB69DB69BA689A4214
S315080070C001D302234BE07B68002B0CD04FF0FF3234
S315080070D07968B869FFF7C8FE0346FB77FB7F002B84
S315080070E001D0FB7F3BE0B968F868FFF7EAFD7861F5
S315080070F07B69002B31D07B69012B01D102232EE05D
S315080071007B69B3F1FF3F01D1012328E00022B9686A
S31508007110B869FFF7A9FE0346FB77FB7F002B01D072
S31508007120FB7F1CE0BB699A69BB69DB69023B9A4233
S315080071300BD2BB699B695A1CBB699A61BB691B79EF
S3150800714043F00103DAB2BB691A717B69BB60BB699C
S31508007150DB69BA689A42C6D300E000BF0023184626
S315080071602037BD4680BD80B588B000AF78603960ED
S315080071707B681B683B613B68002B0DD13B695B69EB
S31508007180BB61BB69002B04D03B69DB69BA699A42CB
S315080071901BD30123BB6118E039687868FFF791FDB6
S315080071A0F860FB68012B01D8012370E0FB68B3F196
S315080071B0FF3F01D1FB686AE03B69DB69FA689A42DE
S315080071C001D2FB6863E03B68BB61BB69FB61FB6995
S315080071D00133FB613B69DB69FA699A4207D30223EB
S315080071E0FB61FA69BB699A4201D900234FE0F96944
S315080071F07868FFF766FDF860FB68002B0ED0FB6821
S31508007200012B03D0FB68B3F1FF3F01D1FB683EE0D9
S31508007210FA69BB699A42DAD1002338E000BF4FF019
S31508007220FF32F9693869FFF71FFE0346FB75FB7DD8
S31508007230002B09D13B68002B06D0FA6939683869F2
S31508007240FFF712FE0346FB75FB7D002B16D13B6943
S31508007250FA695A613B699A693B69DB69023B9A425A
S3150800726004D83B699B695A1E3B699A613B691B793D
S3150800727043F00103DAB23B691A7107E0FB7D012B83
S3150800728002D14FF0FF3300E00123FB61FB6918468A
S315080072902037BD4680BD80B487B000AF78603960BE
S315080072A07B681B68FB607B68DB6A04333B61FB68B1
S315080072B09B891A463B68B3FBF2F3FA685289B3FB1B
S315080072C0F2F37B613B691A1D3A611B68BB60BB68B8
S315080072D0002B01D1002310E07A69BB689A4207D3D4
S315080072E07A69BB68D31A7B613B6904333B61E9E77A
S315080072F000BF3B691A687B69134418461C37BD46AC
S315080073005DF8047B704780B586B000AF7860396059
S315080073107B681B683B613B68B3F5001F04D23B687A
S3150800732003F01F03002B01D0022371E07B683A6843
S315080073305A617B689B687B617B69002B06D13B6938
S315080073401B78022B02D93B69DB6A7B617B69002BC0
S315080073500CD13B685B093A691289934201D302232F
S3150800736056E03B69DA6A7B68DA612DE03B695B893E
S315080073701A463B699B8902FB03F3FB6019E07B68AD
S3150800738079691846FFF79DFC78617B69B3F1FF3F81
S3150800739001D101233CE07B69012B04D93B69DB69F8
S315080073A07A699A4201D3022332E03A68FB68D31A13
S315080073B03B603A68FB689A42E1D279693869FFF717
S315080073C061FC02467B68DA617B687A699A617B6848
S315080073D0DB69002B01D102231AE07B68DA693B6975
S315080073E09B8919463B68B3FBF1F31A447B68DA615B
S315080073F03B6903F138013B699B891A463B68B3FB35
S31508007400F2F000FB02F29B1ACA187B681A62002384
S3150800741018461837BD4680BD80B586B000AF78607F
S3150800742039607B681B68FB607B685B692033BB60DF
S315080074307B68DB69002B03D0BB68B3F5001F01D35B
S315080074400423BBE0FB689B891A46BB68B3FBF2F1D1
S3150800745001FB02F29B1A002B40F09D807B68DB69DA
S315080074605A1C7B68DA617B689B69002B0BD1BB6869
S315080074705B09FA6812899342C0F08D807B68002206
S31508007480DA6104239AE0FB689B891A46BB68B3FB5A
S31508007490F2F3FA685289013A1340002B7BD17A68D5
S315080074A07B689B6919461046FFF70BFC78617B6978
S315080074B0012B01D8022381E07B69B3F1FF3F01D19B
S315080074C001237BE0FB68DB697A699A4259D33B68FA
S315080074D0002B04D17B680022DA6104236EE07A6807
S315080074E07B689B6919461046FFF73DFE78617B6904
S315080074F0002B01D1072361E07B69012B01D102230F
S315080075005CE07B69B3F1FF3F01D1012356E0F868DF
S31508007510FFF7D6FA0346002B01D001234EE0FB689D
S3150800752003F13800FB689B891A460021FFF7FEF82D
S3150800753000233B617969F868FFF7A4FB0246FB68FC
S315080075405A6312E0FB680122DA70F868FFF7B8FAA6
S315080075500346002B01D0012330E03B6901333B6130
S31508007560FB685B6B5A1CFB685A63FB685B891A46A7
S315080075703B699342E6D3FB685A6B3B69D21AFB68B0
S315080075805A637B687A699A617969F868FFF77AFBC2
S3150800759002467B68DA617B68BA685A61FB6803F160
S315080075A03801FB689B891A46BB68B3FBF2F000FBFF
S315080075B002F29B1ACA187B681A6200231846183703
S315080075C0BD4680BD80B586B000AF786039607B68FF
S315080075D01B68FB6000217868FFF795FE0346FB757C
S315080075E0FB7D002B2BD100233B617B68DB691946A9
S315080075F0F868FFF7A9FA0346FB75FB7D002B1DD13A
S315080076007B681B6A1B78E52B04D07B681B6A1B7892
S31508007610002B07D13B6901333B613A693B689A42C3
S3150800762002D10CE000233B6101217868FFF7F4FEE4
S315080076300346FB75FB7D002BD7D000E000BFFB7D22
S31508007640042B01D10723FB75FB7D18461837BD4669
S3150800765080BD80B584B000AF786039603B681A3366
S315080076601846FEF7BFFF0346FB607B681B78032BB3
S3150800767009D13B6814331846FEF7B4FF03461B04CA
S31508007680FA681343FB60FB6818461037BD4680BD91
S3150800769080B584B000AFF860B9607A60BB681A3309
S315080076A07A6892B211461846FEF7D8FFFB681B782F
S315080076B0032B09D1BB6803F114027B681B0C9BB230
S315080076C019461046FEF7CAFF00BF1037BD4680BDF3
S315080076D090B587B000AF786039603B681A331846B2
S315080076E0FEF780FF0346002B01D0002359E03B68D4
S315080076F01B7803F03F035A1E13465B0013449B0096
S3150800770013447B610123FB8100233B6133E0274A55
S315080077103B6913441B781A463B6813441846FEF720
S3150800772061FF0346BB81FB89002B1AD07B69FE2BC0
S3150800773012D8BB89184602F05FF803461C467B69D7
S315080077405A1C7A615B007A6813441B88184602F053
S3150800775053F803469C4201D0002322E0BB89FB81F3
S3150800776006E0BB894FF6FF72934201D0002318E06A
S315080077703B6901333B613B690C2BC8D93B681B78D5
S3150800778003F04003002B0BD0FB89002B08D07B6944
S315080077905B007A6813441B88002B01D0002300E0A5
S315080077A0012318461C37BD4690BD00BF64BA0008C1
S315080077B080B588B000AFF860B96011461A460B4626
S315080077C0FB711346BB71BB680D33BA791A70BB6877
S315080077D00B330F221A70BB680C3300221A70BB6871
S315080077E01A3300211846FEF739FFFB795A1E13464D
S315080077F05B0013449B001344FB610023FB820023B8
S31508007800BB61FB8A4FF6FF72934207D0FB695A1C8D
S31508007810FA615B00FA6813441B88FB82174ABB6946
S3150800782013441B781A46BB681344FA8A114618464D
S31508007830FEF714FFFB8A002B02D14FF6FF73FB827B
S31508007840BB690133BB61BB690C2BDAD9FB8A4FF6DE
S31508007850FF72934206D0FB695B00FA6813441B88E3
S31508007860002B03D1FB7943F04003FB71BB68FA791F
S315080078701A7000BF2037BD4680BD00BF64BA000835
S3150800788080B58CB000AFF860B9607A603B600B22B7
S31508007890B968F868FEF729FF3B68052B2BD93B68C2
S315080078A0FB6122E07B689A1C7A601B887B84002334
S315080078B0BB6217E0FB695A007B8C03F00103134493
S315080078C0FB617B8C5B087B84FB6903F48033002BAC
S315080078D005D0FB6983F4883383F02103FB61BB6A17
S315080078E00133BB62BB6A0F2BE4D97B681B88002B6C
S315080078F0D8D1FB693B600723BB623B68DBB203F068
S315080079000F03DBB2303387F82F3097F82F30392B37
S3150800791004D997F82F30073387F82F30BB6A5A1ED9
S31508007920BA6230333B4497F82F2003F81C2C3B6887
S315080079301B093B603B68002BDFD107F11402BB6AC9
S3150800794013447E221A7000237B6202E07B6A0133AD
S315080079507B627A6ABB6A9A4205D2FA687B6A1344E2
S315080079601B78202BF2D1BB6A072B07D8BB6A5A1C97
S31508007970BA6230333B4413F81C1C00E020217B6AB2
S315080079805A1C7A62FA6813440A461A707B6A072BED
S31508007990E9D900BF00BF3037BD4680BD80B485B089
S315080079A000AF78600023FB730B23BB60FB7BDAB266
S315080079B05208DB011343DAB27B68591C79601B78DD
S315080079C01344FB73BB68013BBB60BB68002BEDD15E
S315080079D0FB7B18461437BD465DF8047B704780B5B7
S315080079E086B000AF78607B681B683B6100217868C9
S315080079F0FFF789FC0346FB75FB7D002B01D0FB7D59
S31508007A00A9E0FF233B753B7D7B757B684FF0FF3212
S31508007A101A637B68DB6919463869FFF795F80346E8
S31508007A20FB75FB7D002B40F090807B681B6A1B78FA
S31508007A30BB75BB7D002B02D10423FB758AE07B68EE
S31508007A401B6A0B331B7803F03F03FB737B68FA7BD7
S31508007A509A71BB7DE52B07D0FB7B03F00803002B4F
S31508007A6009D0FB7B0F2B06D0FF237B757B684FF075
S31508007A70FF321A635EE0FB7B0F2B36D17B6893F8E7
S31508007A802F3003F04003002B54D1BB7D03F0400395
S31508007A90002B0DD07B681B6A5B7B3B75BB7D23F097
S31508007AA04003BB75BB7D7B757B685A697B681A6327
S31508007AB0BA7D7B7D9A4215D17B681B6A0D331B788C
S31508007AC03A7D9A420ED13B691A697B681B6A194648
S31508007AD01046FFF7FDFD0346002B03D07B7D013BD7
S31508007AE0DBB200E0FF237B7524E07B7D002B09D108
S31508007AF07B681B6A1846FFF751FF03461A463B7D0B
S31508007B00934224D07B6893F82F3003F00103002BAF
S31508007B100AD17B68186A7B6824330B221946FEF75C
S31508007B2020FE0346002B14D0FF237B757B684FF09D
S31508007B30FF321A6300217868FFF76EFC0346FB756F
S31508007B40FB7D002B3FF465AF04E000BF02E000BFF9
S31508007B5000E000BFFB7D18461837BD4680BD000013
S31508007B6080B58CB000AF78607B681B68FB617B686A
S31508007B7093F82F3003F0A003002B01D00623E0E092
S31508007B8000237B6202E07B6A01337B62FB691A6928
S31508007B907B6A5B0013441B88002BF4D17B6803F1D6
S31508007BA0240107F10C030C221846FEF79EFDFB7D07
S31508007BB003F00103002B32D07B68402283F82F2084
S31508007BC00123BB6216E07B6803F12400FB691A698E
S31508007BD007F10C01BB6AFFF753FE7868FFF7FFFE53
S31508007BE0034687F82F3097F82F30002B06D1BB6A4B
S31508007BF00133BB62BB6A632BE5D900E000BFBB6AF1
S31508007C00642B01D107239CE097F82F30042B02D070
S31508007C1097F82F3095E0FA7D7B6883F82F20FB7D57
S31508007C2003F00203002B07D07B6A0C33474AA2FBFA
S31508007C3003239B08013300E001233B62396A786815
S31508007C40FFF7C0FC034687F82F3097F82F30002B34
S31508007C5048D13B6A013B3B623B6A002B42D07B68BA
S31508007C605A693B6A5B01D31A19467868FFF74BFBDA
S31508007C70034687F82F3097F82F30002B32D17B68D0
S31508007C8024331846FFF78AFE0346FB767B68DB69D2
S31508007C901946F869FEF758FF034687F82F3097F814
S31508007CA02F30002B1DD1FB6918697B68196A3B6A5E
S31508007CB0DAB2FB7EFFF77CFDFB690122DA70002150
S31508007CC07868FFF7A9FB034687F82F3097F82F3017
S31508007CD0002B07D13B6A013B3B623B6A002BD5D19F
S31508007CE000E000BF97F82F30002B28D17B68DB69AE
S31508007CF01946F869FEF728FF034687F82F3097F8E4
S31508007D002F30002B1BD17B681B6A202200211846C6
S31508007D10FEF70CFD7B68186A7B6824330B2219462C
S31508007D20FEF7E3FC7B6893F82F207B681B6A0C330D
S31508007D3002F01802D2B21A70FB690122DA7097F8BB
S31508007D402F3018463037BD4680BD00BF4FECC44EB5
S31508007D5080B58AB000AF786039603B681B683B61C4
S31508007D607B681B681B69FB6000237B617B69BB61C1
S31508007D70BB695A1CBA613A6913441B78BB84BB8C2D
S31508007D801F2B40D9BB8C2F2B06D0BB8C5C2B10D15C
S31508007D9002E0BB690133BB613A69BB6913441B78CE
S31508007DA02F2BF6D03A69BB6913441B785C2BF0D0AD
S31508007DB02AE07B69FE2B01D906237DE1BB8CDBB269
S31508007DC0BB84BB8C0121184601F0DAFC0346BB8450
S31508007DD0BB8C002B01D106236EE1BB8C7F2B09D807
S31508007DE0BB8C19468D48FEF7E3FC0346002B01D0F1
S31508007DF0062361E17B695A1C7A615B00FA681344C1
S31508007E00BA8C1A80B4E700BF3A69BB691A443B6862
S31508007E101A60BB8C1F2B01D8042300E0002387F8C7
S31508007E20273011E07B6903F10043013B5B00FA68E8
S31508007E3013441B88BB84BB8C202B02D0BB8C2E2BF7
S31508007E4006D17B69013B7B617B69002BEAD100E0A7
S31508007E5000BF7B695B00FA68134400221A807B69BD
S31508007E60002B01D1062327E17B6824330B2220212E
S31508007E701846FEF75BFC0023BB6102E0BB690133D1
S31508007E80BB61BB695B00FA6813441B88202BF5D0DD
S31508007E90BB695B00FA6813441B882E2BEED0BB69BE
S31508007EA0002B09D097F8273043F0030387F82730CB
S31508007EB002E07B69013B7B617B69002B09D07B690A
S31508007EC003F10043013B5B00FA6813441B882E2B21
S31508007ED0EFD1002387F8263000233B620823FB6195
S31508007EE0BB695A1CBA615B00FA6813441B88BB84D9
S31508007EF0BB8C002B00F09080BB8C202B06D0BB8C53
S31508007F002E2B0AD1BA697B699A4206D097F8273090
S31508007F1043F0030387F827307DE03A6AFB699A4203
S31508007F2003D2BA697B699A4223D1FB690B2B06D126
S31508007F3097F8273043F0030387F8273075E0BA69C6
S31508007F407B699A4205D097F8273043F0030387F8F0
S31508007F502730BA697B699A4266D87B69BB61082370
S31508007F603B620B23FB6197F826309B0087F8263087
S31508007F7051E0BB8C7F2B14D9BB8C0021184601F02D
S31508007F80FFFB0346BB84BB8C002B04D0BB8C803B19
S31508007F90234AD35CBB8497F8273043F0020387F85B
S31508007FA02730BB8C002B07D0BB8C19461D48FEF723
S31508007FB0FFFB0346002B08D05F23BB8497F82730C6
S31508007FC043F0030387F827301BE0BB8C402B09D905
S31508007FD0BB8C5A2B06D897F8263043F0020387F84D
S31508007FE026300EE0BB8C602B0BD9BB8C7A2B08D8BD
S31508007FF097F8263043F0010387F82630BB8C203BE0
S31508008000BB843B6A5A1C3A62BA8CD1B27A6813446A
S315080080100A4683F8242063E700BF06E048B900084B
S31508008020E4B9000854B9000800BF7B6893F8243007
S31508008030E52B03D17B68052283F82420FB69082BEE
S3150800804004D197F826309B0087F8263097F8263013
S3150800805003F00C030C2B05D097F8263003F0030326
S31508008060032B05D197F8273043F0020387F827300A
S3150800807097F8273003F00203002B17D197F826301C
S3150800808003F00303012B05D197F8273043F01003BB
S3150800809087F8273097F8263003F00C03042B05D110
S315080080A097F8273043F0080387F827307B6897F856
S315080080B0272083F82F20002318462837BD4680BD81
S315080080C080B586B000AF786039607B683B613B69F4
S315080080D01B68FB6002E03B6801333B603B681B782A
S315080080E02F2BF8D03B681B785C2BF4D03B69002219
S315080080F09A603B681B781F2B0AD87B68802283F816
S315080081002F2000217868FFF7FEF80346FB7548E044
S315080081103B4619467868FFF71BFE0346FB75FB7D51
S31508008120002B39D17868FFF75AFC0346FB757B6844
S3150800813093F82F30FB72FB7D002B0AD0FB7D042BB6
S315080081402CD1FB7A03F00403002B27D10523FB75FA
S3150800815024E0FB7A03F00403002B21D13B699B79C9
S3150800816003F01003002B02D10523FB7519E0FB6809
S3150800817003F138017B685B69FA689289B3FBF2F010
S3150800818000FB02F29B1A0B441946F868FFF761FADE
S3150800819002463B699A60BBE700BF02E000BF00E009
S315080081A000BFFB7D18461837BD4680BD80B487B032
S315080081B000AF78604FF0FF333B617B681B68002B8C
S315080081C031D07B681B687B6102E07B6901337B6188
S315080081D07B691B781F2B03D97B691B783A2BF4D153
S315080081E07B691B783A2B1CD17B681B68FB60FB6894
S315080081F05A1CFA601B78303BBB60BB68092B0ED84B
S31508008200FA687B699A420AD1BB68002B07D1BB681A
S315080082103B617B6901337B617B687A691A603B69DC
S3150800822002E000233B613B6918461C37BD465DF8F2
S31508008230047B704780B582B000AF786039607B6890
S315080082400022DA707B684FF0FF325A633968786823
S31508008250FEF77AFC0346002B01D0042338E07B683E
S31508008260383303F5FF731846FEF7BCF903461A467A
S315080082704AF655239A4201D0032329E07B6893F8EE
S315080082803830E92B09D07B6893F83830EB2B1ED1B0
S315080082907B6893F83A30902B19D17B68383336339C
S315080082A01846FEF7B8F9034623F07F430A4A934275
S315080082B001D100230CE07B68383352331846FEF7A9
S315080082C0AAF90346054A934201D1002300E0022396
S315080082D018460837BD4680BD4641540046415433CA
S315080082E080B596B000AFF860B9601346FB71BB68FD
S315080082F000221A60F868FFF759FFF863FB6B002B3A
S3150800830001DA0B2365E29F4AFB6B52F82330BB6305
S31508008310BB6B002B01D10C235BE2BB68BA6B1A60FE
S31508008320FB7923F00103FB71BB6B1B78002B1AD07A
S31508008330BB6B5B781846FEF7B7F8034687F8373005
S3150800834097F8373003F00103002B0CD1FB79002B8B
S3150800835007D097F8373003F00403002B01D00A231F
S3150800836037E2002335E2BB6B00221A70FB6BDAB2E8
S31508008370BB6B5A70BB6B5B781846FEF7AFF80346C3
S3150800838087F8373097F8373003F00103002B01D010
S3150800839003231EE2FB79002B07D097F8373003F04A
S315080083A00403002B01D00A2313E2BB6B5878BB6B7E
S315080083B00C331A460221FEF7F7F80346002B01D0C4
S315080083C0012306E2BB6B9B89B3F5805F0DD8BB6BB7
S315080083D09B89B3F5007F08D3BB6B9B891A46BB6B99
S315080083E09B89013B1340002B01D00123F1E10023B7
S315080083F03B65396DB86BFFF71DFF034687F85730A5
S3150800840097F85730022B49D100233B641EE0BB6B1B
S3150800841003F138023B6C1B0103F5DF7313443B631E
S315080084203B6B04331B78002B06D03B6B083318468E
S31508008430FEF7F1F8024600E000223B6C9B00583339
S315080084403B4443F8442C3B6C01333B643B6C032BA5
S31508008450DDD900233B643B6C002B02D03B6C013B0F
S315080084603B643B6C9B0058333B4453F8443C3B65A8
S315080084703B6D002B05D0396DB86BFFF7DBFE034665
S3150800848000E0032387F8573097F85730012B05D9B2
S315080084903B6C01333B643B6C032BE2D997F85730AE
S315080084A0042B01D1012394E197F85730012B01D908
S315080084B00D238EE1BB6B38330B331846FEF792F863
S315080084C003461A46BB6B9B899A4201D00D2380E16D
S315080084D0BB6B383316331846FEF784F80346FB643D
S315080084E0FB6C002B06D1BB6B383324331846FEF7DA
S315080084F092F8F864BB6BFA6C1A62BB6B93F8482067
S31508008500BB6B9A70BB6B9B78012B05D0BB6B9B78BA
S31508008510022B01D00D235CE1BB6B9B781A46FB6CE2
S3150800852002FB03F3FB64BB6B93F845301A46BB6B3F
S315080085305A81BB6B5B89002B08D0BB6B5B891A46DB
S31508008540BB6B5B89013B1340002B01D00D2340E137
S31508008550BB6B383311331846FEF744F803461A4600
S31508008560BB6B1A81BB6B1B89BA6B9289520992B293
S31508008570B3FBF2F101FB02F29B1A9BB2002B03D06C
S315080085800D2326E194230020BB6B3833133318469A
S31508008590FEF728F80346BB64BB6C002B06D1BB6B01
S315080085A0383320331846FEF736F8B864BB6B3833D1
S315080085B00E331846FEF716F80346FB85FB8D002B8F
S315080085C001D10D2305E1FA8DFB6C1344BA6B1189B1
S315080085D0BA6B9289520992B2B1FBF2F292B2134483
S315080085E0BB62BA6CBB6A9A4201D20D23F1E0BA6C3F
S315080085F0BB6AD31ABA6B5289B3FBF2F37B627B6A06
S31508008600002B01D10D23E4E0032387F857307B6A5A
S315080086104FF6F572934202D8022387F857307B6AE1
S3150800862040F6F572934202D8012387F857307B6AE1
S315080086309A1CBB6BDA61BB6B3A6D5A62FA8D3B6D5D
S315080086401A44BB6B9A623A6DBB6A1A44BB6B1A63CF
S3150800865097F85730032B1ED1BB6B38332A3318468D
S31508008660FDF7C0FF0346002B01D00D23B1E0BB6B1D
S315080086701B89002B01D00D23ABE0BB6B38332C33A1
S315080086801846FDF7C8FF0246BB6BDA62BB6BDB69AF
S315080086909B007B641FE0BB6B1B89002B01D10D235C
S315080086A097E0BB6B9A6AFB6C1A44BB6BDA6297F865
S315080086B05730022B03D1BB6BDB695B000AE0BB6B4F
S315080086C0DA6913465B0013445A08BB6BDB6903F08F
S315080086D0010313447B64BB6B1A6ABB6B9B891946FF
S315080086E07B6C0B44013BB96B8989B3FBF1F39A4266
S315080086F001D20D236DE0BB6B4FF0FF329A61BB6B65
S315080087009A69BB6B5A61BB6B80221A7197F857300E
S31508008710032B49D1BB6B383330331846FDF762FF5C
S315080087200346012B40D13B6D01331946B86BFEF762
S315080087300BFA0346002B37D1BB6B00221A71BB6BB1
S31508008740383303F5FF731846FDF74CFF03461A4600
S315080087504AF655239A4227D1BB6B38331846FDF79C
S315080087605AFF03461D4A93421ED1BB6B383303F5A5
S31508008770F2731846FDF74FFF0346194A934213D181
S31508008780BB6B383303F5F4731846FDF744FF02460E
S31508008790BB6B9A61BB6B383303F5F6731846FDF766
S315080087A03AFF0246BB6B5A61BB6B97F857201A70A3
S315080087B00C4B1B8801339AB20A4B1A80094B1A884C
S315080087C0BB6BDA80BB6B084A1A61B86BFEF754F9C3
S315080087D0002318465837BD4680BD00BF5252614136
S315080087E07272416198230020BC23002080B584B0B2
S315080087F000AF786039600923FB737B68002B1CD0B7
S315080088007B681B68002B18D07B681B681B78002BBD
S3150800881013D07B689A887B681B68DB889A420CD1E0
S315080088207B681B685B781846FDF73EFE034603F037
S315080088300103002B01D10023FB73FB7B002B02D124
S315080088407B681B6800E000233A681360FB7B1846C8
S315080088501037BD4680BD000080B588B000AFF8600F
S31508008860B9601346FB71BB683B6107F110031846F4
S31508008870FFF79CFCF861FB69002B01DA0B232BE060
S31508008880174AFB6952F82330BB61BB69002B05D038
S31508008890B869FEF7F1F8BB6900221A70FB68002B6D
S315080088A002D0FB6800221A70FA680D49FB6941F884
S315080088B02320FB68002B02D0FB79012B01D0002373
S315080088C00AE007F10C0107F1080300221846FFF732
S315080088D007FD0346FB75FB7D18462037BD4680BD60
S315080088E09423002080B59AB000AFF860B9601346AB
S315080088F0FB71FB68002B01D10923B7E1FB7903F073
S315080089003F03FB71FA7907F1140107F108031846CA
S31508008910FFF7E6FC034687F8673097F86730002BC1
S3150800892040F09B817B69BB61BA6807F11803114661
S315080089301846FFF7C5FB034687F8673097F8673090
S31508008940002B18D197F847305BB2002B03DA0623C1
S3150800895087F867300FE0FB79012B8CBF01230023D2
S31508008960DBB21A4607F1180311461846FDF73CFF15
S31508008970034687F86730FB7903F01C03002B7FD08A
S3150800898097F86730002B17D097F86730042B0ED16D
S31508008990FDF786FF0346002B06D007F11803184695
S315080089A0FFF7DEF8034600E0122387F86730FB7905
S315080089B043F00803FB7110E0BB7F03F01103002BA3
S315080089C003D0072387F8673007E0FB7903F0040331
S315080089D0002B02D0082387F8673097F86730002BFA
S315080089E068D1FB7903F00803002B63D0FDF7FEFC82
S315080089F0B865BB6B0E33B96D1846FDF74AFEBB6BFF
S31508008A001633B96D1846FDF744FEBB6B0B332022AF
S31508008A101A707B69BA6B11461846FEF71AFE786516
S31508008A207B69B96B00221846FEF732FEBB6B1C3316
S31508008A3000211846FDF72DFE7B690122DA707B6D51
S31508008A40002B37D07B695B6BBB6507F118030022E7
S31508008A50796D1846FEF722FB034687F8673097F8C4
S31508008A606730002B26D17B69B96D1846FEF76CF87E
S31508008A70034687F867307B697A6D013A5A6119E0CF
S31508008A8097F86730002B15D1BB7F03F01003002B36
S31508008A9003D0042387F867300CE0FB7903F0020360
S31508008AA0002B07D0BB7F03F00103002B02D007235E
S31508008AB087F8673097F86730002B26D1FB7903F0E3
S31508008AC00803002B03D0FB7943F04003FB717B6955
S31508008AD05A6BFB685A62BA6BFB689A62FB79012B80
S31508008AE08CBF01230023DBB21A4607F1180311468F
S31508008AF01846FDF7F7FE0246FB681A61FB681B6914
S31508008B00002B02D1022387F8673097F86730002BCD
S31508008B1040F0A3807B69BA6B11461846FEF799FDAB
S31508008B200246FB689A60BB6B1C331846FDF773FD5B
S31508008B300246FB68DA60FB680022DA627A69FB683B
S31508008B401A607B69DA88FB689A80FB68FA791A7575
S31508008B50FB6800225A75FB6800221A62FB6800222D
S31508008B609A61FB6830334FF4805200211846FDF7AE
S31508008B70DDFDFB7903F02003002B6ED0FB68DB6874
S31508008B80002B6AD0FB68DA68FB689A617B695B89A7
S31508008B901A467B699B8902FB03F33B65FB689B6866
S31508008BA03B66FB68DB68FB6516E0FB68396E1846B2
S31508008BB0FEF787F838663B6E012B02D8022387F842
S31508008BC067303B6EB3F1FF3F02D1012387F8673068
S31508008BD0FA6D3B6DD31AFB6597F86730002B03D106
S31508008BE0FA6D3B6D9A42E0D8FB683A6EDA6197F8FF
S31508008BF06730002B31D17B699B891A46FB6DB3FB25
S31508008C00F2F101FB02F29B1A002B26D07B69396E22
S31508008C101846FEF737F8F864FB6C002B03D10223DD
S31508008C2087F8673019E07B699B891A46FB6DB3FBA9
S31508008C30F2F2FB6C1A44FB681A627B695878FB6887
S31508008C4003F13001FB681A6A0123FDF76DFC034640
S31508008C50002B02D0012387F8673097F86730002B7E
S31508008C6002D0FB6800221A6097F867301846683702
S31508008C70BD4680BD80B58EB000AFF860B9607A6039
S31508008C803B60BB687B623B6800221A60FB6807F1A1
S31508008C90140211461846FFF7A9FD034687F8373030
S31508008CA097F83730002B07D1FB685B7D87F837309C
S31508008CB097F83730002B02D097F8373035E1FB6844
S31508008CC01B7D03F00103002B01D107232DE1FB686F
S31508008CD0DA68FB689B69D31A3B627A683B6A9A42F0
S31508008CE040F21E813B6A7B601AE1FB689B697A69E0
S31508008CF09289B3FBF2F101FB02F29B1A002B40F0BA
S31508008D00D580FB689B697A699289B3FBF2F37A6925
S31508008D105289013A1340FB61FB69002B2FD1FB688E
S31508008D209B69002B03D1FB689B683B6313E0FB68D8
S31508008D30DB6A002B07D0FB689B691946F868FEF7C3
S31508008D40AAFA386307E0FA68FB68DB691946104631
S31508008D50FDF7B7FF38633B6B012B04D8FB6802228B
S31508008D605A750223E1E03B6BB3F1FF3F04D1FB6880
S31508008D7001225A750123D8E0FB683A6BDA617A69F1
S31508008D80FB68DB6919461046FDF77CFFB861BB69CD
S31508008D90002B04D1FB6802225A750223C5E0BA6982
S31508008DA0FB691344BB617B699B891A467B68B3FBE5
S31508008DB0F2F3BB62BB6A002B41D0FA69BB6A134463
S31508008DC07A695289934205D97B695B891A46FB6998
S31508008DD0D31ABB627B695878BB6ABA69796AFDF7A8
S31508008DE0A3FB0346002B04D0FB6801225A75012316
S31508008DF09BE0FB681B7D5BB2002B18DAFB681A6ADE
S31508008E00BB69D31ABA6A9A4211D9FB681A6ABB694E
S31508008E10D31A7A69928902FB03F37A6AD018FB6837
S31508008E2003F130017B699B891A46FDF75EFC7B6975
S31508008E309B891A46BB6A02FB03F3FB625CE0FB688C
S31508008E401B6ABA699A422ED0FB681B7D5BB2002B5F
S31508008E5018DA7B695878FB6803F13001FB681A6AEF
S31508008E600123FDF781FB0346002B04D0FB68012292
S31508008E705A75012359E0FB681B7D03F07F03DAB2BC
S31508008E80FB681A757B695878FB6803F13001012382
S31508008E90BA69FDF749FB0346002B04D0FB6801229B
S31508008EA05A75012341E0FB68BA691A627B699B8996
S31508008EB01846FB689B697A699289B3FBF2F101FB54
S31508008EC002F29B1AC31AFB62FA6A7B689A4201D9B4
S31508008ED07B68FB62FB6803F13001FB689B697A6972
S31508008EE09289B3FBF2F000FB02F29B1A0B44FA6A72
S31508008EF01946786AFDF7F9FB7A6AFB6A13447B62BE
S31508008F00FB689A69FB6A1A44FB689A613B681A68A7
S31508008F10FB6A1A443B681A607A68FB6AD31A7B6054
S31508008F207B68002B7FF4E1AE002318463837BD4630
S31508008F3080BD80B58CB000AFF860B9607A603B60E0
S31508008F40BB68FB613B6800221A60FB6807F11002E8
S31508008F5011461846FFF74AFC034687F82F3097F85C
S31508008F602F30002B07D1FB685B7D87F82F3097F8E9
S31508008F702F30002B02D097F82F306AE1FB681B7D53
S31508008F8003F00203002B01D1072362E1FB689A690B
S31508008F907B681A44FB689B699A4280F04C81FB689F
S31508008FA09B69DB437B6046E1FB689B693A6992896A
S31508008FB0B3FBF2F101FB02F29B1A002B40F0F180A1
S31508008FC0FB689B693A699289B3FBF2F33A6952895D
S31508008FD0013A1340BB61BB69002B43D1FB689B690F
S31508008FE0002B0CD1FB689B68BB62BB6A002B1AD1AD
S31508008FF0FB6800211846FEF7B6F8B86213E0FB686E
S31508009000DB6A002B07D0FB689B691946F868FEF7F0
S3150800901042F9B86207E0FA68FB68DB691946104648
S31508009020FEF7A1F8B862BB6A002B00F00981BB6A9B
S31508009030012B04D1FB6802225A75022309E1BB6A97
S31508009040B3F1FF3F04D1FB6801225A75012300E101
S31508009050FB68BA6ADA61FB689B68002B02D1FB6879
S31508009060BA6A9A60FB681B7D5BB2002B18DA3B690B
S315080090705878FB6803F13001FB681A6A0123FDF78B
S3150800908073FA0346002B04D0FB6801225A750123A4
S31508009090DFE0FB681B7D03F07F03DAB2FB681A7515
S315080090A03A69FB68DB6919461046FDF7EBFD7861FE
S315080090B07B69002B04D1FB6802225A750223C8E09B
S315080090C07A69BB6913447B613B699B891A467B684D
S315080090D0B3FBF2F33B623B6A002B43D0BA693B6AA7
S315080090E013443A695289934205D93B695B891A4602
S315080090F0BB69D31A3B623B6958783B6A7A69F96956
S31508009100FDF732FA0346002B04D0FB6801225A7594
S3150800911001239EE0FB681A6A7B69D31A3A6A9A4267
S3150800912018D9FB6803F13000FB681A6A7B69D31A01
S315080091303A69928902FB03F3FA69D1183B699B895C
S315080091401A46FDF7D2FAFB681B7D03F07F03DAB2F5
S31508009150FB681A753B699B891A463B6A02FB03F34F
S315080091607B624BE0FB681B6A7A699A4216D0FB68F9
S315080091709A69FB68DB689A4210D23B695878FB68A3
S3150800918003F1300101237A69FDF7CEF90346002B76
S3150800919004D0FB6801225A7501235AE0FB687A69F4
S315080091A01A623B699B891846FB689B693A699289EA
S315080091B0B3FBF2F101FB02F29B1AC31A7B627A6ACD
S315080091C07B689A4201D97B687B62FB6803F13001B0
S315080091D0FB689B693A699289B3FBF2F000FB02F2DD
S315080091E09B1A0B447A6AF9691846FDF77EFAFB68FA
S315080091F01B7D63F07F03DAB2FB681A75FA697B6A2E
S315080092001344FB61FB689A697B6A1A44FB689A6196
S31508009210FB68DA68FB689B699A4238BF1A46FB689E
S31508009220DA603B681A687B6A1A443B681A607A688F
S315080092307B6AD31A7B607B68002B7FF4B5AE00E0AF
S3150800924000BFFB681B7D43F04003DAB2FB681A7562
S31508009250002318463037BD4680BD80B586B000AFBE
S3150800926078607B6807F1080211461846FFF7BEFAD0
S315080092700346FB75FB7D002B68D17B681B7D03F0DD
S315080092804003002B62D07B681B7D5BB2002B15DA8E
S31508009290BB6858787B6803F130017B681A6A01233A
S315080092A0FDF762F90346002B01D001234FE07B68E6
S315080092B01B7D03F07F03DAB27B681A75FDF796F813
S315080092C03861BA687B685B6A19461046FDF73CFC4C
S315080092D00346FB75FB7D002B38D17B689B6AFB60D8
S315080092E0FB680B331A78FB680B3342F02002D2B2C4
S315080092F01A707B6818687B689B681A46F968FEF7D7
S31508009300C7F9FB6803F11C027B68DB68194610463F
S31508009310FDF7BFF9FB68163339691846FDF7B9F941
S31508009320FB68123300211846FDF798F9BB6801223D
S31508009330DA70BB681846FDF735FC0346FB757B6893
S315080093401B7D23F04003DAB27B681A75FB7D18464D
S315080093501837BD4680BD80B584B000AF78607868A0
S31508009360FFF77BFF0346FB73FB7B002B18D17B685B
S3150800937007F1080211461846FFF738FA0346FB7349
S31508009380FB7B002B0CD17B681B691846FDF738FB65
S315080093900346FB73FB7B002B02D17B6800221A6015
S315080093A0FB7B18461037BD4680BD80B592B000AF2E
S315080093B0F860B9607A6007F1280107F10C0300220A
S315080093C01846FEF78DFF034687F8473097F847306B
S315080093D0002B40F09980BA6A7B681A60BB6A9A6962
S315080093E0BB6ADB69023B9A4204D8BB6A9A69BB68C6
S315080093F01A6089E000233B64BB6A1B78012B28D1DD
S315080094000223FB63BB6A7B6107F11403F96B1846F9
S31508009410FDF757FCF862FB6AB3F1FF3F03D101235E
S3150800942087F8473063E0FB6A012B03D1022387F8EC
S3150800943047305CE0FB6A002B02D13B6C01333B648E
S31508009440FB6B0133FB63BB6ADB69FA6B9A42DBD3BE
S315080094504DE0BB6ADB69FB63BB6A9B6ABB6300239F
S315080094607B6300233B637B6B002B13D1B86ABB6B12
S315080094705A1CBA631946FDF767FB034687F8473057
S3150800948097F84730002B31D1BB6A38333B63BB6A48
S315080094909B897B63BB6A1B78022B0FD1386BFDF760
S315080094A0A1F80346002B02D13B6C01333B643B6BAE
S315080094B002333B637B6B023B7B6310E0386BFDF743
S315080094C0AAF8034623F07043002B02D13B6C013304
S315080094D03B643B6B04333B637B6B043B7B63FB6BFB
S315080094E0013BFB63FB6B002BBDD100E000BFBB68F3
S315080094F03A6C1A60BB6A3A6C9A61BB6A1A79BB6A9B
S3150800950042F00102D2B21A7197F847301846483726
S31508009510BD4680BD80B588B000AFF860B9607A6096
S315080095200023FB61FB68BB611CE007F1100307F130
S31508009530140101227868FFF79DFB3B69012B17D1BF
S315080095403B7DFB75FB7D0D2B0BD0BB695A1CBA61A5
S31508009550FA7D1A70FB690133FB61FB7D0A2B09D082
S3150800956000E000BFBB68013BFA699A42DDDB02E016
S3150800957000BF00E000BFBB6900221A70FB69002B20
S3150800958001D0FB6800E0002318462037BD4680BDA1
S3150800959080B584B000AF78600B46FB70FB780A2B69
S315080095A003D10D217868FFF7F3FF7B685B68FB60E2
S315080095B0FB68002B25DBFB685A1CFA607A681344A3
S315080095C0FA781A73FB683C2B12DD7B6818687B688F
S315080095D003F10C01FA6807F10803FFF7AAFCBA6859
S315080095E0FB689A4201D1002301E04FF0FF33FB608C
S315080095F07B68FA685A607B689B685A1C7B689A6025
S3150800960000E000BF1037BD4680BD80B584B000AF0E
S3150800961078607B685B68002B16DB7B6818687B685C
S3150800962003F10C017B685B681A4607F10C03FFF728
S3150800963080FC0346002B07D17B685B68FA68934277
S3150800964002D17B689B6801E04FF0FF33184610375C
S31508009650BD4680BD80B483B000AF786039607B6852
S315080096603A681A607B6800225A607B685A687B6889
S315080096709A6000BF0C37BD465DF8047B704780B51D
S3150800968096B000AF7860396007F10C033968184660
S31508009690FFF7E0FF09E07B685A1C7A601A7807F141
S315080096A00C0311461846FFF773FF7B681B78002BDF
S315080096B0F1D107F10C031846FFF7A7FF0346184632
S315080096C05837BD4680BD000080B487B000AFF8604B
S315080096D0B9601346FB710123FB750023BB751F4B4D
S315080096E05B7ADBB2002B31D11C4B5B7ADBB21A46B4
S315080096F01A4B00219954194B5B7ADBB2174A9B0027
S315080097001344FA685A60154B5B7ADBB21A46134B58
S315080097101344FA791A72114B5B7ADBB25A1CD1B22E
S315080097200E4A5172BB75BB7D3033DAB2BB681A700C
S31508009730BB6801333A221A70BB6802332F221A70AB
S31508009740BB68033300221A700023FB75FB7D18469D
S315080097501C37BD465DF8047B704700BFBC2500205A
S3150800976080B582B000AF78603960002239687868C1
S31508009770FFF7AAFF034618460837BD4680BD000016
S3150800978080B485B000AF03463960FB80FB887F2B29
S3150800979002D8FB88FB8125E03B68002B0BD0FB88B1
S315080097A0FF2B05D8FB88803B124A32F8133000E0BD
S315080097B00023FB8116E00023FB8109E0FB890D4AA3
S315080097C032F81330FA889A4206D0FB890133FB81B6
S315080097D0FB897F2BF2D900E000BFFB8980339BB25F
S315080097E0DBB2FB81FB8918461437BD465DF8047B5E
S315080097F0704700BF74BA000880B487B000AF03464C
S31508009800FB80FB88B3F5805F01D23E4B00E03E4B00
S315080098107B617B699A1C7A611B887B827B8A002B19
S3150800982068D0FA887B8A9A4264D37B699A1C7A61E3
S315080098301B883B823B8A1B0AFB813B8ADBB23B8245
S31508009840FA88798A3B8A0B449A4249DAFB89082BBB
S315080098504FD801A252F823F07D9800088F98000887
S31508009860A5980008AD980008B5980008BD980008A6
S31508009870C5980008CD980008D5980008FA887B8A0C
S31508009880D31A5B007A6913441B88FB8027E0FA88A1
S315080098907B8AD31A9BB203F001039BB2FA88D31AC8
S315080098A0FB801CE0FB88103BFB8018E0FB88203B14
S315080098B0FB8014E0FB88303BFB8010E0FB881A3BFA
S315080098C0FB800CE0FB880833FB8008E0FB88503BF4
S315080098D0FB8004E0FB88A3F5E353FB8000BF08E0A8
S315080098E0FB89002B95D13B8A5B007A6913447B611F
S315080098F08FE700BFFB8818461C37BD465DF8047B1A
S31508009900704700BF74BB000868BD0008002310B587
S315080099100446C0E90033C0E90433836081814366A5
S31508009920C2818361194608225C3000F081F90D4B2B
S3150800993063620D4BA3620D4BE3620D4B23630D4B24
S3150800994024629C4206D003F16802944202D0D033C6
S315080099509C4205D104F15800BDE8104000F04EBA0B
S3150800996010BD00BF2D9B0008539B00088B9B000869
S31508009970AF9B0008C8250020024A0349034800F0A7
S3150800998069B800BF240000205DAD0008340000203F
S3150800999041680C4B994210B5044601D001F0DEF936
S315080099A0A168094B994202D0204601F0D7F9E1682F
S315080099B0064B994204D02046BDE8104001F0CEB9C6
S315080099C010BD00BFC825002030260020982600209C
S315080099D010B50B4B0B4C0C4A1A602046002204218A
S315080099E0FFF794FF04F1680001220921FFF78EFFB3
S315080099F004F1D0000222BDE810401221FFF786BF0D
S31508009A0000270020C825002079990008014800F0A1
S31508009A10F6B900BF09270020014800F0F1B900BFD8
S31508009A200927002010B50446FFF7F0FF236A1BB18B
S31508009A30BDE81040FFF7F0BF044B2362044B1B68D8
S31508009A40002BF5D1FFF7C4FFF2E700BF9199000894
S31508009A50002700202DE9F8430746884614460026C5
S31508009A60D4E90195B9F1010905D52468002CF7D187
S31508009A703046BDE8F883AB89012B07D9B5F90E3016
S31508009A80013303D029463846C04706436835E9E717
S31508009A900EB410B59DB01FAB029006906FF0004152
S31508009AA00A48079104910A4953F8042B05910024A2
S31508009AB002A9006801931B9400F026FB029B1C7008
S31508009AC01DB0BDE8104003B0704700BF300000204D
S31508009AD00802FFFF0EB470B59DB021AC00254FF407
S31508009AE0017254F8046BADF814201B950290069089
S31508009AF0F6F76EFB0B4B039007900B480B934FF64C
S31508009B00FF73ADF816303246234602A900680F9552
S31508009B101495019400F04EFC1DB0BDE8704003B0EA
S31508009B20704700BF4F9B00083000002010B50C4658
S31508009B30B1F90E1000F014F90028ABBF636DA389C4
S31508009B401B1823F48053ACBF6365A38110BD0020A6
S31508009B5070472DE9F0411F468B89DB0505460C4603
S31508009B60164605D5B1F90E100223002200F0E6F8D4
S31508009B70A389B4F90E1023F48053A38132463B46D9
S31508009B802846BDE8F04100F0FDB810B50C46B1F91D
S31508009B900E1000F0D3F8431CA38915BF606523F4A3
S31508009BA0805343F48053A38118BFA38110BDB1F934
S31508009BB00E1000F0B3B830B51446002C9BB005461D
S31508009BC01A4605DA8B2303604FF0FF301BB030BD11
S31508009BD04FF40273ADF80C304FF00003199314BF1D
S31508009BE004F1FF332346029305934FF6FF73009162
S31508009BF00491ADF80E3069461E9B00F085FA431CA9
S31508009C00BCBF8B232B60002CE0D0009B00221A706F
S31508009C10DCE7000007B5009313460A4601460348E9
S31508009C200068FFF7C8FF03B05DF804FB30000020AA
S31508009C3002440346934200D1704703F8011BF9E733
S31508009C4010B56AB10139841810F8012B11F8013FD3
S31508009C509A4203D1A04201D0002AF5D1D01A10BDEC
S31508009C601046FCE7164B2DE9F0411F687C6C05464B
S31508009C700E46ECB9502000F035F90246786420B952
S31508009C80104B11485B2100F0C5F8C0E90044C0E953
S31508009C900244C0E90444C0E90A44C0E90C44C0E9E6
S31508009CA00E44C0E91044C0E9124484610477446252
S31508009CB07A6C314628460123BDE8F04100F006B823
S31508009CC03000002024BE00083BBE0008F0B504465C
S31508009CD008B9146844B1204614F8015B0F4617F812
S31508009CE0016B1EB965B91560002005E0B542F6D1CD
S31508009CF0002BF0D114600370F0BD1C460CE01DB9B2
S31508009D00274614F8013B0E4616F8015BAB42F6D11E
S31508009D10002BF2D000233B701460EDE738B5064DF2
S31508009D200023044608462B60F8F79AFA431C02D12A
S31508009D302B6803B1236038BD0427002038B5074DCA
S31508009D4004460846114600222A601A46F8F7AFFA72
S31508009D50431C02D12B6803B1236038BD04270020B9
S31508009D6038B5074D04460846114600222A601A46A9
S31508009D70F8F73DFA431C02D12B6803B1236038BDBE
S31508009D800427002038B5074D044608461146002228
S31508009D902A601A46F8F748FA431C02D12B6803B121
S31508009DA0236038BD04270020014B1868704700BFA0
S31508009DB03000002070B50D4D0D4C641BA410002614
S31508009DC0A64209D10B4D0C4C01F076FC641BA4107D
S31508009DD00026A64205D170BD55F8043B98470136C2
S31508009DE0EEE755F8043B98470136F2E728C0000825
S31508009DF028C0000828C000082CC000087047704713
S31508009E007047034611F8012B03F8012B002AF9D1F4
S31508009E10704700001FB514461A46094B1B680546CD
S31508009E20D8684CB1074B0091CDE9013406492B4659
S31508009E3000F0BCFF01F078F8044B1C46F3E700BFBE
S31508009E403000002095BE0008A2BE0008D0BE00085B
S31508009E5038B50546002941D051F8043C0C1F002BA3
S31508009E60B8BFE41800F0E8F81D4A136833B9636010
S31508009E7014602846BDE8384000F0E4B8A34208D983
S31508009E80206821188B4201BF19685B680918216090
S31508009E90EDE71A465B680BB1A342FAD91168501868
S31508009EA0A0420BD120680144501883421160E0D1CA
S31508009EB018685B68536008441060DAE702D90C2317
S31508009EC02B60D6E7206821188B4204BF19685B68A7
S31508009ED0636004BF091821605460CAE738BD00BF33
S31508009EE010270020024B0146186800F025B800BF6D
S31508009EF03000002070B50F4E0C463168054611B982
S31508009F0000F0F4FF30602146284600F0EFFF431CBE
S31508009F1003D14FF0FF34204670BDC41C24F003045F
S31508009F20A042F8D0211A284600F0E0FF0130F2D10D
S31508009F30EFE700BF0C2700202DE9F843CD1C25F0DC
S31508009F40030508350C2D38BF0C25002D064601DB08
S31508009F50A94204D90C2333600020BDE8F883DFF852
S31508009F60D48000F069F8D8F800301C4644BB29466E
S31508009F703046FFF7BFFF431C044658D1D8F80040C7
S31508009F802746002F43D1002C4BD02368394630464C
S31508009F9004EB030900F0AAFF814542D121686D1A36
S31508009FA029463046FFF7A6FF01303AD023682B44EE
S31508009FB02360D8F800305A6862BBC8F800700FE012
S31508009FC02268521B20D40B2A17D96119A34225608F
S31508009FD018BF5960636808BFC8F8001062514B6023
S31508009FE0304600F02FF804F10B00231D20F007007F
S31508009FF0C21A1CBF1B1AA350AFE76268A3420CBF64
S3150800A000C8F800205A60EBE723466468AEE73C468A
S3150800A0107F68B6E71A465B68A342FBD10023536004
S3150800A020DEE70C233360304600F00CF894E7056051
S3150800A030D6E700BF102700200148FFF7E0BE00BFA3
S3150800A040082700200148FFF7DBBE00BF08270020CD
S3150800A0502DE9F0478E681F46BE420B6882460C46BD
S3150800A06090462DD8B1F90C2012F4906F26D0656968
S3150800A070096905EB4505A3EB010905EBD5757B1CBD
S3150800A0804B446D109D4238BF1D46530527D52946BA
S3150800A090FFF752FF064660B321694A4600F036FFCD
S3150800A0A0A38923F4906343F08003A3812661656145
S3150800A0B04E44A5EB09052660A5603E46BE4200D97A
S3150800A0C03E4620683246414600F0F5FEA3689B1BD3
S3150800A0D0A3602368334423600020BDE8F0872A463E
S3150800A0E000F029FF06460028E0D121695046FFF70F
S3150800A0F0AFFE0C23CAF80030A38943F04003A381BE
S3150800A1004FF0FF30E9E700002DE9F04F98468B89BC
S3150800A1101B069DB007460D46144610D50B6973B944
S3150800A1204021FFF709FF2860286130B90C233B60FE
S3150800A1304FF0FF301DB0BDE8F08F40236B61002360
S3150800A140099320238DF82930CDF80C803023DFF8C9
S3150800A1509C818DF82A304FF0010923469A4613F858
S3150800A160012B0AB1252AF9D1BAEB040B0BD05B46B1
S3150800A170224629463846FFF76BFF013000F0A780D4
S3150800A180099A5A4409929AF80030002B00F09F80E9
S3150800A19000234FF0FF32CDE905230AF1010A0493A3
S3150800A1A007938DF853301A935446052214F8011B69
S3150800A1B04E48F6F715F8049AD8B9D00644BF2023B6
S3150800A1C08DF85330110744BF2B238DF853309AF876
S3150800A1D000302A2B15D0079A544600204FF00A0C57
S3150800A1E0214611F8013B303B092B4BD9B0B10792F8
S3150800A1F014E0A0EB080309FA03F313430493A246F9
S3150800A200D2E7039B191D1B680391002BBBBF5B425A
S3150800A21042F0020207930793B8BF049223782E2BC5
S3150800A2200AD163782A2B32D1039B1A1D1B68039225
S3150800A23043EAE37302340593DFF8C0A021780322CA
S3150800A2405046F5F7CDFF38B1049BA0EB0A00402233
S3150800A250824013430134049314F8011B24488DF8F3
S3150800A26028100622F5F7BCFF002836D0214B1BBB69
S3150800A270039B073323F0070308330393099B3344EF
S3150800A28009936AE70CFB02320C460120A8E7002373
S3150800A2900134059319464FF00A0C204610F8012B95
S3150800A2A0303A092A03D9002BC6D00591C4E70CFB1E
S3150800A2B0012104460123F0E703AB00932A460E4B1F
S3150800A2C004A93846AFF30080421C0646D6D1AB89AE
S3150800A2D05B063FF52DAF09982CE703AB00932A469A
S3150800A2E0054B04A9384600F049FAEDE7D1BE000847
S3150800A2F0DBBE00080000000051A00008D7BE000819
S3150800A30038B54B1C144603D14FF0FF35284638BDE7
S3150800A310938923F020039381636B5268CDB28BB186
S3150800A320A36B934208DD23685A1E226003F8015C7A
S3150800A330636801336360E9E7214600F082FD00287F
S3150800A340F1D0E1E72169236851B1994208D213F89F
S3150800A350011CA94204D1013B013223606260D5E7A2
S3150800A360C4E90F3204F1440363630323A36323465A
S3150800A37003F8465F23600123DCE710B50C46496BFA
S3150800A38069B104F14403994201D0FFF761FD236CDA
S3150800A39063600020606313B1E36B236010BD23691B
S3150800A3A0236000236360A38943F02003A3814FF051
S3150800A3B0FF30F3E72DE9F04F0C46ADF5237D00217C
S3150800A3C0CDE94411A649A0910DF10408A549A64F67
S3150800A3D0CDF818810646A191009392F80090B9F13C
S3150800A3E0000F00F0588117F8093013F0080302F13E
S3150800A3F0010519D06368002B0FDD23681A78BA5C4B
S3150800A400120701D42A46E8E7459A0132459262685E
S3150800A4100133013A62602360ECE7A19B214630468E
S3150800A42098470028E9D0EDE7B9F1250F40F0858077
S3150800A4304193439353782A2B02BF1023951C4193CB
S3150800A4400A22AA461AF8011BA1F13003092B1ED9C4
S3150800A450DFF818B203225846F5F7C2FE38B1419A1A
S3150800A460A0EB0B000123834013434193554615F88F
S3150800A470013B782B06D8572B10D8252B5DD057D8FB
S3150800A480002B75D0032347930A23429388E0439B06
S3150800A49002FB0311303943915546D2E7A3F158021E
S3150800A4A0202AEFD801A151F822F000BF7FA50008A5
S3150800A4B085A4000885A40008D9A5000885A4000875
S3150800A4C085A4000885A4000885A4000885A40008BA
S3150800A4D085A4000885A40008EFA50008D5A50008EE
S3150800A4E037A5000837A5000837A5000885A4000881
S3150800A4F091A5000885A4000885A4000885A400087D
S3150800A50085A40008FFA5000899A5000877A50008F6
S3150800A51085A4000885A40008FBA5000885A40008F2
S3150800A520D5A5000885A4000885A400087FA500080D
S3150800A530453B022BA6D8052331E06368002B0DDDC9
S3150800A54023681A784A4540F0A6800133626823607A
S3150800A550459B013A01336260459353E7A19B214627
S3150800A560304698470028EBD04498002840F08B8066
S3150800A5704FF0FF308BE0419A42F020024192419A17
S3150800A58042F40072419210226E2B429202D905E0E3
S3150800A59000234293032302E00823429304234793AC
S3150800A5A06368002B39DD419B590604D423681A7861
S3150800A5B0BA5C120738D4479B022B47DC6B46224607
S3150800A5C041A9304600F0F8F9012864D002287FF442
S3150800A5D019AFC9E70A22D7E72946404600F0F8FB33
S3150800A5E0419B43F04003419305460123D7E7419B2E
S3150800A5F043F0400341930023D1E70223CFE7419874
S3150800A600C3063FF5FFAE009B459A191D00911B68CE
S3150800A610C0074CBF1A801A60F4E6A19B2146304653
S3150800A62098470028BFD09FE7459A0132459262684D
S3150800A630013A002A626002DD01332360B6E7A19B76
S3150800A6402146304698470028B0D08DE7042B0FDC0A
S3150800A6506B46224641A9304600F008FAB4E700BF27
S3150800A66001A300087BA3000820BF0008D7BE000886
S3150800A6700A4B002B3FF4C6AE6B46224641A930462C
S3150800A680AFF30080A0E7A3895B063FF571AF0DF530
S3150800A690237DBDE8F08F4498F9E700BF000000006D
S3150800A6A02DE9F047164698468A680B69DDF820902A
S3150800A6B09342B8BF1346336091F8432007460C46C9
S3150800A6C00AB1013333602368990642BF33680233FF
S3150800A6D03360256815F0060506D104F1190AE36802
S3150800A6E032689B1AAB4226DC94F843302268003B5A
S3150800A6F018BF012392062BD404F14302414638467B
S3150800A700C84701301ED02368226903F00603042BCC
S3150800A71002BFE5683368ED1AA3680CBF25EAE5753C
S3150800A72000259342C4BF9B1AED1800261A34B54279
S3150800A7301AD1002008E00123524641463846C84748
S3150800A740013003D14FF0FF30BDE8F0870135C6E789
S3150800A750E1185A1C302081F84300224494F8451029
S3150800A76082F843100233C7E701232246414638469A
S3150800A770C8470130E6D00136D9E700002DE9FF4782
S3150800A7800F7E0C9E782F914680460C469A4601F11C
S3150800A790430207D8622F0AD8002F00F0D180582F1D
S3150800A7A000F0B88004F1420684F842703AE0A7F156
S3150800A7B06303152BF6D801A151F823F015A8000854
S3150800A7C029A80008A5A70008A5A70008A5A70008A6
S3150800A7D0A5A7000829A80008A5A70008A5A7000896
S3150800A7E0A5A70008A5A7000827A9000853A80008D8
S3150800A7F0E1A80008A5A70008A5A7000849A9000818
S3150800A800A5A7000853A80008A5A70008A5A700083B
S3150800A810E9A8000833681A1D1B68326004F142066D
S3150800A82084F8423001239CE033682068191D3160A2
S3150800A830060601D51D6803E04506FBD5B3F90050A9
S3150800A840002D03DA2D236D4284F8433058480A2335
S3150800A85011E021683368080653F8045B02D44906F8
S3150800A86048BFADB26F2F5248336014BF0A2308237E
S3150800A870002184F843106668A660002E05DB21686F
S3150800A8802E4321F0040121604BD01646B5FBF3F1A7
S3150800A89003FB1157C75D06F8017D2F46BB420D46DF
S3150800A8A0F4D9082B0BD12368DF0708D5236961681B
S3150800A8B09942DEBF302306F8013C06F1FF36921BAB
S3150800A8C02261CDF800A04B4603AA21464046FFF771
S3150800A8D0E7FE01304AD14FF0FF3004B0BDE8F087FB
S3150800A8E0236843F0200323603248782784F84570AC
S3150800A8F0236831681F0651F8045B02D45F0648BF17
S3150800A900ADB23160D90744BF43F0200323601DB1BF
S3150800A9101023ADE72648E9E7236823F020032360E0
S3150800A920F6E71646BDE7336825686169181D306085
S3150800A9302E061B6801D5196002E06806FBD519804A
S3150800A940002323611646BCE733681A1D32601E6869
S3150800A950626800213046F5F743FC08B1801B606049
S3150800A96063682361002384F84330AAE723693246E3
S3150800A97049464046D0470130ADD023689B0713D4DB
S3150800A980E068039B9842B8BF1846A6E701233246FB
S3150800A99049464046D04701309DD00135E3680399C2
S3150800A9A05B1AAB42F2DCEBE7002504F11906F5E782
S3150800A9B0E2BE0008F3BE00082DE9F84315468A688A
S3150800A9C080460C4632B98A69002A14BF4FF0FF3216
S3150800A9D001228A602268DFF89090D1065FBF1A6864
S3150800A9E0111D196016680027A06988B1012807D1CA
S3150800A9F02B681A7863699B5C53B9002F31D022E023
S3150800AA00022820D12B681B7819F803301B071AD4A3
S3150800AA102368DA065EBF2B681B7806F8013B2A68AE
S3150800AA206B6801322A60A268013B013A6B60013704
S3150800AA30A26042B1002BD7DCD4F8803129464046C3
S3150800AA4098470028D0D0236813F0100305D1E26890
S3150800AA500132E260A26902B1337023693B44236183
S3150800AA600020BDE8F88300BF20BF00082DE9F04F9D
S3150800AA709846744B0C468246164693E8070087B0FC
S3150800AA8003AB83E80700704BA169704A032908BF26
S3150800AA901A46A36801925A1EB2F5AE7F88BF6FF4B4
S3150800AAA0AE75274682BF03EB050940F25D13A36026
S3150800AAB057F81C3B43F4506398BF4FF000092360D6
S3150800AAC03D464FF0000B316803AB097853F82B006D
S3150800AAD00222F5F785FB28B3BBF1010F59D162684D
S3150800AAE02AB92268082142F400726160226022684D
S3150800AAF022F4A0622260A268511EA16092B1326857
S3150800AB00511C3160127805F8012B7268013A002A47
S3150800AB10726007DCD4F880213146504690470028F9
S3150800AB2040F085800BF1010BBBF1030FCBD16368B5
S3150800AB300BB90A236360636845496069C91A00F05E
S3150800AB4047F94FF0000BA3682268002B3DD0316807
S3150800AB50606991F800C010F80C00002835D0BCF1E7
S3150800AB60300F24D1100522D50BF1010BB9F1000FD6
S3150800AB7003D0013309F1FF39A3607368013B002B49
S3150800AB8073601BDD336801333360A368013BA36040
S3150800AB90D9E7BBF1020FAED1226802F4C061B1F564
S3150800ABA0007FC4D11021616042F48072A2E722F4CA
S3150800ABB0106222600B7805F8013BDEE7D4F8803195
S3150800ABC03146504698470028DFD02368D9050DD569
S3150800ABD0BD4209D915F8011CD4F87C3132465046D5
S3150800ABE0984705F1FF394D46BD4228D0226812F034
S3150800ABF0100213D12A706368019E39465046B04741
S3150800AC00D8F8003021681A1DC8F8002011F0200F66
S3150800AC101B680FD01860E3680133E3602369ED1BF6
S3150800AC205D442B442361002007B0BDE8F08F4FF048
S3150800AC30000BCAE7CA074CBF18801860EBE701206B
S3150800AC40F2E700BF90B9000889B0000869B10008AA
S3150800AC5014BF0008B1F90C202DE9F0411607054686
S3150800AC600C4654D44B68002B02DC0B6C002B48DDD9
S3150800AC70E66A002E45D0002312F480522F68216A16
S3150800AC802B6030D0626DA389590705D56368D21A3F
S3150800AC90636B0BB1236CD21A0023E66A216A284635
S3150800ACA0B047431CA38906D129681D292BD82A4AEF
S3150800ACB0CA40D60727D500226260D90422692260D5
S3150800ACC004D5421C01D12B6803B96065616B2F60FE
S3150800ACD0B9B104F14403994202D02846FFF7B8F8FF
S3150800ACE0002363630DE001232846B0470246501C43
S3150800ACF0C9D12B68002BC6D01D2B01D0162B1ED10F
S3150800AD002F60002022E043F040031BB21BE00F69CE
S3150800AD10002FF6D093070E6808BF4B690F6018BF5F
S3150800AD200023A6EB07088B60B8F1000FE9DD216A5E
S3150800AD30A66A43463A462846B047002808DCB4F9CE
S3150800AD400C3043F04003A3814FF0FF30BDE8F0819B
S3150800AD500744A8EB0008E7E70100402038B50B696F
S3150800AD6005460C4613B90025284638BD18B1036AAE
S3150800AD700BB9FEF757FEB4F90C30002BF3D0626E10
S3150800AD80D00704D4990502D4A06DFFF738F82846F1
S3150800AD902146FFF75FFF636EDA070546E4D4A38909
S3150800ADA09B05E1D4A06DFFF72BF8DDE70EB403B5DC
S3150800ADB0014603AB054853F8042B0068019300F0DD
S3150800ADC0FFF902B05DF804EB03B0704730000020CD
S3150800ADD070B50B7804465E2B0BBF4B784A1C8A1C51
S3150800ADE0002108BF0121013804F1FF0500F8011F01
S3150800ADF0A842FBD10BB9501E70BD81F00101E15488
S3150800AE001046024612F8015B2D2D05D05D2D16D091
S3150800AE10002DF1D02B46F2E746785D2EFAD0B342E4
S3150800AE20F8DC02301A4601329642A154FBDCF21ACB
S3150800AE30013A5D1CB342A8BF0022AB18E1E71046F1
S3150800AE40DAE72DE9F0410C46496B04F144039942CF
S3150800AE501DD14FF48061FFF76FF818B94FF0FF3036
S3150800AE60BDE8F0814FF48063A36394F846306063CD
S3150800AE7080F8FF3394F8453080F8FE3394F8443070
S3150800AE8080F8FD3300F2FD3020600020E8E7A66B6D
S3150800AE9077003A4600F04FF805460028DED000EB6A
S3150800AEA0060801463246404600F030F8C4E90D5718
S3150800AEB0C4F80080E9E7884210B501EB020402D91C
S3150800AEC08442234607D8431EA14208D011F8012B15
S3150800AED003F8012FF8E7024401468A4200D110BD63
S3150800AEE013F8014D02F8014DF7E7000038B5064D95
S3150800AEF00023044608462B60F7F7E6F9431C02D1FF
S3150800AF002B6803B1236038BD042700200A44914208
S3150800AF1000F1FF3300D1704710B511F8014B03F863
S3150800AF20014F9142F9D110BD08B5062000F01CFB6F
S3150800AF300120F7F751F92DE9F041074614460D4669
S3150800AF4021B9BDE8F0411146FEF7F6BF2AB9FEF76A
S3150800AF507FFF25462846BDE8F08100F021FB8442A4
S3150800AF60064602D8B4EB500FF4D821463846FEF709
S3150800AF70E3FF804608B94546ECE7B442224629462F
S3150800AF8028BF3246FFF7C2FF29463846FEF760FF5C
S3150800AF90F1E70000242B2DE9F0478646904601D8B4
S3150800AFA0012B06D1FEF700FF162303600020BDE83B
S3150800AFB0F08734480D462A4615F8014B065D16F00B
S3150800AFC00806F8D12D2C10D12C780126951C33F0C3
S3150800AFD0100215D1302C0DD12A7802F0DF02582A3A
S3150800AFE008D16C78023510230AE02B2C04BF2C7884
S3150800AFF0951CECE7002BF6D1302C14BF0A23082346
S3150800B00006F1004C0CF1FF3C0022BCFBF3F910469C
S3150800B01003FB19CAA4F13007092F0FD83C46A342EF
S3150800B0201BDD571C07D0814514D301D1A24511DB7E
S3150800B03000FB0340012215F8014BEBE7A4F1410799
S3150800B040192F01D8373CEAE7A4F16107192F04D86C
S3150800B050573CE4E74FF0FF32EDE7531C08D12223B3
S3150800B060CEF800306046B8F1000FA0D0691E06E0A1
S3150800B07006B14042B8F1000F99D0002AF6D1C8F8B7
S3150800B080001094E720BF0008FFF784BF2DE9F043BE
S3150800B090344E86460D46284615F8014B375D17F09F
S3150800B0A00807F8D12D2C10D12C780127851C33F0F0
S3150800B0B0100015D1302C0DD1287800F0DF00582863
S3150800B0C008D16C78023510230AE02B2C04BF2C78A3
S3150800B0D0851CECE7002BF6D1302C14BF0A23082375
S3150800B0E04FF0FF380026B8FBF3F803FB08F96FEAC0
S3150800B0F009093046A4F1300CBCF1090F10D8644692
S3150800B100A3421EDDB6F1FF3F07D0804516D301D115
S3150800B110A14513DB00FB0340012615F8014BE9E7BF
S3150800B120A4F1410CBCF1190F01D8373CE8E7A4F1AA
S3150800B130610CBCF1190F04D8573CE1E74FF0FF3614
S3150800B140EBE7731C06D12223CEF80030304632B91D
S3150800B150BDE8F08307B14042002AF9D006B1691E5E
S3150800B1601160F5E720BF0008FFF790BF9368013B21
S3150800B170002B10B4936008DA9469A34201DB0A290C
S3150800B18003D15DF8044B00F033B91368581C1060FE
S3150800B190197008465DF8044B7047F8B506460F4621
S3150800B1A01446D518AC4201D1002007E014F8011B5B
S3150800B1B03A463046FFF7DAFF431CF3D1F8BD0000E4
S3150800B1C02DE9F04F0D469DB014469846064618B12F
S3150800B1D0036A0BB9FEF726FC6B6ED90705D4AB8953
S3150800B1E09A0502D4A86DFEF70AFEAB891B0701D59E
S3150800B1F02B699BB92946304600F038F970B16B6E59
S3150800B200DC0704D54FF0FF301DB0BDE8F08FAB89E1
S3150800B2109805F7D4A86DFEF7F3FDF3E70023099325
S3150800B22020238DF82930CDF80C803023DFF8AC8147
S3150800B2308DF82A304FF0010923469A4613F8012B58
S3150800B2400AB1252AF9D1BAEB040B0BD05B46224684
S3150800B25029463046FFF7A1FF013000F0A780099A7A
S3150800B2605A4409929AF80030002B00F09F80002378
S3150800B2704FF0FF32CDE905230AF1010A049307933B
S3150800B2808DF853301A935446052214F8011B534877
S3150800B290F4F7A6FF049AD8B9D10644BF20238DF83F
S3150800B2A05330130744BF2B238DF853309AF80030D8
S3150800B2B02A2B15D0079A544600204FF00A0C21462F
S3150800B2C011F8013B303B092B4BD9B0B1079214E07A
S3150800B2D0A0EB080309FA03F313430493A246D2E743
S3150800B2E0039B191D1B680391002BBBBF5B4242F0F1
S3150800B2F0020207930793B8BF049223782E2B0AD12C
S3150800B30063782A2B32D1039B1A1D1B68039243EAE2
S3150800B310E37302340593DFF8D4A02178032250465C
S3150800B320F4F75EFF38B1049BA0EB0A004022824086
S3150800B33013430134049314F8011B29488DF8281087
S3150800B3400622F4F74DFF00283FD0264B1BBB039B74
S3150800B350073323F0070308330393099B3B440993F8
S3150800B3606AE70CFB02320C460120A8E700230134E9
S3150800B370059319464FF00A0C204610F8012B303A6F
S3150800B380092A03D9002BC6D00591C4E70CFB012175
S3150800B39004460123F0E703AB00932A46124B04A99F
S3150800B3A03046AFF300800746781CD6D16B6ED907B6
S3150800B3B005D4AB899A0502D4A86DFEF721FDAB89A1
S3150800B3C05B063FF51FAF09981EE703AB00932A46B5
S3150800B3D0054B04A93046FFF7D1F9E4E7D1BE0008CA
S3150800B3E0DBBE0008000000009BB10008D7BE0008BD
S3150800B3F0F8B50E461446054618B1036A0BB9FEF7AA
S3150800B40011FBA369A360A3891A0701D5236943B968
S3150800B4102146284600F02AF818B14FF0FF3738467B
S3150800B420F8BD23682269981A6369F6B283423746DB
S3150800B43005DC21462846FFF791FC0028EDD1A368D4
S3150800B440013BA36023685A1C22601E706269431C74
S3150800B4509A4204D0A389DB07E1D50A2EDFD121461B
S3150800B4602846FFF77BFC0028D9D0D6E738B5294B04
S3150800B470054618680C4618B1036A0BB9FEF7D2FAE6
S3150800B480B4F90C30190722D4DA0607D409222A603F
S3150800B49043F04003A3814FF0FF3033E0580712D53D
S3150800B4A0616B41B104F14403994202D02846FEF784
S3150800B4B0CFFC00236363A38923F02403A38100231D
S3150800B4C0636023692360A38943F00803A381236982
S3150800B4D04BB9A38903F42073B3F5007F03D0214643
S3150800B4E0284600F08BF8B4F90C3013F001020AD0A4
S3150800B4F00022A26062695242A261226942B913F02F
S3150800B5008000C5D138BD990758BF6269A260F4E7C3
S3150800B5100020F7E7300000201F2938B505460C46FD
S3150800B52004D9162303604FF0FF3038BDC26B12B141
S3150800B53052F821304BB9284600F030F82246014629
S3150800B5402846BDE8384000F017B8012B0AD0591C28
S3150800B55003D1162303600120E7E7002142F82410EF
S3150800B560204698470020E0E7024B01461868FFF797
S3150800B570D3BF00BF3000002038B5074D002304466E
S3150800B580084611462B60F6F717FE431C02D12B68B6
S3150800B59003B1236038BD00BF04270020F6F704BEB8
S3150800B5A051F8043C181F002BBCBF0B58C018704735
S3150800B5B070B50C46B1F90E10002996B015461E4610
S3150800B5C00DDAA38913F0800F4FF0000114BF402352
S3150800B5D04FF48063002031602B6016B070BD6A4658
S3150800B5E000F048F80028ECDB019901F47041A1F558
S3150800B5F00053594259414FF48063EBE78B89F7B5FD
S3150800B6009D0706460C4607D504F1470323602361C8
S3150800B6100123636103B0F0BD01AB6A46FFF7C8FFBB
S3150800B620009F054639463046FEF786FC48B9B4F908
S3150800B6300C309A05EED423F0030343F00203A381EA
S3150800B640E2E7A389206043F08003A381019BC4E954
S3150800B65004075BB1B4F90E10304600F01DF828B1A6
S3150800B660A38923F0030343F00103A381A3891D43A0
S3150800B670A581CFE738B5074D00230446084611468D
S3150800B6802B60F6F7F9FD431C02D12B6803B1236042
S3150800B69038BD00BF0427002038B5064D00230446F0
S3150800B6A008462B60F6F7F8FD431C02D12B6803B158
S3150800B6B0236038BD04270020F8B500BFF8BC08BCD5
S3150800B6C09E467047F8B500BFF8BC08BC9E46704752
S3150800B6D0252E36662C25632C252E36662C25632CBE
S3150800B6E0252E32660A0000004C6F676765643A20AB
S3150800B6F02573000024475047474100002447504718
S3150800B70047412C25662C25662C25632C25662C2579
S3150800B71063000000244750474C4C0000244750471C
S3150800B7204C4C2C25662C25632C25662C25632C254C
S3150800B73066000000244750524D43000024475052EB
S3150800B7404D432C25662C25632C25662C25632C2534
S3150800B750662C2563000000002530325800000000E2
S3150800B76024474E47474100002C0000004C6174698D
S3150800B770747564653A2025732025732C204C6F6EEA
S3150800B7806769747564653A2025732025730A000075
S3150800B790496E76616C6964204E4D45413A202573A1
S3150800B7A00D0A00005344204361726420496E69748F
S3150800B7B069616C697A6174696F6E0A00000000003D
S3150800B7C04E6F205344204361726420666F756E6421
S3150800B7D0203A20282569290D0A00000053442043F1
S3150800B7E0617264204D6F756E74656420537563636A
S3150800B7F065737366756C6C792121210D0A0000004A
S3150800B800546F74616C5370616365203A20256C75BA
S3150800B8102062797465732C2046726565537061637E
S3150800B82065203D20256C752062797465730A0000D1
S3150800B8304C6F67732E7478740000000046696C6557
S3150800B840206372656174696F6E2F6F70656E20452F
S3150800B85072726F72203A20282569290D0A000000A5
S3150800B86057726974696E6720646174612121210DBC
S3150800B8700A0000002A2A2A2A2A2A2A2A4750532056
S3150800B8806D6F64756C6520446174612A2A2A2A2AB8
S3150800B8902A2A2A2A2A2A2A2A2A0A000046696C6596
S3150800B8A0206F70656E696E67204572726F72203AF6
S3150800B8B020282569290D0A005265616420446174AF
S3150800B8C061203A2025730A00436C6F73696E6720FE
S3150800B8D046696C652121210D0A00000053656E73C7
S3150800B8E06F725F64617461203A2025730A00000054
S3150800B8F077726974696E67206C6F6720696E746FFA
S3150800B90020534420636172642025730046696C6580
S3150800B910206F70656E206572726F723A2025640A10
S3150800B920000000005344204361726420556E6D6F19
S3150800B930756E746564205375636365737366756C99
S3150800B9406C792121210D0A00222A3A3C3E3F7C7F50
S3150800B950000000002B2C3B3D5B5D0000EBFE904D8C
S3150800B96053444F53352E30004E4F204E414D4520FF
S3150800B9702020204641543332202020004E4F204EAE
S3150800B980414D4520202020464154202020202000DB
S3150800B99016BF000819BF00081CBF000800000000F9
S3150800B9A00000000001020304060708090000000061
S3150800B9B001020304A0860100400D0300801A060058
S3150800B9C000350C0040420F0080841E0000093D002F
S3150800B9D000127A000024F40000366E010048E801DF
S3150800B9E0006CDC02435545414141414345454549C3
S3150800B9F0494941414592924F4F4F5555594F554FD9
S3150800BA009C4F9E9F41494F55A5A5A6A7A8A9AAAB95
S3150800BA10ACADAEAFB0B1B2B3B4414141B8B9BABB3F
S3150800BA20BCBDBEBFC0C1C2C3C4C54141C8C9CACBDB
S3150800BA30CCCDCECFD1D145454549494949D9DADB9F
S3150800BA40DCDD49DF4FE14F4F4F4FE6E8E8555555E6
S3150800BA505959EEEFF0F1F2F3F4F5F6F7F8F9FAFBC7
S3150800BA60FCFDFEFF01030507090E10121416181C2B
S3150800BA701E000000C700FC00E900E200E400E00048
S3150800BA80E500E700EA00EB00E800EF00EE00EC0056
S3150800BA90C400C500C900E600C600F400F600F200BE
S3150800BAA0FB00F900FF00D600DC00F800A300D80070
S3150800BAB0D7009201E100ED00F300FA00F100D10091
S3150800BAC0AA00BA00BF00AE00AC00BD00BC00A100D1
S3150800BAD0AB00BB0091259225932502252425C1009C
S3150800BAE0C200C000A9006325512557255D25A2007F
S3150800BAF0A5001025142534252C251C2500253C25B4
S3150800BB00E300C3005A255425692566256025502576
S3150800BB106C25A400F000D000CA00CB00C800310193
S3150800BB20CD00CE00CF0018250C2588258425A60033
S3150800BB30CC008025D300DF00D400D200F500D50064
S3150800BB40B500FE00DE00DA00DB00D900FD00DD00EE
S3150800BB50AF00B400AD00B1001720BE00B600A700C4
S3150800BB60F700B800B000A800B700B900B300B200EB
S3150800BB70A025A00061001A03E0001703F8000703D8
S3150800BB80FF00010078010001300132010601390188
S3150800BB9010014A012E017901060180014D00430278
S3150800BBA0810182018201840184018601870187015E
S3150800BBB089018A018B018B018D018E018F0190010C
S3150800BBC09101910193019401F6019601970198015B
S3150800BBD098013D029B019C019D0120029F01A00145
S3150800BBE0A001A201A201A401A401A601A701A7011F
S3150800BBF0A901AA01AB01AC01AC01AE01AF01AF01CD
S3150800BC00B101B201B301B301B501B501B701B8017C
S3150800BC10B801BA01BB01BC01BC01BE01F701C001F4
S3150800BC20C101C201C301C401C501C401C701C801DC
S3150800BC30C701CA01CB01CA01CD011001DD0101000E
S3150800BC408E01DE011201F3010300F101F401F40192
S3150800BC50F8012801220212013A020900652C3B026A
S3150800BC603B023D02662C3F02400241024102460267
S3150800BC700A015302400081018601550289018A01A1
S3150800BC8058028F015A0290015C025D025E025F0251
S3150800BC909301610262029401640265026602670208
S3150800BCA0970196016A02622C6C026D026E029C0173
S3150800BCB0700271029D01730274029F017602770277
S3150800BCC0780279027A027B027C02642C7E027F0269
S3150800BCD0A60181028202A9018402850286028702E0
S3150800BCE0AE014402B101B20145028D028E028F02F5
S3150800BCF090029102B7017B030300FD03FE03FF03D5
S3150800BD00AC0304008603880389038A03B10311037D
S3150800BD10C2030200A303A303C4030803CC0303005E
S3150800BD208C038E038F03D8031801F2030A00F90364
S3150800BD30F303F403F503F603F703F703F903FA032A
S3150800BD40FA033004200350041007600422018A0411
S3150800BD503601C1040E01CF040100C004D004440119
S3150800BD6061052604000000007D1D0100632C001EED
S3150800BD709601A01E5A01001F0806101F0606201F5E
S3150800BD800806301F0806401F0606511F0700591FE0
S3150800BD90521F5B1F541F5D1F561F5F1F601F08063B
S3150800BDA0701F0E00BA1FBB1FC81FC91FCA1FCB1F93
S3150800BDB0DA1FDB1FF81FF91FEA1FEB1FFA1FFB1F0D
S3150800BDC0801F0806901F0806A01F0806B01F04005B
S3150800BDD0B81FB91FB21FBC1FCC1F0100C31FD01F3D
S3150800BDE00206E01F0206E51F0100EC1FF21F010014
S3150800BDF0FC1F4E210100322170211002842101000E
S3150800BE008321D0241A05302C2F04602C0201672CBC
S3150800BE100601752C0201802C6401002D260841FFBD
S3150800BE201A0300005245454E54206D616C6C6F63D1
S3150800BE3020737563636565646564002F6275696C54
S3150800BE40642F676E752D746F6F6C732D666F722D08
S3150800BE5073746D33325F31332E332E72656C312E27
S3150800BE6032303234303932362D313731352F73721C
S3150800BE70632F6E65776C69622F6E65776C69622FC2
S3150800BE806C6962632F737472696E672F7374727448
S3150800BE906F6B2E63002C2066756E6374696F6E3A3D
S3150800BEA02000617373657274696F6E202225732290
S3150800BEB0206661696C65643A2066696C652022258E
S3150800BEC073222C206C696E65202564257325730AF8
S3150800BED000232D302B2000686C4C006566674546AC
S3150800BEE047003031323334353637383941424344E6
S3150800BEF04546003031323334353637383961626376
S3150800BF0064656600412D46612D6638393031323315
S3150800BF10343536375D002B2D003030007858000058
S3150800BF2020202020202020202028282828282020DB
S3150800BF3020202020202020202020202020202020F3
S3150800BF40881010101010101010101010101010106B
S3150800BF50040404040404040404041010101010104B
S3150800BF601041414141414101010101010101010124
S3150800BF700101010101010101010101101010101058
S3150800BF8010424242424242020202020202020202F5
S3150800BF90020202020202020202020210101010201D
S3150800BFA00000000000000000000000000000000083
S3150800BFB00000000000000000000000000000000073
S3150800BFC00000000000000000000000000000000063
S3150800BFD00000000000000000000000000000000053
S3150800BFE00000000000000000000000000000000043
S3150800BFF00000000000000000000000000000000033
S3150800C0000000000000000000000000000000000022
S3150800C0100000000000000000000000000000000012
S30D0800C020B041FF7F010000009A
S3090800C028B501000848
S3090800C02C9101000868
S3150800C0300100000000093D0010000000010000009A
S3150800C040FD63000819640008356400085B6400088D
S3150800C050816400080000000003000000C8250020D5
S3150800C0603400002000000000C825002030260020EB
S3150800C07098260020000000000000000000000000D4
S3150800C08000000000000000000000000000000000A2
S3150800C0900000000000000000000000000000000092
S3150800C0A00000000000000000000000000000000082
S7050800235976
