S015000053445F436172645F636865636B2E7372656342
S31508000000008001206D250008952300089D2300081F
S31508000010A5230008AD230008B5230008000000004A
S31508000020000000000000000000000000BD230008DA
S31508000030CB23000800000000D9230008E9230008A4
S31508000040BD250008BD250008BD250008BD250008FA
S31508000050BD250008BD250008BD250008BD250008EA
S31508000060BD250008BD250008BD250008BD250008DA
S31508000070BD250008BD250008BD250008BD250008CA
S31508000080BD250008BD250008BD250008BD250008BA
S31508000090BD250008BD250008BD250008BD250008AA
S315080000A0BD250008BD250008BD2500082524000833
S315080000B0BD250008BD250008BD250008BD2500088A
S315080000C0BD250008BD250008BD250008BD2500087A
S315080000D0BD250008BD250008BD250008BD2500086A
S315080000E0BD250008BD250008BD250008BD2500085A
S315080000F0BD250008BD250008BD250008BD2500084A
S31508000100BD250008BD250008BD250008BD25000839
S31508000110BD250008BD250008BD250008BD25000829
S31508000120BD250008BD250008BD250008BD25000819
S31508000130BD250008BD250008BD250008BD25000809
S31508000140BD250008BD250008BD250008BD250008F9
S31508000150BD250008BD250008BD250008BD250008E9
S31508000160BD250008BD250008BD250008BD250008D9
S31508000170BD250008BD250008BD25000800000000B3
S30D08000180BD250008BD25000895
S3150800019010B5054C237833B9044B13B10448AFF3B3
S315080001A000800123237010BDC40000200000000059
S315080001B0E0B6000808B5034B1BB103490348AFF383
S315080001C0008008BD00000000C8000020E0B6000856
S315080001D0034613F8012B002AFBD1181A0138704779
S315080001E001F0FF01102A2BDB10F0070F08D010F8DA
S315080001F0013B013A8B422DD010F0070F42B3F6D1DE
S31508000200F0B441EA012141EA014122F007047FF0F6
S3150800021000070023F0E80256083C85EA010586EA4D
S31508000220010685FA47F5A3FA87F586FA47F6A5FA89
S3150800023087F68EB9EED1F0BC01F0FF0102F0070295
S3150800024032B110F8013B013A83EA010313B1F8D140
S315080002500020704701387047002D06BF3546033821
S31508000260073815F0010F07D1013015F4807F02BF5A
S31508000270013015F4C03F0130F0BC0138704700BFAB
S3150800028070B54FF0FF0C4CF4E06C1CEA11541DBF1E
S315080002901CEA135594EA0C0F95EA0C0F00F0DEF8E9
S315080002A02C4481EA030621EA4C5123EA4C5350EACE
S315080002B0013518BF52EA033541F4801143F480131F
S315080002C038D0A0FB02CE4FF00005E1FB02E506F0B0
S315080002D00042E0FB03E54FF00006E1FB03569CF005
S315080002E0000F18BF4EF0010EA4F1FF04B6F5007F0B
S315080002F064F5407404D25FEA4E0E6D4146EB06067D
S3150800030042EAC62141EA55514FEAC52040EA5E5005
S315080003104FEACE2EB4F1FD0C88BFBCF5E06F1ED8AF
S31508000320BEF1004F08BF5FEA500E50F1000041EBE6
S31508000330045170BD06F0004646EA010140EA020093
S3150800034081EA0301B4EB5C04C2BFD4EB0C0541EAB5
S31508000350045170BD41F480114FF0000E013C00F3CA
S31508000360AB8014F1360FDEBF002001F0004170BDEE
S31508000370C4F10004203C35DA0C341BDC04F1140407
S31508000380C4F1200500FA05F320FA04F001FA05F293
S3150800039040EA020001F0004221F0004110EBD37060
S315080003A021FA04F642EB06015EEA430E08BF20EA8C
S315080003B0D37070BDC4F10C04C4F1200500FA04F32F
S315080003C020FA05F001FA04F240EA020001F00041C1
S315080003D010EBD37041F100015EEA430E08BF20EA34
S315080003E0D37070BDC4F1200500FA05F24EEA020E7C
S315080003F020FA04F301FA05F243EA020321FA04F0AB
S3150800040001F0004121FA04F220EA020000EBD37061
S315080004105EEA430E08BF20EAD37070BD94F0000F61
S315080004200FD101F00046400041EB010111F4801F95
S3150800043008BF013CF7D041EA060195F0000F18BF46
S31508000440704703F00046520043EB030313F4801F82
S3150800045008BF013DF7D043EA0603704794EA0C0F3C
S315080004600CEA135518BF95EA0C0F0CD050EA410652
S3150800047018BF52EA4306D1D181EA030101F00041CF
S315080004804FF0000070BD50EA410606BF10461946F7
S3150800049052EA430619D094EA0C0F02D150EA013603
S315080004A013D195EA0C0F05D152EA03361CBF104644
S315080004B019460AD181EA030101F0004141F0FE41E3
S315080004C041F470014FF0000070BD41F0FE4141F467
S315080004D0780170BD81F0004102E000BF83F000435F
S315080004E030B54FEA41044FEA430594EA050F08BFC1
S315080004F090EA020F1FBF54EA000C55EA020C7FEA85
S31508000500645C7FEA655C00F0E2804FEA5454D4EB01
S315080005105555B8BF6D420CDD2C4480EA020281EACB
S31508000520030382EA000083EA010180EA020281EA03
S315080005300303362D88BF30BD11F0004F4FEA013155
S315080005404FF4801C4CEA113102D0404261EB410164
S3150800055013F0004F4FEA03334CEA133302D05242EA
S3150800056063EB430394EA050F00F0A780A4F10104A6
S31508000570D5F1200E0DDB02FA0EFC22FA05F28018E0
S3150800058041F1000103FA0EF2801843FA05F35941C6
S315080005900EE0A5F120050EF1200E012A03FA0EFC45
S315080005A028BF4CF0020C43FA05F3C01851EBE3716F
S315080005B001F0004507D54FF0000EDCF1000C7EEB8C
S315080005C000006EEB0101B1F5801F1BD3B1F5001FCA
S315080005D00CD349085FEA30004FEA3C0C04F10104E9
S315080005E04FEA445212F5800F80F09A80BCF1004F12
S315080005F008BF5FEA500C50F1000041EB045141EA94
S31508000600050130BD5FEA4C0C404141EB0101013C5C
S3150800061028BFB1F5801FE9D291F0000F04BF01464B
S315080006200020B1FA81F308BF2033A3F10B03B3F11D
S3150800063020020CDA0C3208DD02F1140CC2F10C02AD
S3150800064001FA0CF021FA02F10CE002F11402D8BF0B
S31508000650C2F1200C01FA02F120FA0CFCDCBF41EAD7
S315080006600C019040E41AA2BF01EB0451294330BDA6
S315080006706FEA04041F3C1CDA0C340EDC04F1140483
S31508000680C4F1200220FA04F001FA02F340EA03005A
S3150800069021FA04F345EA030130BDC4F10C04C4F1A0
S315080006A0200220FA02F001FA04F340EA0300294680
S315080006B030BD21FA04F0294630BD94F0000F83F4CA
S315080006C0801306BF81F480110134013D4EE77FEAAD
S315080006D0645C18BF7FEA655C29D094EA050F08BFF9
S315080006E090EA020F05D054EA000C04BF19461046DA
S315080006F030BD91EA030F1EBF0021002030BD5FEA1E
S31508000700545C05D14000494128BF41F0004130BD45
S3150800071014F580043CBF01F5801130BD01F0004599
S3150800072045F0FE4141F470014FF0000030BD7FEA0C
S31508000730645C1ABF194610467FEA655C1CBF0B4607
S31508000740024650EA013406BF52EA033591EA030F1E
S3150800075041F4002130BD00BF90F0000F04BF002116
S31508000760704730B54FF4806404F132044FF0000549
S315080007704FF0000150E700BF90F0000F04BF0021C2
S31508000780704730B54FF4806404F1320410F0004528
S3150800079048BF40424FF000013EE700BF42004FEA23
S315080007A0E2014FEA31014FEA02701FBF12F07F43A0
S315080007B093F07F4F81F06051704732F07F4208BF57
S315080007C0704793F07F4F04BF41F40021704730B55E
S315080007D04FF4607401F0004521F000411CE700BFAA
S315080007E050EA010208BF704730B54FF000050AE02D
S315080007F050EA010208BF704730B511F0004502D52E
S31508000800404261EB41014FF4806404F132045FEA2F
S31508000810915C3FF4D8AE4FF003025FEADC0C18BFD8
S3150800082003325FEADC0C18BF033202EBDC02C2F1CA
S31508000830200300FA03FC20FA02F001FA03FE40EA5C
S315080008400E0021FA02F11444BDE600BF4A0011D297
S3150800085012F5001211D20DD56FF47873B3EB62520C
S315080008600ED44FEAC12343F0004343EA505323FA18
S3150800087002F070474FF00000704750EA013002D18D
S315080008804FF0FF3070474FF00000704753B94AB930
S31508000890002908BF00281CBF4FF0FF314FF0FF307A
S315080008A000F088B9ADF1080C6DE904CE00F006F841
S315080008B0DDF804E0DDE9022304B070472DE9F047CE
S315080008C0089D8E4604468846002B4AD18A4217461A
S315080008D062D9B2FA82F64EB1C6F1200301FA06F8D9
S315080008E020FA03F3B74043EA0808B4404FEA174E24
S315080008F01FFA87FCB8FBFEF1230C0EFB118843EAAE
S31508000900084301FB0CF29A4209D9FB1801F1FF30A2
S3150800091080F0EA809A4240F2E78002393B449A1A0C
S31508000920A3B2B2FBFEF00EFB102243EA024300FB21
S315080009300CFC9C4509D9FB1800F1FF3280F0D680E3
S315080009409C4540F2D3803B44023840EA0140A3EB81
S315080009500C0300211DB1F3400022C5E90032BDE8B1
S31508000960F0878B4205D90DB1C5E90001002108467B
S31508000970F5E7B3FA83F1002946D1734502D38242DB
S3150800098000F20581841A6EEB030201209046002DC1
S31508000990E5D0C5E90048E2E7002A00F09080B2FAFF
S315080009A082F6002E40F0A4808A1A030C4FEA174EEE
S315080009B080B2BCB20121B2FBFEFC0EFB1C2243EA4C
S315080009C0024304FB0CF29A4207D9FB180CF1FF38D4
S315080009D002D29A4200F2E080C4469B1AB3FBFEF2AA
S315080009E00EFB123340EA034302FB04F49C4207D988
S315080009F0FB1802F1FF3002D29C4200F2CA8002467E
S31508000A001B1B42EA0C40A5E7C1F120068B4022FADF
S31508000A1006F71F430EFA01F420FA06F32EFA06FE2D
S31508000A204FEA1749234300FA01F81FFA87FCBEFB71
S31508000A30F9F01C0C09FB10EE44EA0E4400FB0CFE10
S31508000A40A64502FA01F209D93C1900F1FF3A80F0ED
S31508000A509C80A64540F2998002383C44A4EB0E04DB
S31508000A601FFA83FEB4FBF9F309FB13444EEA044468
S31508000A7003FB0CFCA44508D93C1903F1FF3E80F0A2
S31508000A808280A4457FD9023B3C4443EA0040A4EB5C
S31508000A900C04A0FB02EC64457346E14662D35FD0C2
S31508000AA05DB1B8EB030264EB090404FA06F622FA10
S31508000AB001F31E43CC40C5E9006400214FE7B1FBB2
S31508000AC0F2FC010C41EA0E4180B240EA01423B4683
S31508000AD038463C46B846BE462026B1FBF7F1A2EB9F
S31508000AE0080241EA0C4166E7014618E710462CE77A
S31508000AF0C6F120022EFA02F3B740B14020FA02F2FC
S31508000B004FEA174E0A43B3FBFEF8BCB20EFB183386
S31508000B10110C41EA034108FB04F9B04089454FEA44
S31508000B20104380B23ED9791808F1FF3C01D28945B5
S31508000B301FD8A1EB0901B1FBFEF909FB04F80EFB6E
S31508000B40191192B242EA0142424529D2BA1809F16C
S31508000B50FF31C4D24245C2D2A9F102013A44BEE7E6
S31508000B60F0459DD2BEEB02036CEB070C0138E1465B
S31508000B7096E7A7EB09094944A8F1020CB1FBFEF96F
S31508000B8009FB04F8DBE773467FE7504666E7084645
S31508000B90FDE63B44023A33E7ACF1020C3B441CE762
S31508000BA049469CE7A1EB0901C446B1FBFEF909FBDE
S31508000BB004F8C4E7704700BF80B500AF00220221E1
S31508000BC0034802F059F8012001F076FD00BF80BD08
S31508000BD00008004880B500AF01220221034802F050
S31508000BE04BF8012001F068FD00BF80BD00080048F1
S31508000BF080B582B000AF0346FB7100BF084B1B6887
S31508000C009B6803F00203022BF8D1F91D6423012225
S31508000C10034804F072F800BF0837BD4680BD00BF20
S31508000C203C01002080B582B000AF78600B467B801F
S31508000C3000BF084B1B689B6803F00203022BF8D120
S31508000C407A8864237968034804F057F800BF0837A0
S31508000C50BD4680BD3C01002080B584B002AFFF23AD
S31508000C60FB7100BF094B1B689B6803F00203022B4C
S31508000C70F8D1BA1DF91D642300930123034804F033
S31508000C80B2F9BB7918460837BD4680BD3C0100203D
S31508000C9080B582B000AF7860FFF7DEFF03461A46DC
S31508000CA07B681A7000BF0837BD4680BD80B582B024
S31508000CB000AF0A4B4FF4FA721A80FFF7CDFF0346CE
S31508000CC0FB71FB79FF2B03D0044B1B88002BF4D157
S31508000CD0FB7918460837BD4680BD00BFE2000020F4
S31508000CE080B584B000AF41F6FF73FB60FFF772FF73
S31508000CF00023BB6005E0FF20FFF77AFFBB680133DE
S31508000D00BB60BB68092BF6DDFFF756FF40233B7037
S31508000D1000237B700023BB700023FB7000233B710C
S31508000D2095237B713B4606211846FFF77BFF02E0B9
S31508000D30FB68013BFB60FFF78FFF0346012B02D0E0
S31508000D40FB68002BF4D1FFF745FFFF20FFF750FFA4
S31508000D50034B01221A7000BF1037BD4680BD00BF85
S31508000D60E500002080B400AF034B00221A7000BFD4
S31508000D70BD465DF8047B7047E500002080B400AFEF
S31508000D80034B1B781846BD465DF8047B704700BFC9
S31508000D90E500002080B584B000AF78603960134B59
S31508000DA0C8221A80FFF758FF0346FB73FB7BFF2B0D
S31508000DB003D10E4B1B88002BF4D1FB7BFE2B01D0F5
S31508000DC000230FE07B685A1C7A601846FFF760FF1D
S31508000DD03B685A1E3A60002BF4D1FFF73DFFFFF738
S31508000DE03BFF012318461037BD4680BDE0000020B2
S31508000DF080B584B000AF78600B46FB700023BB73E8
S31508000E00FFF754FF0346FF2B01D000232FE0FB78A2
S31508000E101846FFF7EDFEFB78FD2B20D04FF4007146
S31508000E207868FFF7FFFEFFF717FFFFF715FF0BE0E0
S31508000E30FFF712FF0346FB73FB7B03F01F03052B2B
S31508000E4006D0BB7B0133BB73BB7B402BF0D900E0DC
S31508000E5000BF00BFFFF700FF0346002BFAD0FB7B5D
S31508000E6003F01F03052B01D1012300E000231846D8
S31508000E701037BD4680BD80B584B000AF03463960E3
S31508000E80FB71FFF713FF0346FF2B01D0FF2342E058
S31508000E90FB791846FFF7ACFE3B681B0EDBB218461B
S31508000EA0FFF7A6FE3B681B0CDBB21846FFF7A0FE51
S31508000EB03B681B0ADBB21846FFF79AFE3B68DBB2B3
S31508000EC01846FFF795FEFB79402B02D19523FB7355
S31508000ED007E0FB79482B02D18723FB7301E0012346
S31508000EE0FB73FB7B1846FFF783FEFB794C2B01D17E
S31508000EF0FFF7B2FE0A23BB73FFF7AEFE03467B730A
S31508000F0097F90D30002B05DABB7B013BBB73BB7B26
S31508000F10002BF1D17B7B18461037BD4680BD0000FB
S31508000F2090B585B000AF0346FB71FB79002B01D065
S31508000F300123D1E06A4B1B78DBB203F00203002BD6
S31508000F4003D0674B1B78DBB2C6E0FFF7C9FEFFF795
S31508000F5033FE0023BB7300214020FFF78CFF0346B6
S31508000F60012B40F0A1805F4B4FF47A721A804FF440
S31508000F70D5714820FFF77FFF0346012B55D1002383
S31508000F80FB730CE0FC7BFFF767FE03461A4604F189
S31508000F9010033B4403F8082CFB7B0133FB73FB7BF4
S31508000FA0032BEFD9BB7A012B7ED1FB7AAA2B7BD1F7
S31508000FB000217720FFF75FFF0346012B07D84FF084
S31508000FC080416920FFF757FF0346002B04D0454BA5
S31508000FD01B88002BECD100E000BF424B1B88002B7E
S31508000FE062D000217A20FFF746FF0346002B5BD12B
S31508000FF00023FB730CE0FC7BFFF72EFE03461A4624
S3150800100004F110033B4403F8082CFB7B0133FB7304
S31508001010FB7B032BEFD93B7A03F04003002B01D06F
S315080010200C2300E00423BB733EE000217720FFF782
S3150800103022FF0346012B08D800216920FFF71BFF72
S315080010400346012B01D8022300E00123BB73BB7BB7
S31508001050022B0ED100217720FFF70DFF0346012B47
S315080010600ED800216920FFF706FF0346002B07D19B
S315080010700CE000214120FFF7FEFE0346002B04D0BA
S31508001080184B1B88002BE2D100E000BF154B1B88CC
S31508001090002B07D04FF400715020FFF7ECFE0346F3
S315080010A0002B01D00023BB730F4ABB7B1370FFF7DD
S315080010B091FDFFF7D1FDBB7B002B08D0084B1B78B1
S315080010C0DBB223F00103DAB2054B1A7001E0FFF731
S315080010D049FE034B1B78DBB218461437BD4690BD54
S315080010E000000020E0000020E400002080B483B067
S315080010F000AF0346FB71FB79002B01D0012302E008
S31508001100044B1B78DBB218460C37BD465DF8047BEA
S31508001110704700BF0000002080B584B000AFB960FA
S315080011207A603B600346FB73FB7B002B02D13B686E
S31508001130002B01D1042351E02A4B1B78DBB203F0C4
S315080011400103002B01D0032348E0274B1B7803F04B
S315080011500403002B02D17B685B027B60FFF72CFD42
S315080011603B68012B11D179685120FFF784FE0346AD
S31508001170002B29D14FF40071B868FFF70BFE034620
S31508001180002B21D000233B601EE079685220FFF730
S3150800119072FE0346002B17D14FF40071B868FFF7AB
S315080011A0F9FD0346002B0AD0BB6803F50073BB6044
S315080011B03B68013B3B603B68002BEDD100E000BF7C
S315080011C000214C20FFF757FEFFF704FDFFF744FD0B
S315080011D03B68002B14BF01230023DBB218461037E7
S315080011E0BD4680BD00000020E400002080B584B024
S315080011F000AFB9607A603B600346FB73FB7B002B4C
S3150800120002D13B68002B01D104236BE0374B1B78D6
S31508001210DBB203F00103002B01D0032362E0334B5A
S315080012201B78DBB203F00403002B01D0022359E03C
S315080012302F4B1B7803F00403002B02D17B685B025B
S315080012407B60FFF7B9FC3B68012B10D17968582001
S31508001250FFF711FE0346002B3AD1FE21B868FFF7C7
S31508001260C7FD0346002B33D000233B6030E0204BFC
S315080012701B7803F00203002B07D000217720FFF725
S31508001280FAFD39685720FFF7F6FD79685920FFF708
S31508001290F2FD0346002B1BD1FC21B868FFF7A8FD19
S315080012A00346002B0AD0BB6803F50073BB603B6896
S315080012B0013B3B603B68002BEED100E000BFFD21FF
S315080012C00020FFF795FD0346002B01D101233B6063
S315080012D0FFF780FCFFF7C0FC3B68002B14BF012317
S315080012E00023DBB218461037BD4680BD000000203B
S315080012F0E400002090B58BB000AF03463A60FB715E
S315080013000B46BB713B683B62FB79002B01D004237B
S3150800131013E1012387F82730BB79052B24D13B6AD3
S315080013201B78022B12D0022B1ADC002B02D0012BC1
S3150800133006D015E0FFF716FD002387F82730FAE0F8
S31508001340FFF7CEFC002387F82730F4E03B6A5C1CE5
S31508001350FFF714FD03462370002387F82730EAE0D9
S31508001360042387F82730E6E0764B1B78DBB203F0D8
S315080013700103002B01D00323DFE0FFF71DFCBB7937
S315080013800D2B00F2C98001A252F823F0831400083D
S31508001390C513000873140008191500081915000864
S315080013A01915000819150008191500081915000857
S315080013B0191500081915000895140008B91400082D
S315080013C0DD14000800214920FFF755FD0346002BD0
S315080013D040F0A68007F10C0310211846FFF7DAFC47
S315080013E00346002B00F09C803B7B9B09DBB2012B5C
S315080013F00DD17B7D1A463B7D1B029BB213449BB2E3
S315080014000133FB83FB8B9A023B681A602DE07B7CD9
S3150800141003F00F03DAB2BB7DDB09DBB21344DAB2A1
S315080014207B7D5B00DBB203F00603DBB21344DBB261
S31508001430023387F826303B7D9B09DBB21A46FB7CD4
S315080014409B009BB213449AB2BB7C9B029BB203F4EB
S3150800145040639BB213449BB20133FB83FA8B97F824
S315080014602630093B9A403B681A60002387F82730E4
S3150800147056E03B684FF400721A80002387F827303D
S3150800148055E0FFF713FC0346FF2B4BD1002387F8E3
S31508001490273047E000214920FFF7EDFC0346002BE3
S315080014A042D11021386AFFF775FC0346002B3BD062
S315080014B0002387F8273037E000214A20FFF7DBFCB6
S315080014C00346002B32D11021386AFFF763FC034626
S315080014D0002B2BD0002387F8273027E000217A201D
S315080014E0FFF7C9FC0346002B16D1002387F82630E0
S315080014F00BE03C6A631C3B62FFF7AEFB03462370B6
S3150800150097F82630013387F8263097F82630032BCC
S31508001510EFD9002387F82730042387F8273006E019
S3150800152000BF04E000BF02E000BF00E000BFFFF715
S3150800153051FBFFF791FB97F8273018462C37BD4625
S3150800154090BD00BF0000002080B483B000AF786073
S315080015504FF06043D3F8803E03F00103002B13D00D
S315080015604FF06043D3F8003E03F00103002B0BD085
S3150800157000E000BF4FF060431B68002BF9D04FF026
S3150800158060437A68D2B21A707B6818460C37BD4633
S315080015905DF8047B704780B586B000AFF860B96027
S315080015A07A6000237B6100237B6109E0BB685A1CD3
S315080015B0BA601B781846FFF7C7FF7B6901337B6162
S315080015C07A697B689A42F1DB7B6818461837BD460C
S315080015D080BD000080B584B000AF78607B681B686A
S315080015E04A4A934240F08D807B681B7F012B40F06E
S315080015F08880474B1B78DBB2002B1AD1002178680C
S3150800160004F0BAFB0346434A1360414B01221A70A1
S315080016107B681B681A6A7B681B6822F00A021A62D2
S315080016207B681B681A6A7B681B6842F002021A62AA
S3150800163067E0374B1B78DBB2012B62D10021786853
S3150800164004F09AFB0346344A13607B681B68002241
S315080016505A62314B1A682F4B1B689A4207D92E4B90
S315080016601A682C4B1B68D31A2C4A13600FE0294BB7
S315080016701A68294B1B689A4209D9274B1A68254BC1
S315080016801B68D31A03F57F43FF33244A1360234BA1
S315080016901B6807EE903AF8EE677AC7ED037AD7ED3E
S315080016A0037A9FED1F7A27EE877AF0EE006AC7EE77
S315080016B0267AC7ED027AD7ED027AB6EE007A77EE89
S315080016C0877AFCEEE77A17EE903A9AB2154B1A80AB
S315080016D00F4B00221A707B681B681A6A7B681B68A6
S315080016E022F00A021A627B681A687B681B68126A0B
S315080016F01A627B681B68DA687B681B6822F002023C
S31508001700DA6000BF1037BD4680BD00BF002C01401F
S315080017105023002044230020482300204C23002087
S3150800172096430B3D5223002080B582B000AF00F0EF
S31508001730B7FF7860284B00221A70284B00221A80BF
S31508001740274B00221A60274B00221A60264B0022DC
S315080017501A60264B1B6800225A62244B1B68DA68FB
S31508001760224B1B6842F00202DA6001224FF4004164
S315080017701F4801F081FA00233B6002E03B68013311
S315080017803B603B68B3F5487FF8DB00224FF4004125
S31508001790174801F071FA12E000F082FF02467B68F2
S315080017A0D31A1E2B0BD90D4B00221A800F4B1B6820
S315080017B0DA680E4B1B6822F00202DA6004E0074B77
S315080017C01B889BB2002BE7D0044B1B889BB218469C
S315080017D00837BD4680BD00BF502300205223002095
S315080017E04C2300204423002048230020A001002089
S315080017F00004004880B588B000AF00F0E1FE00F0B4
S315080018008DF800F0E5F900F01BF905F063FB00F030
S31508001810AFF900F0D5F800F051F9374808F026FF7F
S3150800182000F04AFA0021354803F0B8FF3448FEF7BD
S31508001830CFFC03469AB264233149324804F0ECFDE2
S31508001840FFF772FF03461A462F4B1A802E4B1B884A
S315080018509BB2002B33D02C4B1B889BB2952B2ED8D2
S315080018602A4B1B889BB2002B41D12948FEF7B0FCB6
S3150800187003469AB264232649224804F0CDFD224B3A
S315080018801B889BB21A463B462249184608F0F6FEC4
S315080018903B461846FEF79CFC03469AB23946642333
S315080018A0184804F0B9FD00F05BFB174B1B889BB288
S315080018B0184600F0B5FA154B01221A8017E0134BAB
S315080018C01B889BB2012B12D11348FEF781FC0346F5
S315080018D09AB2642310490B4804F09EFD0A4B1B88F4
S315080018E09BB2184600F0C6FA084B00221A80C82098
S315080018F000F0E2FEA4E700BF4CB70008A0010020F4
S3150800190004000020EC01002052230020542300206C
S315080019101000002064B700082C00002080B596B09F
S3150800192000AF07F1140344220021184608F0A0FF6F
S315080019303B4600221A605A609A60DA601A614FF4D0
S31508001940007001F025FE0346002B01D000F0BCFA1A
S3150800195010237B610123FB6200233B6360237B63C7
S315080019600223FB6301233B6401237B641423BB64CA
S315080019700723FB6402233B6502237B6507F11403F7
S31508001980184601F05BFE0346002B01D000F09CFAD6
S315080019900F233B6003237B600023BB600023FB60AF
S315080019A000233B613B460221184602F023FA034610
S315080019B0002B01D000F088FA00BF5837BD4680BD1D
S315080019C080B500AF1B4B1C4A1A601A4B1B4A5A605B
S315080019D0184B00229A60174B0122DA60154B002239
S315080019E01A61144B00225A61124B00229A61114B5C
S315080019F00022DA610F4B00221A620E4801F054F9F0
S31508001A000346002B01D000F05FFA0021094801F0D7
S31508001A1019FD0346002B01D000F056FA00210548AF
S31508001A2001F05BFD0346002B01D000F04DFA00BF24
S31508001A3080BD00BFE800002000540040E39BD000B2
S31508001A4080B500AF1B4B1C4A1A601A4B4FF48272C2
S31508001A505A60184B00229A60164B4FF4E062DA601F
S31508001A60144B00221A61134B00225A61114B4FF492
S31508001A7000729A610F4B0022DA610E4B00221A623D
S31508001A800C4B00225A620B4B00229A62094B072222
S31508001A90DA62084B00221A63064B08225A63054885
S31508001AA003F088F80346002B01D000F00DFA00BFBA
S31508001AB080BD00BF3C0100200038004080B588B0DA
S31508001AC000AF07F1140300221A605A609A603B1DA2
S31508001AD000221A605A609A60DA60234B234A1A6019
S31508001AE0214B4F225A60204B00229A601E4B4FF61C
S31508001AF0FE72DA601C4B00221A611B4B00225A61E7
S31508001B00194B00229A61184803F0F0FD0346002B92
S31508001B1001D000F0D9F900237B610023BB610023C3
S31508001B20FB6107F1140319460F4804F081FB0346CD
S31508001B30002B01D000F0C8F900237B600123BB60AD
S31508001B400023FB6000233B613B1D00221946064823
S31508001B5004F075F80346002B01D000F0B5F900BF74
S31508001B602037BD4680BD00BFA0010020002C0140E3
S31508001B7080B500AF144B154A1A60134B4FF4E13287
S31508001B805A60114B00229A600F4B0022DA600E4B06
S31508001B9000221A610C4B0C225A610B4B00229A61E7
S31508001BA0094B0022DA61084B00221A62064B002212
S31508001BB05A62054804F0E2FB0346002B01D000F008
S31508001BC083F900BF80BD00BFEC010020004400403F
S31508001BD080B588B000AF07F10C0300221A605A607E
S31508001BE09A60DA601A61314BDB6C304A43F00403C1
S31508001BF0D3642E4BDB6C03F00403BB60BB682B4B32
S31508001C00DB6C2A4A43F00103D364284BDB6C03F0F0
S31508001C1001037B607B68254BDB6C244A43F0020397
S31508001C20D364224BDB6C03F002033B603B68002263
S31508001C3002211F4801F020F800224FF400411D48F8
S31508001C4001F01AF80223FB6001233B6100237B6144
S31508001C500023BB6107F10C031946154800F062FE24
S31508001C604FF40043FB6001233B6100237B610023A3
S31508001C70BB6107F10C0319460E4800F053FE4FF4FA
S31508001C808073FB6002233B6100237B610023BB61F9
S31508001C900123FB6107F10C0319464FF0904000F051
S31508001CA041FE00BF2037BD4680BD00BF0010024080
S31508001CB0000800480004004880B584B000AF01223F
S31508001CC04749484807F04EFB03461A46464B1A70E2
S31508001CD0454B1B78002B05D0434B1B7819464348C8
S31508001CE008F05CFC424808F0C1FC3A1D3B46194620
S31508001CF03B4808F0E0F87B68DB69023B7A68528962
S31508001D0002FB03F31846FEF727FD4FF00002394B96
S31508001D10FEF7B6FA02460B4610461946FEF796FD3A
S31508001D200346FB607B685B891A463B6802FB03F344
S31508001D301846FEF711FD4FF000022E4BFEF7A0FAEB
S31508001D4002460B4610461946FEF780FD0346BB6061
S31508001D50BA68F968284808F021FC0B222749284860
S31508001D6007F046FB03461A461F4B1A701E4B1B7894
S31508001D70002B05D01C4B1B781946224808F00EFC90
S31508001D80214808F073FC1E49204808F0FEF91C4853
S31508001D9008F067F801221949194807F029FB034694
S31508001DA01A46114B1A70104B1B78002B05D00E4B98
S31508001DB01B781946164808F0F1FB114A64211548A4
S31508001DC008F02EF91349144808F0E8FB0C4808F007
S31508001DD048F8124808F04AFC00BF1037BD4680BDD7
S31508001DE078B7000874020020DC2200207CB70008BF
S31508001DF098B700080000E03FBCB70008ECB7000839
S31508001E00AC120020F8B700081CB8000830B8000863
S31508001E1060B80008E02200207CB800088CB80008EA
S31508001E2080B590B000AF786007F10C037A680D4969
S31508001E30184608F023FC32220B490C4807F0D8FA5A
S31508001E4003461A460A4B1A7007F10C030749184647
S31508001E5008F09BF9054808F004F800BF4037BD466E
S31508001E6080BD00BFB4B80008ECB70008AC1200206B
S31508001E70DC22002080B590B000AF786007F10C0333
S31508001E807A680D49184608F0F9FB32220B490C48C6
S31508001E9007F0AEFA03461A460A4B1A7007F10C0306
S31508001EA00749184608F071F9054807F0DAFF00BF38
S31508001EB04037BD4680BD00BFD8B80008ECB700085B
S31508001EC0AC120020DC22002080B400AF72B600BF3E
S31508001ED000BFFDE780B582B000AF0023FB711DE0AF
S31508001EE0FB79503BDBB21A460021782000F0A8F8AF
S31508001EF000220021782000F0A3F810220021782083
S31508001F0000F09EF8FB79DB01084A1A448023402139
S31508001F10782000F02FF8FB790133FB71FB79072B4A
S31508001F20DED900BF00BF0837BD4680BD5823002054
S31508001F3080B582B000AF0346FB71FB79002B01D157
S31508001F40002300E0FF234FF480621946034808F097
S31508001F508FFC00BF0837BD4680BD00BF5823002050
S31508001F6080B500AF0020FFF7E3FFFFF7B3FF00BF20
S31508001F7080BD000090B5C7B002AF0446084607F515
S31508001F808871A1F588710A60194607F58873A3F266
S31508001F90091322461A7007F58873A3F58573024656
S31508001FA01A7007F58873A3F586730A461A8007F52B
S31508001FB08873A3F5827307F58872A2F5857212787D
S31508001FC01A70002387F80F3115E097F80F3107F5D7
S31508001FD08872A2F5887212681A4497F80F3101338D
S31508001FE0117807F58872A2F58272D15497F80F31E5
S31508001FF0013387F80F3197F80F319BB207F58872CE
S31508002000A2F5867212889A42DFD807F58873A3F27A
S3150800201009131B7899B207F58873A3F586731B888D
S3150800202001339BB207F10C020A200090034800F026
S31508002030D7FE00BF07F58A77BD4690BDE8000020A9
S3150800204080B586B002AF0346FB710B46BB711346DB
S315080020507B71BB793B737B797B73FB7999B207F10B
S315080020600C020A2300930223034800F0B9FE00BFBE
S315080020701037BD4680BD00BFE800002080B483B09D
S3150800208000AF0F4B1B6E0E4A43F0010313660C4B51
S315080020901B6E03F001037B607B68094B9B6D084A46
S315080020A043F080539365064B9B6D03F080533B606A
S315080020B03B6800BF0C37BD465DF8047B704700BF20
S315080020C00010024080B5ACB000AF786007F19C0301
S315080020D000221A605A609A60DA601A6107F11403DE
S315080020E088220021184608F0C3FB7B681B68214A32
S315080020F093423AD140237B6100237B6607F11403A0
S31508002100184602F09BF80346002B01D0FFF7DCFEC9
S31508002110194BDB6C184A43F00203D364164BDB6C8D
S3150800212003F002033B613B69C023C7F89C301223C6
S31508002130C7F8A0300023C7F8A4300323C7F8A8308F
S315080021400423C7F8AC3007F19C0319460B4800F086
S31508002150E9FB094B9B6D084A43F400139365064B4C
S315080021609B6D03F40013FB60FB6800BFB037BD46E8
S3150800217080BD00BF00540040001002400004004823
S3150800218080B58AB000AF786007F1140300221A60A0
S315080021905A609A60DA601A617B681B68254A93421E
S315080021A044D1254B9B6D244A43F480439365224BC7
S315080021B09B6D03F480433B613B691F4BDB6C1E4AF6
S315080021C043F00403D3641C4BDB6C03F00403FB608D
S315080021D0FB68194BDB6C184A43F00203D364164BB1
S315080021E0DB6C03F00203BB60BB680C237B61022334
S315080021F0BB610023FB6103233B6205237B6207F176
S31508002200140319460D4800F08DFB4FF480637B617B
S315080022100223BB610023FB6103233B6205237B6228
S3150800222007F114031946064800F07CFB00BF28375F
S31508002230BD4680BD00380040001002400008004836
S315080022400004004880B58AB000AF786007F114032F
S3150800225000221A605A609A60DA601A617B681B6805
S315080022601C4A934231D11C4B1B6E1B4A43F4006334
S315080022701366194B1B6E03F400633B613B69164BEF
S31508002280DB6C154A43F00103D364134BDB6C03F094
S315080022900103FB60FB684FF480737B610223BB611B
S315080022A00023FB6100233B6201237B6207F11403D1
S315080022B019464FF0904000F035FB002200211B2004
S315080022C000F0F9FA1B2000F012FB00BF2837BD46C4
S315080022D080BD00BF002C01400010024080B5ACB0A4
S315080022E000AF786007F19C0300221A605A609A6072
S315080022F0DA601A6107F1140388220021184608F0EB
S31508002300B7FA7B681B68214A93423BD102237B615B
S3150800231000233B6507F11403184601F08FFF0346B7
S31508002320002B01D0FFF7D0FD194B9B6D184A43F4DB
S3150800233000339365164B9B6D03F400333B613B6991
S31508002340134BDB6C124A43F00103D364104BDB6C6E
S3150800235003F00103FB60FB680C23C7F89C300223DB
S31508002360C7F8A0300023C7F8A4300323C7F8A8305D
S315080023700723C7F8AC3007F19C0319464FF0904085
S3150800238000F0D0FA00BFB037BD4680BD004400401B
S315080023900010024080B400AF00BFFDE780B400AF74
S315080023A000BFFDE780B400AF00BFFDE780B400AF13
S315080023B000BFFDE780B400AF00BFFDE780B400AF03
S315080023C000BFBD465DF8047B704780B400AF00BF10
S315080023D0BD465DF8047B704780B400AF00BFBD46BC
S315080023E05DF8047B7047000080B500AF0B4B1B8877
S315080023F0002B05D0094B1B88013B9AB2074B1A8064
S31508002400074B1B88002B05D0054B1B88013B9AB24E
S31508002410034B1A8000F030F900BF80BDE0000020B1
S31508002420E200002080B500AF024803F001FB00BFC0
S3150800243080BD00BFA001002080B586B000AFF8605F
S31508002440B9607A6000237B610AE0AFF30080014639
S31508002450BB685A1CBA60CAB21A707B6901337B61C1
S315080024607A697B689A42F0DB7B6818461837BD465E
S3150800247080BD80B483B000AF78604FF0FF33184654
S315080024800C37BD465DF8047B704780B483B000AF57
S31508002490786039603B684FF400525A60002318464A
S315080024A00C37BD465DF8047B704780B483B000AF37
S315080024B07860012318460C37BD465DF8047B7047E3
S315080024C080B485B000AFF860B9607A60002318461A
S315080024D01437BD465DF8047B7047000080B586B0AA
S315080024E000AF7860144A154BD31A7B617B693B6150
S315080024F0134B1B68002B02D1114B124A1A60104B62
S315080025001A687B6813443A699A4207D208F0FEF9BA
S3150800251003460C221A604FF0FF3309E0084B1B688C
S31508002520FB60074B1A687B681344054A1360FB680F
S3150800253018461837BD4680BD0080012000040000FB
S3150800254058270020E82A002080B400AF064BD3F8AD
S315080025508830054A43F47003C2F8883000BFBD4688
S315080025605DF8047B704700BF00ED00E0DFF834D06B
S31508002570FFF7EAFF0C480D490D4A002302E0D4583C
S31508002580C4500433C4188C42F9D30A4A0A4C0023AF
S3150800259001E013600432A242FBD308F0BDF9FFF74D
S315080025A029F9FEE70080012000000020C400002071
S315080025B034BE0008C4000020E82A0020FEE7000018
S315080025C080B582B000AF0023FB710C4B1B680B4A29
S315080025D043F480731360032000F062F9002000F0D2
S315080025E00FF80346002B02D00123FB7101E0FFF729
S315080025F045FDFB7918460837BD4680BD00200240D8
S3150800260080B584B000AF78600023FB73174B1B7846
S31508002610002B23D0164B1A68144B1B7819464FF417
S315080026207A73B3FBF1F3B2FBF3F3184600F06DF9D6
S315080026300346002B0FD17B680F2B09D80022796837
S315080026404FF0FF3000F037F90A4A7B68136007E05D
S315080026500123FB7304E00123FB7301E00123FB73F1
S31508002660FB7B18461037BD4680BD00BF50000020D2
S31508002670480000204C00002080B400AF064B1B78B1
S315080026801A46064B1B681344044A136000BFBD462E
S315080026905DF8047B704700BF500000205C270020CF
S315080026A080B400AF034B1B681846BD465DF8047B33
S315080026B0704700BF5C27002080B584B000AF786003
S315080026C0FFF7EEFFB8607B68FB60FB68B3F1FF3F7E
S315080026D005D00A4B1B781A46FB681344FB6000BFFB
S315080026E0FFF7DEFF0246BB68D31AFA689A42F7D8A4
S315080026F000BF00BF1037BD4680BD00BF5000002098
S3150800270080B485B000AF78607B6803F00703FB6090
S315080027100C4BDB68BB60BA684FF6FF031340BB601F
S31508002720FB681A02BB68134343F0BF6343F40033E4
S31508002730BB60044ABB68D36000BF1437BD465DF86A
S31508002740047B704700ED00E080B400AF044BDB6803
S315080027501B0A03F007031846BD465DF8047B70475D
S3150800276000ED00E080B483B000AF0346FB7197F933
S315080027700730002B0BDBFB7903F01F02074997F99B
S3150800278007305B09012000FA02F241F8232000BF56
S315080027900C37BD465DF8047B704700BF00E100E0DA
S315080027A080B483B000AF03463960FB7197F90730F0
S315080027B0002B0ADB3B68DAB20C4997F9073012019D
S315080027C0D2B20B4483F800230AE03B68DAB2084920
S315080027D0FB7903F00F03043B1201D2B20B441A76BD
S315080027E000BF0C37BD465DF8047B704700E100E08A
S315080027F000ED00E080B489B000AFF860B9607A6097
S31508002800FB6803F00703FB61FB69C3F10703042BAD
S3150800281028BF0423BB61FB690433062B02D9FB6975
S31508002820033B00E000237B614FF0FF32BB6902FAED
S3150800283003F3DA43BB681A407B699A404FF0FF31CD
S315080028407B6901FA03F3D9437B680B4013431846A7
S315080028502437BD465DF8047B7047000080B582B01A
S3150800286000AF78607B68013BB3F1807F01D3012319
S315080028700FE00A4A7B68013B53600F214FF0FF3097
S31508002880FFF78EFF054B00229A60044B07221A6059
S31508002890002318460837BD4680BD00BF10E000E09B
S315080028A080B582B000AF78607868FFF729FF00BF6F
S315080028B00837BD4680BD80B586B000AF0346B9600F
S315080028C07A60FB7300237B61FFF73EFF78617A68C5
S315080028D0B9687869FFF78EFF024697F90F301146F7
S315080028E01846FFF75DFF00BF1837BD4680BD80B5A7
S315080028F082B000AF0346FB7197F907301846FFF719
S3150800290031FF00BF0837BD4680BD80B582B000AF35
S3150800291078607868FFF7A2FF034618460837BD4671
S3150800292080BD000080B487B000AF786039600023AE
S315080029307B617FE13B681A6801217B6901FA03F331
S315080029401340FB60FB68002B00F071813B685B68F5
S3150800295003F00303012B05D03B685B6803F0030310
S31508002960022B30D17B689B683B617B695B00032245
S3150800297002FA03F3DB433A6913403B613B68DA68C2
S315080029807B695B0002FA03F33A6913433B617B6890
S315080029903A699A607B685B683B6101227B6902FA47
S315080029A003F3DB433A6913403B613B685B681B09E9
S315080029B003F001027B6902FA03F33A6913433B61A8
S315080029C07B683A695A603B685B6803F00303032B2C
S315080029D018D17B68DB6A3B6101227B6902FA03F343
S315080029E0DB433A6913403B613B685B68DB0803F0ED
S315080029F001027B6902FA03F33A6913433B617B6878
S31508002A003A69DA623B685B6803F00303032B17D065
S31508002A107B68DB683B617B695B00032202FA03F390
S31508002A20DB433A6913403B613B689A687B695B0004
S31508002A3002FA03F33A6913433B617B683A69DA6041
S31508002A403B685B6803F00303022B23D17B69DA0832
S31508002A507B68083253F822303B617B6903F0070331
S31508002A609B000F2202FA03F3DB433A6913403B61EA
S31508002A703B681A697B6903F007039B0002FA03F3B4
S31508002A803A6913433B617B69DA087B68083239691E
S31508002A9043F822107B681B683B617B695B00032255
S31508002AA002FA03F3DB433A6913403B613B685B6810
S31508002AB003F003027B695B0002FA03F33A691343E6
S31508002AC03B617B683A691A603B685B6803F440338C
S31508002AD0002B00F0AC805F4B1B6E5E4A43F001038F
S31508002AE013665C4B1B6E03F00103BB60BB685A4A56
S31508002AF07B699B08023352F823303B617B6903F0FC
S31508002B0003039B000F2202FA03F3DB433A691340DF
S31508002B103B617B68B3F1904F25D07B684F4A93425F
S31508002B201FD07B684E4A934219D07B684D4A934220
S31508002B3013D07B684C4A93420DD07B684B4A93422C
S31508002B4007D07B684A4A934201D106230CE0072343
S31508002B500AE0052308E0042306E0032304E0022331
S31508002B6002E0012300E000237A6902F003029200E2
S31508002B7093403A6913433B6137497B699B080233A3
S31508002B803A6941F823203B4B9B683B61FB68DB4372
S31508002B903A6913403B613B685B6803F48013002B7A
S31508002BA003D03A69FB6813433B61324A3B69936039
S31508002BB0304BDB683B61FB68DB433A6913403B619A
S31508002BC03B685B6803F40013002B03D03A69FB6883
S31508002BD013433B61274A3B69D360264B5B683B61DD
S31508002BE0FB68DB433A6913403B613B685B6803F467
S31508002BF00033002B03D03A69FB6813433B611D4A37
S31508002C003B6953601B4B1B683B61FB68DB433A69B6
S31508002C1013403B613B685B6803F48033002B03D0A9
S31508002C203A69FB6813433B61124A3B6913607B6947
S31508002C3001337B613B681A687B6922FA03F3002B30
S31508002C407FF478AE00BF00BF1C37BD465DF8047B35
S31508002C50704700BF00100240000001400004004811
S31508002C6000080048000C00480010004800140048FE
S31508002C70001800480004014080B483B000AF7860B3
S31508002C800B467B8013467B707B78002B03D07A88B3
S31508002C907B689A6102E07A887B689A6200BF0C3783
S31508002CA0BD465DF8047B704780B582B000AF78609A
S31508002CB07B68002B01D101238DE07B6893F84130B6
S31508002CC0DBB2002B06D17B68002283F840207868A7
S31508002CD0FFF7F8F97B68242283F841207B681B6894
S31508002CE01A687B681B6822F001021A607B685A68BA
S31508002CF07B681B6822F070621A617B681B689A6899
S31508002D007B681B6822F400429A607B68DB68012BAB
S31508002D1007D17B689A687B681B6842F400429A6010
S31508002D2006E07B689A687B681B6842F404429A60EE
S31508002D307B68DB68022B08D17B681B685A687B684E
S31508002D401B6842F400625A6007E07B681B685A6891
S31508002D507B681B6822F400625A607B681B685B68A4
S31508002D607A68126843F0007343F4004353607B6843
S31508002D701B68DA687B681B6822F40042DA607B68A5
S31508002D801A697B685B6942EA03017B689B691A02D8
S31508002D907B681B680A43DA607B68D9697B681A6AAC
S31508002DA07B681B680A431A607B681B681A687B681D
S31508002DB01B6842F001021A607B6800225A647B682D
S31508002DC0202283F841207B6800221A637B68002250
S31508002DD083F84220002318460837BD4680BD000008
S31508002DE080B588B002AFF8607A601A460B467B81D8
S31508002DF013463B81FB6893F84130DBB2202B40F049
S31508002E00FD80FB6893F84030012B01D10223F6E0E0
S31508002E10FB68012283F84020FFF742FC38613B69D2
S31508002E200093192301224FF40041F86800F014F9C1
S31508002E300346002B01D00123E1E0FB68212283F839
S31508002E404120FB68102283F84220FB6800225A645E
S31508002E50FB687A685A62FB683A895A85FB680022D9
S31508002E605A63FB685B8D9BB2FF2B06D9FB68FF2272
S31508002E701A854FF080737B6107E0FB685B8D9AB219
S31508002E80FB681A854FF000737B61FB681B8D002B6E
S31508002E9024D0FB685B6A1A78FB681B689A62FB6831
S31508002EA05B6A5A1CFB685A62FB685B8D9BB2013BE6
S31508002EB09AB2FB685A85FB681B8D013B9AB2FB6880
S31508002EC01A85FB681B8DDBB20133DAB279894E4B62
S31508002ED000937B69F86800F083FA66E0FB681B8D4F
S31508002EE0DAB27989484B00937B69F86800F078FA7A
S31508002EF05BE03A69396AF86800F007F90346002B7F
S31508002F0001D001237BE0FB685B6A1A78FB681B68C3
S31508002F109A62FB685B6A5A1CFB685A62FB685B8D9F
S31508002F209BB2013B9AB2FB685A85FB681B8D013B35
S31508002F309AB2FB681A85FB685B8D9BB2002B34D06E
S31508002F40FB681B8D002B30D13B6900933B6A00223E
S31508002F508021F86800F080F80346002B01D0012391
S31508002F604DE0FB685B8D9BB2FF2B0ED9FB68FF22F9
S31508002F701A85FB681B8DDAB27989002300934FF016
S31508002F808073F86800F02CFA0FE0FB685B8D9AB244
S31508002F90FB681A85FB681B8DDAB2798900230093D2
S31508002FA04FF00073F86800F01BFAFB685B8D9BB264
S31508002FB0002B9ED13A69396AF86800F0EDF80346A5
S31508002FC0002B01D001231AE0FB681B682022DA6176
S31508002FD0FB681B685968FB681A680C4B0B40536002
S31508002FE0FB68202283F84120FB68002283F84220F0
S31508002FF0FB68002283F84020002300E002231846DD
S315080030001837BD4680BD00BF0020008000E800FEDE
S3150800301080B483B000AF78607B681B689B6903F057
S315080030200203022B03D17B681B6800229A627B6825
S315080030301B689B6903F00103012B07D07B681B689B
S315080030409A697B681B6842F001029A6100BF0C37D7
S31508003050BD465DF8047B704780B584B000AFF86064
S31508003060B9603B601346FB713BE0BA693968F8689A
S3150800307000F0D6F80346002B01D0012341E03B6857
S31508003080B3F1FF3F2DD0FFF70BFB0246BB69D31AFE
S315080030903A689A4202D33B68002B22D1FB681B6828
S315080030A09A69BB681340BA689A420CBF0123002389
S315080030B0DBB21A46FB799A4213D1FB685B6C43F084
S315080030C02002FB685A64FB68202283F84120FB68CB
S315080030D0002283F84220FB68002283F8402001235F
S315080030E00FE0FB681B689A69BB681340BA689A4286
S315080030F00CBF01230023DBB21A46FB799A42B4D0EF
S31508003100002318461037BD4680BD80B584B000AF91
S31508003110F860B9607A6033E07A68B968F86800F0F0
S315080031207FF80346002B01D0012331E0BB68B3F1D9
S31508003130FF3F25D0FFF7B4FA02467B68D31ABA6870
S315080031409A4202D3BB68002B1AD1FB681B689B699D
S3150800315003F00203022B13D0FB685B6C43F02002DA
S31508003160FB685A64FB68202283F84120FB6800222A
S3150800317083F84220FB68002283F84020012307E0F9
S31508003180FB681B689B6903F00203022BC4D100236A
S3150800319018461037BD4680BD80B584B000AFF860CC
S315080031A0B9607A602FE07A68B968F86800F038F88C
S315080031B00346002B01D001232DE0FFF771FA0246E2
S315080031C07B68D31ABA689A4202D3BB68002B1AD115
S315080031D0FB681B689B6903F02003202B13D0FB6850
S315080031E05B6C43F02002FB685A64FB68202283F874
S315080031F04120FB68002283F84220FB68002283F8FE
S315080032004020012307E0FB681B689B6903F0200345
S31508003210202BC8D1002318461037BD4680BD0000B4
S3150800322080B58AB000AFF860B9607A60002387F885
S315080032302730FB681B689B69BB6100233B627B6880
S31508003240FB61BB6903F01003002B68D0FB681B68A1
S315080032501022DA6149E0BB68B3F1FF3F45D0FFF7BA
S315080032601FFA0246FB69D31ABA689A4202D3BB68A8
S31508003270002B3AD1FB681B685B6803F480437B61CB
S31508003280FB6893F84230FB74FB681B689B6903F480
S315080032900043B3F5004F21D17B69B3F5804F1DD0AC
S315080032A0FB7C202B1AD0FB681B685A68FB681B68D6
S315080032B042F480425A60FFF7F3F9F8610EE0FFF72F
S315080032C0EFF90246FB69D31A192B07D93B6A43F073
S315080032D020033B62012387F8273006E0FB681B685A
S315080032E09B6903F02003202BE9D1FB681B689B69C7
S315080032F003F02003202B03D097F82730002BAAD001
S3150800330097F82730002B03D1FB681B682022DA6167
S315080033103B6A43F004033B62012387F82730FB68C6
S315080033201B689B69BB61BB6903F48073002B0BD0D8
S315080033303B6A43F001033B62FB681B684FF48072EB
S31508003340DA61012387F82730BB6903F48063002B11
S315080033500BD03B6A43F008033B62FB681B684FF4DB
S315080033608062DA61012387F82730BB6903F40073AA
S31508003370002B0BD03B6A43F002033B62FB681B68D9
S315080033804FF40072DA61012387F8273097F827305F
S31508003390002B1CD0F868FFF73BFEFB681B685968D2
S315080033A0FB681A680D4B0B405360FB685A6C3B6A06
S315080033B01A43FB685A64FB68202283F84120FB689D
S315080033C0002283F84220FB68002283F8402097F801
S315080033D0273018462837BD4680BD00BF00E800FEE6
S315080033E080B487B000AFF8607B600B467B811346DC
S315080033F07B727B89C3F309027B7A1B0403F47F0380
S315080034001A437B681A433B6A134323F000437B61E4
S31508003410FB681B685A683B6A5B0D03F48061084BBE
S315080034200B43DB4302EA0301FB681B687A690A431C
S315080034305A6000BF1C37BD465DF8047B704700BF65
S31508003440FF63FF0380B483B000AF786039607B68A0
S3150800345093F84130DBB2202B38D17B6893F84030A3
S31508003460012B01D1022332E07B68012283F8402038
S315080034707B68242283F841207B681B681A687B686E
S315080034801B6822F001021A607B681B681A687B6851
S315080034901B6822F480521A607B681B6819687B686F
S315080034A01B683A680A431A607B681B681A687B6857
S315080034B01B6842F001021A607B68202283F84120CB
S315080034C07B68002283F84020002300E00223184688
S315080034D00C37BD465DF8047B704780B485B000AFF5
S315080034E0786039607B6893F84130DBB2202B39D19C
S315080034F07B6893F84030012B01D1022333E07B68C7
S31508003500012283F840207B68242283F841207B68C7
S315080035101B681A687B681B6822F001021A607B68C0
S315080035201B681B68FB60FB6823F47063FB603B68E1
S315080035301B02FA681343FB607B681B68FA681A600B
S315080035407B681B681A687B681B6842F001021A6070
S315080035507B68202283F841207B68002283F840207C
S31508003560002300E0022318461437BD465DF8047BA5
S315080035707047000080B400AF044B1B6803F4C063B7
S315080035801846BD465DF8047B704700BF00700040D2
S3150800359080B485B000AF78607B68B3F5007F30D122
S315080035A0234B1B6803F4C063B3F5007F38D0204B68
S315080035B01B6823F4C0631E4A43F4007313601D4B53
S315080035C01B68322202FB03F31B4AA2FB03239B0C54
S315080035D00133FB6002E0FB68013BFB60144B5B694F
S315080035E003F48063B3F5806F02D1FB68002BF2D138
S315080035F00F4B5B6903F48063B3F5806F10D1032327
S315080036000FE00B4B1B6803F4C063B3F5806F07D05C
S31508003610074B1B6823F4C063054A43F480631360B1
S31508003620002318461437BD465DF8047B704700BF73
S31508003630007000404800002083DE1B4380B588B038
S3150800364000AF78607B68002B01D10123CAE3974B52
S315080036509B6803F00C03BB61944BDB6803F0030320
S315080036607B617B681B6803F01003002B00F0E48085
S31508003670BB69002B07D0BB690C2B40F08B807B699C
S31508003680012B40F08780894B1B6803F00203002B4F
S3150800369005D07B689B69002B01D10123A2E37B68D7
S315080036A01A6A824B1B6803F00803002B04D07F4B71
S315080036B01B6803F0F00305E07C4BD3F894301B0934
S315080036C003F0F003934223D27B681B6A184600F086
S315080036D055FD0346002B01D0012383E3734B1B687A
S315080036E0724A43F008031360704B1B6823F0F0021C
S315080036F07B681B6A6D4913430B606C4B5B6823F44C
S315080037007F427B68DB691B02684913434B6025E0EF
S31508003710664B1B68654A43F008031360634B1B68D6
S3150800372023F0F0027B681B6A604913430B605F4B0A
S315080037305B6823F47F427B68DB691B025B491343A2
S315080037404B60BB69002B09D17B681B6A184600F0E1
S3150800375015FD0346002B01D0012343E300F04AFC84
S315080037600246524B9B681B0903F00F035049CB5C7A
S3150800377003F01F0322FA03F34E4A13604E4B1B68ED
S315080037801846FEF73DFF0346FB73FB7B002B52D022
S31508003790FB7B27E37B689B69002B32D0434B1B6876
S315080037A0424A43F001031360FEF77AFF386108E0E6
S315080037B0FEF776FF02463B69D31A022B01D903238B
S315080037C010E33A4B1B6803F00203002BF0D0374B8B
S315080037D01B68364A43F008031360344B1B6823F012
S315080037E0F0027B681B6A314913430B602F4B5B68F9
S315080037F023F47F427B68DB691B022C4913434B6029
S315080038001AE02A4B1B68294A23F001031360FEF7C6
S3150800381047FF386108E0FEF743FF02463B69D31AC3
S31508003820022B01D90323DDE2204B1B6803F00203B8
S31508003830002BF0D100E000BF7B681B6803F0010392
S31508003840002B74D0BB69082B05D0BB690C2B0ED195
S315080038507B69032B0BD1154B1B6803F40033002B34
S3150800386064D07B685B68002B60D10123BAE27B6871
S315080038705B68B3F5803F06D10C4B1B680B4A43F4D3
S315080038808033136026E07B685B68B3F5A02F15D1FB
S31508003890064B1B68054A43F480231360034B1B68D9
S315080038A0024A43F48033136014E000BF001002405C
S315080038B068B90008480000204C000020A04B1B688F
S315080038C09F4A23F4803313609D4B1B689C4A23F45C
S315080038D0802313607B685B68002B13D0FEF7E0FE3D
S315080038E0386108E0FEF7DCFE02463B69D31A642B12
S315080038F001D9032376E2924B1B6803F40033002BAD
S31508003900F0D014E0FEF7CCFE386108E0FEF7C8FEFA
S3150800391002463B69D31A642B01D9032362E2884B1A
S315080039201B6803F40033002BF0D100E000BF7B686E
S315080039301B6803F00203002B60D0BB69042B05D07B
S31508003940BB690C2B19D17B69022B16D17C4B1B68E2
S3150800395003F48063002B05D07B68DB68002B01D15C
S3150800396001233FE2764B5B6823F0F8527B681B69BC
S315080039701B06734913434B6040E07B68DB68002BEA
S3150800398023D06F4B1B686E4A43F480731360FEF7AF
S3150800399087FE386108E0FEF783FE02463B69D31AC4
S315080039A0022B01D903231DE2654B1B6803F48063D0
S315080039B0002BF0D0624B5B6823F0F8527B681B69DA
S315080039C01B065F4913434B6018E05D4B1B685C4A56
S315080039D023F480731360FEF763FE386108E0FEF790
S315080039E05FFE02463B69D31A022B01D90323F9E18C
S315080039F0534B1B6803F48063002BF0D17B681B686C
S31508003A0003F00803002B3CD07B685B69002B1CD0B5
S31508003A104B4BD3F894304A4A43F00103C2F894302A
S31508003A20FEF73EFE386108E0FEF73AFE02463B69BD
S31508003A30D31A022B01D90323D4E1414BD3F894308E
S31508003A4003F00203002BEFD01BE03D4BD3F8943074
S31508003A503B4A23F00103C2F89430FEF721FE386191
S31508003A6008E0FEF71DFE02463B69D31A022B01D970
S31508003A700323B7E1324BD3F8943003F00203002B4B
S31508003A80EFD17B681B6803F00403002B00F0A680C7
S31508003A900023FB772A4B9B6D03F08053002B0DD137
S31508003AA0274B9B6D264A43F080539365244B9B6DA9
S31508003AB003F08053BB60BB680123FB77214B1B686F
S31508003AC003F48073002B18D11E4B1B681D4A43F460
S31508003AD080731360FEF7E4FD386108E0FEF7E0FD49
S31508003AE002463B69D31A022B01D903237AE1154B07
S31508003AF01B6803F48073002BF0D07B689B68012B4E
S31508003B0008D10F4BD3F890300D4A43F00103C2F8A1
S31508003B10903029E07B689B68052B15D1084BD3F8B4
S31508003B209030074A43F00403C2F89030044BD3F8A8
S31508003B309030034A43F00103C2F8903014E000BF06
S31508003B4000100240007000409C4BD3F890309B4A0E
S31508003B5023F00103C2F89030984BD3F89030974A77
S31508003B6023F00403C2F890307B689B68002B16D0BC
S31508003B70FEF796FD38610AE0FEF792FD02463B69BC
S31508003B80D31A41F28832934201D903232AE18B4B97
S31508003B90D3F8903003F00203002BEDD015E0FEF7C2
S31508003BA07FFD38610AE0FEF77BFD02463B69D31AC2
S31508003BB041F28832934201D9032313E17F4BD3F8AC
S31508003BC0903003F00203002BEDD1FB7F012B05D1CA
S31508003BD07A4B9B6D794A23F0805393657B689B6A81
S31508003BE0002B00F0FE807B689B6A022B40F0D08099
S31508003BF0724BDB687B617B6903F003027B68DB6AD7
S31508003C009A4230D17B6903F070027B681B6B013BDB
S31508003C101B019A4227D17B6903F4FE427B685B6BE2
S31508003C201B029A421FD17B6903F400337A68926BB0
S31508003C30072A14BF01220022D2B2934213D17B690C
S31508003C4003F4C0027B68DB6B5B08013B5B059A42A9
S31508003C5009D17B6903F0C0627B681B6C5B08013B7A
S31508003C605B069A426ED0BB690C2B69D0534B1B6816
S31508003C7003F08063002B05D1504B1B6803F080537B
S31508003C80002B01D00123ADE04C4B1B684B4A23F0B7
S31508003C9080731360FEF704FD386108E0FEF700FD47
S31508003CA002463B69D31A022B01D903239AE0434BF8
S31508003CB01B6803F00073002BF0D1404BDA68404BC9
S31508003CC013407A68D16A7A68126B013A1201114375
S31508003CD07A68526B120211437A68D26B5208013A1B
S31508003CE0520511437A68126C5208013A520611437A
S31508003CF07A68926B120952040A4330491343CB601F
S31508003D002E4B1B682D4A43F0807313602B4BDB68E0
S31508003D102A4A43F08073D360FEF7C2FC386108E094
S31508003D20FEF7BEFC02463B69D31A022B01D90323D0
S31508003D3058E0224B1B6803F00073002BF0D050E0CC
S31508003D4001234FE01D4B1B6803F00073002B48D17D
S31508003D501A4B1B68194A43F080731360174BDB68CC
S31508003D60164A43F08073D360FEF79AFC386108E080
S31508003D70FEF796FC02463B69D31A022B01D90323A8
S31508003D8030E00E4B1B6803F00073002BF0D028E0E0
S31508003D90BB690C2B23D0094B1B68084A23F0807398
S31508003DA01360FEF77DFC38610CE0FEF779FC0246ED
S31508003DB03B69D31A022B05D9032313E000100240EE
S31508003DC08C809DF9094B1B6803F00073002BECD11E
S31508003DD0064BDA680549064B1340CB6001E0012320
S31508003DE000E0002318462037BD4680BD001002407B
S31508003DF0FCFFEEFE80B584B000AF786039607B6862
S31508003E00002B01D10123E7E0754B1B6803F007037C
S31508003E103A689A4210D9724B1B6823F00702704918
S31508003E203B6813430B606E4B1B6803F007033A6845
S31508003E309A4201D00123CFE07B681B6803F0020396
S31508003E40002B10D07B689A68664B9B6803F0F003DA
S31508003E509A4208D9634B9B6823F0F0027B689B68FB
S31508003E60604913438B607B681B6803F00103002BD2
S31508003E704CD07B685B68032B07D15A4B1B6803F051
S31508003E800073002B21D10123A6E07B685B68022B17
S31508003E9007D1544B1B6803F40033002B15D10123BB
S31508003EA09AE07B685B68002B07D14E4B1B6803F0D2
S31508003EB00203002B09D101238EE04A4B1B6803F449
S31508003EC08063002B01D1012386E0464B9B6823F0D3
S31508003ED003027B685B68434913438B60FEF7E0FB8C
S31508003EE0F8600AE0FEF7DCFB0246FB68D31A41F2EB
S31508003EF08832934201D903236EE03A4B9B6803F05C
S31508003F000C027B685B689B009A42EBD17B681B6856
S31508003F1003F00203002B10D07B689A68314B9B682C
S31508003F2003F0F0039A4208D22E4B9B6823F0F00266
S31508003F307B689B682B4913438B60294B1B6803F0EE
S31508003F4007033A689A4210D2254B1B6823F00702EA
S31508003F5023493B6813430B60214B1B6803F0070397
S31508003F603A689A4201D0012336E07B681B6803F061
S31508003F700403002B08D01B4B9B6823F4E0627B6884
S31508003F80DB68184913438B607B681B6803F00803DA
S31508003F90002B09D0134B9B6823F460527B681B697E
S31508003FA0DB00104913438B6000F024F802460D4BE2
S31508003FB09B681B0903F00F030B49CB5C03F01F0337
S31508003FC022FA03F3094A1360094B1B681846FEF7E1
S31508003FD017FB0346FB72FB7A18461037BD4680BDB1
S31508003FE0002002400010024068B90008480000207E
S31508003FF04C00002080B489B000AF0023FB61002389
S31508004000BB613E4B9B6803F00C033B613B4BDB6893
S3150800401003F00303FB603B69002B05D03B690C2BBF
S3150800402021D1FB68012B1ED1344B1B6803F0080312
S31508004030002B07D1314BD3F894301B0A03F00F033A
S31508004040FB6105E02D4B1B681B0903F00F03FB61A1
S315080040502B4AFB6952F82330FB613B69002B0DD1D3
S31508004060FB69BB610AE03B69042B02D1254BBB61A6
S3150800407004E03B69082B01D1234BBB613B690C2B40
S3150800408034D11E4BDB6803F00303BB60BB68022B0D
S3150800409003D0BB68032B03D005E01A4B7B6105E010
S315080040A0194B7B6102E0FB697B6100BF134BDB6840
S315080040B01B0903F0070301337B60104BDB681B0AFF
S315080040C003F07F037A6903FB02F27B68B2FBF3F322
S315080040D07B610A4BDB685B0E03F0030301335B006D
S315080040E03B607A693B68B2FBF3F3BB61BB69184670
S315080040F02437BD465DF8047B704700BF00100240B8
S3150800410080B900080024F40000127A0080B400AFD9
S31508004110034B1B681846BD465DF8047B704700BF15
S315080041204800002080B500AFFFF7F0FF0246064BB7
S315080041309B681B0A03F007030449CB5C03F01F03C3
S3150800414022FA03F3184680BD0010024078B9000829
S3150800415080B500AFFFF7DAFF0246064B9B68DB0A1D
S3150800416003F007030449CB5C03F01F0322FA03F3A9
S31508004170184680BD0010024078B9000880B586B0A0
S3150800418000AF786000233B612A4B9B6D03F0805398
S31508004190002B03D0FFF7EEF9786114E0254B9B6DF1
S315080041A0244A43F080539365224B9B6D03F080535A
S315080041B0FB60FB68FFF7DEF978611E4B9B6D1D4AB5
S315080041C023F0805393657B69B3F5007F0BD17B6839
S315080041D0802B19D97B68A02B02D902233B6113E0F7
S315080041E001233B6110E07B68802B02D903233B61E6
S315080041F00AE07B68802B02D102233B6104E07B68DE
S31508004200702B01D101233B610B4B1B6823F007027E
S3150800421009493B6913430B60074B1B6803F0070307
S315080042203A699A4201D0012300E00023184618375C
S31508004230BD4680BD001002400020024080B586B011
S3150800424000AF78600023FB740023BB747B681B688F
S3150800425003F40063002B41D07B685B6EB3F5400F17
S315080042602AD0B3F5400F24D8B3F5000F08D0B3F51C
S31508004270000F1ED8002B0AD0B3F5800F10D018E017
S31508004280864BDB68854A43F48033D36015E07B6848
S3150800429004330021184600F0BBFA0346FB740CE011
S315080042A07B6820330021184600F0A6FB0346FB7402
S315080042B003E00123FB7400E000BFFB7C002B0BD15D
S315080042C0764BD3F8883023F440027B685B6E7349DB
S315080042D01343C1F8883001E0FB7CBB747B681B681C
S315080042E003F48053002B41D07B689B6EB3F1407F6B
S315080042F02AD0B3F1407F24D8B3F1007F08D0B3F1B8
S31508004300007F1ED8002B0AD0B3F1807F10D018E0AA
S31508004310624BDB68614A43F48033D36015E07B68FF
S3150800432004330021184600F073FA0346FB740CE0C8
S315080043307B6820330021184600F05EFB0346FB74B9
S3150800434003E00123FB7400E000BFFB7C002B0BD1CC
S31508004350524BD3F8883023F040727B689B6E4F49E6
S315080043601343C1F8883001E0FB7CBB747B681B688B
S3150800437003F40033002B00F0A08000237B74474B26
S315080043809B6D03F08053002B01D1012300E000232D
S31508004390002B0DD0414B9B6D404A43F080539365EB
S315080043A03E4B9B6D03F08053BB60BB6801237B7457
S315080043B03B4B1B683A4A43F480731360FEF770F967
S315080043C0F86009E0FEF76CF90246FB68D31A022B7F
S315080043D002D90323FB7405E0314B1B6803F4807391
S315080043E0002BEFD0FB7C002B5CD12C4BD3F8903004
S315080043F003F440737B617B69002B1FD07B68D3F87D
S3150800440084307A699A4219D0244BD3F8903023F431
S3150800441040737B61214BD3F89030204A43F48033B4
S31508004420C2F890301D4BD3F890301C4A23F48033E1
S31508004430C2F89030194A7B69C2F890307B6903F05C
S315080044400103002B16D0FEF72BF9F8600BE0FEF7F8
S3150800445027F90246FB68D31A41F28832934202D9F9
S315080044600323FB7406E00D4BD3F8903003F00203E8
S31508004470002BECD0FB7C002B0CD1084BD3F89030EA
S3150800448023F440727B68D3F8843004491343C1F897
S31508004490903009E0FB7CBB7406E000BF00100240C8
S315080044A000700040FB7CBB747B7C012B05D19E4BC6
S315080044B09B6D9D4A23F0805393657B681B6803F0C8
S315080044C00103002B0AD0984BD3F8883023F0030257
S315080044D07B689B6B94491343C1F888307B681B68DB
S315080044E003F00203002B0AD08F4BD3F8883023F051
S315080044F00C027B68DB6B8C491343C1F888307B68F8
S315080045001B6803F00403002B0AD0874BD3F88830C6
S3150800451023F030027B681B6C83491343C1F888304B
S315080045207B681B6803F00803002B0AD07E4BD3F880
S31508004530883023F0C0027B685B6C7B491343C1F863
S3150800454088307B681B6803F01003002B0AD0764B73
S31508004550D3F8883023F440727B689B6C7249134306
S31508004560C1F888307B681B6803F02003002B0AD04B
S315080045706D4BD3F8883023F440627B68DB6C6A495C
S315080045801343C1F888307B681B6803F40073002B5B
S315080045900AD0654BD3F8883023F440227B68DB6D5C
S315080045A061491343C1F888307B681B6803F480634C
S315080045B0002B0AD05C4BD3F8883023F440127B6872
S315080045C01B6E59491343C1F888307B681B6803F092
S315080045D04003002B0AD0544BD3F8883023F44052BA
S315080045E07B681B6D50491343C1F888307B681B688C
S315080045F003F08003002B0AD04B4BD3F8883023F402
S3150800460040427B685B6D48491343C1F888307B6834
S315080046101B6803F48073002B0AD0434BD3F8883009
S3150800462023F440327B689B6D3F491343C1F88830B9
S315080046307B681B6803F40053002B28D03A4BD3F849
S31508004640883023F040627B68DB6E37491343C1F834
S3150800465088307B68DB6EB3F1006F06D1324BDB68BE
S31508004660314A43F48013D36011E07B68DB6EB3F103
S31508004670806F0CD17B6804330121184600F0C8F816
S315080046800346FB74FB7C002B01D0FB7CBB747B6868
S315080046901B6803F40023002B28D0234BD3F888305B
S315080046A023F040627B681B6F1F491343C1F88830AB
S315080046B07B681B6FB3F1006F06D11B4BDB681A4A88
S315080046C043F48013D36011E07B681B6FB3F1806FEE
S315080046D00CD17B6804330121184600F099F803468B
S315080046E0FB74FB7C002B01D0FB7CBB747B681B68CE
S315080046F003F48023002B2BD00B4BD3F8883023F000
S3150800470040627B685B6F08491343C1F888307B6851
S315080047105B6FB3F1006F09D1034BDB68024A43F4C0
S315080047208013D36014E000BF001002407B685B6F03
S31508004730B3F1806F0CD17B6804330121184600F071
S3150800474067F80346FB74FB7C002B01D0FB7CBB742B
S315080047507B681B6803F48043002B2FD02B4BD3F8C0
S31508004760883023F040527B689B6F28491343C1F871
S3150800477088307B689B6FB3F1805F0DD17B6804330B
S315080047800221184600F044F80346FB74FB7C002B14
S3150800479014D0FB7CBB7411E07B689B6FB3F1005FA0
S315080047A00CD17B6820330221184600F025F9034610
S315080047B0FB74FB7C002B01D0FB7CBB747B681B68FD
S315080047C003F40043002B0AD0104BD3F8883023F0AB
S315080047D080427B68DB6F0D491343C1F888307B68DC
S315080047E01B6803F48033002B0BD0084BD3F88830B2
S315080047F023F000427B68D3F8803004491343C1F89C
S315080048008830BB7C18461837BD4680BD001002406C
S3150800481080B584B000AF786039600023FB73754BB0
S31508004820DB6803F00303002B18D0724BDB6803F038
S3150800483003027B681B689A420DD17B681B68002BB4
S3150800484009D06C4BDB681B0903F007035A1C7B680D
S315080048505B689A4247D00123FB7344E07B681B6878
S31508004860032B18D0032B25D8012B02D0022B09D0F5
S3150800487020E0604B1B6803F00203002B1DD10123C7
S31508004880FB731AE05B4B1B6803F48063002B16D19D
S315080048900123FB7313E0574B1B6803F40033002B0B
S315080048A00FD1544B1B6803F48023002B09D1012335
S315080048B0FB7306E00123FB7304E000BF02E000BFC0
S315080048C000E000BFFB7B002B0DD14A4BDB6823F0D1
S315080048D073027B6819687B685B68013B1B010B43A5
S315080048E044491343CB60FB7B002B7DD1414B1B68AE
S315080048F0404A23F080631360FDF7D2FEB86009E0F2
S31508004900FDF7CEFE0246BB68D31A022B02D9032353
S31508004910FB7305E0374B1B6803F00063002BEFD1F0
S31508004920FB7B002B60D13B68002B11D1314B1B69F7
S3150800493023F41F3323F440737A68926811027A6865
S31508004940D268120952040A432A4913430B6127E025
S315080049503B68012B12D1274B1B6923F4C00323F4B0
S31508004960FE437A68926811027A6812695208013A17
S3150800497052050A431F4913430B6111E01D4B1B697E
S3150800498023F0C06323F4FE437A68926811027A68BA
S3150800499052695208013A52060A43164913430B61F3
S315080049A0144B1B68134A43F080631360FDF778FEC7
S315080049B0B86009E0FDF774FE0246BB68D31A022BFD
S315080049C002D90323FB7305E00A4B1B6803F0006357
S315080049D0002BEFD0FB7B002B06D1064B1A697B68B0
S315080049E09B69044913430B61FB7B18461037BD4688
S315080049F080BD00BF0010024080B584B000AF78606B
S31508004A0039600023FB736A4BDB6803F00303002B52
S31508004A1018D0674BDB6803F003027B681B689A4271
S31508004A200DD17B681B68002B09D0614BDB681B091D
S31508004A3003F007035A1C7B685B689A4247D0012338
S31508004A40FB7344E07B681B68032B18D0032B25D81F
S31508004A50012B02D0022B09D020E0554B1B6803F02E
S31508004A600203002B1DD10123FB731AE0504B1B6870
S31508004A7003F48063002B16D10123FB7313E04C4B20
S31508004A801B6803F40033002B0FD1494B1B6803F452
S31508004A908023002B09D10123FB7306E00123FB7356
S31508004AA004E000BF02E000BF00E000BFFB7B002B74
S31508004AB00DD13F4BDB6823F073027B6819687B686E
S31508004AC05B68013B1B010B4339491343CB60FB7BF6
S31508004AD0002B67D1364B1B68354A23F08053136089
S31508004AE0FDF7DEFDB86009E0FDF7DAFD0246BB68B2
S31508004AF0D31A022B02D90323FB7305E02C4B1B6840
S31508004B0003F00053002BEFD1FB7B002B4AD13B6807
S31508004B10002B11D1264B5B6923F41F3323F4407312
S31508004B207A68926811027A68D268120952040A43AE
S31508004B301F4913434B6111E01D4B5B6923F0C063AA
S31508004B4023F4FE437A68926811027A681269520859
S31508004B50013A52060A43164913434B61144B1B6824
S31508004B60134A43F080531360FDF79AFDB86009E0D5
S31508004B70FDF796FD0246BB68D31A022B02D903231A
S31508004B80FB7305E00A4B1B6803F00053002BEFD0BC
S31508004B90FB7B002B06D1064B5A697B685B69044987
S31508004BA013434B61FB7B18461037BD4680BD00BFDB
S31508004BB00010024080B584B000AF78607B68002B97
S31508004BC001D1012395E07B685B6A002B08D17B68DD
S31508004BD05B68B3F5827F09D07B680022DA6105E05D
S31508004BE07B6800221A617B6800225A617B68002272
S31508004BF09A627B6893F85D30DBB2002B06D17B683E
S31508004C00002283F85C207868FDF7BAFA7B680222EE
S31508004C1083F85D207B681B681A687B681B6822F02E
S31508004C2040021A607B68DB68B3F5E06F02D900239F
S31508004C30FB6002E04FF48053FB607B68DB68B3F5EA
S31508004C40706F07D07B68DB68B3F5E06F02D07B68CE
S31508004C5000229A627B685B6803F482727B689B68B1
S31508004C6003F404431A437B681B6903F002031A43DF
S31508004C707B685B6903F001031A437B689B6903F44D
S31508004C8000731A437B68DB6903F038031A437B68B1
S31508004C901B6A03F0800342EA03017B689B6A03F4FC
S31508004CA000527B681B680A431A607B689B691B0C69
S31508004CB003F004027B685B6A03F010031A437B68FF
S31508004CC05B6B03F008031A437B68DB6803F47063C5
S31508004CD042EA0301FB6803F480527B681B680A43B7
S31508004CE05A607B6800221A667B68012283F85D2079
S31508004CF0002318461037BD4680BD80B588B000AF82
S31508004D00F860B9603B601346FB80FDF7C9FCF861A3
S31508004D10FB887B83FB6893F85D30DBB2012B01D0FF
S31508004D2002235CE1BB68002B02D0FB88002B01D173
S31508004D30012354E1FB6893F85C30012B01D102236F
S31508004D404DE1FB68012283F85C20FB68032283F8A7
S31508004D505D20FB6800221A66FB68BA689A63FB68DE
S31508004D60FA889A87FB68FA88DA87FB6800221A6449
S31508004D70FB680022A3F84420FB680022A3F846201B
S31508004D80FB6800221A65FB680022DA64FB689B68E8
S31508004D90B3F5004F0FD1FB681B681A68FB681B68E0
S31508004DA022F040021A60FB681B681A68FB681B68D9
S31508004DB042F480421A60FB681B681B6803F04003D4
S31508004DC0402B07D0FB681B681A68FB681B6842F013
S31508004DD040021A60FB68DB68B3F5E06F52D9FB68DE
S31508004DE05B68002B02D07B8B012B45D1FB689B6B44
S31508004DF01A88FB681B68DA60FB689B6B9A1CFB6861
S31508004E009A63FB68DB8F9BB2013B9AB2FB68DA8731
S31508004E1032E0FB681B689B6803F00203022B12D181
S31508004E20FB689B6B1A88FB681B68DA60FB689B6BE0
S31508004E309A1CFB689A63FB68DB8F9BB2013B9AB2AC
S31508004E40FB68DA8718E0FDF72BFC0246FB69D31AE4
S31508004E503A689A4203D83B68B3F1FF3F02D13B68F0
S31508004E60002B09D1FB68012283F85D20FB6800222C
S31508004E7083F85C200323B2E0FB68DB8F9BB2002B30
S31508004E80C7D183E0FB685B68002B02D07B8B012BC4
S31508004E9077D1FB68DB8F9BB2012B12D9FB689B6B22
S31508004EA01A88FB681B68DA60FB689B6B9A1CFB68B0
S31508004EB09A63FB68DB8F9BB2023B9AB2FB68DA8780
S31508004EC05FE0FB689A6BFB681B680C3312781A70F4
S31508004ED0FB689B6B5A1CFB689A63FB68DB8F9BB26B
S31508004EE0013B9AB2FB68DA874BE0FB681B689B6854
S31508004EF003F00203022B2BD1FB68DB8F9BB2012B3D
S31508004F0012D9FB689B6B1A88FB681B68DA60FB681A
S31508004F109B6B9A1CFB689A63FB68DB8F9BB2023B10
S31508004F209AB2FB68DA872CE0FB689A6BFB681B6809
S31508004F300C3312781A70FB689B6B5A1CFB689A63D1
S31508004F40FB68DB8F9BB2013B9AB2FB68DA8718E0F5
S31508004F50FDF7A6FB0246FB69D31A3A689A4203D8BC
S31508004F603B68B3F1FF3F02D13B68002B09D1FB68D0
S31508004F70012283F85D20FB68002283F85C20032366
S31508004F802DE0FB68DB8F9BB2002BAED1FA6939683E
S31508004F90F86800F065FB0346002B02D0FB68202268
S31508004FA01A66FB689B68002B0AD100237B61FB68A5
S31508004FB01B68DB687B61FB681B689B687B617B6998
S31508004FC0FB68012283F85D20FB68002283F85C20D9
S31508004FD0FB681B6E002B01D0012300E00023184656
S31508004FE02037BD4680BD80B58AB000AFF860B9608D
S31508004FF07A607B8001237B62FDF752FB3862FB688F
S3150800500093F85D30FB77FB685B68BB617B88FB8246
S315080050107B88BB82FB7F012B0CD0BB69B3F5827FF3
S3150800502006D1FB689B68002B02D1FB7F042B01D0BD
S315080050300223F3E1BB68002B05D07B68002B02D066
S315080050407B88002B01D10123E8E1FB6893F85C30EB
S31508005050012B01D10223E1E1FB68012283F85C20E0
S31508005060FB6893F85D30DBB2042B03D0FB6805229E
S3150800507083F85D20FB6800221A66FB687A681A6462
S31508005080FB687A88A3F84620FB687A88A3F8442048
S31508005090FB68BA689A63FB687A88DA87FB687A8855
S315080050A09A87FB680022DA64FB6800221A65FB68A7
S315080050B0DB68B3F5E06F02D8BB8A012B08D9FB6819
S315080050C01B685A68FB681B6822F480525A6007E01E
S315080050D0FB681B685A68FB681B6842F480525A6072
S315080050E0FB681B681B6803F04003402B07D0FB686E
S315080050F01B681A68FB681B6842F040021A60FB6866
S31508005100DB68B3F5E06F40F28380FB685B68002BD1
S3150800511002D0FB8A012B6FD1FB689B6B1A88FB6850
S315080051201B68DA60FB689B6B9A1CFB689A63FB68D2
S31508005130DB8F9BB2013B9AB2FB68DA875CE0FB68BF
S315080051401B689B6803F00203022B1BD1FB68DB8FED
S315080051509BB2002B16D07B6A012B13D1FB689B6B85
S315080051601A88FB681B68DA60FB689B6B9A1CFB68ED
S315080051709A63FB68DB8F9BB2013B9AB2FB68DA87BE
S3150800518000237B62FB681B689B6803F00103012B05
S315080051901CD1FB68B3F846309BB2002B16D0FB68CF
S315080051A01B68DA68FB681B6C92B21A80FB681B6C7A
S315080051B09A1CFB681A64FB68B3F846309BB2013B3D
S315080051C09AB2FB68A3F8462001237B62FDF768FACA
S315080051D002463B6AD31A3A6B9A420DD83B6BB3F137
S315080051E0FF3F09D0FB68012283F85D20FB68002297
S315080051F083F85C20032311E1FB68DB8F9BB2002B4D
S315080052009DD1FB68B3F846309BB2002B97D1E5E0F9
S31508005210FB685B68002B03D0FB8A012B40F0D1802A
S31508005220FB68DB8F9BB2012B12D9FB689B6B1A8834
S31508005230FB681B68DA60FB689B6B9A1CFB689A63C1
S31508005240FB68DB8F9BB2023B9AB2FB68DA87B8E051
S31508005250FB689A6BFB681B680C3312781A70FB683C
S315080052609B6B5A1CFB689A63FB68DB8F9BB2013BFE
S315080052709AB2FB68DA87A4E0FB681B689B6803F0B0
S315080052800203022B34D1FB68DB8F9BB2002B2FD095
S315080052907B6A012B2CD1FB68DB8F9BB2012B12D9C1
S315080052A0FB689B6B1A88FB681B68DA60FB689B6B5C
S315080052B09A1CFB689A63FB68DB8F9BB2023B9AB227
S315080052C0FB68DA8712E0FB689A6BFB681B680C338D
S315080052D012781A70FB689B6B5A1CFB689A63FB680A
S315080052E0DB8F9BB2013B9AB2FB68DA8700237B62AD
S315080052F0FB681B689B6803F00103012B48D1FB6818
S31508005300B3F846309BB2002B42D0FB68B3F8463060
S315080053109BB2012B23D9FB681B68DA68FB681B6CF8
S3150800532092B21A80FB681B6C9A1CFB681A64FB68AD
S31508005330B3F846309BB2023B9AB2FB68A3F8462004
S31508005340FB68B3F846309BB2012B1FD8FB681B6875
S315080053505A68FB681B6842F480525A6016E0FB687C
S315080053601B6803F10C02FB681B6C1278D2B21A7028
S31508005370FB681B6C5A1CFB681A64FB68B3F846305A
S315080053809BB2013B9AB2FB68A3F8462001237B62D5
S31508005390FDF786F902463B6AD31A3A6B9A4203D856
S315080053A03B6BB3F1FF3F02D13B6B002B09D1FB6886
S315080053B0012283F85D20FB68002283F85C20032322
S315080053C02CE0FB68DB8F9BB2002B7FF455AFFB68A4
S315080053D0B3F846309BB2002B7FF44EAF3A6A396B6E
S315080053E0F86800F03DF90346002B08D0FB68202238
S315080053F01A66FB68002283F85C2001230EE0FB682E
S31508005400012283F85D20FB68002283F85C20FB6894
S315080054101B6E002B01D0012300E000231846283715
S31508005420BD4680BD80B588B000AFF860B9603B6006
S315080054301346FB71FDF734F90246BB6A9B1A3A68B4
S315080054401344FB61FDF72CF9B861394B1B685B0106
S315080054501B0DFA6902FB03F37B6154E03B68B3F169
S31508005460FF3F50D0FDF71CF90246BB69D31AFA690B
S315080054709A4202D9FB69002B3DD1FB681B685A6822
S31508005480FB681B6822F0E0025A60FB685B68B3F5AC
S31508005490827F11D1FB689B68B3F5004F04D0FB6887
S315080054A09B68B3F5806F07D1FB681B681A68FB68B1
S315080054B01B6822F040021A60FB689B6AB3F5005F1E
S315080054C00FD1FB681B681A68FB681B6822F4005238
S315080054D01A60FB681B681A68FB681B6842F400526E
S315080054E01A60FB68012283F85D20FB68002283F8B6
S315080054F05C20032317E07B69002B01D10023FB61A5
S315080055007B69013B7B61FB681B689A68BB68134033
S31508005510BA689A420CBF01230023DBB21A46FB790C
S315080055209A429BD1002318462037BD4680BD00BF4E
S315080055304800002080B58AB000AFF860B9607A608C
S315080055403B600023FB75FDF7ABF802463B6B9B1AE5
S315080055503A6813447B62FDF7A3F83862FB681B6858
S315080055600C33FB613D4B1A6813469B001344DA0063
S31508005570D31A1B0D7A6A02FB03F3BB6160E0BB68B2
S31508005580B3F5C06F07D17B68002B04D1FB691B7884
S31508005590DBB2FB75FB7D3B68B3F1FF3F50D0FDF7EF
S315080055A07FF802463B6AD31A7A6A9A4202D97B6A1C
S315080055B0002B3DD1FB681B685A68FB681B6822F004
S315080055C0E0025A60FB685B68B3F5827F11D1FB681D
S315080055D09B68B3F5004F04D0FB689B68B3F5806FF2
S315080055E007D1FB681B681A68FB681B6822F0400233
S315080055F01A60FB689B6AB3F5005F0FD1FB681B68EE
S315080056001A68FB681B6822F400521A60FB681B685C
S315080056101A68FB681B6842F400521A60FB6801228C
S3150800562083F85D20FB68002283F85C20032310E0E2
S31508005630BB69002B01D100237B62BB69013BBB61BF
S31508005640FB681B689A68BB6813407A689A4296D1C9
S31508005650002318462837BD4680BD00BF48000020F5
S3150800566080B586B002AFF860B9607A607B6800934F
S31508005670BB6800224FF4C051F868FFF75BFF03468A
S31508005680002B07D0FB681B6E43F02002FB681A66E6
S31508005690032327E07B680093BB6800228021F86813
S315080056A0FFF7C0FE0346002B07D0FB681B6E43F0CE
S315080056B02002FB681A66032314E07B680093BB6824
S315080056C000224FF4C061F868FFF734FF0346002B49
S315080056D007D0FB681B6E43F02002FB681A6603239B
S315080056E000E0002318461037BD4680BD80B582B05D
S315080056F000AF78607B68002B01D1012349E07B6805
S3150800570093F83D30DBB2002B06D17B68002283F884
S315080057103C207868FCF796FD7B68022283F83D20DA
S315080057207B681A687B6804331946104600F090FBBC
S315080057307B68012283F848207B68012283F83E2093
S315080057407B68012283F83F207B68012283F840208A
S315080057507B68012283F841207B68012283F8422076
S315080057607B68012283F843207B68012283F8442062
S315080057707B68012283F845207B68012283F846204E
S315080057807B68012283F847207B68012283F83D2045
S31508005790002318460837BD4680BD000080B584B092
S315080057A000AF786039600023FB733B68002B04D197
S315080057B07B6893F83E30DBB223E03B68042B04D1C8
S315080057C07B6893F83F30DBB21BE03B68082B04D1BB
S315080057D07B6893F84030DBB213E03B680C2B04D1AE
S315080057E07B6893F84130DBB20BE03B68102B04D1A1
S315080057F07B6893F84230DBB203E07B6893F843306A
S31508005800DBB2BB733B68002B04D17B6893F844304A
S31508005810DBB213E03B68042B04D17B6893F8453070
S31508005820DBB20BE03B68082B04D17B6893F8463063
S31508005830DBB203E07B6893F84730DBB27B73BB7B54
S31508005840012B02D17B7B012B01D00123DDE03B68D4
S31508005850002B04D17B68022283F83E2023E03B68B4
S31508005860042B04D17B68022283F83F201BE03B68A7
S31508005870082B04D17B68022283F8402013E03B689A
S315080058800C2B04D17B68022283F841200BE03B688D
S31508005890102B04D17B68022283F8422003E07B6840
S315080058A0022283F843203B68002B04D17B6802223E
S315080058B083F8442013E03B68042B04D17B6802225A
S315080058C083F845200BE03B68082B04D17B6802224D
S315080058D083F8462003E07B68022283F847203B686A
S315080058E00C2B41D801A252F823F000BF2159000819
S315080058F069590008695900086959000833590008A8
S315080059006959000869590008695900084559000885
S315080059106959000869590008695900085759000863
S315080059207B681B68DA687B681B6842F00202DA60EB
S315080059301DE07B681B68DA687B681B6842F0040216
S31508005940DA6014E07B681B68DA687B681B6842F0DB
S315080059500802DA600BE07B681B68DA687B681B68FC
S3150800596042F01002DA6002E00123FB7300BFFB7B02
S31508005970002B49D17B681B6801223968184600F05C
S3150800598031FC7B681B68234A93421DD07B681B68E1
S31508005990B3F1804F18D07B681B681F4A934213D017
S315080059A07B681B681D4A93420ED07B681B681C4A9D
S315080059B0934209D07B681B681A4A934204D07B68D5
S315080059C01B68194A934215D17B681B689A68174B5E
S315080059D01340BB60BB68062B15D0BB68B3F5803F88
S315080059E011D07B681B681A687B681B6842F0010245
S315080059F01A6008E07B681B681A687B681B6842F0B7
S31508005A0001021A6000E000BFFB7B18461037BD464E
S31508005A1080BD00BF002C0140000400400008004083
S31508005A20000C00400034014000400140070001001E
S31508005A3080B584B000AF78607B681B68DB68FB6064
S31508005A407B681B681B69BB60BB6803F00203002BFD
S31508005A5020D0FB6803F00203002B1BD07B681B6871
S31508005A606FF002021A617B6801221A777B681B684D
S31508005A709B6903F00303002B03D07868FBF7AAFDA4
S31508005A8005E0786800F0C6F9786800F0CDF97B681B
S31508005A9000221A77BB6803F00403002B20D0FB68AA
S31508005AA003F00403002B1BD07B681B686FF004020D
S31508005AB01A617B6802221A777B681B689B6903F464
S31508005AC04073002B03D07868FBF784FD05E07868FF
S31508005AD000F0A0F9786800F0A7F97B6800221A7729
S31508005AE0BB6803F00803002B20D0FB6803F008030B
S31508005AF0002B1BD07B681B686FF008021A617B6855
S31508005B0004221A777B681B68DB6903F00303002B02
S31508005B1003D07868FBF75EFD05E0786800F07AF94F
S31508005B20786800F081F97B6800221A77BB6803F071
S31508005B301003002B20D0FB6803F01003002B1BD0AA
S31508005B407B681B686FF010021A617B6808221A7757
S31508005B507B681B68DB6903F44073002B03D0786805
S31508005B60FBF738FD05E0786800F054F9786800F02E
S31508005B705BF97B6800221A77BB6803F00103002BE8
S31508005B800CD0FB6803F00103002B07D07B681B6869
S31508005B906FF001021A61786800F032F9BB6803F009
S31508005BA08003002B04D1BB6803F40053002B0CD0F0
S31508005BB0FB6803F08003002B07D07B681B686FF433
S31508005BC002521A61786800F0C5FBBB6803F480735B
S31508005BD0002B0CD0FB6803F08003002B07D07B68F2
S31508005BE01B686FF480721A61786800F0BDFBBB68A9
S31508005BF003F04003002B0CD0FB6803F04003002B96
S31508005C0007D07B681B686FF040021A61786800F05D
S31508005C1015F9BB6803F02003002B0CD0FB6803F0D2
S31508005C202003002B07D07B681B686FF020021A61DF
S31508005C30786800F085FB00BF1037BD4680BD80B58B
S31508005C4086B000AFF860B9607A600023FB75FB6820
S31508005C5093F83C30012B01D1022388E0FB6801222E
S31508005C6083F83C207B68002B1BD1FB681868BB684F
S31508005C701968BB685A68BB68DB6800F08FF9FB686F
S31508005C801B689A69FB681B6822F00C029A61FB681C
S31508005C901B689969BB689A68FB681B680A439A611E
S31508005CA060E07B68042B1CD1FB681868BB68196820
S31508005CB0BB685A68BB68DB6800F0DEF9FB681B68DE
S31508005CC09A69FB681B6822F440629A61FB681B6844
S31508005CD09969BB689B681A02FB681B680A439A6144
S31508005CE040E07B68082B1BD1FB681868BB681968FD
S31508005CF0BB685A68BB68DB6800F0FBF9FB681B6881
S31508005D00DA69FB681B6822F00C02DA61FB681B681B
S31508005D10D969BB689A68FB681B680A43DA6121E09F
S31508005D207B680C2B1CD1FB681868BB681968BB68B4
S31508005D305A68BB68DB6800F018FAFB681B68DA6902
S31508005D40FB681B6822F44062DA61FB681B68D96944
S31508005D50BB689B681A02FB681B680A43DA6101E0A4
S31508005D600123FB75FB68002283F83C20FB7D18465F
S31508005D701837BD4680BD000080B485B000AF786096
S31508005D8039600023FB603B680C2B31D801A252F81E
S31508005D9023F000BFC95D0008F15D0008F15D000849
S31508005DA0F15D0008D35D0008F15D0008F15D0008AB
S31508005DB0F15D0008DD5D0008F15D0008F15D000891
S31508005DC0F15D0008E75D00087B681B685B6BFB609C
S31508005DD00FE07B681B689B6BFB600AE07B681B68AF
S31508005DE0DB6BFB6005E07B681B681B6CFB6000E0F7
S31508005DF000BFFB6818461437BD465DF8047B70473C
S31508005E0080B483B000AF786000BF0C37BD465DF83C
S31508005E10047B704780B483B000AF786000BF0C374E
S31508005E20BD465DF8047B704780B483B000AF7860E8
S31508005E3000BF0C37BD465DF8047B704780B483B05D
S31508005E4000AF786000BF0C37BD465DF8047B70472D
S31508005E5080B485B000AF786039607B681B68FB60EA
S31508005E607B68464A934213D07B68B3F1804F0FD0C4
S31508005E707B68434A93420BD07B68424A934207D0D9
S31508005E807B68414A934203D07B68404A934208D1D3
S31508005E90FB6823F07003FB603B685B68FA68134392
S31508005EA0FB607B68354A93421FD07B68B3F1804F0D
S31508005EB01BD07B68324A934217D07B68314A93429B
S31508005EC013D07B68304A93420FD07B682F4A93429F
S31508005ED00BD07B682E4A934207D07B682D4A9342A3
S31508005EE003D07B682C4A934208D1FB6823F440739D
S31508005EF0FB603B68DB68FA681343FB60FB6823F0CA
S31508005F0080023B685B691343FB607B68FA681A602A
S31508005F103B689A687B68DA623B681A687B689A62AB
S31508005F207B68164A93420FD07B68184A93420BD077
S31508005F307B68174A934207D07B68164A934203D078
S31508005F407B68154A934203D13B681A697B681A63D2
S31508005F507B6801225A617B681B6903F00103012BE8
S31508005F6005D17B681B6923F001027B681A6100BFB3
S31508005F701437BD465DF8047B704700BF002C01400E
S31508005F800004004000080040000C004000340140B6
S31508005F9000400140004401400048014080B487B0F9
S31508005FA000AFF860B9607A603B60FB681B6A3B61CA
S31508005FB0FB681B6A23F00102FB681A62FB689B698F
S31508005FC07B61FB68264A934217D0FB68B3F1804F82
S31508005FD013D0FB68234A93420FD0FB68224A9342A8
S31508005FE00BD0FB68214A934207D0FB68204A9342AC
S31508005FF003D0FB681F4A934201D1012300E0002326
S31508006000002B08D07B6923F003037B617A697B68E0
S3150800601013437B6103E07B6943F001037B617B6982
S3150800602023F0F0037B613B681B01DBB27A691343FB
S315080060307B613B6923F00A033B61BB6803F00A03F3
S315080060403A6913433B61FB687A699A61FB683A6966
S315080060501A6200BF1C37BD465DF8047B704700BF57
S31508006060002C01400004004000080040000C0040DD
S31508006070003401400040014080B487B000AFF860AA
S31508006080B9607A603B60FB681B6A7B61FB681B6AC8
S3150800609023F01002FB681A62FB689B693B613B6947
S315080060A023F440733B617B681B023A6913433B61E7
S315080060B03B6923F470433B613B681B039BB23A6917
S315080060C013433B617B6923F0A0037B61BB681B011B
S315080060D003F0A0037A6913437B61FB683A699A6106
S315080060E0FB687A691A6200BF1C37BD465DF8047BF7
S315080060F0704780B487B000AFF860B9607A603B60DB
S31508006100FB681B6A7B61FB681B6A23F48072FB6869
S315080061101A62FB68DB693B613B6923F003033B6159
S315080061203A697B6813433B613B6923F0F0033B61A3
S315080061303B681B01DBB23A6913433B617B6923F475
S3150800614020637B61BB681B0203F420637A691343EF
S315080061507B61FB683A69DA61FB687A691A6200BF93
S315080061601C37BD465DF8047B704780B487B000AF26
S31508006170F860B9607A603B60FB681B6A7B61FB6804
S315080061801B6A23F48052FB681A62FB68DB693B6171
S315080061903B6923F440733B617B681B023A691343EE
S315080061A03B613B6923F470433B613B681B039BB22D
S315080061B03A6913433B617B6923F420437B61BB68DF
S315080061C01B0303F420437A6913437B61FB683A692E
S315080061D0DA61FB687A691A6200BF1C37BD465DF84A
S315080061E0047B704780B487B000AFF860B9607A6006
S315080061F0BB6803F01F03012202FA03F37B61FB6805
S315080062001A6A7B69DB431A40FB681A62FB681A6ADA
S31508006210BB6803F01F03796801FA03F31A43FB68A6
S315080062201A6200BF1C37BD465DF8047B7047000044
S3150800623080B485B000AF786039607B6893F83C30ED
S31508006240012B01D1022368E07B68012283F83C20F8
S315080062507B68022283F83D207B681B685B68FB60CD
S315080062607B681B689B68BB607B681B682E4A9342E9
S3150800627004D07B681B682D4A934208D1FB6823F437
S315080062807003FB603B685B68FA681343FB60FB6856
S3150800629023F07003FB603B681B68FA681343FB60D6
S315080062A07B681B68FA685A607B681B681E4A9342BB
S315080062B01DD07B681B68B3F1804F18D07B681B68BC
S315080062C01B4A934213D07B681B681A4A93420ED026
S315080062D07B681B68184A934209D07B681B68134A77
S315080062E0934204D07B681B68144A93420CD1BB685E
S315080062F023F08003BB603B689B68BA681343BB60A6
S315080063007B681B68BA689A607B68012283F83D201F
S315080063107B68002283F83C20002318461437BD46C4
S315080063205DF8047B704700BF002C01400034014033
S315080063300004004000080040000C004000400140F6
S3150800634080B483B000AF786000BF0C37BD465DF8F7
S31508006350047B704780B483B000AF786000BF0C3709
S31508006360BD465DF8047B704780B483B000AF7860A3
S3150800637000BF0C37BD465DF8047B704780B582B018
S3150800638000AF78607B68002B01D1012340E07B6871
S31508006390DB6F002B06D17B68002283F878207868AB
S315080063A0FBF79CFF7B682422DA677B681B681A6800
S315080063B07B681B6822F001021A607B685B6A002B07
S315080063C002D0786800F06AFB786800F0AFF80346F8
S315080063D0012B01D101231BE07B681B685A687B6887
S315080063E01B6822F490425A607B681B689A687B682F
S315080063F01B6822F02A029A607B681B681A687B6809
S315080064001B6842F001021A60786800F0E9FB03464F
S3150800641018460837BD4680BD80B58AB002AFF86019
S31508006420B9603B601346FB80FB68DB6F202B77D196
S31508006430BB68002B02D0FB88002B01D1012370E03A
S31508006440FB680022C3F88420FB682122DA67FCF780
S3150800645027F97861FB68FA88A3F85020FB68FA8860
S31508006460A3F85220FB689B68B3F5805F08D1FB68E8
S315080064701B69002B04D10023FB61BB68BB6103E0E9
S31508006480BB68FB610023BB612FE03B6800937B6917
S3150800649000228021F86800F04BFC0346002B04D04C
S315080064A0FB682022DA6703233BE0FB69002B0BD14C
S315080064B0BB691A88FB681B68C2F3080292B21A8580
S315080064C0BB690233BB6107E0FB691A78FB681B6886
S315080064D01A85FB690133FB61FB68B3F852309BB23E
S315080064E0013B9AB2FB68A3F85220FB68B3F8523016
S315080064F09BB2002BC9D13B6800937B6900224021DF
S31508006500F86800F015FC0346002B04D0FB6820222F
S31508006510DA67032305E0FB682022DA67002300E038
S31508006520022318462037BD4680BD00002DE9B04F2E
S315080065308AB000AFF860002387F82230FB689A68B3
S31508006540FB681B691A43FB685B691A43FB68DB69CE
S3150800655013437B62FB681B681A68A44B1340FA68EE
S315080065601268796A0B431360FB681B685B6823F43F
S315080065704051FB68DA68FB681B680A435A60FB6887
S315080065809B697B62FB681B68994A934204D0FB6847
S315080065901B6A7A6A13437B62FB681B689B6823F451
S315080065A03061FB681B687A6A0A439A60FB681B6855
S315080065B0904A934226D1904BD3F8883003F00303D0
S315080065C0032B1BD801A252F823F000BFDD65000893
S315080065D0ED650008E5650008F5650008012387F8FC
S315080065E0233016E1022387F8233012E1042387F8C3
S315080065F023300EE1082387F823300AE1102387F8B1
S31508006600233006E1FB681B687C4A934238D17A4BF3
S31508006610D3F8883003F00C030C2B2DD801A252F8BE
S3150800662023F000BF596600087966000879660008F5
S3150800663079660008696600087966000879660008C0
S3150800664079660008616600087966000879660008B8
S315080066507966000871660008002387F82330D8E0B9
S31508006660022387F82330D4E0042387F82330D0E0C8
S31508006670082387F82330CCE0102387F82330C8E0B6
S31508006680FB681B685E4A934225D15B4BD3F888307A
S3150800669003F03003302B16D0302B18D8202B0AD015
S315080066A0202B14D8002B02D0102B08D00FE0002383
S315080066B087F82330ADE0022387F82330A9E00423C6
S315080066C087F82330A5E0082387F82330A1E01023B4
S315080066D087F823309DE0FB681B684A4A934225D118
S315080066E0454BD3F8883003F0C003C02B16D0C02B17
S315080066F018D8802B0AD0802B14D8002B02D0402B18
S3150800670008D00FE0002387F8233082E0022387F8B9
S3150800671023307EE0042387F823307AE0082387F8BD
S31508006720233076E0102387F8233072E0FB681B6875
S31508006730354A93422AD1304BD3F8883003F4407354
S31508006740B3F5407F1AD0B3F5407F1BD8B3F5007F69
S315080067500CD0B3F5007F15D8002B03D0B3F5807F96
S3150800676008D00FE0002387F8233052E0022387F889
S3150800677023304EE0042387F823304AE0082387F8BD
S31508006780233046E0102387F8233042E0FB681B6875
S31508006790174A93423AD1184BD3F8883003F440632A
S315080067A0B3F5406F1AD0B3F5406F1BD8B3F5006F39
S315080067B00CD0B3F5006F15D8002B03D0B3F5806F56
S315080067C008D00FE0002387F8233022E0022387F859
S315080067D023301EE0042387F823301AE0082387F8BD
S315080067E0233016E0102387F8233012E0F369FFEF11
S315080067F0008000400038014000100240004400407C
S3150800680000480040004C004000500040102387F824
S315080068102330FB681B689F4A93427AD197F8233046
S31508006820082B24D801A252F823F000BF51680008AB
S315080068306F680008596800086F6800085F680008F4
S315080068406F6800086F6800086F68000867680008C6
S31508006850FDF768FCF86110E08F4BFB610DE0FDF772
S31508006860C9FBF86109E04FF40043FB6105E000232A
S31508006870FB61012387F8223000BFFB69002B00F07B
S31508006880FB80FB685A6813465B001344FA699A4210
S3150800689005D3FB685B681B03FA699A4203D901238F
S315080068A087F82230E8E0FB6900221C4615464FF0BF
S315080068B000024FF000032B0243EA14632202F96830
S315080068C04968490800208846814612EB080A43EBC6
S315080068D0090BFB685B6800223B607A60D7E90023F6
S315080068E050465946F9F7D2FF02460B461346BB6196
S315080068F0BB69B3F5407F08D3BB69B3F5801F04D2E3
S31508006900FB681B68BA69DA60B6E0012387F82230AB
S31508006910B2E0FB68DB69B3F5004F5ED197F8233028
S31508006920082B28D801A252F823F000BF51690008A5
S3150800693059690008616900087769000867690008ED
S315080069407769000877690008776900086F690008A1
S31508006950FDF7E8FBF86114E0FDF7FAFBF86110E0D3
S315080069604D4BFB610DE0FDF745FBF86109E04FF47F
S315080069700043FB6105E00023FB61012387F8223011
S3150800698000BFFB69002B77D0FB695A00FB685B6880
S315080069905B081A44FB685B68B2FBF3F3BB61BB692F
S315080069A00F2B16D9BB69B3F5803F12D2BB699BB2D0
S315080069B023F00F03FB82BB695B089BB203F0070356
S315080069C09AB2FB8A1343FB82FB681B68FA8ADA6071
S315080069D052E0012387F822304EE097F82330082B3F
S315080069E027D801A252F823F00D6A0008156A000894
S315080069F01D6A0008336A0008236A0008336A00081B
S31508006A00336A0008336A00082B6A0008FDF78AFB18
S31508006A10F86114E0FDF79CFBF86110E01E4BFB6182
S31508006A200DE0FDF7E7FAF86109E04FF40043FB6172
S31508006A3005E00023FB61012387F8223000BFFB69CC
S31508006A40002B19D0FB685B685A08FB691A44FB6877
S31508006A505B68B2FBF3F3BB61BB690F2B09D9BB6952
S31508006A60B3F5803F05D2BB699AB2FB681B68DA604A
S31508006A7002E0012387F82230FB6800229A66FB6849
S31508006A800022DA6697F8223018462837BD46BDE850
S31508006A90B08F00BF008000400024F40080B483B0AB
S31508006AA000AF78607B685B6A03F00803002B0AD0A6
S31508006AB07B681B685B6823F400417B685A6B7B68BC
S31508006AC01B680A435A607B685B6A03F00103002B64
S31508006AD00AD07B681B685B6823F400317B689A6A76
S31508006AE07B681B680A435A607B685B6A03F002038B
S31508006AF0002B0AD07B681B685B6823F480317B68AF
S31508006B00DA6A7B681B680A435A607B685B6A03F02B
S31508006B100403002B0AD07B681B685B6823F480217A
S31508006B207B681A6B7B681B680A435A607B685B6ADA
S31508006B3003F01003002B0AD07B681B689B6823F4BC
S31508006B4080517B689A6B7B681B680A439A607B68EE
S31508006B505B6A03F02003002B0AD07B681B689B68DE
S31508006B6023F400517B68DA6B7B681B680A439A60DA
S31508006B707B685B6A03F04003002B1AD07B681B68AE
S31508006B805B6823F480117B681A6C7B681B680A4370
S31508006B905A607B681B6CB3F5801F0AD17B681B683B
S31508006BA05B6823F4C0017B685A6C7B681B680A43E0
S31508006BB05A607B685B6A03F08003002B0AD07B6807
S31508006BC01B685B6823F400217B689A6C7B681B68EA
S31508006BD00A435A6000BF0C37BD465DF8047B704710
S31508006BE080B598B002AF78607B680022C3F884202D
S31508006BF0FBF756FD78657B681B681B6803F008037E
S31508006C00082B2ED16FF07E4300937B6D00224FF444
S31508006C100011786800F08CF80346002B21D07B68B9
S31508006C201B68BB63BB6B53E8003F7B637B6B23F03E
S31508006C3080033B657B681B681A463B6D7B643A6438
S31508006C40396C7A6C41E80023FB63FB6B002BE6D1B9
S31508006C507B682022DA677B68002283F87820032382
S31508006C6062E07B681B681B6803F00403042B49D1A8
S31508006C706FF07E4300937B6D00224FF480017868A5
S31508006C8000F056F80346002B3CD07B681B687B62F5
S31508006C907B6A53E8003F3B623B6A23F49073FB64CC
S31508006CA07B681B681A46FB6C3B63FA62F96A3A6BA7
S31508006CB041E80023BB62BB6A002BE6D17B681B68F0
S31508006CC008333B613B6953E8003FFB60FB6823F0F0
S31508006CD00103BB647B681B680833BA6CFA61BB6145
S31508006CE0B969FA6941E800237B617B69002BE5D124
S31508006CF07B682022C3F880207B68002283F87820EE
S31508006D00032311E07B682022DA677B682022C3F818
S31508006D1080207B6800221A667B6800225A667B6898
S31508006D20002283F87820002318465837BD4680BDD0
S31508006D3080B584B000AFF860B9603B601346FB715C
S31508006D404FE0BB69B3F1FF3F4BD0FBF7A9FC024606
S31508006D503B68D31ABA699A4202D3BB69002B01D1A0
S31508006D6003234EE0FB681B681B6803F00403002B33
S31508006D7037D0BB68802B34D0BB68402B31D0FB683A
S31508006D801B68DB6903F00803082B10D1FB681B6836
S31508006D9008221A62F86800F038F8FB680822C3F877
S31508006DA08420FB68002283F87820012329E0FB6809
S31508006DB01B68DB6903F40063B3F5006F11D1FB6848
S31508006DC01B684FF400621A62F86800F01EF8FB6848
S31508006DD02022C3F88420FB68002283F87820032346
S31508006DE00FE0FB681B68DA69BB681340BA689A4209
S31508006DF00CBF01230023DBB21A46FB799A42A0D0C6
S31508006E00002318461037BD4680BD80B495B000AF44
S31508006E1078607B681B687B637B6B53E8003F3B634A
S31508006E203B6B23F49073FB647B681B681A46FB6C08
S31508006E303B64FA63F96B3A6C41E80023BB63BB6BAE
S31508006E40002BE6D17B681B6808333B623B6A53E834
S31508006E50003FFB61FB6923F00103BB647B681B6889
S31508006E600833BA6CFA62BB62B96AFA6A41E8002367
S31508006E707B627B6A002BE5D17B681B6E012B18D1E0
S31508006E807B681B68FB60FB6853E8003FBB60BB6818
S31508006E9023F010037B647B681B681A467B6CBB6116
S31508006EA07A617969BA6941E800233B613B69002B3D
S31508006EB0E6D17B682022C3F880207B6800221A6608
S31508006EC07B6800229A6600BF5437BD465DF8047B8E
S31508006ED07047000080B500AF0449054803F0C6F9BD
S31508006EE003461A46034B1A7000BF80BD642700206C
S31508006EF0540000206027002080B400AF0023184605
S31508006F00BD465DF8047B704780B582B000AF034686
S31508006F10FB71FB791846FAF703F803461846083753
S31508006F20BD4680BD80B582B000AF0346FB71FB79D4
S31508006F301846FAF7DBF8034618460837BD4680BDFB
S31508006F4080B584B000AFB9607A603B600346FB73D6
S31508006F50F87B3B687A68B968FAF7DEF8034618469C
S31508006F601037BD4680BD80B584B000AFB9607A6081
S31508006F703B600346FB73F87B3B687A68B968FAF7A7
S31508006F8035F9034618461037BD4680BD80B582B030
S31508006F9000AF03463A60FB710B46BB71B979FB79C2
S31508006FA03A681846FAF7A6F9034618460837BD465A
S31508006FB080BD000080B584B000AF0346FB71FB7945
S31508006FC0084A9B0013445B685B68FA7905490A44DA
S31508006FD0127A104698470346FB73FB7B1846103710
S31508006FE0BD4680BD9029002080B584B000AF034619
S31508006FF0FB710023FB73FB790D4AD35C002B11D17F
S31508007000FB790B4A0121D154FB79094A9B001344A9
S315080070105B681B68FA7906490A44127A104698474B
S315080070200346FB73FB7B18461037BD4680BD00BF81
S315080070309029002090B587B000AFB9607A603B60B0
S315080070400346FB73FB7B0A4A9B0013445B689C68F8
S31508007050FB7B074A1344187A3B687A68B968A047E5
S315080070600346FB75FB7D18461C37BD4690BD00BF21
S315080070709029002090B587B000AFB9607A603B6070
S315080070800346FB73FB7B0A4A9B0013445B68DC6878
S31508007090FB7B074A1344187A3B687A68B968A047A5
S315080070A00346FB75FB7D18461C37BD4690BD00BFE1
S315080070B09029002080B584B000AF03463A60FB7182
S315080070C00B46BB71FB79094A9B0013445B681B6935
S315080070D0FA7906490A44107AB9793A68984703460C
S315080070E0FB73FB7B18461037BD4680BD90290020F0
S315080070F080B485B000AF78607B6801331B78FB816C
S31508007100B7F90E301B021AB27B681B781BB2134301
S315080071101BB2FB81FB8918461437BD465DF8047B14
S31508007120704780B485B000AF78607B6803331B78FE
S31508007130FB60FB681B027A68023212781343FB6015
S31508007140FB681B027A68013212781343FB60FB68FE
S315080071501B027A6812781343FB60FB6818461437DB
S31508007160BD465DF8047B704780B483B000AF786095
S315080071700B467B807B685A1C7A607A88D2B21A7072
S315080071807B881B0A7B807B685A1C7A607A88D2B215
S315080071901A7000BF0C37BD465DF8047B704780B493
S315080071A083B000AF786039607B685A1C7A603A68A9
S315080071B0D2B21A703B681B0A3B607B685A1C7A601D
S315080071C03A68D2B21A703B681B0A3B607B685A1C45
S315080071D07A603A68D2B21A703B681B0A3B607B68D1
S315080071E05A1C7A603A68D2B21A7000BF0C37BD468C
S315080071F05DF8047B704780B487B000AFF860B9606B
S315080072007A60FB687B61BB683B617B68002B0DD0AD
S315080072103A69531C3B617B69591C796112781A706B
S315080072207B68013B7B607B68002BF1D100BF1C3774
S31508007230BD465DF8047B704780B487B000AFF86040
S31508007240B9607A60FB687B617B695A1C7A61BA68A7
S31508007250D2B21A707B68013B7B607B68002BF3D146
S3150800726000BF00BF1C37BD465DF8047B704780B47D
S3150800727089B000AFF860B9607A60FB68FB61BB68EB
S31508007280BB6100237B61FB695A1CFA611B781946AE
S31508007290BB695A1CBA611B78CB1A7B617B68013BB8
S315080072A07B607B68002B02D07B69002BEBD07B6967
S315080072B018462437BD465DF8047B704780B483B012
S315080072C000AF7860396002E07B6801337B607B68D9
S315080072D01B78002B05D07B681B781A463B689342BF
S315080072E0F2D17B681B7818460C37BD465DF8047BDF
S315080072F07047000080B485B000AF7860396000231D
S31508007300BB60BB68FB6029E0274AFB681B01134486
S315080073101B68002B1DD0244AFB681B0113441A68FE
S315080073207B681B689A4216D11F4AFB681B011344E7
S3150800733004331A687B689B689A420CD11A4AFB6820
S315080073401B01134408331A687B685B699A4202D1A9
S3150800735007E00123BB60FB680133FB60FB68012B78
S31508007360D2D9FB68022B09D1BB68002B02D13B6836
S31508007370022B01D1002310E012230EE03B68002BFC
S3150800738008D1094AFB681B0113440C331B88B3F563
S31508007390807F01D1102300E0002318461437BD462C
S315080073A05DF8047B704700BF7027002080B483B067
S315080073B000AF00237B6002E07B6801337B607B685B
S315080073C0012B06D8094A7B681B0113441B68002B4E
S315080073D0F2D17B68022B14BF01230023DBB21846C7
S315080073E00C37BD465DF8047B704700BF7027002048
S315080073F080B485B000AF786039600023FB601FE079
S31508007400414AFB681B0113441A687B681B689A4249
S3150800741013D13D4AFB681B01134404331A687B6881
S315080074209B689A4209D1384AFB681B011344083302
S315080074301A687B685B699A4206D0FB680133FB6071
S31508007440FB68012BDCD900E000BFFB68022B32D1B8
S315080074500023FB6002E0FB680133FB60FB68012B3D
S3150800746006D8294AFB681B0113441B68002BF2D176
S31508007470FB68022B01D1002340E07B681A68224989
S31508007480FB681B010B441A607B689A681E49FB68F7
S315080074901B010B4404331A607B685A691A49FB6856
S315080074A01B010B4408331A60174AFB681B01134477
S315080074B00C3300221A803B68002B09D0124AFB685D
S315080074C01B0113440C331B88002B01D0002315E045
S315080074D03B68002B08D10C4AFB681B0113440C338C
S315080074E01B8801339AB201E04FF480720649FB68A3
S315080074F01B010B440C331A80FB68013318461437FA
S31508007500BD465DF8047B70477027002080B485B0BF
S3150800751000AF78607B68013B7B607B68012B25D8D0
S31508007520174A7B681B0113440C331B88FB81FB89B4
S31508007530B3F5807F01D10023FB81FB89002B02D0A4
S31508007540FB89013BFB810E4A7B681B0113440C3304
S31508007550FA891A80FB89002B05D1094A7B681B0129
S31508007560134400221A6000237B7301E002237B7315
S315080075707B7B18461437BD465DF8047B704700BF11
S315080075807027002080B485B000AF78600023FB60C8
S3150800759010E00D4AFB681B0113441B687A689A427F
S315080075A005D1094AFB681B01134400221A60FB68CF
S315080075B00133FB60FB68012BEBD900BF00BF143712
S315080075C0BD465DF8047B70477027002080B586B0FD
S315080075D000AF78600023FB737B68DB78002B34D020
S315080075E07B685B6B7B617B6858787B6803F1380145
S315080075F001237A69FFF73EFD0346002B02D00123DB
S31508007600FB7322E07B680022DA707B689B6A7A69E2
S31508007610D21A7B681B6A9A4217D27B689B783B61B1
S3150800762010E07B681B6A7A6913447B617B6858782B
S315080076307B6803F1380101237A69FFF71BFD3B6973
S31508007640013B3B613B69012BEBD8FB7B184618379E
S31508007650BD4680BD80B584B000AF78603960002330
S31508007660FB737B685B6B3A689A421BD07868FFF7B6
S31508007670ADFF0346FB73FB7B002B13D17B68587861
S315080076807B6803F1380101233A68FFF7D3FC034608
S31508007690002B04D04FF0FF333B600123FB737B685C
S315080076A03A685A63FB7B18461037BD4680BD000012
S315080076B080B584B000AF78607868FFF787FF034627
S315080076C0FB73FB7B002B59D17B681B78032B49D1B5
S315080076D07B681B79012B45D17B6803F138007B68F1
S315080076E09B891A460021FFF7A7FD7B68383303F507
S315080076F0FF734AF655211846FFF736FD7B6838337F
S3150800770021491846FFF74BFD7B68383303F5F273BA
S315080077101E491846FFF743FD7B68383303F5F472B4
S315080077207B689B6919461046FFF739FD7B68383335
S3150800773003F5F6727B685B6919461046FFF72FFD5D
S315080077407B685B6A5A1C7B685A637B6858787B68D7
S3150800775003F138017B685A6B0123FFF78BFC7B68C2
S3150800776000221A717B685B78002200211846FFF711
S31508007770A1FC0346002B01D00123FB73FB7B1846B3
S315080077801037BD4680BD00BF5252614172724161D9
S3150800779080B483B000AF786039603B68023B3B60D9
S315080077A07B68DB69023B3A689A4201D3002308E00A
S315080077B07B685B891A463B6803FB02F27B681B6B96
S315080077C0134418460C37BD465DF8047B704780B5F0
S315080077D086B000AF786039607B681B683B613B68A0
S315080077E0012B04D93B69DB693A689A4202D3012323
S315080077F07B61BAE04FF0FF337B613B691B78032B53
S3150800780000F08280032B00F3A680012B02D0022B06
S3150800781055D0A0E03B68FB60FB685B08FA68134438
S31508007820FB603B699A6A3B699B891946FB68B3FB0F
S31508007830F1F3134419463869FFF70CFF0346002B8A
S3150800784040F08C80FB685A1CFA603A699289B3FB4F
S31508007850F2F101FB02F29B1A3A69134493F83830A5
S31508007860BB603B699A6A3B699B891946FB68B3FB0F
S31508007870F1F3134419463869FFF7ECFE0346002B6B
S315080078806ED13B699B891A46FB68B3FBF2F101FB93
S3150800789002F29B1A3A69134493F838301B02BA6805
S315080078A01343BB603B6803F00103002B02D0BB689F
S315080078B01B0902E0BB68C3F30B037B6155E03B6918
S315080078C09A6A3B699B895B089BB219463B68B3FB7E
S315080078D0F1F3134419463869FFF7BCFE0346002B3B
S315080078E040D13B6903F138013B685B003A699289EC
S315080078F0B3FBF2F000FB02F29B1A0B441846FFF7A3
S31508007900F7FB03467B6130E03B699A6A3B699B89D2
S315080079109B089BB219463B68B3FBF1F3134419461F
S315080079203869FFF797FE0346002B1DD13B6903F123
S3150800793038013B689B003A699289B3FBF2F000FB79
S3150800794002F29B1A0B441846FFF7EBFB034623F09B
S3150800795070437B6109E001237B6106E000BF04E018
S3150800796000BF02E000BF00E000BF7B691846183779
S31508007970BD4680BD90B589B000AFF860B9607A6041
S315080079800223FB77BB68012B40F20981FB68DB69A0
S31508007990BA689A4280F00381FB681B78032B00F0D3
S315080079A0B680032B00F3FB80012B03D0022B00F0DB
S315080079B08380F4E0BB68BB61BB695B08BA691344A2
S315080079C0BB61FB689A6AFB689B891946BB69B3FB6E
S315080079D0F1F313441946F868FFF73CFE0346FB77B4
S315080079E0FB7F002B40F0D480FB6803F13801BB69AC
S315080079F05A1CBA61FA689289B3FBF2F000FB02F2EC
S31508007A009B1A0B447B61BB6803F00103002B0DD066
S31508007A107B691B785BB203F00F035AB27B685BB2D3
S31508007A201B015BB213435BB2DBB201E07B68DBB2DE
S31508007A307A691370FB680122DA70FB689A6AFB6838
S31508007A409B891946BB69B3FBF1F313441946F868D9
S31508007A50FFF700FE0346FB77FB7F002B40F09A807A
S31508007A60FB6803F13801FB689B891A46BB69B3FBBF
S31508007A70F2F000FB02F29B1A0B447B61BB6803F031
S31508007A800103002B03D07B681B09DBB20EE07B6980
S31508007A901B785BB223F00F035AB27B681B0A5BB2F2
S31508007AA003F00F035BB213435BB2DBB27A69137060
S31508007AB0FB680122DA7072E0FB689A6AFB689B89A8
S31508007AC05B089BB21946BB68B3FBF1F3134419462E
S31508007AD0F868FFF7BFFD0346FB77FB7F002B5BD1FA
S31508007AE0FB6803F13801BB685B00FA689289B3FB4F
S31508007AF0F2F000FB02F29B1A0B447A6892B2114626
S31508007B001846FFF731FBFB680122DA7047E0FB688D
S31508007B109A6AFB689B899B089BB21946BB68B3FBAC
S31508007B20F1F313441946F868FFF794FD0346FB770B
S31508007B30FB7F002B32D17B6823F07044FB6803F18E
S31508007B403801BB689B00FA689289B3FBF2F000FB28
S31508007B5002F29B1A0B441846FFF7E3FA034603F0B2
S31508007B60704323437B60FB6803F13801BB689B00C5
S31508007B70FA689289B3FBF2F000FB02F29B1A0B44F7
S31508007B8079681846FFF70BFBFB680122DA7006E0F6
S31508007B9000BF04E000BF02E000BF00E000BFFB7FBB
S31508007BA018462437BD4690BD80B588B000AFF8604A
S31508007BB0B9607A600023FB77FB681B68BB61BB680A
S31508007BC0012B04D9BB69DB69BA689A4201D302233F
S31508007BD04BE07B68002B0CD04FF0FF327968B86910
S31508007BE0FFF7C8FE0346FB77FB7F002B01D0FB7F20
S31508007BF03BE0B968F868FFF7EAFD78617B69002B16
S31508007C0031D07B69012B01D102232EE07B69B3F1C8
S31508007C10FF3F01D1012328E00022B968B869FFF7C0
S31508007C20A9FE0346FB77FB7F002B01D0FB7F1CE0F8
S31508007C30BB699A69BB69DB69023B9A420BD2BB698D
S31508007C409B695A1CBB699A61BB691B7943F001039E
S31508007C50DAB2BB691A717B69BB60BB69DB69BA6852
S31508007C609A42C6D300E000BF002318462037BD4617
S31508007C7080BD80B588B000AF786039607B681B68C6
S31508007C803B613B68002B0DD13B695B69BB61BB69F6
S31508007C90002B04D03B69DB69BA699A421BD30123DE
S31508007CA0BB6118E039687868FFF791FDF860FB68F2
S31508007CB0012B01D8012370E0FB68B3F1FF3F01D126
S31508007CC0FB686AE03B69DB69FA689A4201D2FB689D
S31508007CD063E03B68BB61BB69FB61FB690133FB6120
S31508007CE03B69DB69FA699A4207D30223FB61FA69A1
S31508007CF0BB699A4201D900234FE0F9697868FFF712
S31508007D0066FDF860FB68002B0ED0FB68012B03D0DC
S31508007D10FB68B3F1FF3F01D1FB683EE0FA69BB6936
S31508007D209A42DAD1002338E000BF4FF0FF32F969F2
S31508007D303869FFF71FFE0346FB75FB7D002B09D14B
S31508007D403B68002B06D0FA6939683869FFF712FED6
S31508007D500346FB75FB7D002B16D13B69FA695A6110
S31508007D603B699A693B69DB69023B9A4204D83B69DD
S31508007D709B695A1E3B699A613B691B7943F001036B
S31508007D80DAB23B691A7107E0FB7D012B02D14FF08D
S31508007D90FF3300E00123FB61FB6918462037BD4627
S31508007DA080BD80B487B000AF786039607B681B6897
S31508007DB0FB607B68DB6A04333B61FB689B891A4678
S31508007DC03B68B3FBF2F3FA685289B3FBF2F37B61C3
S31508007DD03B691A1D3A611B68BB60BB68002B01D161
S31508007DE0002310E07A69BB689A4207D37A69BB68B0
S31508007DF0D31A7B613B6904333B61E9E700BF3B6902
S31508007E001A687B69134418461C37BD465DF8047B1F
S31508007E10704780B586B000AF786039607B681B68AC
S31508007E203B613B68B3F5001F04D23B6803F01F03B0
S31508007E30002B01D0022371E07B683A685A617B689F
S31508007E409B687B617B69002B06D13B691B78022BFB
S31508007E5002D93B69DB6A7B617B69002B0CD13B68E5
S31508007E605B093A691289934201D3022356E03B69BA
S31508007E70DA6A7B68DA612DE03B695B891A463B69F9
S31508007E809B8902FB03F3FB6019E07B687969184656
S31508007E90FFF79DFC78617B69B3F1FF3F01D10123B0
S31508007EA03CE07B69012B04D93B69DB697A699A4214
S31508007EB001D3022332E03A68FB68D31A3B603A687A
S31508007EC0FB689A42E1D279693869FFF761FC024694
S31508007ED07B68DA617B687A699A617B68DB69002B63
S31508007EE001D102231AE07B68DA693B699B89194646
S31508007EF03B68B3FBF1F31A447B68DA613B6903F12B
S31508007F0038013B699B891A463B68B3FBF2F000FBD4
S31508007F1002F29B1ACA187B681A6200231846183799
S31508007F20BD4680BD80B586B000AF786039607B6895
S31508007F301B68FB607B685B692033BB607B68DB6919
S31508007F40002B03D0BB68B3F5001F01D30423BBE0A5
S31508007F50FB689B891A46BB68B3FBF2F101FB02F288
S31508007F609B1A002B40F09D807B68DB695A1C7B6856
S31508007F70DA617B689B69002B0BD1BB685B09FA68E1
S31508007F8012899342C0F08D807B680022DA6104234F
S31508007F909AE0FB689B891A46BB68B3FBF2F3FA685A
S31508007FA05289013A1340002B7BD17A687B689B691A
S31508007FB019461046FFF70BFC78617B69012B01D83F
S31508007FC0022381E07B69B3F1FF3F01D101237BE006
S31508007FD0FB68DB697A699A4259D33B68002B04D15E
S31508007FE07B680022DA6104236EE07A687B689B6905
S31508007FF019461046FFF73DFE78617B69002B01D1D3
S31508008000072361E07B69012B01D102235CE07B69D0
S31508008010B3F1FF3F01D1012356E0F868FFF7D6FA1E
S315080080200346002B01D001234EE0FB6803F138001C
S31508008030FB689B891A460021FFF7FEF800233B617F
S315080080407969F868FFF7A4FB0246FB685A6312E0F1
S31508008050FB680122DA70F868FFF7B8FA0346002BC6
S3150800806001D0012330E03B6901333B61FB685B6B60
S315080080705A1CFB685A63FB685B891A463B6993423C
S31508008080E6D3FB685A6B3B69D21AFB685A637B686E
S315080080907A699A617969F868FFF77AFB02467B681C
S315080080A0DA617B68BA685A61FB6803F13801FB68D4
S315080080B09B891A46BB68B3FBF2F000FB02F29B1AD7
S315080080C0CA187B681A62002318461837BD4680BD51
S315080080D080B586B000AF786039607B681B68FB6046
S315080080E000217868FFF795FE0346FB75FB7D002B9C
S315080080F02BD100233B617B68DB691946F868FFF7DB
S31508008100A9FA0346FB75FB7D002B1DD17B681B6A0C
S315080081101B78E52B04D07B681B6A1B78002B07D1DC
S315080081203B6901333B613A693B689A4202D10CE0EC
S3150800813000233B6101217868FFF7F4FE0346FB75CF
S31508008140FB7D002BD7D000E000BFFB7D042B01D1BF
S315080081500723FB75FB7D18461837BD4680BD80B5DD
S3150800816084B000AF786039603B681A331846FEF76A
S31508008170BFFF0346FB607B681B78032B09D13B686E
S3150800818014331846FEF7B4FF03461B04FA68134374
S31508008190FB60FB6818461037BD4680BD80B584B0C5
S315080081A000AFF860B9607A60BB681A337A6892B231
S315080081B011461846FEF7D8FFFB681B78032B09D132
S315080081C0BB6803F114027B681B0C9BB21946104668
S315080081D0FEF7CAFF00BF1037BD4680BD90B587B011
S315080081E000AF786039603B681A331846FEF780FF9F
S315080081F00346002B01D0002359E03B681B7803F0A7
S315080082003F035A1E13465B0013449B0013447B61CD
S315080082100123FB8100233B6133E0274A3B69134472
S315080082201B781A463B6813441846FEF761FF034657
S31508008230BB81FB89002B1AD07B69FE2B12D8BB8920
S31508008240184602F05FF803461C467B695A1C7A6199
S315080082505B007A6813441B88184602F053F80346F5
S315080082609C4201D0002322E0BB89FB8106E0BB8942
S315080082704FF6FF72934201D0002318E03B690133A1
S315080082803B613B690C2BC8D93B681B7803F040035C
S31508008290002B0BD0FB89002B08D07B695B007A6822
S315080082A013441B88002B01D0002300E00123184645
S315080082B01C37BD4690BD00BF30BA000880B588B0EF
S315080082C000AFF860B96011461A460B46FB711346B3
S315080082D0BB71BB680D33BA791A70BB680B330F22B2
S315080082E01A70BB680C3300221A70BB681A33002157
S315080082F01846FEF739FFFB795A1E13465B001344EE
S315080083009B001344FB610023FB820023BB61FB8AAD
S315080083104FF6FF72934207D0FB695A1CFA615B005D
S31508008320FA6813441B88FB82174ABB6913441B78F7
S315080083301A46BB681344FA8A11461846FEF714FF14
S31508008340FB8A002B02D14FF6FF73FB82BB69013310
S31508008350BB61BB690C2BDAD9FB8A4FF6FF729342D5
S3150800836006D0FB695B00FA6813441B88002B03D10F
S31508008370FB7943F04003FB71BB68FA791A7000BFBA
S315080083802037BD4680BD00BF30BA000880B58CB026
S3150800839000AFF860B9607A603B600B22B968F8688C
S315080083A0FEF729FF3B68052B2BD93B68FB6122E0CA
S315080083B07B689A1C7A601B887B840023BB6217E063
S315080083C0FB695A007B8C03F001031344FB617B8C29
S315080083D05B087B84FB6903F48033002B05D0FB69BB
S315080083E083F4883383F02103FB61BB6A0133BB62E4
S315080083F0BB6A0F2BE4D97B681B88002BD8D1FB6995
S315080084003B600723BB623B68DBB203F00F03DBB2BA
S31508008410303387F82F3097F82F30392B04D997F84F
S315080084202F30073387F82F30BB6A5A1EBA623033AB
S315080084303B4497F82F2003F81C2C3B681B093B602C
S315080084403B68002BDFD107F11402BB6A13447E2276
S315080084501A7000237B6202E07B6A01337B627A6AC8
S31508008460BB6A9A4205D2FA687B6A13441B78202BAA
S31508008470F2D1BB6A072B07D8BB6A5A1CBA623033DB
S315080084803B4413F81C1C00E020217B6A5A1C7A62C4
S31508008490FA6813440A461A707B6A072BE9D900BFA3
S315080084A000BF3037BD4680BD80B485B000AF786068
S315080084B00023FB730B23BB60FB7BDAB25208DB019C
S315080084C01343DAB27B68591C79601B781344FB7333
S315080084D0BB68013BBB60BB68002BEDD1FB7B184634
S315080084E01437BD465DF8047B704780B586B000AF8B
S315080084F078607B681B683B6100217868FFF789FC18
S315080085000346FB75FB7D002B01D0FB7DA9E0FF230D
S315080085103B753B7D7B757B684FF0FF321A637B6842
S31508008520DB6919463869FFF795F80346FB75FB7D45
S31508008530002B40F090807B681B6A1B78BB75BB7D5F
S31508008540002B02D10423FB758AE07B681B6A0B3378
S315080085501B7803F03F03FB737B68FA7B9A71BB7D3C
S31508008560E52B07D0FB7B03F00803002B09D0FB7B28
S315080085700F2B06D0FF237B757B684FF0FF321A63FB
S315080085805EE0FB7B0F2B36D17B6893F82F3003F028
S315080085904003002B54D1BB7D03F04003002B0DD0C4
S315080085A07B681B6A5B7B3B75BB7D23F04003BB7511
S315080085B0BB7D7B757B685A697B681A63BA7D7B7D50
S315080085C09A4215D17B681B6A0D331B783A7D9A420D
S315080085D00ED13B691A697B681B6A19461046FFF774
S315080085E0FDFD0346002B03D07B7D013BDBB200E09B
S315080085F0FF237B7524E07B7D002B09D17B681B6AF2
S315080086001846FFF751FF03461A463B7D934224D08E
S315080086107B6893F82F3003F00103002B0AD17B689F
S31508008620186A7B6824330B221946FEF720FE034698
S31508008630002B14D0FF237B757B684FF0FF321A633B
S3150800864000217868FFF76EFC0346FB75FB7D002B5F
S315080086503FF465AF04E000BF02E000BF00E000BFE2
S31508008660FB7D18461837BD4680BD000080B58CB026
S3150800867000AF78607B681B68FB617B6893F82F30D6
S3150800868003F0A003002B01D00623E0E000237B6261
S3150800869002E07B6A01337B62FB691A697B6A5B00CD
S315080086A013441B88002BF4D17B6803F1240107F1DE
S315080086B00C030C221846FEF79EFDFB7D03F0010312
S315080086C0002B32D07B68402283F82F200123BB621F
S315080086D016E07B6803F12400FB691A6907F10C01AF
S315080086E0BB6AFFF753FE7868FFF7FFFE034687F875
S315080086F02F3097F82F30002B06D1BB6A0133BB62A7
S31508008700BB6A632BE5D900E000BFBB6A642B01D1C5
S3150800871007239CE097F82F30042B02D097F82F30C8
S3150800872095E0FA7D7B6883F82F20FB7D03F0020332
S31508008730002B07D07B6A0C33474AA2FB03239B080E
S31508008740013300E001233B62396A7868FFF7C0FC11
S31508008750034687F82F3097F82F30002B48D13B6A0D
S31508008760013B3B623B6A002B42D07B685A693B6AF5
S315080087705B01D31A19467868FFF74BFB034687F85F
S315080087802F3097F82F30002B32D17B6824331846C8
S31508008790FFF78AFE0346FB767B68DB691946F869AC
S315080087A0FEF758FF034687F82F3097F82F30002B2F
S315080087B01DD1FB6918697B68196A3B6ADAB2FB7EC8
S315080087C0FFF77CFDFB690122DA7000217868FFF764
S315080087D0A9FB034687F82F3097F82F30002B07D1CF
S315080087E03B6A013B3B623B6A002BD5D100E000BFE8
S315080087F097F82F30002B28D17B68DB691946F86972
S31508008800FEF728FF034687F82F3097F82F30002BFE
S315080088101BD17B681B6A202200211846FEF70CFD37
S315080088207B68186A7B6824330B221946FEF7E3FC3B
S315080088307B6893F82F207B681B6A0C3302F01802BA
S31508008840D2B21A70FB690122DA7097F82F301846EF
S315080088503037BD4680BD00BF4FECC44E80B58AB0E8
S3150800886000AF786039603B681B683B617B681B68B2
S315080088701B69FB6000237B617B69BB61BB695A1C72
S31508008880BA613A6913441B78BB84BB8C1F2B40D949
S31508008890BB8C2F2B06D0BB8C5C2B10D102E0BB699E
S315080088A00133BB613A69BB6913441B782F2BF6D099
S315080088B03A69BB6913441B785C2BF0D02AE07B69C4
S315080088C0FE2B01D906237DE1BB8CDBB2BB84BB8CB6
S315080088D00121184601F0DAFC0346BB84BB8C002B49
S315080088E001D106236EE1BB8C7F2B09D8BB8C1946B8
S315080088F08D48FEF7E3FC0346002B01D0062361E111
S315080089007B695A1C7A615B00FA681344BA8C1A8030
S31508008910B4E700BF3A69BB691A443B681A60BB8C66
S315080089201F2B01D8042300E0002387F8273011E025
S315080089307B6903F10043013B5B00FA6813441B881B
S31508008940BB84BB8C202B02D0BB8C2E2B06D17B691B
S31508008950013B7B617B69002BEAD100E000BF7B69A4
S315080089605B00FA68134400221A807B69002B01D148
S31508008970062327E17B6824330B2220211846FEF7BD
S315080089805BFC0023BB6102E0BB690133BB61BB69C9
S315080089905B00FA6813441B88202BF5D0BB695B0083
S315080089A0FA6813441B882E2BEED0BB69002B09D01E
S315080089B097F8273043F0030387F8273002E07B69EE
S315080089C0013B7B617B69002B09D07B6903F100437E
S315080089D0013B5B00FA6813441B882E2BEFD100235A
S315080089E087F8263000233B620823FB61BB695A1CC3
S315080089F0BA615B00FA6813441B88BB84BB8C002BE6
S31508008A0000F09080BB8C202B06D0BB8C2E2B0AD175
S31508008A10BA697B699A4206D097F8273043F0030370
S31508008A2087F827307DE03A6AFB699A4203D2BA6929
S31508008A307B699A4223D1FB690B2B06D197F827301D
S31508008A4043F0030387F8273075E0BA697B699A42D1
S31508008A5005D097F8273043F0030387F82730BA691B
S31508008A607B699A4266D87B69BB6108233B620B2304
S31508008A70FB6197F826309B0087F8263051E0BB8CBF
S31508008A807F2B14D9BB8C0021184601F0FFFB034647
S31508008A90BB84BB8C002B04D0BB8C803B234AD35CA5
S31508008AA0BB8497F8273043F0020387F82730BB8C3E
S31508008AB0002B07D0BB8C19461D48FEF7FFFB034663
S31508008AC0002B08D05F23BB8497F8273043F00303B5
S31508008AD087F827301BE0BB8C402B09D9BB8C5A2B57
S31508008AE006D897F8263043F0020387F826300EE0BA
S31508008AF0BB8C602B0BD9BB8C7A2B08D897F8263001
S31508008B0043F0010387F82630BB8C203BBB843B6AC5
S31508008B105A1C3A62BA8CD1B27A6813440A4683F868
S31508008B20242063E700BF06E020B90008B0B90008B2
S31508008B302CB9000800BF7B6893F82430E52B03D1D5
S31508008B407B68052283F82420FB69082B04D197F853
S31508008B5026309B0087F8263097F8263003F00C035A
S31508008B600C2B05D097F8263003F00303032B05D109
S31508008B7097F8273043F0020387F8273097F827300D
S31508008B8003F00203002B17D197F8263003F00303EE
S31508008B90012B05D197F8273043F0100387F82730C3
S31508008BA097F8263003F00C03042B05D197F82730E5
S31508008BB043F0080387F827307B6897F8272083F85F
S31508008BC02F20002318462837BD4680BD80B586B0BD
S31508008BD000AF786039607B683B613B691B68FB6066
S31508008BE002E03B6801333B603B681B782F2BF8D0CB
S31508008BF03B681B785C2BF4D03B6900229A603B6883
S31508008C001B781F2B0AD87B68802283F82F20002127
S31508008C107868FFF7FEF80346FB7548E03B461946B9
S31508008C207868FFF71BFE0346FB75FB7D002B39D1E1
S31508008C307868FFF75AFC0346FB757B6893F82F3074
S31508008C40FB72FB7D002B0AD0FB7D042B2CD1FB7A13
S31508008C5003F00403002B27D10523FB7524E0FB7AD8
S31508008C6003F00403002B21D13B699B7903F0100321
S31508008C70002B02D10523FB7519E0FB6803F13801C7
S31508008C807B685B69FA689289B3FBF2F000FB02F233
S31508008C909B1A0B441946F868FFF761FA02463B69C6
S31508008CA09A60BBE700BF02E000BF00E000BFFB7DA3
S31508008CB018461837BD4680BD80B487B000AF7860C7
S31508008CC04FF0FF333B617B681B68002B31D07B6814
S31508008CD01B687B6102E07B6901337B617B691B78DA
S31508008CE01F2B03D97B691B783A2BF4D17B691B7838
S31508008CF03A2B1CD17B681B68FB60FB685A1CFA6020
S31508008D001B78303BBB60BB68092B0ED8FA687B69B9
S31508008D109A420AD1BB68002B07D1BB683B617B69C5
S31508008D2001337B617B687A691A603B6902E000233C
S31508008D303B613B6918461C37BD465DF8047B7047A6
S31508008D4080B582B000AF786039607B680022DA703F
S31508008D507B684FF0FF325A6339687868FEF77AFC09
S31508008D600346002B01D0042338E07B68383303F52B
S31508008D70FF731846FEF7BCF903461A464AF655230A
S31508008D809A4201D0032329E07B6893F83830E92B0F
S31508008D9009D07B6893F83830EB2B1ED17B6893F8A3
S31508008DA03A30902B19D17B68383336331846FEF79C
S31508008DB0B8F9034623F07F430A4A934201D10023B8
S31508008DC00CE07B68383352331846FEF7AAF9034697
S31508008DD0054A934201D1002300E0022318460837CA
S31508008DE0BD4680BD464154004641543380B596B0D1
S31508008DF000AFF860B9601346FB71BB6800221A60C1
S31508008E00F868FFF759FFF863FB6B002B01DA0B23B1
S31508008E1065E29F4AFB6B52F82330BB63BB6B002BA2
S31508008E2001D10C235BE2BB68BA6B1A60FB7923F0AD
S31508008E300103FB71BB6B1B78002B1AD0BB6B5B78ED
S31508008E401846FEF7B7F8034687F8373097F83730ED
S31508008E5003F00103002B0CD1FB79002B07D097F800
S31508008E60373003F00403002B01D00A2337E200232E
S31508008E7035E2BB6B00221A70FB6BDAB2BB6B5A7019
S31508008E80BB6B5B781846FEF7AFF8034687F83730B2
S31508008E9097F8373003F00103002B01D003231EE2B5
S31508008EA0FB79002B07D097F8373003F00403002B23
S31508008EB001D00A2313E2BB6B5878BB6B0C331A46F6
S31508008EC00221FEF7F7F80346002B01D0012306E23C
S31508008ED0BB6B9B89B3F5805F0DD8BB6B9B89B3F5DC
S31508008EE0007F08D3BB6B9B891A46BB6B9B89013BEA
S31508008EF01340002B01D00123F1E100233B65396DB6
S31508008F00B86BFFF71DFF034687F8573097F85730B9
S31508008F10022B49D100233B641EE0BB6B03F13802E8
S31508008F203B6C1B0103F5DF7313443B633B6B043354
S31508008F301B78002B06D03B6B08331846FEF7F1F872
S31508008F40024600E000223B6C9B0058333B4443F842
S31508008F50442C3B6C01333B643B6C032BDDD900236B
S31508008F603B643B6C002B02D03B6C013B3B643B6C87
S31508008F709B0058333B4453F8443C3B653B6D002B00
S31508008F8005D0396DB86BFFF7DBFE034600E0032317
S31508008F9087F8573097F85730012B05D93B6C0133C2
S31508008FA03B643B6C032BE2D997F85730042B01D16D
S31508008FB0012394E197F85730012B01D90D238EE14F
S31508008FC0BB6B38330B331846FEF792F803461A463E
S31508008FD0BB6B9B899A4201D00D2380E1BB6B38336A
S31508008FE016331846FEF784F80346FB64FB6C002B21
S31508008FF006D1BB6B383324331846FEF792F8F8646B
S31508009000BB6BFA6C1A62BB6B93F84820BB6B9A7001
S31508009010BB6B9B78012B05D0BB6B9B78022B01D0D1
S315080090200D235CE1BB6B9B781A46FB6C02FB03F3D2
S31508009030FB64BB6B93F845301A46BB6B5A81BB6B16
S315080090405B89002B08D0BB6B5B891A46BB6B5B89B7
S31508009050013B1340002B01D00D2340E1BB6B383395
S3150800906011331846FEF744F803461A46BB6B1A81B5
S31508009070BB6B1B89BA6B9289520992B2B3FBF2F1A8
S3150800908001FB02F29B1A9BB2002B03D00D2326E1AB
S3150800909068270020BB6B383313331846FEF728F8C9
S315080090A00346BB64BB6C002B06D1BB6B383320333D
S315080090B01846FEF736F8B864BB6B38330E331846D5
S315080090C0FEF716F80346FB85FB8D002B01D10D2311
S315080090D005E1FA8DFB6C1344BA6B1189BA6B928958
S315080090E0520992B2B1FBF2F292B21344BB62BA6C65
S315080090F0BB6A9A4201D20D23F1E0BA6CBB6AD31A55
S31508009100BA6B5289B3FBF2F37B627B6A002B01D1FF
S315080091100D23E4E0032387F857307B6A4FF6F57290
S31508009120934202D8022387F857307B6A40F6F572D5
S31508009130934202D8012387F857307B6A9A1CBB6B87
S31508009140DA61BB6B3A6D5A62FA8D3B6D1A44BB6B9A
S315080091509A623A6DBB6A1A44BB6B1A6397F8573022
S31508009160032B1ED1BB6B38332A331846FDF7C0FFD5
S315080091700346002B01D00D23B1E0BB6B1B89002BE6
S3150800918001D00D23ABE0BB6B38332C331846FDF703
S31508009190C8FF0246BB6BDA62BB6BDB699B007B646C
S315080091A01FE0BB6B1B89002B01D10D2397E0BB6B1E
S315080091B09A6AFB6C1A44BB6BDA6297F85730022B33
S315080091C003D1BB6BDB695B000AE0BB6BDA6913464C
S315080091D05B0013445A08BB6BDB6903F001031344B5
S315080091E07B64BB6B1A6ABB6B9B8919467B6C0B4409
S315080091F0013BB96B8989B3FBF1F39A4201D20D237E
S315080092006DE0BB6B4FF0FF329A61BB6B9A69BB6B23
S315080092105A61BB6B80221A7197F85730032B49D1D4
S31508009220BB6B383330331846FDF762FF0346012B14
S3150800923040D13B6D01331946B86BFEF70BFA03466E
S31508009240002B37D1BB6B00221A71BB6B383303F581
S31508009250FF731846FDF74CFF03461A464AF6552390
S315080092609A4227D1BB6B38331846FDF75AFF034697
S315080092701D4A93421ED1BB6B383303F5F273184669
S31508009280FDF74FFF0346194A934213D1BB6B383398
S3150800929003F5F4731846FDF744FF0246BB6B9A6163
S315080092A0BB6B383303F5F6731846FDF73AFF0246EB
S315080092B0BB6B5A61BB6B97F857201A700C4B1B880F
S315080092C001339AB20A4B1A80094B1A88BB6BDA80AB
S315080092D0BB6B084A1A61B86BFEF754F900231846A7
S315080092E05837BD4680BD00BF525261417272416116
S315080092F06C2700209027002080B584B000AF7860E6
S3150800930039600923FB737B68002B1CD07B681B68BC
S31508009310002B18D07B681B681B78002B13D07B6842
S315080093209A887B681B68DB889A420CD17B681B6825
S315080093305B781846FDF73EFE034603F00103002B53
S3150800934001D10023FB73FB7B002B02D17B681B68D2
S3150800935000E000233A681360FB7B18461037BD46C9
S3150800936080BD000080B588B000AFF860B9601346CC
S31508009370FB71BB683B6107F110031846FFF79CFCBD
S31508009380F861FB69002B01DA0B232BE0174AFB690E
S3150800939052F82330BB61BB69002B05D0B869FEF7CC
S315080093A0F1F8BB6900221A70FB68002B02D0FB6833
S315080093B000221A70FA680D49FB6941F82320FB68F8
S315080093C0002B02D0FB79012B01D000230AE007F11C
S315080093D00C0107F1080300221846FFF707FD0346AC
S315080093E0FB75FB7D18462037BD4680BD68270020E3
S315080093F080B59AB000AFF860B9601346FB71FB6898
S31508009400002B01D10923B7E1FB7903F03F03FB7178
S31508009410FA7907F1140107F108031846FFF7E6FC85
S31508009420034687F8673097F86730002B40F09B8132
S315080094307B69BB61BA6807F1180311461846FFF73E
S31508009440C5FB034687F8673097F86730002B18D1B5
S3150800945097F847305BB2002B03DA062387F86730A4
S315080094600FE0FB79012B8CBF01230023DBB21A46E0
S3150800947007F1180311461846FDF73CFF034687F81F
S315080094806730FB7903F01C03002B7FD097F8673011
S31508009490002B17D097F86730042B0ED1FDF786FFFF
S315080094A00346002B06D007F118031846FFF7DEF827
S315080094B0034600E0122387F86730FB7943F0080378
S315080094C0FB7110E0BB7F03F01103002B03D00723C9
S315080094D087F8673007E0FB7903F00403002B02D016
S315080094E0082387F8673097F86730002B68D1FB792F
S315080094F003F00803002B63D0FDF7FEFCB865BB6BD1
S315080095000E33B96D1846FDF74AFEBB6B1633B96DB7
S315080095101846FDF744FEBB6B0B3320221A707B6995
S31508009520BA6B11461846FEF71AFE78657B69B96B61
S3150800953000221846FEF732FEBB6B1C330021184684
S31508009540FDF72DFE7B690122DA707B6D002B37D083
S315080095507B695B6BBB6507F118030022796D1846BA
S31508009560FEF722FB034687F8673097F86730002B2B
S3150800957026D17B69B96D1846FEF76CF8034687F85D
S3150800958067307B697A6D013A5A6119E097F8673056
S31508009590002B15D1BB7F03F01003002B03D0042347
S315080095A087F867300CE0FB7903F00203002B07D03D
S315080095B0BB7F03F00103002B02D0072387F867302F
S315080095C097F86730002B26D1FB7903F00803002BA8
S315080095D003D0FB7943F04003FB717B695A6BFB6848
S315080095E05A62BA6BFB689A62FB79012B8CBF01231E
S315080095F00023DBB21A4607F1180311461846FDF791
S31508009600F7FE0246FB681A61FB681B69002B02D14C
S31508009610022387F8673097F86730002B40F0A3805D
S315080096207B69BA6B11461846FEF799FD0246FB6838
S315080096309A60BB6B1C331846FDF773FD0246FB6840
S31508009640DA60FB680022DA627A69FB681A607B696D
S31508009650DA88FB689A80FB68FA791A75FB68002233
S315080096605A75FB6800221A62FB6800229A61FB6839
S3150800967030334FF4805200211846FDF7DDFDFB79A3
S3150800968003F02003002B6ED0FB68DB68002B6AD042
S31508009690FB68DA68FB689A617B695B891A467B69AD
S315080096A09B8902FB03F33B65FB689B683B66FB688B
S315080096B0DB68FB6516E0FB68396E1846FEF787F827
S315080096C038663B6E012B02D8022387F867303B6E5B
S315080096D0B3F1FF3F02D1012387F86730FA6D3B6D7E
S315080096E0D31AFB6597F86730002B03D1FA6D3B6DEB
S315080096F09A42E0D8FB683A6EDA6197F86730002B31
S3150800970031D17B699B891A46FB6DB3FBF2F101FBEC
S3150800971002F29B1A002B26D07B69396E1846FEF793
S3150800972037F8F864FB6C002B03D1022387F86730FF
S3150800973019E07B699B891A46FB6DB3FBF2F2FB6C59
S315080097401A44FB681A627B695878FB6803F1300192
S31508009750FB681A6A0123FDF76DFC0346002B02D04D
S31508009760012387F8673097F86730002B02D0FB682B
S3150800977000221A6097F8673018466837BD4680BDDC
S3150800978080B58EB000AFF860B9607A603B60BB68A0
S315080097907B623B6800221A60FB6807F114021146D7
S315080097A01846FFF7A9FD034687F8373097F837308C
S315080097B0002B07D1FB685B7D87F8373097F8373081
S315080097C0002B02D097F8373035E1FB681B7D03F094
S315080097D00103002B01D107232DE1FB68DA68FB683A
S315080097E09B69D31A3B627A683B6A9A4240F21E81A9
S315080097F03B6A7B601AE1FB689B697A699289B3FBCD
S31508009800F2F101FB02F29B1A002B40F0D580FB68AF
S315080098109B697A699289B3FBF2F37A695289013AAC
S315080098201340FB61FB69002B2FD1FB689B69002B5A
S3150800983003D1FB689B683B6313E0FB68DB6A002B7C
S3150800984007D0FB689B691946F868FEF7AAFA3863D9
S3150800985007E0FA68FB68DB6919461046FDF7B7FFAB
S3150800986038633B6B012B04D8FB6802225A75022326
S31508009870E1E03B6BB3F1FF3F04D1FB6801225A7567
S315080098800123D8E0FB683A6BDA617A69FB68DB6921
S3150800989019461046FDF77CFFB861BB69002B04D159
S315080098A0FB6802225A750223C5E0BA69FB691344AC
S315080098B0BB617B699B891A467B68B3FBF2F3BB6283
S315080098C0BB6A002B41D0FA69BB6A13447A6952898C
S315080098D0934205D97B695B891A46FB69D31ABB6231
S315080098E07B695878BB6ABA69796AFDF7A3FB0346B0
S315080098F0002B04D0FB6801225A7501239BE0FB6804
S315080099001B7D5BB2002B18DAFB681A6ABB69D31A8F
S31508009910BA6A9A4211D9FB681A6ABB69D31A7A6974
S31508009920928902FB03F37A6AD018FB6803F13001C7
S315080099307B699B891A46FDF75EFC7B699B891A46FB
S31508009940BB6A02FB03F3FB625CE0FB681B6ABA694D
S315080099509A422ED0FB681B7D5BB2002B18DA7B6916
S315080099605878FB6803F13001FB681A6A0123FDF792
S3150800997081FB0346002B04D0FB6801225A7501239C
S3150800998059E0FB681B7D03F07F03DAB2FB681A75A2
S315080099907B695878FB6803F130010123BA69FDF742
S315080099A049FB0346002B04D0FB6801225A750123A4
S315080099B041E0FB68BA691A627B699B891846FB68AD
S315080099C09B697A699289B3FBF2F101FB02F29B1A51
S315080099D0C31AFB62FA6A7B689A4201D97B68FB6202
S315080099E0FB6803F13001FB689B697A699289B3FBCE
S315080099F0F2F000FB02F29B1A0B44FA6A1946786ADF
S31508009A00FDF7F9FB7A6AFB6A13447B62FB689A697D
S31508009A10FB6A1A44FB689A613B681A68FB6A1A442F
S31508009A203B681A607A68FB6AD31A7B607B68002BEE
S31508009A307FF4E1AE002318463837BD4680BD80B5B1
S31508009A408CB000AFF860B9607A603B60BB68FB61B8
S31508009A503B6800221A60FB6807F110021146184697
S31508009A60FFF74AFC034687F82F3097F82F30002B6C
S31508009A7007D1FB685B7D87F82F3097F82F30002BCE
S31508009A8002D097F82F306AE1FB681B7D03F00203CA
S31508009A90002B01D1072362E1FB689A697B681A44A7
S31508009AA0FB689B699A4280F04C81FB689B69DB43A3
S31508009AB07B6046E1FB689B693A699289B3FBF2F1E0
S31508009AC001FB02F29B1A002B40F0F180FB689B69B0
S31508009AD03A699289B3FBF2F33A695289013A13401B
S31508009AE0BB61BB69002B43D1FB689B69002B0CD17A
S31508009AF0FB689B68BB62BB6A002B1AD1FB68002116
S31508009B001846FEF7B6F8B86213E0FB68DB6A002B66
S31508009B1007D0FB689B691946F868FEF742F9B862F0
S31508009B2007E0FA68FB68DB6919461046FEF7A1F8F4
S31508009B30B862BB6A002B00F00981BB6A012B04D10D
S31508009B40FB6802225A75022309E1BB6AB3F1FF3F9B
S31508009B5004D1FB6801225A75012300E1FB68BA6A41
S31508009B60DA61FB689B68002B02D1FB68BA6A9A60C7
S31508009B70FB681B7D5BB2002B18DA3B695878FB68DB
S31508009B8003F13001FB681A6A0123FDF773FA0346ED
S31508009B90002B04D0FB6801225A750123DFE0FB681D
S31508009BA01B7D03F07F03DAB2FB681A753A69FB6816
S31508009BB0DB6919461046FDF7EBFD78617B69002BDA
S31508009BC004D1FB6802225A750223C8E07A69BB6988
S31508009BD013447B613B699B891A467B68B3FBF2F3A6
S31508009BE03B623B6A002B43D0BA693B6A13443A6925
S31508009BF05289934205D93B695B891A46BB69D31AD0
S31508009C003B623B6958783B6A7A69F969FDF732FA2B
S31508009C100346002B04D0FB6801225A7501239EE0F7
S31508009C20FB681A6A7B69D31A3A6A9A4218D9FB689A
S31508009C3003F13000FB681A6A7B69D31A3A6992897C
S31508009C4002FB03F3FA69D1183B699B891A46FDF7AB
S31508009C50D2FAFB681B7D03F07F03DAB2FB681A753C
S31508009C603B699B891A463B6A02FB03F37B624BE01E
S31508009C70FB681B6A7A699A4216D0FB689A69FB6880
S31508009C80DB689A4210D23B695878FB6803F13001C9
S31508009C9001237A69FDF7CEF90346002B04D0FB6849
S31508009CA001225A7501235AE0FB687A691A623B69F0
S31508009CB09B891846FB689B693A699289B3FBF2F15E
S31508009CC001FB02F29B1AC31A7B627A6A7B689A4284
S31508009CD001D97B687B62FB6803F13001FB689B69ED
S31508009CE03A699289B3FBF2F000FB02F29B1A0B4425
S31508009CF07A6AF9691846FDF77EFAFB681B7D63F0F8
S31508009D007F03DAB2FB681A75FA697B6A1344FB614A
S31508009D10FB689A697B6A1A44FB689A61FB68DA6889
S31508009D20FB689B699A4238BF1A46FB68DA603B684B
S31508009D301A687B6A1A443B681A607A687B6AD31A7F
S31508009D407B607B68002B7FF4B5AE00E000BFFB6844
S31508009D501B7D43F04003DAB2FB681A7500231846E8
S31508009D603037BD4680BD80B586B000AF78607B6869
S31508009D7007F1080211461846FFF7BEFA0346FB75B7
S31508009D80FB7D002B68D17B681B7D03F04003002B0D
S31508009D9062D07B681B7D5BB2002B15DABB685878EE
S31508009DA07B6803F130017B681A6A0123FDF762F9C3
S31508009DB00346002B01D001234FE07B681B7D03F08F
S31508009DC07F03DAB27B681A75FDF796F83861BA68C8
S31508009DD07B685B6A19461046FDF73CFC0346FB7533
S31508009DE0FB7D002B38D17B689B6AFB60FB680B33D5
S31508009DF01A78FB680B3342F02002D2B21A707B68DD
S31508009E0018687B689B681A46F968FEF7C7F9FB6805
S31508009E1003F11C027B68DB6819461046FDF7BFF99B
S31508009E20FB68163339691846FDF7B9F9FB6812332A
S31508009E3000211846FDF798F9BB680122DA70BB685D
S31508009E401846FDF735FC0346FB757B681B7D23F03A
S31508009E504003DAB27B681A75FB7D18461837BD468B
S31508009E6080BD80B584B000AF78607868FFF77BFF67
S31508009E700346FB73FB7B002B18D17B6807F10802AE
S31508009E8011461846FFF738FA0346FB73FB7B002B8F
S31508009E900CD17B681B691846FDF738FB0346FB7334
S31508009EA0FB7B002B02D17B6800221A60FB7B1846DD
S31508009EB01037BD4680BD80B592B000AFF860B96076
S31508009EC07A6007F1280107F10C0300221846FEF70D
S31508009ED08DFF034687F8473097F84730002B40F048
S31508009EE09980BA6A7B681A60BB6A9A69BB6ADB6939
S31508009EF0023B9A4204D8BB6A9A69BB681A6089E031
S31508009F0000233B64BB6A1B78012B28D10223FB6321
S31508009F10BB6A7B6107F11403F96B1846FDF757FC1A
S31508009F20F862FB6AB3F1FF3F03D1012387F8473094
S31508009F3063E0FB6A012B03D1022387F847305CE014
S31508009F40FB6A002B02D13B6C01333B64FB6B01338C
S31508009F50FB63BB6ADB69FA6B9A42DBD34DE0BB6AEB
S31508009F60DB69FB63BB6A9B6ABB6300237B630023D5
S31508009F703B637B6B002B13D1B86ABB6B5A1CBA6365
S31508009F801946FDF767FB034687F8473097F84730C9
S31508009F90002B31D1BB6A38333B63BB6A9B897B6331
S31508009FA0BB6A1B78022B0FD1386BFDF7A1F8034665
S31508009FB0002B02D13B6C01333B643B6B02333B63A2
S31508009FC07B6B023B7B6310E0386BFDF7AAF8034610
S31508009FD023F07043002B02D13B6C01333B643B6B8F
S31508009FE004333B637B6B043B7B63FB6B013BFB638B
S31508009FF0FB6B002BBDD100E000BFBB683A6C1A6052
S3150800A000BB6A3A6C9A61BB6A1A79BB6A42F001026A
S3150800A010D2B21A7197F8473018464837BD4680BD00
S3150800A02080B588B000AFF860B9607A600023FB613C
S3150800A030FB68BB611CE007F1100307F1140101225C
S3150800A0407868FFF79DFB3B69012B17D13B7DFB75B4
S3150800A050FB7D0D2B0BD0BB695A1CBA61FA7D1A70B1
S3150800A060FB690133FB61FB7D0A2B09D000E000BFC9
S3150800A070BB68013BFA699A42DDDB02E000BF00E0FB
S3150800A08000BFBB6900221A70FB69002B01D0FB6870
S3150800A09000E0002318462037BD4680BD80B584B051
S3150800A0A000AF78600B46FB70FB780A2B03D10D21B5
S3150800A0B07868FFF7F3FF7B685B68FB60FB68002B3B
S3150800A0C025DBFB685A1CFA607A681344FA781A7317
S3150800A0D0FB683C2B12DD7B6818687B6803F10C0172
S3150800A0E0FA6807F10803FFF7AAFCBA68FB689A4200
S3150800A0F001D1002301E04FF0FF33FB607B68FA686B
S3150800A1005A607B689B685A1C7B689A6000E000BFAF
S3150800A1101037BD4680BD80B584B000AF78607B68D7
S3150800A1205B68002B16DB7B6818687B6803F10C01FB
S3150800A1307B685B681A4607F10C03FFF780FC034649
S3150800A140002B07D17B685B68FA68934202D17B686B
S3150800A1509B6801E04FF0FF3318461037BD4680BDB7
S3150800A16080B483B000AF786039607B683A681A605B
S3150800A1707B6800225A607B685A687B689A6000BFD1
S3150800A1800C37BD465DF8047B704780B596B000AFC6
S3150800A1907860396007F10C0339681846FFF7E0FF65
S3150800A1A009E07B685A1C7A601A7807F10C03114695
S3150800A1B01846FFF773FF7B681B78002BF1D107F170
S3150800A1C00C031846FFF7A7FF034618465837BD463F
S3150800A1D080BD000080B487B000AFF860B960134650
S3150800A1E0FB710123FB750023BB751F4B5B7ADBB242
S3150800A1F0002B31D11C4B5B7ADBB21A461A4B002175
S3150800A2009954194B5B7ADBB2174A9B001344FA68D8
S3150800A2105A60154B5B7ADBB21A46134B1344FA792C
S3150800A2201A72114B5B7ADBB25A1CD1B20E4A5172C2
S3150800A230BB75BB7D3033DAB2BB681A70BB680133B5
S3150800A2403A221A70BB6802332F221A70BB6803338E
S3150800A25000221A700023FB75FB7D18461C37BD4685
S3150800A2605DF8047B704700BF9029002080B582B056
S3150800A27000AF78603960002239687868FFF7AAFF6E
S3150800A280034618460837BD4680BD000080B485B031
S3150800A29000AF03463960FB80FB887F2B02D8FB881A
S3150800A2A0FB8125E03B68002B0BD0FB88FF2B05D8EC
S3150800A2B0FB88803B124A32F8133000E00023FB810A
S3150800A2C016E00023FB8109E0FB890D4A32F81330BA
S3150800A2D0FA889A4206D0FB890133FB81FB897F2BDA
S3150800A2E0F2D900E000BFFB8980339BB2DBB2FB8169
S3150800A2F0FB8918461437BD465DF8047B704700BFD6
S3150800A30040BA000880B487B000AF0346FB80FB88DC
S3150800A310B3F5805F01D23E4B00E03E4B7B617B6923
S3150800A3209A1C7A611B887B827B8A002B68D0FA8804
S3150800A3307B8A9A4264D37B699A1C7A611B883B8222
S3150800A3403B8A1B0AFB813B8ADBB23B82FA88798A05
S3150800A3503B8A0B449A4249DAFB89082B4FD801A25B
S3150800A36052F823F089A300089BA30008B1A30008AC
S3150800A370B9A30008C1A30008C9A30008D1A300080F
S3150800A380D9A30008E1A30008FA887B8AD31A5B00E0
S3150800A3907A6913441B88FB8027E0FA887B8AD31ADC
S3150800A3A09BB203F001039BB2FA88D31AFB801CE028
S3150800A3B0FB88103BFB8018E0FB88203BFB8014E001
S3150800A3C0FB88303BFB8010E0FB881A3BFB800CE0E7
S3150800A3D0FB880833FB8008E0FB88503BFB8004E0E1
S3150800A3E0FB88A3F5E353FB8000BF08E0FB89002B3D
S3150800A3F095D13B8A5B007A6913447B618FE700BF7E
S3150800A400FB8818461C37BD465DF8047B704700BFBD
S3150800A41040BB000834BD0008002310B50446C0E957
S3150800A4200033C0E90433836081814366C281836156
S3150800A430194608225C3000F01BFA0D4B63620D4B7F
S3150800A440A3620D4BE3620D4B23630D4B24629C42C2
S3150800A45006D003F16802944202D0D0339C4205D15B
S3150800A46004F15800BDE8104000F07ABA10BD00BFEC
S3150800A470C1A60008E3A600081BA700083FA7000816
S3150800A4809C290020024A0349034800F069B800BF26
S3150800A49068000020ADB400087800002041680C4B25
S3150800A4A0994210B5044601D001F000F8A168094B9D
S3150800A4B0994202D0204600F0F9FFE168064B99421E
S3150800A4C004D02046BDE8104000F0F0BF10BD00BF24
S3150800A4D09C290020042A00206C2A002010B50B4B6A
S3150800A4E00B4C0C4A1A60204600220421FFF794FF01
S3150800A4F004F1680001220921FFF78EFF04F1D0005C
S3150800A5000222BDE810401221FFF786BFD42A002098
S3150800A5109C29002085A40008014800F022BA00BF43
S3150800A520DD2A0020014800F01DBA00BFDD2A002000
S3150800A53010B50446FFF7F0FF236A1BB1BDE81040CB
S3150800A540FFF7F0BF044B2362044B1B68002BF5D1C1
S3150800A550FFF7C4FFF2E700BF9DA40008D42A002035
S3150800A5602DE9F8430746884614460026D4E901959E
S3150800A570B9F1010905D52468002CF7D13046BDE8A4
S3150800A580F883AB89012B07D9B5F90E30013303D00F
S3150800A59029463846C04706436835E9E70FB407B584
S3150800A5A0064904AB086853F8042B8168019300F048
S3150800A5B055FC03B05DF804EB04B070477400002046
S3150800A5C0036A70B5846805460E460BB9FFF7B0FFF7
S3150800A5D0636EDB0705D4A389980502D4A06D00F045
S3150800A5E0C0F9A389190702D52369002B35D121465D
S3150800A5F0284600F0E7F880B34FF0FF35636EDA07B8
S3150800A60005D4A3899B0502D4A06D00F0ABF92846B2
S3150800A61070BD002B04DAA2699A4217DC0A2915D004
S3150800A62023685A1C22601970A36816F8011F013B9B
S3150800A630A3600029EDD1002B11DA22460A2128460B
S3150800A64000F081F80130D7D00A25D7E722462846F8
S3150800A65000F079F80130E7D1CEE7013EE4E7236858
S3150800A6605A1C22600A221A70EEE70000024B0146C5
S3150800A6701868FFF7A5BF00BF740000200EB410B518
S3150800A6809DB01FAB029006906FF000410A480791F3
S3150800A69004910A4953F8042B0591002402A900687D
S3150800A6A001931B9400F0B4FA029B1C701DB0BDE820
S3150800A6B0104003B0704700BF740000200802FFFF77
S3150800A6C010B50C46B1F90E1000F0FCF80028ABBF27
S3150800A6D0636DA3891B1823F48053ACBF6365A381FC
S3150800A6E010BD2DE9F0411F468B89DB0505460C4652
S3150800A6F0164605D5B1F90E100223002200F0D0F84F
S3150800A700A389B4F90E1023F48053A38132463B463D
S3150800A7102846BDE8F04100F0E7B810B50C46B1F997
S3150800A7200E1000F0BDF8431CA38915BF606523F41D
S3150800A730805343F48053A38118BFA38110BDB1F998
S3150800A7400E1000F09DB8F8B50E461446054618B129
S3150800A750036A0BB9FFF7ECFEA369A360A3891A077E
S3150800A76001D5236943B92146284600F02BF818B1CC
S3150800A7704FF0FF373846F8BD23682269981A63698F
S3150800A780F6B28342374605DC2146284600F08EFE9F
S3150800A7900028EDD1A368013BA36023685A1C2260F8
S3150800A7A01E706269431C9A4204D0A389DB07E1D56F
S3150800A7B00A2EDFD12146284600F078FE0028D9D097
S3150800A7C0D6E7000038B5294B054618680C4618B177
S3150800A7D0036A0BB9FFF7ACFEB4F90C30190722D49B
S3150800A7E0DA0607D409222A6043F04003A3814FF012
S3150800A7F0FF3033E0580712D5616B41B104F14403C9
S3150800A800994202D0284600F0AFF800236363A38973
S3150800A81023F02403A3810023636023692360A389AB
S3150800A82043F00803A38123694BB9A38903F4207372
S3150800A830B3F5007F03D02146284600F085FEB4F91B
S3150800A8400C3013F001020AD00022A260626952425B
S3150800A850A261226942B913F08000C5D138BD9907B3
S3150800A86058BF6269A260F4E70020F7E77400002089
S3150800A87002440346934200D1704703F8011BF9E7E7
S3150800A88038B5064D0023044608462B60F7F7F1FD58
S3150800A890431C02D12B6803B1236038BDD82A002097
S3150800A8A038B5074D04460846114600222A601A465E
S3150800A8B0F7F706FE431C02D12B6803B1236038BDA7
S3150800A8C0D82A002038B5074D044608461146002206
S3150800A8D02A601A46F7F7B0FD431C02D12B6803B16C
S3150800A8E0236038BDD82A002038B5074D04460846E7
S3150800A8F0114600222A601A46F6F74DFE431C02D17D
S3150800A9002B6803B1236038BDD82A0020014B18688C
S3150800A910704700BF7400002070B50D4D0D4C641BC8
S3150800A920A4100026A64209D10B4D0C4C00F0D8FE07
S3150800A930641BA4100026A64205D170BD55F8043B39
S3150800A94098470136EEE755F8043B98470136F2E793
S3150800A9502CBE00082CBE00082CBE000830BE00081D
S3150800A960704770477047000038B50546002941D042
S3150800A97051F8043C0C1F002BB8BFE41800F0E0F8AF
S3150800A9801D4A136833B9636014602846BDE8384029
S3150800A99000F0DCB8A34208D9206821188B4201BF11
S3150800A9A019685B6809182160EDE71A465B680BB100
S3150800A9B0A342FAD911685018A0420BD12068014465
S3150800A9C0501883421160E0D118685B6853600844E8
S3150800A9D01060DAE702D90C232B60D6E72068211825
S3150800A9E08B4204BF19685B68636004BF091821605D
S3150800A9F05460CAE738BD00BFE42A002070B50F4E80
S3150800AA000C463168054611B900F016FE306021463D
S3150800AA10284600F011FE431C03D14FF0FF342046B0
S3150800AA2070BDC41C24F00304A042F8D0211A28469D
S3150800AA3000F002FE0130F2D1EFE700BFE02A002065
S3150800AA402DE9F843CD1C25F0030508350C2D38BF34
S3150800AA500C25002D064601DBA94204D90C233360D8
S3150800AA600020BDE8F883DFF8D48000F069F8D8F84C
S3150800AA7000301C4644BB29463046FFF7BFFF431C3F
S3150800AA80044658D1D8F800402746002F43D1002C59
S3150800AA904BD023683946304604EB030900F0CCFD59
S3150800AAA0814542D121686D1A29463046FFF7A6FF2F
S3150800AAB001303AD023682B442360D8F800305A680E
S3150800AAC062BBC8F800700FE02268521B20D40B2A1C
S3150800AAD017D96119A342256018BF5960636808BF72
S3150800AAE0C8F8001062514B60304600F02FF804F1A8
S3150800AAF00B00231D20F00700C21A1CBF1B1AA35007
S3150800AB00AFE76268A3420CBFC8F800205A60EBE7BB
S3150800AB1023466468AEE73C467F68B6E71A465B6834
S3150800AB20A342FBD100235360DEE70C233360304693
S3150800AB3000F00CF894E70560D6E700BFE42A002089
S3150800AB400148FFF70EBF00BFDC2A00200148FFF7C7
S3150800AB5009BF00BFDC2A00202DE9F0478E681F4692
S3150800AB60BE420B6882460C4690462DD8B1F90C2099
S3150800AB7012F4906F26D06569096905EB4505A3EBC4
S3150800AB80010905EBD5757B1C4B446D109D4238BFFA
S3150800AB901D46530527D52946FFF752FF064660B3DB
S3150800ABA021694A4600F058FDA38923F4906343F0CF
S3150800ABB08003A381266165614E44A5EB09052660DD
S3150800ABC0A5603E46BE4200D93E462068324641460A
S3150800ABD000F0F6FCA3689B1BA3602368334423603C
S3150800ABE00020BDE8F0872A4600F044FD0646002806
S3150800ABF0E0D121695046FFF7B7FE0C23CAF80030AA
S3150800AC00A38943F04003A3814FF0FF30E9E7000032
S3150800AC102DE9F04F98468B891B069DB007460D46D1
S3150800AC20144610D50B6973B94021FFF709FF286050
S3150800AC30286130B90C233B604FF0FF301DB0BDE8EA
S3150800AC40F08F40236B610023099320238DF8293068
S3150800AC50CDF80C803023DFF89C818DF82A304FF030
S3150800AC60010923469A4613F8012B0AB1252AF9D178
S3150800AC70BAEB040B0BD05B46224629463846FFF74B
S3150800AC806BFF013000F0A780099A5A4409929AF896
S3150800AC900030002B00F09F8000234FF0FF32CDE9F3
S3150800ACA005230AF1010A049307938DF853301A9382
S3150800ACB05446052214F8011B4E48F5F791FA049AF2
S3150800ACC0D8B9D00644BF20238DF85330110744BFA6
S3150800ACD02B238DF853309AF800302A2B15D0079A73
S3150800ACE0544600204FF00A0C214611F8013B303B30
S3150800ACF0092B4BD9B0B1079214E0A0EB080309FA67
S3150800AD0003F313430493A246D2E7039B191D1B685A
S3150800AD100391002BBBBF5B4242F0020207930793E5
S3150800AD20B8BF049223782E2B0AD163782A2B32D106
S3150800AD30039B1A1D1B68039243EAE37302340593C7
S3150800AD40DFF8C0A0217803225046F5F749FA38B152
S3150800AD50049BA0EB0A00402282401343013404936B
S3150800AD6014F8011B24488DF828100622F5F738FA3E
S3150800AD70002836D0214B1BBB039B073323F0070360
S3150800AD8008330393099B334409936AE70CFB0232A1
S3150800AD900C460120A8E700230134059319464FF015
S3150800ADA00A0C204610F8012B303A092A03D9002B41
S3150800ADB0C6D00591C4E70CFB012104460123F0E740
S3150800ADC003AB00932A460E4B04A93846AFF300801E
S3150800ADD0421C0646D6D1AB895B063FF52DAF0998CE
S3150800ADE02CE703AB00932A46054B04A9384600F026
S3150800ADF0BBF9EDE7F0BD0008FABD00080000000049
S3150800AE0059AB0008F6BD00089368013B002B10B447
S3150800AE10936008DA9469A34201DB0A2903D15DF835
S3150800AE20044BFFF790BC1368581C1060197008464D
S3150800AE305DF8044B7047F8B506460F461446D51814
S3150800AE40AC4201D1002007E014F8011B3A4630460F
S3150800AE50FFF7DAFF431CF3D1F8BD00002DE9F04FE8
S3150800AE600D469DB014469846064618B1036A0BB9B6
S3150800AE70FFF75EFB6B6ED90705D4AB899A0502D43A
S3150800AE80A86DFFF76EFDAB891B0701D52B699BB92A
S3150800AE9029463046FFF796FC70B16B6EDC0704D581
S3150800AEA04FF0FF301DB0BDE8F08FAB899805F7D499
S3150800AEB0A86DFFF757FDF3E70023099320238DF8C4
S3150800AEC02930CDF80C803023DFF8AC818DF82A3094
S3150800AED04FF0010923469A4613F8012B0AB1252A91
S3150800AEE0F9D1BAEB040B0BD05B462246294630460D
S3150800AEF0FFF7A1FF013000F0A780099A5A4409928A
S3150800AF009AF80030002B00F09F8000234FF0FF32A4
S3150800AF10CDE905230AF1010A049307938DF8533006
S3150800AF201A935446052214F8011B5348F5F758F9A5
S3150800AF30049AD8B9D10644BF20238DF85330130795
S3150800AF4044BF2B238DF853309AF800302A2B15D09E
S3150800AF50079A544600204FF00A0C214611F8013B87
S3150800AF60303B092B4BD9B0B1079214E0A0EB08038C
S3150800AF7009FA03F313430493A246D2E7039B191D68
S3150800AF801B680391002BBBBF5B4242F0020207938A
S3150800AF900793B8BF049223782E2B0AD163782A2BFD
S3150800AFA032D1039B1A1D1B68039243EAE3730234EA
S3150800AFB00593DFF8D4A0217803225046F5F710F957
S3150800AFC038B1049BA0EB0A004022824013430134A7
S3150800AFD0049314F8011B29488DF828100622F5F762
S3150800AFE0FFF800283FD0264B1BBB039B073323F0F3
S3150800AFF0070308330393099B3B4409936AE70CFB51
S3150800B00002320C460120A8E70023013405931946AD
S3150800B0104FF00A0C204610F8012B303A092A03D9BA
S3150800B020002BC6D00591C4E70CFB01210446012379
S3150800B030F0E703AB00932A46124B04A93046AFF358
S3150800B04000800746781CD6D16B6ED90705D4AB8924
S3150800B0509A0502D4A86DFFF785FCAB895B063FF518
S3150800B0601FAF09981EE703AB00932A46054B04A9B0
S3150800B070304600F079F8E4E7F0BD0008FABD0008AC
S3150800B0800000000037AE0008F6BD00082DE9F047BD
S3150800B090164698468A680B69DDF820909342B8BF31
S3150800B0A01346336091F8432007460C460AB101332C
S3150800B0B033602368990642BF3368023333602568D4
S3150800B0C015F0060506D104F1190AE36832689B1AD9
S3150800B0D0AB4226DC94F843302268003B18BF0123B4
S3150800B0E092062BD404F1430241463846C84701303C
S3150800B0F01ED02368226903F00603042B02BFE56805
S3150800B1003368ED1AA3680CBF25EAE5750025934256
S3150800B110C4BF9B1AED1800261A34B5421AD100206E
S3150800B12008E00123524641463846C847013003D154
S3150800B1304FF0FF30BDE8F0870135C6E7E1185A1C25
S3150800B140302081F84300224494F8451082F84310D1
S3150800B1500233C7E70123224641463846C84701302D
S3150800B160E6D00136D9E700002DE9FF470F7E0C9E91
S3150800B170782F914680460C469A4601F1430207D835
S3150800B180622F0AD8002F00F0D180582F00F0B8801F
S3150800B19004F1420684F842703AE0A7F16303152BDE
S3150800B1A0F6D801A151F823F001B2000815B200083B
S3150800B1B091B1000891B1000891B1000891B1000859
S3150800B1C015B2000891B1000891B1000891B10008C4
S3150800B1D091B1000813B300083FB20008CDB20008C9
S3150800B1E091B1000891B1000835B3000891B1000883
S3150800B1F03FB2000891B1000891B10008D5B2000825
S3150800B20033681A1D1B68326004F1420684F842301E
S3150800B21001239CE033682068191D3160060601D5B4
S3150800B2201D6803E04506FBD5B3F90050002D03DA87
S3150800B2302D236D4284F8433058480A2311E02168CB
S3150800B2403368080653F8045B02D4490648BFADB212
S3150800B2506F2F5248336014BF0A230823002184F84D
S3150800B26043106668A660002E05DB21682E4321F090
S3150800B270040121604BD01646B5FBF3F103FB1157C9
S3150800B280C75D06F8017D2F46BB420D46F4D9082B4B
S3150800B2900BD12368DF0708D5236961689942DEBFA9
S3150800B2A0302306F8013C06F1FF36921B2261CDF8E1
S3150800B2B000A04B4603AA21464046FFF7E7FE0130A9
S3150800B2C04AD14FF0FF3004B0BDE8F087236843F059
S3150800B2D0200323603248782784F84570236831684C
S3150800B2E01F0651F8045B02D45F0648BFADB2316051
S3150800B2F0D90744BF43F0200323601DB11023ADE7EF
S3150800B3002648E9E7236823F020032360F6E7164674
S3150800B310BDE7336825686169181D30602E061B680D
S3150800B32001D5196002E06806FBD519800023236160
S3150800B3301646BCE733681A1D32601E68626800212B
S3150800B3403046F4F74DFF08B1801B606063682361DF
S3150800B350002384F84330AAE7236932464946404623
S3150800B360D0470130ADD023689B0713D4E068039B10
S3150800B3709842B8BF1846A6E70123324649464046D2
S3150800B380D04701309DD00135E36803995B1AAB427B
S3150800B390F2DCEBE7002504F11906F5E701BE000823
S3150800B3A012BE0008B1F90C202DE9F0411607054632
S3150800B3B00C4654D44B68002B02DC0B6C002B48DD82
S3150800B3C0E66A002E45D0002312F480522F68216ABF
S3150800B3D02B6030D0626DA389590705D56368D21AE8
S3150800B3E0636B0BB1236CD21A0023E66A216A2846DE
S3150800B3F0B047431CA38906D129681D292BD82A4A98
S3150800B400CA40D60727D500226260D904226922607D
S3150800B41004D5421C01D12B6803B96065616B2F60A6
S3150800B420B9B104F14403994202D02846FFF79CFAC1
S3150800B430002363630DE001232846B0470246501CEB
S3150800B440C9D12B68002BC6D01D2B01D0162B1ED1B7
S3150800B4502F60002022E043F040031BB21BE00F6977
S3150800B460002FF6D093070E6808BF4B690F6018BF08
S3150800B4700023A6EB07088B60B8F1000FE9DD216A07
S3150800B480A66A43463A462846B047002808DCB4F977
S3150800B4900C3043F04003A3814FF0FF30BDE8F08144
S3150800B4A00744A8EB0008E7E70100402038B50B6918
S3150800B4B005460C4613B90025284638BD18B1036A57
S3150800B4C00BB9FFF735F8B4F90C30002BF3D0626EE0
S3150800B4D0D00704D4990502D4A06DFFF742FA28468E
S3150800B4E02146FFF75FFF636EDA070546E4D4A389B2
S3150800B4F09B05E1D4A06DFFF735FADDE770B50C467C
S3150800B500B1F90E10002996B015461E460DDAA38924
S3150800B51013F0800F4FF0000114BF40234FF48063EF
S3150800B520002031602B6016B070BD6A4600F062F8E4
S3150800B5300028ECDB019901F47041A1F5005359424A
S3150800B54059414FF48063EBE78B89F7B59D070646AB
S3150800B5500C4607D504F14703236023610123636181
S3150800B56003B0F0BD01AB6A46FFF7C8FF009F05466A
S3150800B57039463046FFF764FA48B9B4F90C309A05EB
S3150800B580EED423F0030343F00203A381E2E7A38981
S3150800B590206043F08003A381019BC4E904075BB1E3
S3150800B5A0B4F90E10304600F037F828B1A38923F015
S3150800B5B0030343F00103A381A3891D43A581CFE7B4
S3150800B5C0884210B501EB020402D98442234607D803
S3150800B5D0431EA14208D011F8012B03F8012FF8E702
S3150800B5E0024401468A4200D110BD13F8014D02F803
S3150800B5F0014DF7E738B5074D0023044608461146BE
S3150800B6002B60F6F742FF431C02D12B6803B1236077
S3150800B61038BD00BFD82A002038B5064D0023044699
S3150800B62008462B60F6F741FF431C02D12B6803B18D
S3150800B630236038BDD82A002038B5064D00230446B5
S3150800B64008462B60F6F74AFF431C02D12B6803B164
S3150800B650236038BDD82A00200A44914200F1FF33FE
S3150800B66000D1704710B511F8014B03F8014F91420C
S3150800B670F9D110BD2DE9F041074614460D4621B90A
S3150800B680BDE8F0411146FFF7DBB92AB9FFF76CF9B7
S3150800B69025462846BDE8F08100F01AF88442064699
S3150800B6A002D8B4EB500FF4D821463846FFF7C8F94C
S3150800B6B0804608B94546ECE7B4422246294628BFE3
S3150800B6C03246FFF7C9FF29463846FFF74DF9F1E735
S3150800B6D051F8043C181F002BBCBF0B58C018704704
S3150800B6E0F8B500BFF8BC08BC9E467047F8B500BF61
S30D0800B6F0F8BC08BC9E46704731
S3150800B6F85363616E6E696E672049324320646576C6
S3150800B708696365732E2E2E0D0A0000004932432000
S3150800B71864657669636520666F756E642061742052
S3150800B7283078253032580D0A000000004E6F20493F
S3150800B7383243206465766963657320666F756E643F
S3150800B748210D0A005344204361726420496E6974C6
S3150800B75869616C697A6174696F6E0000446973740B
S3150800B768616E63653D257520636D0D0A000000004E
S3150800B778000000004E6F205344204361726420661F
S3150800B7886F756E64203A20282569290D0A0000007D
S3150800B79853442043617264204D6F756E7465642046
S3150800B7A85375636365737366756C6C792121210D0E
S3150800B7B800000000546F74616C5370616365203A29
S3150800B7C820256C752062797465732C204672656528
S3150800B7D85370616365203D20256C75206279746510
S3150800B7E8730A00004C6F67732E74787400000000A3
S3150800B7F846696C65206372656174696F6E2F6F7030
S3150800B808656E204572726F72203A20282569290DBF
S3150800B8180A00000057726974696E6720646174616A
S3150800B8282121210D000000002A2A2A2A2A2A2A2A42
S3150800B838556C747261736F6E69632053656E6F73A6
S3150800B8487220446174612A2A2A2A2A2A2A2A2A2A32
S3150800B8582A2A2A2A0A00000046696C65206F70653C
S3150800B8686E696E67204572726F72203A20282569BC
S3150800B878290D0A00526561642044617461203A20E2
S3150800B88825730A00436C6F73696E672046696C6591
S3150800B8982121210D0000000053656E736F725F64E5
S3150800B8A8617461203A2025730A0000004F626A65B0
S3150800B8B8637420696E2072616E67652064697374A3
S3150800B8C8616E6365203A20256C6420636D0A000062
S3150800B8D84F626A656374206C6566742061742044D7
S3150800B8E8697374616E6365203A20256C6420636DFC
S3150800B8F80A0000005344204361726420556E6D6F38
S3150800B908756E746564205375636365737366756CC1
S3150800B9186C792121210D0000222A3A3C3E3F7C7F82
S3150800B928000000002B2C3B3D5B5D0000EBFE904DB4
S3150800B93853444F53352E30004E4F204E414D452027
S3150800B9482020204641543332202020004E4F204ED6
S3150800B958414D452020202046415420202020200003
S3150800B9680000000000000000010203040607080999
S3150800B9780000000001020304A0860100400D030030
S3150800B988801A060000350C0040420F0080841E000D
S3150800B99800093D0000127A000024F40000366E0102
S3150800B9A80048E801006CDC024355454141414143E2
S3150800B9B845454549494941414592924F4F4F555545
S3150800B9C8594F554F9C4F9E9F41494F55A5A5A6A728
S3150800B9D8A8A9AAABACADAEAFB0B1B2B3B4414141B8
S3150800B9E8B8B9BABBBCBDBEBFC0C1C2C3C4C5414154
S3150800B9F8C8C9CACBCCCDCECFD1D145454549494989
S3150800BA0849D9DADBDCDD49DF4FE14F4F4F4FE6E82E
S3150800BA18E85555555959EEEFF0F1F2F3F4F5F6F7FE
S3150800BA28F8F9FAFBFCFDFEFF01030507090E1012DB
S3150800BA381416181C1E000000C700FC00E900E200E6
S3150800BA48E400E000E500E700EA00EB00E800EF00A4
S3150800BA58EE00EC00C400C500C900E600C600F40004
S3150800BA68F600F200FB00F900FF00D600DC00F8003B
S3150800BA78A300D800D7009201E100ED00F300FA0010
S3150800BA88F100D100AA00BA00BF00AE00AC00BD00A4
S3150800BA98BC00A100AB00BB00912592259325022581
S3150800BAA82425C100C200C000A900632551255725D1
S3150800BAB85D25A200A5001025142534252C251C254E
S3150800BAC800253C25E300C3005A2554256925662523
S3150800BAD8602550256C25A400F000D000CA00CB00CC
S3150800BAE8C8003101CD00CE00CF0018250C258825C1
S3150800BAF88425A600CC008025D300DF00D400D20018
S3150800BB08F500D500B500FE00DE00DA00DB00D90036
S3150800BB18FD00DD00AF00B400AD00B1001720BE007F
S3150800BB28B600A700F700B800B000A800B700B9002B
S3150800BB38B300B200A025A00061001A03E0001703AD
S3150800BB48F8000703FF0001007801000130013201FF
S3150800BB580601390110014A012E0179010601800101
S3150800BB684D00430281018201820184018401860114
S3150800BB788701870189018A018B018B018D018E0155
S3150800BB888F0190019101910193019401F6019601A3
S3150800BB989701980198013D029B019C019D0120028D
S3150800BBA89F01A001A001A201A201A401A401A60166
S3150800BBB8A701A701A901AA01AB01AC01AC01AE0115
S3150800BBC8AF01AF01B101B201B301B301B501B501C6
S3150800BBD8B701B801B801BA01BB01BC01BC01BE0175
S3150800BBE8F701C001C101C201C301C401C501C401ED
S3150800BBF8C701C801C701CA01CB01CA01CD01100195
S3150800BC08DD0101008E01DE011201F3010300F101D5
S3150800BC18F401F401F8012801220212013A02090086
S3150800BC28652C3B023B023D02662C3F02400241025C
S3150800BC38410246020A015302400081018601550263
S3150800BC4889018A0158028F015A0290015C025D0235
S3150800BC585E025F0293016102620294016402650250
S3150800BC6866026702970196016A02622C6C026D02E7
S3150800BC786E029C01700271029D01730274029F0193
S3150800BC8876027702780279027A027B027C02642CB1
S3150800BC987E027F02A60181028202A9018402850228
S3150800BCA886028702AE014402B101B20145028D023D
S3150800BCB88E028F0290029102B7017B030300FD03EF
S3150800BCC8FE03FF03AC0304008603880389038A037B
S3150800BCD8B1031103C2030200A303A303C4030803A1
S3150800BCE8CC0303008C038E038F03D8031801F203D1
S3150800BCF80A00F903F303F403F503F603F703F70356
S3150800BD08F903FA03FA033004200350041007600401
S3150800BD1822018A043601C1040E01CF040100C004B9
S3150800BD28D004440161052604000000007D1D0100B9
S3150800BD38632C001E9601A01E5A01001F0806101F34
S3150800BD480606201F0806301F0806401F0606511F4C
S3150800BD580700591F521F5B1F541F5D1F561F5F1F81
S3150800BD68601F0806701F0E00BA1FBB1FC81FC91F11
S3150800BD78CA1FCB1FDA1FDB1FF81FF91FEA1FEB1FA5
S3150800BD88FA1FFB1F801F0806901F0806A01F080633
S3150800BD98B01F0400B81FB91FB21FBC1FCC1F010073
S3150800BDA8C31FD01F0206E01F0206E51F0100EC1F8D
S3150800BDB8F21F0100FC1F4E210100322170211002DA
S3150800BDC8842101008321D0241A05302C2F04602CE5
S3150800BDD80201672C0601752C0201802C6401002DCE
S3150800BDE8260841FF1A030000232D302B2000686C13
S3150800BDF84C00656667454647003031323334353678
S3150800BE0837383941424344454600303132333435B0
S3110800BE18363738396162636465660000DD
S30D0800BE24AC43FF7F010000009A
S3090800BE2CB501000846
S3090800BE309101000866
S3150800BE340100000068656C6C6F20776F726C640093
S3150800BE446F626A65637420656E74657265642069D9
S3150800BE546E746F2072616E67653A00006F626A6578
S3150800BE6463742072656D6F7665642066726F6D20E3
S3150800BE7472616E67650D0A0000093D001000000036
S3150800BE8401000000096F0008256F0008416F0008CB
S3150800BE94676F00088D6F00080000000003000000AB
S3150800BEA49C29002078000020000000009C2900201E
S3150800BEB4042A00206C2A002000000000000000006C
S3150800BEC40000000000000000000000000000000060
S3150800BED40000000000000000000000000000000050
S3150800BEE40000000000000000000000000000000040
S3090800BEF4000000003C
S7050800256D60
