:020000040800F2
:10000000008001206D250008952300089D2300082D
:10001000A5230008AD230008B52300080000000058
:10002000000000000000000000000000BD230008E8
:10003000CB23000800000000D9230008E9230008B2
:10004000BD250008BD250008BD250008BD25000808
:10005000BD250008BD250008BD250008BD250008F8
:10006000BD250008BD250008BD250008BD250008E8
:10007000BD250008BD250008BD250008BD250008D8
:10008000BD250008BD250008BD250008BD250008C8
:10009000BD250008BD250008BD250008BD250008B8
:1000A000BD250008BD250008BD2500082524000841
:1000B000BD250008BD250008BD250008BD25000898
:1000C000BD250008BD250008BD250008BD25000888
:1000D000BD250008BD250008BD250008BD25000878
:1000E000BD250008BD250008BD250008BD25000868
:1000F000BD250008BD250008BD250008BD25000858
:10010000BD250008BD250008BD250008BD25000847
:10011000BD250008BD250008BD250008BD25000837
:10012000BD250008BD250008BD250008BD25000827
:10013000BD250008BD250008BD250008BD25000817
:10014000BD250008BD250008BD250008BD25000807
:10015000BD250008BD250008BD250008BD250008F7
:10016000BD250008BD250008BD250008BD250008E7
:10017000BD250008BD250008BD25000800000000C1
:08018000BD250008BD250008A3
:1001900010B5054C237833B9044B13B10448AFF3C1
:1001A00000800123237010BDC40000200000000067
:1001B000E0B6000808B5034B1BB103490348AFF391
:1001C000008008BD00000000C8000020E0B6000864
:1001D000034613F8012B002AFBD1181A0138704787
:1001E00001F0FF01102A2BDB10F0070F08D010F8E8
:1001F000013B013A8B422DD010F0070F42B3F6D1EC
:10020000F0B441EA012141EA014122F007047FF004
:1002100000070023F0E80256083C85EA010586EA5B
:10022000010685FA47F5A3FA87F586FA47F6A5FA97
:1002300087F68EB9EED1F0BC01F0FF0102F00702A3
:1002400032B110F8013B013A83EA010313B1F8D14E
:100250000020704701387047002D06BF354603382F
:10026000073815F0010F07D1013015F4807F02BF68
:10027000013015F4C03F0130F0BC0138704700BFB9
:1002800070B54FF0FF0C4CF4E06C1CEA11541DBF2C
:100290001CEA135594EA0C0F95EA0C0F00F0DEF8F7
:1002A0002C4481EA030621EA4C5123EA4C5350EADC
:1002B000013518BF52EA033541F4801143F480132D
:1002C00038D0A0FB02CE4FF00005E1FB02E506F0BE
:1002D0000042E0FB03E54FF00006E1FB03569CF013
:1002E000000F18BF4EF0010EA4F1FF04B6F5007F19
:1002F00064F5407404D25FEA4E0E6D4146EB06068B
:1003000042EAC62141EA55514FEAC52040EA5E5013
:100310004FEACE2EB4F1FD0C88BFBCF5E06F1ED8BD
:10032000BEF1004F08BF5FEA500E50F1000041EBF4
:10033000045170BD06F0004646EA010140EA0200A1
:1003400081EA0301B4EB5C04C2BFD4EB0C0541EAC3
:10035000045170BD41F480114FF0000E013C00F3D8
:10036000AB8014F1360FDEBF002001F0004170BDFC
:10037000C4F10004203C35DA0C341BDC04F1140415
:10038000C4F1200500FA05F320FA04F001FA05F2A1
:1003900040EA020001F0004221F0004110EBD3706E
:1003A00021FA04F642EB06015EEA430E08BF20EA9A
:1003B000D37070BDC4F10C04C4F1200500FA04F33D
:1003C00020FA05F001FA04F240EA020001F00041CF
:1003D00010EBD37041F100015EEA430E08BF20EA42
:1003E000D37070BDC4F1200500FA05F24EEA020E8A
:1003F00020FA04F301FA05F243EA020321FA04F0B9
:1004000001F0004121FA04F220EA020000EBD3706F
:100410005EEA430E08BF20EAD37070BD94F0000F6F
:100420000FD101F00046400041EB010111F4801FA3
:1004300008BF013CF7D041EA060195F0000F18BF54
:10044000704703F00046520043EB030313F4801F90
:1004500008BF013DF7D043EA0603704794EA0C0F4A
:100460000CEA135518BF95EA0C0F0CD050EA410660
:1004700018BF52EA4306D1D181EA030101F00041DD
:100480004FF0000070BD50EA410606BF1046194605
:1004900052EA430619D094EA0C0F02D150EA013611
:1004A00013D195EA0C0F05D152EA03361CBF104652
:1004B00019460AD181EA030101F0004141F0FE41F1
:1004C00041F470014FF0000070BD41F0FE4141F475
:1004D000780170BD81F0004102E000BF83F000436D
:1004E00030B54FEA41044FEA430594EA050F08BFCF
:1004F00090EA020F1FBF54EA000C55EA020C7FEA93
:10050000645C7FEA655C00F0E2804FEA5454D4EB0F
:100510005555B8BF6D420CDD2C4480EA020281EAD9
:10052000030382EA000083EA010180EA020281EA11
:100530000303362D88BF30BD11F0004F4FEA013163
:100540004FF4801C4CEA113102D0404261EB410172
:1005500013F0004F4FEA03334CEA133302D05242F8
:1005600063EB430394EA050F00F0A780A4F10104B4
:10057000D5F1200E0DDB02FA0EFC22FA05F28018EE
:1005800041F1000103FA0EF2801843FA05F35941D4
:100590000EE0A5F120050EF1200E012A03FA0EFC53
:1005A00028BF4CF0020C43FA05F3C01851EBE3717D
:1005B00001F0004507D54FF0000EDCF1000C7EEB9A
:1005C00000006EEB0101B1F5801F1BD3B1F5001FD8
:1005D0000CD349085FEA30004FEA3C0C04F10104F7
:1005E0004FEA445212F5800F80F09A80BCF1004F20
:1005F00008BF5FEA500C50F1000041EB045141EAA2
:10060000050130BD5FEA4C0C404141EB0101013C6A
:1006100028BFB1F5801FE9D291F0000F04BF014659
:100620000020B1FA81F308BF2033A3F10B03B3F12B
:1006300020020CDA0C3208DD02F1140CC2F10C02BB
:1006400001FA0CF021FA02F10CE002F11402D8BF19
:10065000C2F1200C01FA02F120FA0CFCDCBF41EAE5
:100660000C019040E41AA2BF01EB0451294330BDB4
:100670006FEA04041F3C1CDA0C340EDC04F1140491
:10068000C4F1200220FA04F001FA02F340EA030068
:1006900021FA04F345EA030130BDC4F10C04C4F1AE
:1006A000200220FA02F001FA04F340EA030029468E
:1006B00030BD21FA04F0294630BD94F0000F83F4D8
:1006C000801306BF81F480110134013D4EE77FEABB
:1006D000645C18BF7FEA655C29D094EA050F08BF07
:1006E00090EA020F05D054EA000C04BF19461046E8
:1006F00030BD91EA030F1EBF0021002030BD5FEA2C
:10070000545C05D14000494128BF41F0004130BD53
:1007100014F580043CBF01F5801130BD01F00045A7
:1007200045F0FE4141F470014FF0000030BD7FEA1A
:10073000645C1ABF194610467FEA655C1CBF0B4615
:10074000024650EA013406BF52EA033591EA030F2C
:1007500041F4002130BD00BF90F0000F04BF002124
:10076000704730B54FF4806404F132044FF0000557
:100770004FF0000150E700BF90F0000F04BF0021D0
:10078000704730B54FF4806404F1320410F0004536
:1007900048BF40424FF000013EE700BF42004FEA31
:1007A000E2014FEA31014FEA02701FBF12F07F43AE
:1007B00093F07F4F81F06051704732F07F4208BF65
:1007C000704793F07F4F04BF41F40021704730B56C
:1007D0004FF4607401F0004521F000411CE700BFB8
:1007E00050EA010208BF704730B54FF000050AE03B
:1007F00050EA010208BF704730B511F0004502D53C
:10080000404261EB41014FF4806404F132045FEA3D
:10081000915C3FF4D8AE4FF003025FEADC0C18BFE6
:1008200003325FEADC0C18BF033202EBDC02C2F1D8
:10083000200300FA03FC20FA02F001FA03FE40EA6A
:100840000E0021FA02F11444BDE600BF4A0011D2A5
:1008500012F5001211D20DD56FF47873B3EB62521A
:100860000ED44FEAC12343F0004343EA505323FA26
:1008700002F070474FF00000704750EA013002D19B
:100880004FF0FF3070474FF00000704753B94AB93E
:10089000002908BF00281CBF4FF0FF314FF0FF3088
:1008A00000F088B9ADF1080C6DE904CE00F006F84F
:1008B000DDF804E0DDE9022304B070472DE9F047DC
:1008C000089D8E4604468846002B4AD18A42174628
:1008D00062D9B2FA82F64EB1C6F1200301FA06F8E7
:1008E00020FA03F3B74043EA0808B4404FEA174E32
:1008F0001FFA87FCB8FBFEF1230C0EFB118843EABC
:10090000084301FB0CF29A4209D9FB1801F1FF30B0
:1009100080F0EA809A4240F2E78002393B449A1A1A
:10092000A3B2B2FBFEF00EFB102243EA024300FB2F
:100930000CFC9C4509D9FB1800F1FF3280F0D680F1
:100940009C4540F2D3803B44023840EA0140A3EB8F
:100950000C0300211DB1F3400022C5E90032BDE8BF
:10096000F0878B4205D90DB1C5E900010021084689
:10097000F5E7B3FA83F1002946D1734502D38242E9
:1009800000F20581841A6EEB030201209046002DCF
:10099000E5D0C5E90048E2E7002A00F09080B2FA0D
:1009A00082F6002E40F0A4808A1A030C4FEA174EFC
:1009B00080B2BCB20121B2FBFEFC0EFB1C2243EA5A
:1009C000024304FB0CF29A4207D9FB180CF1FF38E2
:1009D00002D29A4200F2E080C4469B1AB3FBFEF2B8
:1009E0000EFB123340EA034302FB04F49C4207D996
:1009F000FB1802F1FF3002D29C4200F2CA8002468C
:100A00001B1B42EA0C40A5E7C1F120068B4022FAED
:100A100006F71F430EFA01F420FA06F32EFA06FE3B
:100A20004FEA1749234300FA01F81FFA87FCBEFB7F
:100A3000F9F01C0C09FB10EE44EA0E4400FB0CFE1E
:100A4000A64502FA01F209D93C1900F1FF3A80F0FB
:100A50009C80A64540F2998002383C44A4EB0E04E9
:100A60001FFA83FEB4FBF9F309FB13444EEA044476
:100A700003FB0CFCA44508D93C1903F1FF3E80F0B0
:100A80008280A4457FD9023B3C4443EA0040A4EB6A
:100A90000C04A0FB02EC64457346E14662D35FD0D0
:100AA0005DB1B8EB030264EB090404FA06F622FA1E
:100AB00001F31E43CC40C5E9006400214FE7B1FBC0
:100AC000F2FC010C41EA0E4180B240EA01423B4691
:100AD00038463C46B846BE462026B1FBF7F1A2EBAD
:100AE000080241EA0C4166E7014618E710462CE788
:100AF000C6F120022EFA02F3B740B14020FA02F20A
:100B00004FEA174E0A43B3FBFEF8BCB20EFB183394
:100B1000110C41EA034108FB04F9B04089454FEA52
:100B2000104380B23ED9791808F1FF3C01D28945C3
:100B30001FD8A1EB0901B1FBFEF909FB04F80EFB7C
:100B4000191192B242EA0142424529D2BA1809F17A
:100B5000FF31C4D24245C2D2A9F102013A44BEE7F4
:100B6000F0459DD2BEEB02036CEB070C0138E14669
:100B700096E7A7EB09094944A8F1020CB1FBFEF97D
:100B800009FB04F8DBE773467FE7504666E7084653
:100B9000FDE63B44023A33E7ACF1020C3B441CE770
:100BA00049469CE7A1EB0901C446B1FBFEF909FBEC
:100BB00004F8C4E7704700BF80B500AF00220221EF
:100BC000034802F059F8012001F076FD00BF80BD16
:100BD0000008004880B500AF01220221034802F05E
:100BE0004BF8012001F068FD00BF80BD00080048FF
:100BF00080B582B000AF0346FB7100BF084B1B6895
:100C00009B6803F00203022BF8D1F91D6423012233
:100C1000034804F072F800BF0837BD4680BD00BF2E
:100C20003C01002080B582B000AF78600B467B802D
:100C300000BF084B1B689B6803F00203022BF8D12E
:100C40007A8864237968034804F057F800BF0837AE
:100C5000BD4680BD3C01002080B584B002AFFF23BB
:100C6000FB7100BF094B1B689B6803F00203022B5A
:100C7000F8D1BA1DF91D642300930123034804F041
:100C8000B2F9BB7918460837BD4680BD3C0100204B
:100C900080B582B000AF7860FFF7DEFF03461A46EA
:100CA0007B681A7000BF0837BD4680BD80B582B032
:100CB00000AF0A4B4FF4FA721A80FFF7CDFF0346DC
:100CC000FB71FB79FF2B03D0044B1B88002BF4D165
:100CD000FB7918460837BD4680BD00BFE200002002
:100CE00080B584B000AF41F6FF73FB60FFF772FF81
:100CF0000023BB6005E0FF20FFF77AFFBB680133EC
:100D0000BB60BB68092BF6DDFFF756FF40233B7045
:100D100000237B700023BB700023FB7000233B711A
:100D200095237B713B4606211846FFF77BFF02E0C7
:100D3000FB68013BFB60FFF78FFF0346012B02D0EE
:100D4000FB68002BF4D1FFF745FFFF20FFF750FFB2
:100D5000034B01221A7000BF1037BD4680BD00BF93
:100D6000E500002080B400AF034B00221A7000BFE2
:100D7000BD465DF8047B7047E500002080B400AFFD
:100D8000034B1B781846BD465DF8047B704700BFD7
:100D9000E500002080B584B000AF78603960134B67
:100DA000C8221A80FFF758FF0346FB73FB7BFF2B1B
:100DB00003D10E4B1B88002BF4D1FB7BFE2B01D003
:100DC00000230FE07B685A1C7A601846FFF760FF2B
:100DD0003B685A1E3A60002BF4D1FFF73DFFFFF746
:100DE0003BFF012318461037BD4680BDE0000020C0
:100DF00080B584B000AF78600B46FB700023BB73F6
:100E0000FFF754FF0346FF2B01D000232FE0FB78B0
:100E10001846FFF7EDFEFB78FD2B20D04FF4007154
:100E20007868FFF7FFFEFFF717FFFFF715FF0BE0EE
:100E3000FFF712FF0346FB73FB7B03F01F03052B39
:100E400006D0BB7B0133BB73BB7B402BF0D900E0EA
:100E500000BF00BFFFF700FF0346002BFAD0FB7B6B
:100E600003F01F03052B01D1012300E000231846E6
:100E70001037BD4680BD80B584B000AF03463960F1
:100E8000FB71FFF713FF0346FF2B01D0FF2342E066
:100E9000FB791846FFF7ACFE3B681B0EDBB2184629
:100EA000FFF7A6FE3B681B0CDBB21846FFF7A0FE5F
:100EB0003B681B0ADBB21846FFF79AFE3B68DBB2C1
:100EC0001846FFF795FEFB79402B02D19523FB7363
:100ED00007E0FB79482B02D18723FB7301E0012354
:100EE000FB73FB7B1846FFF783FEFB794C2B01D18C
:100EF000FFF7B2FE0A23BB73FFF7AEFE03467B7318
:100F000097F90D30002B05DABB7B013BBB73BB7B34
:100F1000002BF1D17B7B18461037BD4680BD000009
:100F200090B585B000AF0346FB71FB79002B01D073
:100F30000123D1E06A4B1B78DBB203F00203002BE4
:100F400003D0674B1B78DBB2C6E0FFF7C9FEFFF7A3
:100F500033FE0023BB7300214020FFF78CFF0346C4
:100F6000012B40F0A1805F4B4FF47A721A804FF44E
:100F7000D5714820FFF77FFF0346012B55D1002391
:100F8000FB730CE0FC7BFFF767FE03461A4604F197
:100F900010033B4403F8082CFB7B0133FB73FB7B02
:100FA000032BEFD9BB7A012B7ED1FB7AAA2B7BD105
:100FB00000217720FFF75FFF0346012B07D84FF092
:100FC00080416920FFF757FF0346002B04D0454BB3
:100FD0001B88002BECD100E000BF424B1B88002B8C
:100FE00062D000217A20FFF746FF0346002B5BD139
:100FF0000023FB730CE0FC7BFFF72EFE03461A4632
:1010000004F110033B4403F8082CFB7B0133FB7312
:10101000FB7B032BEFD93B7A03F04003002B01D07D
:101020000C2300E00423BB733EE000217720FFF790
:1010300022FF0346012B08D800216920FFF71BFF80
:101040000346012B01D8022300E00123BB73BB7BC5
:10105000022B0ED100217720FFF70DFF0346012B55
:101060000ED800216920FFF706FF0346002B07D1A9
:101070000CE000214120FFF7FEFE0346002B04D0C8
:10108000184B1B88002BE2D100E000BF154B1B88DA
:10109000002B07D04FF400715020FFF7ECFE034601
:1010A000002B01D00023BB730F4ABB7B1370FFF7EB
:1010B00091FDFFF7D1FDBB7B002B08D0084B1B78BF
:1010C000DBB223F00103DAB2054B1A7001E0FFF73F
:1010D00049FE034B1B78DBB218461437BD4690BD62
:1010E00000000020E0000020E400002080B483B075
:1010F00000AF0346FB71FB79002B01D0012302E016
:10110000044B1B78DBB218460C37BD465DF8047BF8
:10111000704700BF0000002080B584B000AFB96008
:101120007A603B600346FB73FB7B002B02D13B687C
:10113000002B01D1042351E02A4B1B78DBB203F0D2
:101140000103002B01D0032348E0274B1B7803F059
:101150000403002B02D17B685B027B60FFF72CFD50
:101160003B68012B11D179685120FFF784FE0346BB
:10117000002B29D14FF40071B868FFF70BFE03462E
:10118000002B21D000233B601EE079685220FFF73E
:1011900072FE0346002B17D14FF40071B868FFF7B9
:1011A000F9FD0346002B0AD0BB6803F50073BB6052
:1011B0003B68013B3B603B68002BEDD100E000BF8A
:1011C00000214C20FFF757FEFFF704FDFFF744FD19
:1011D0003B68002B14BF01230023DBB218461037F5
:1011E000BD4680BD00000020E400002080B584B032
:1011F00000AFB9607A603B600346FB73FB7B002B5A
:1012000002D13B68002B01D104236BE0374B1B78E4
:10121000DBB203F00103002B01D0032362E0334B68
:101220001B78DBB203F00403002B01D0022359E04A
:101230002F4B1B7803F00403002B02D17B685B0269
:101240007B60FFF7B9FC3B68012B10D1796858200F
:10125000FFF711FE0346002B3AD1FE21B868FFF7D5
:10126000C7FD0346002B33D000233B6030E0204B0A
:101270001B7803F00203002B07D000217720FFF733
:10128000FAFD39685720FFF7F6FD79685920FFF716
:10129000F2FD0346002B1BD1FC21B868FFF7A8FD27
:1012A0000346002B0AD0BB6803F50073BB603B68A4
:1012B000013B3B603B68002BEED100E000BFFD210D
:1012C0000020FFF795FD0346002B01D101233B6071
:1012D000FFF780FCFFF7C0FC3B68002B14BF012325
:1012E0000023DBB218461037BD4680BD0000002049
:1012F000E400002090B58BB000AF03463A60FB716C
:101300000B46BB713B683B62FB79002B01D0042389
:1013100013E1012387F82730BB79052B24D13B6AE1
:101320001B78022B12D0022B1ADC002B02D0012BCF
:1013300006D015E0FFF716FD002387F82730FAE006
:10134000FFF7CEFC002387F82730F4E03B6A5C1CF3
:10135000FFF714FD03462370002387F82730EAE0E7
:10136000042387F82730E6E0764B1B78DBB203F0E6
:101370000103002B01D00323DFE0FFF71DFCBB7945
:101380000D2B00F2C98001A252F823F0831400084B
:10139000C513000873140008191500081915000872
:1013A0001915000819150008191500081915000865
:1013B000191500081915000895140008B91400083B
:1013C000DD14000800214920FFF755FD0346002BDE
:1013D00040F0A68007F10C0310211846FFF7DAFC55
:1013E0000346002B00F09C803B7B9B09DBB2012B6A
:1013F0000DD17B7D1A463B7D1B029BB213449BB2F1
:101400000133FB83FB8B9A023B681A602DE07B7CE7
:1014100003F00F03DAB2BB7DDB09DBB21344DAB2AF
:101420007B7D5B00DBB203F00603DBB21344DBB26F
:10143000023387F826303B7D9B09DBB21A46FB7CE2
:101440009B009BB213449AB2BB7C9B029BB203F4F9
:1014500040639BB213449BB20133FB83FA8B97F832
:101460002630093B9A403B681A60002387F82730F2
:1014700056E03B684FF400721A80002387F827304B
:1014800055E0FFF713FC0346FF2B4BD1002387F8F1
:10149000273047E000214920FFF7EDFC0346002BF1
:1014A00042D11021386AFFF775FC0346002B3BD070
:1014B000002387F8273037E000214A20FFF7DBFCC4
:1014C0000346002B32D11021386AFFF763FC034634
:1014D000002B2BD0002387F8273027E000217A202B
:1014E000FFF7C9FC0346002B16D1002387F82630EE
:1014F0000BE03C6A631C3B62FFF7AEFB03462370C4
:1015000097F82630013387F8263097F82630032BDA
:10151000EFD9002387F82730042387F8273006E027
:1015200000BF04E000BF02E000BF00E000BFFFF723
:1015300051FBFFF791FB97F8273018462C37BD4633
:1015400090BD00BF0000002080B483B000AF786081
:101550004FF06043D3F8803E03F00103002B13D01B
:101560004FF06043D3F8003E03F00103002B0BD093
:1015700000E000BF4FF060431B68002BF9D04FF034
:1015800060437A68D2B21A707B6818460C37BD4641
:101590005DF8047B704780B586B000AFF860B96035
:1015A0007A6000237B6100237B6109E0BB685A1CE1
:1015B000BA601B781846FFF7C7FF7B6901337B6170
:1015C0007A697B689A42F1DB7B6818461837BD461A
:1015D00080BD000080B584B000AF78607B681B6878
:1015E0004A4A934240F08D807B681B7F012B40F07C
:1015F0008880474B1B78DBB2002B1AD1002178681A
:1016000004F0BAFB0346434A1360414B01221A70AF
:101610007B681B681A6A7B681B6822F00A021A62E0
:101620007B681B681A6A7B681B6842F002021A62B8
:1016300067E0374B1B78DBB2012B62D10021786861
:1016400004F09AFB0346344A13607B681B6800224F
:101650005A62314B1A682F4B1B689A4207D92E4B9E
:101660001A682C4B1B68D31A2C4A13600FE0294BC5
:101670001A68294B1B689A4209D9274B1A68254BCF
:101680001B68D31A03F57F43FF33244A1360234BAF
:101690001B6807EE903AF8EE677AC7ED037AD7ED4C
:1016A000037A9FED1F7A27EE877AF0EE006AC7EE85
:1016B000267AC7ED027AD7ED027AB6EE007A77EE97
:1016C000877AFCEEE77A17EE903A9AB2154B1A80B9
:1016D0000F4B00221A707B681B681A6A7B681B68B4
:1016E00022F00A021A627B681A687B681B68126A19
:1016F0001A627B681B68DA687B681B6822F002024A
:10170000DA6000BF1037BD4680BD00BF002C01402D
:101710005023002044230020482300204C23002095
:1017200096430B3D5223002080B582B000AF00F0FD
:10173000B7FF7860284B00221A70284B00221A80CD
:10174000274B00221A60274B00221A60264B0022EA
:101750001A60264B1B6800225A62244B1B68DA6809
:10176000224B1B6842F00202DA6001224FF4004172
:101770001F4801F081FA00233B6002E03B6801331F
:101780003B603B68B3F5487FF8DB00224FF4004133
:10179000174801F071FA12E000F082FF02467B6800
:1017A000D31A1E2B0BD90D4B00221A800F4B1B682E
:1017B000DA680E4B1B6822F00202DA6004E0074B85
:1017C0001B889BB2002BE7D0044B1B889BB21846AA
:1017D0000837BD4680BD00BF5023002052230020A3
:1017E0004C2300204423002048230020A001002097
:1017F0000004004880B588B000AF00F0E1FE00F0C2
:101800008DF800F0E5F900F01BF905F063FB00F03E
:10181000AFF900F0D5F800F051F9374808F026FF8D
:1018200000F04AFA0021354803F0B8FF3448FEF7CB
:10183000CFFC03469AB264233149324804F0ECFDF0
:10184000FFF772FF03461A462F4B1A802E4B1B8858
:101850009BB2002B33D02C4B1B889BB2952B2ED8E0
:101860002A4B1B889BB2002B41D12948FEF7B0FCC4
:1018700003469AB264232649224804F0CDFD224B48
:101880001B889BB21A463B462249184608F0F6FED2
:101890003B461846FEF79CFC03469AB23946642341
:1018A000184804F0B9FD00F05BFB174B1B889BB296
:1018B000184600F0B5FA154B01221A8017E0134BB9
:1018C0001B889BB2012B12D11348FEF781FC034603
:1018D0009AB2642310490B4804F09EFD0A4B1B8802
:1018E0009BB2184600F0C6FA084B00221A80C820A6
:1018F00000F0E2FEA4E700BF4CB70008A001002002
:1019000004000020EC01002052230020542300207A
:101910001000002064B700082C00002080B596B0AD
:1019200000AF07F1140344220021184608F0A0FF7D
:101930003B4600221A605A609A60DA601A614FF4DE
:10194000007001F025FE0346002B01D000F0BCFA28
:1019500010237B610123FB6200233B6360237B63D5
:101960000223FB6301233B6401237B641423BB64D8
:101970000723FB6402233B6502237B6507F1140305
:10198000184601F05BFE0346002B01D000F09CFAE4
:101990000F233B6003237B600023BB600023FB60BD
:1019A00000233B613B460221184602F023FA03461E
:1019B000002B01D000F088FA00BF5837BD4680BD2B
:1019C00080B500AF1B4B1C4A1A601A4B1B4A5A6069
:1019D000184B00229A60174B0122DA60154B002247
:1019E0001A61144B00225A61124B00229A61114B6A
:1019F0000022DA610F4B00221A620E4801F054F9FE
:101A00000346002B01D000F05FFA0021094801F0E5
:101A100019FD0346002B01D000F056FA00210548BD
:101A200001F05BFD0346002B01D000F04DFA00BF32
:101A300080BD00BFE800002000540040E39BD000C0
:101A400080B500AF1B4B1C4A1A601A4B4FF48272D0
:101A50005A60184B00229A60164B4FF4E062DA602D
:101A6000144B00221A61134B00225A61114B4FF4A0
:101A700000729A610F4B0022DA610E4B00221A624B
:101A80000C4B00225A620B4B00229A62094B072230
:101A9000DA62084B00221A63064B08225A63054893
:101AA00003F088F80346002B01D000F00DFA00BFC8
:101AB00080BD00BF3C0100200038004080B588B0E8
:101AC00000AF07F1140300221A605A609A603B1DB0
:101AD00000221A605A609A60DA60234B234A1A6027
:101AE000214B4F225A60204B00229A601E4B4FF62A
:101AF000FE72DA601C4B00221A611B4B00225A61F5
:101B0000194B00229A61184803F0F0FD0346002BA0
:101B100001D000F0D9F900237B610023BB610023D1
:101B2000FB6107F1140319460F4804F081FB0346DB
:101B3000002B01D000F0C8F900237B600123BB60BB
:101B40000023FB6000233B613B1D00221946064831
:101B500004F075F80346002B01D000F0B5F900BF82
:101B60002037BD4680BD00BFA0010020002C0140F1
:101B700080B500AF144B154A1A60134B4FF4E13295
:101B80005A60114B00229A600F4B0022DA600E4B14
:101B900000221A610C4B0C225A610B4B00229A61F5
:101BA000094B0022DA61084B00221A62064B002220
:101BB0005A62054804F0E2FB0346002B01D000F016
:101BC00083F900BF80BD00BFEC010020004400404D
:101BD00080B588B000AF07F10C0300221A605A608C
:101BE0009A60DA601A61314BDB6C304A43F00403CF
:101BF000D3642E4BDB6C03F00403BB60BB682B4B40
:101C0000DB6C2A4A43F00103D364284BDB6C03F0FE
:101C100001037B607B68254BDB6C244A43F00203A5
:101C2000D364224BDB6C03F002033B603B68002271
:101C300002211F4801F020F800224FF400411D4806
:101C400001F01AF80223FB6001233B6100237B6152
:101C50000023BB6107F10C031946154800F062FE32
:101C60004FF40043FB6001233B6100237B610023B1
:101C7000BB6107F10C0319460E4800F053FE4FF408
:101C80008073FB6002233B6100237B610023BB6107
:101C90000123FB6107F10C0319464FF0904000F05F
:101CA00041FE00BF2037BD4680BD00BF001002408E
:101CB000000800480004004880B584B000AF01224D
:101CC0004749484807F04EFB03461A46464B1A70F0
:101CD000454B1B78002B05D0434B1B7819464348D6
:101CE00008F05CFC424808F0C1FC3A1D3B4619462E
:101CF0003B4808F0E0F87B68DB69023B7A68528970
:101D000002FB03F31846FEF727FD4FF00002394BA4
:101D1000FEF7B6FA02460B4610461946FEF796FD48
:101D20000346FB607B685B891A463B6802FB03F352
:101D30001846FEF711FD4FF000022E4BFEF7A0FAF9
:101D400002460B4610461946FEF780FD0346BB606F
:101D5000BA68F968284808F021FC0B22274928486E
:101D600007F046FB03461A461F4B1A701E4B1B78A2
:101D7000002B05D01C4B1B781946224808F00EFC9E
:101D8000214808F073FC1E49204808F0FEF91C4861
:101D900008F067F801221949194807F029FB0346A2
:101DA0001A46114B1A70104B1B78002B05D00E4BA6
:101DB0001B781946164808F0F1FB114A64211548B2
:101DC00008F02EF91349144808F0E8FB0C4808F015
:101DD00048F8124808F04AFC00BF1037BD4680BDE5
:101DE00078B7000874020020DC2200207CB70008CD
:101DF00098B700080000E03FBCB70008ECB7000847
:101E0000AC120020F8B700081CB8000830B8000871
:101E100060B80008E02200207CB800088CB80008F8
:101E200080B590B000AF786007F10C037A680D4977
:101E3000184608F023FC32220B490C4807F0D8FA68
:101E400003461A460A4B1A7007F10C030749184655
:101E500008F09BF9054808F004F800BF4037BD467C
:101E600080BD00BFB4B80008ECB70008AC12002079
:101E7000DC22002080B590B000AF786007F10C0341
:101E80007A680D49184608F0F9FB32220B490C48D4
:101E900007F0AEFA03461A460A4B1A7007F10C0314
:101EA0000749184608F071F9054807F0DAFF00BF46
:101EB0004037BD4680BD00BFD8B80008ECB7000869
:101EC000AC120020DC22002080B400AF72B600BF4C
:101ED00000BFFDE780B582B000AF0023FB711DE0BD
:101EE000FB79503BDBB21A460021782000F0A8F8BD
:101EF00000220021782000F0A3F810220021782091
:101F000000F09EF8FB79DB01084A1A448023402147
:101F1000782000F02FF8FB790133FB71FB79072B58
:101F2000DED900BF00BF0837BD4680BD5823002062
:101F300080B582B000AF0346FB71FB79002B01D165
:101F4000002300E0FF234FF480621946034808F0A5
:101F50008FFC00BF0837BD4680BD00BF582300205E
:101F600080B500AF0020FFF7E3FFFFF7B3FF00BF2E
:101F700080BD000090B5C7B002AF0446084607F523
:101F80008871A1F588710A60194607F58873A3F274
:101F9000091322461A7007F58873A3F58573024664
:101FA0001A7007F58873A3F586730A461A8007F539
:101FB0008873A3F5827307F58872A2F5857212788B
:101FC0001A70002387F80F3115E097F80F3107F5E5
:101FD0008872A2F5887212681A4497F80F3101339B
:101FE000117807F58872A2F58272D15497F80F31F3
:101FF000013387F80F3197F80F319BB207F58872DC
:10200000A2F5867212889A42DFD807F58873A3F288
:1020100009131B7899B207F58873A3F586731B889B
:1020200001339BB207F10C020A200090034800F034
:10203000D7FE00BF07F58A77BD4690BDE8000020B7
:1020400080B586B002AF0346FB710B46BB711346E9
:102050007B71BB793B737B797B73FB7999B207F119
:102060000C020A2300930223034800F0B9FE00BFCC
:102070001037BD4680BD00BFE800002080B483B0AB
:1020800000AF0F4B1B6E0E4A43F0010313660C4B5F
:102090001B6E03F001037B607B68094B9B6D084A54
:1020A00043F080539365064B9B6D03F080533B6078
:1020B0003B6800BF0C37BD465DF8047B704700BF2E
:1020C0000010024080B5ACB000AF786007F19C030F
:1020D00000221A605A609A60DA601A6107F11403EC
:1020E00088220021184608F0C3FB7B681B68214A40
:1020F00093423AD140237B6100237B6607F11403AE
:10210000184602F09BF80346002B01D0FFF7DCFED7
:10211000194BDB6C184A43F00203D364164BDB6C9B
:1021200003F002033B613B69C023C7F89C301223D4
:10213000C7F8A0300023C7F8A4300323C7F8A8309D
:102140000423C7F8AC3007F19C0319460B4800F094
:10215000E9FB094B9B6D084A43F400139365064B5A
:102160009B6D03F40013FB60FB6800BFB037BD46F6
:1021700080BD00BF00540040001002400004004831
:1021800080B58AB000AF786007F1140300221A60AE
:102190005A609A60DA601A617B681B68254A93422C
:1021A00044D1254B9B6D244A43F480439365224BD5
:1021B0009B6D03F480433B613B691F4BDB6C1E4A04
:1021C00043F00403D3641C4BDB6C03F00403FB609B
:1021D000FB68194BDB6C184A43F00203D364164BBF
:1021E000DB6C03F00203BB60BB680C237B61022342
:1021F000BB610023FB6103233B6205237B6207F184
:10220000140319460D4800F08DFB4FF480637B6189
:102210000223BB610023FB6103233B6205237B6236
:1022200007F114031946064800F07CFB00BF28376D
:10223000BD4680BD00380040001002400008004844
:102240000004004880B58AB000AF786007F114033D
:1022500000221A605A609A60DA601A617B681B6813
:102260001C4A934231D11C4B1B6E1B4A43F4006342
:102270001366194B1B6E03F400633B613B69164BFD
:10228000DB6C154A43F00103D364134BDB6C03F0A2
:102290000103FB60FB684FF480737B610223BB6129
:1022A0000023FB6100233B6201237B6207F11403DF
:1022B00019464FF0904000F035FB002200211B2012
:1022C00000F0F9FA1B2000F012FB00BF2837BD46D2
:1022D00080BD00BF002C01400010024080B5ACB0B2
:1022E00000AF786007F19C0300221A605A609A6080
:1022F000DA601A6107F1140388220021184608F0F9
:10230000B7FA7B681B68214A93423BD102237B6169
:1023100000233B6507F11403184601F08FFF0346C5
:10232000002B01D0FFF7D0FD194B9B6D184A43F4E9
:1023300000339365164B9B6D03F400333B613B699F
:10234000134BDB6C124A43F00103D364104BDB6C7C
:1023500003F00103FB60FB680C23C7F89C300223E9
:10236000C7F8A0300023C7F8A4300323C7F8A8306B
:102370000723C7F8AC3007F19C0319464FF0904093
:1023800000F0D0FA00BFB037BD4680BD0044004029
:102390000010024080B400AF00BFFDE780B400AF82
:1023A00000BFFDE780B400AF00BFFDE780B400AF21
:1023B00000BFFDE780B400AF00BFFDE780B400AF11
:1023C00000BFBD465DF8047B704780B400AF00BF1E
:1023D000BD465DF8047B704780B400AF00BFBD46CA
:1023E0005DF8047B7047000080B500AF0B4B1B8885
:1023F000002B05D0094B1B88013B9AB2074B1A8072
:10240000074B1B88002B05D0054B1B88013B9AB25C
:10241000034B1A8000F030F900BF80BDE0000020BF
:10242000E200002080B500AF024803F001FB00BFCE
:1024300080BD00BFA001002080B586B000AFF8606D
:10244000B9607A6000237B610AE0AFF30080014647
:10245000BB685A1CBA60CAB21A707B6901337B61CF
:102460007A697B689A42F0DB7B6818461837BD466C
:1024700080BD80B483B000AF78604FF0FF33184662
:102480000C37BD465DF8047B704780B483B000AF65
:10249000786039603B684FF400525A600023184658
:1024A0000C37BD465DF8047B704780B483B000AF45
:1024B0007860012318460C37BD465DF8047B7047F1
:1024C00080B485B000AFF860B9607A600023184628
:1024D0001437BD465DF8047B7047000080B586B0B8
:1024E00000AF7860144A154BD31A7B617B693B615E
:1024F000134B1B68002B02D1114B124A1A60104B70
:102500001A687B6813443A699A4207D208F0FEF9C8
:1025100003460C221A604FF0FF3309E0084B1B689A
:10252000FB60074B1A687B681344054A1360FB681D
:1025300018461837BD4680BD008001200004000009
:1025400058270020E82A002080B400AF064BD3F8BB
:102550008830054A43F47003C2F8883000BFBD4696
:102560005DF8047B704700BF00ED00E0DFF834D079
:10257000FFF7EAFF0C480D490D4A002302E0D4584A
:10258000C4500433C4188C42F9D30A4A0A4C0023BD
:1025900001E013600432A242FBD308F0BDF9FFF75B
:1025A00029F9FEE70080012000000020C40000207F
:1025B00034BE0008C4000020E82A0020FEE7000026
:1025C00080B582B000AF0023FB710C4B1B680B4A37
:1025D00043F480731360032000F062F9002000F0E0
:1025E0000FF80346002B02D00123FB7101E0FFF737
:1025F00045FDFB7918460837BD4680BD00200240E6
:1026000080B584B000AF78600023FB73174B1B7854
:10261000002B23D0164B1A68144B1B7819464FF425
:102620007A73B3FBF1F3B2FBF3F3184600F06DF9E4
:102630000346002B0FD17B680F2B09D80022796845
:102640004FF0FF3000F037F90A4A7B68136007E06B
:102650000123FB7304E00123FB7301E00123FB73FF
:10266000FB7B18461037BD4680BD00BF50000020E0
:10267000480000204C00002080B400AF064B1B78BF
:102680001A46064B1B681344044A136000BFBD463C
:102690005DF8047B704700BF500000205C270020DD
:1026A00080B400AF034B1B681846BD465DF8047B41
:1026B000704700BF5C27002080B584B000AF786011
:1026C000FFF7EEFFB8607B68FB60FB68B3F1FF3F8C
:1026D00005D00A4B1B781A46FB681344FB6000BF09
:1026E000FFF7DEFF0246BB68D31AFA689A42F7D8B2
:1026F00000BF00BF1037BD4680BD00BF50000020A6
:1027000080B485B000AF78607B6803F00703FB609E
:102710000C4BDB68BB60BA684FF6FF031340BB602D
:10272000FB681A02BB68134343F0BF6343F40033F2
:10273000BB60044ABB68D36000BF1437BD465DF878
:10274000047B704700ED00E080B400AF044BDB6811
:102750001B0A03F007031846BD465DF8047B70476B
:1027600000ED00E080B483B000AF0346FB7197F941
:102770000730002B0BDBFB7903F01F02074997F9A9
:1027800007305B09012000FA02F241F8232000BF64
:102790000C37BD465DF8047B704700BF00E100E0E8
:1027A00080B483B000AF03463960FB7197F90730FE
:1027B000002B0ADB3B68DAB20C4997F907301201AB
:1027C000D2B20B4483F800230AE03B68DAB208492E
:1027D000FB7903F00F03043B1201D2B20B441A76CB
:1027E00000BF0C37BD465DF8047B704700E100E098
:1027F00000ED00E080B489B000AFF860B9607A60A5
:10280000FB6803F00703FB61FB69C3F10703042BBB
:1028100028BF0423BB61FB690433062B02D9FB6983
:10282000033B00E000237B614FF0FF32BB6902FAFB
:1028300003F3DA43BB681A407B699A404FF0FF31DB
:102840007B6901FA03F3D9437B680B4013431846B5
:102850002437BD465DF8047B7047000080B582B028
:1028600000AF78607B68013BB3F1807F01D3012327
:102870000FE00A4A7B68013B53600F214FF0FF30A5
:10288000FFF78EFF054B00229A60044B07221A6067
:10289000002318460837BD4680BD00BF10E000E0A9
:1028A00080B582B000AF78607868FFF729FF00BF7D
:1028B0000837BD4680BD80B586B000AF0346B9601D
:1028C0007A60FB7300237B61FFF73EFF78617A68D3
:1028D000B9687869FFF78EFF024697F90F30114605
:1028E0001846FFF75DFF00BF1837BD4680BD80B5B5
:1028F00082B000AF0346FB7197F907301846FFF727
:1029000031FF00BF0837BD4680BD80B582B000AF43
:1029100078607868FFF7A2FF034618460837BD467F
:1029200080BD000080B487B000AF786039600023BC
:102930007B617FE13B681A6801217B6901FA03F33F
:102940001340FB60FB68002B00F071813B685B6803
:1029500003F00303012B05D03B685B6803F003031E
:10296000022B30D17B689B683B617B695B00032253
:1029700002FA03F3DB433A6913403B613B68DA68D0
:102980007B695B0002FA03F33A6913433B617B689E
:102990003A699A607B685B683B6101227B6902FA55
:1029A00003F3DB433A6913403B613B685B681B09F7
:1029B00003F001027B6902FA03F33A6913433B61B6
:1029C0007B683A695A603B685B6803F00303032B3A
:1029D00018D17B68DB6A3B6101227B6902FA03F351
:1029E000DB433A6913403B613B685B68DB0803F0FB
:1029F00001027B6902FA03F33A6913433B617B6886
:102A00003A69DA623B685B6803F00303032B17D073
:102A10007B68DB683B617B695B00032202FA03F39E
:102A2000DB433A6913403B613B689A687B695B0012
:102A300002FA03F33A6913433B617B683A69DA604F
:102A40003B685B6803F00303022B23D17B69DA0840
:102A50007B68083253F822303B617B6903F007033F
:102A60009B000F2202FA03F3DB433A6913403B61F8
:102A70003B681A697B6903F007039B0002FA03F3C2
:102A80003A6913433B617B69DA087B68083239692C
:102A900043F822107B681B683B617B695B00032263
:102AA00002FA03F3DB433A6913403B613B685B681E
:102AB00003F003027B695B0002FA03F33A691343F4
:102AC0003B617B683A691A603B685B6803F440339A
:102AD000002B00F0AC805F4B1B6E5E4A43F001039D
:102AE00013665C4B1B6E03F00103BB60BB685A4A64
:102AF0007B699B08023352F823303B617B6903F00A
:102B000003039B000F2202FA03F3DB433A691340ED
:102B10003B617B68B3F1904F25D07B684F4A93426D
:102B20001FD07B684E4A934219D07B684D4A93422E
:102B300013D07B684C4A93420DD07B684B4A93423A
:102B400007D07B684A4A934201D106230CE0072351
:102B50000AE0052308E0042306E0032304E002233F
:102B600002E0012300E000237A6902F003029200F0
:102B700093403A6913433B6137497B699B080233B1
:102B80003A6941F823203B4B9B683B61FB68DB4380
:102B90003A6913403B613B685B6803F48013002B88
:102BA00003D03A69FB6813433B61324A3B69936047
:102BB000304BDB683B61FB68DB433A6913403B61A8
:102BC0003B685B6803F40013002B03D03A69FB6891
:102BD00013433B61274A3B69D360264B5B683B61EB
:102BE000FB68DB433A6913403B613B685B6803F475
:102BF0000033002B03D03A69FB6813433B611D4A45
:102C00003B6953601B4B1B683B61FB68DB433A69C4
:102C100013403B613B685B6803F48033002B03D0B7
:102C20003A69FB6813433B61124A3B6913607B6955
:102C300001337B613B681A687B6922FA03F3002B3E
:102C40007FF478AE00BF00BF1C37BD465DF8047B43
:102C5000704700BF0010024000000140000400481F
:102C600000080048000C004800100048001400480C
:102C7000001800480004014080B483B000AF7860C1
:102C80000B467B8013467B707B78002B03D07A88C1
:102C90007B689A6102E07A887B689A6200BF0C3791
:102CA000BD465DF8047B704780B582B000AF7860A8
:102CB0007B68002B01D101238DE07B6893F84130C4
:102CC000DBB2002B06D17B68002283F840207868B5
:102CD000FFF7F8F97B68242283F841207B681B68A2
:102CE0001A687B681B6822F001021A607B685A68C8
:102CF0007B681B6822F070621A617B681B689A68A7
:102D00007B681B6822F400429A607B68DB68012BB9
:102D100007D17B689A687B681B6842F400429A601E
:102D200006E07B689A687B681B6842F404429A60FC
:102D30007B68DB68022B08D17B681B685A687B685C
:102D40001B6842F400625A6007E07B681B685A689F
:102D50007B681B6822F400625A607B681B685B68B2
:102D60007A68126843F0007343F4004353607B6851
:102D70001B68DA687B681B6822F40042DA607B68B3
:102D80001A697B685B6942EA03017B689B691A02E6
:102D90007B681B680A43DA607B68D9697B681A6ABA
:102DA0007B681B680A431A607B681B681A687B682B
:102DB0001B6842F001021A607B6800225A647B683B
:102DC000202283F841207B6800221A637B6800225E
:102DD00083F84220002318460837BD4680BD000016
:102DE00080B588B002AFF8607A601A460B467B81E6
:102DF00013463B81FB6893F84130DBB2202B40F057
:102E0000FD80FB6893F84030012B01D10223F6E0EE
:102E1000FB68012283F84020FFF742FC38613B69E0
:102E20000093192301224FF40041F86800F014F9CF
:102E30000346002B01D00123E1E0FB68212283F847
:102E40004120FB68102283F84220FB6800225A646C
:102E5000FB687A685A62FB683A895A85FB680022E7
:102E60005A63FB685B8D9BB2FF2B06D9FB68FF2280
:102E70001A854FF080737B6107E0FB685B8D9AB227
:102E8000FB681A854FF000737B61FB681B8D002B7C
:102E900024D0FB685B6A1A78FB681B689A62FB683F
:102EA0005B6A5A1CFB685A62FB685B8D9BB2013BF4
:102EB0009AB2FB685A85FB681B8D013B9AB2FB688E
:102EC0001A85FB681B8DDBB20133DAB279894E4B70
:102ED00000937B69F86800F083FA66E0FB681B8D5D
:102EE000DAB27989484B00937B69F86800F078FA88
:102EF0005BE03A69396AF86800F007F90346002B8D
:102F000001D001237BE0FB685B6A1A78FB681B68D1
:102F10009A62FB685B6A5A1CFB685A62FB685B8DAD
:102F20009BB2013B9AB2FB685A85FB681B8D013B43
:102F30009AB2FB681A85FB685B8D9BB2002B34D07C
:102F4000FB681B8D002B30D13B6900933B6A00224C
:102F50008021F86800F080F80346002B01D001239F
:102F60004DE0FB685B8D9BB2FF2B0ED9FB68FF2207
:102F70001A85FB681B8DDAB27989002300934FF024
:102F80008073F86800F02CFA0FE0FB685B8D9AB252
:102F9000FB681A85FB681B8DDAB2798900230093E0
:102FA0004FF00073F86800F01BFAFB685B8D9BB272
:102FB000002B9ED13A69396AF86800F0EDF80346B3
:102FC000002B01D001231AE0FB681B682022DA6184
:102FD000FB681B685968FB681A680C4B0B40536010
:102FE000FB68202283F84120FB68002283F84220FE
:102FF000FB68002283F84020002300E002231846EB
:103000001837BD4680BD00BF0020008000E800FEEC
:1030100080B483B000AF78607B681B689B6903F065
:103020000203022B03D17B681B6800229A627B6833
:103030001B689B6903F00103012B07D07B681B68A9
:103040009A697B681B6842F001029A6100BF0C37E5
:10305000BD465DF8047B704780B584B000AFF86072
:10306000B9603B601346FB713BE0BA693968F868A8
:1030700000F0D6F80346002B01D0012341E03B6865
:10308000B3F1FF3F2DD0FFF70BFB0246BB69D31A0C
:103090003A689A4202D33B68002B22D1FB681B6836
:1030A0009A69BB681340BA689A420CBF0123002397
:1030B000DBB21A46FB799A4213D1FB685B6C43F092
:1030C0002002FB685A64FB68202283F84120FB68D9
:1030D000002283F84220FB68002283F8402001236D
:1030E0000FE0FB681B689A69BB681340BA689A4294
:1030F0000CBF01230023DBB21A46FB799A42B4D0FD
:10310000002318461037BD4680BD80B584B000AF9F
:10311000F860B9607A6033E07A68B968F86800F0FE
:103120007FF80346002B01D0012331E0BB68B3F1E7
:10313000FF3F25D0FFF7B4FA02467B68D31ABA687E
:103140009A4202D3BB68002B1AD1FB681B689B69AB
:1031500003F00203022B13D0FB685B6C43F02002E8
:10316000FB685A64FB68202283F84120FB68002238
:1031700083F84220FB68002283F84020012307E007
:10318000FB681B689B6903F00203022BC4D1002378
:1031900018461037BD4680BD80B584B000AFF860DA
:1031A000B9607A602FE07A68B968F86800F038F89A
:1031B0000346002B01D001232DE0FFF771FA0246F0
:1031C0007B68D31ABA689A4202D3BB68002B1AD123
:1031D000FB681B689B6903F02003202B13D0FB685E
:1031E0005B6C43F02002FB685A64FB68202283F882
:1031F0004120FB68002283F84220FB68002283F80C
:103200004020012307E0FB681B689B6903F0200353
:10321000202BC8D1002318461037BD4680BD0000C2
:1032200080B58AB000AFF860B9607A60002387F893
:103230002730FB681B689B69BB6100233B627B688E
:10324000FB61BB6903F01003002B68D0FB681B68AF
:103250001022DA6149E0BB68B3F1FF3F45D0FFF7C8
:103260001FFA0246FB69D31ABA689A4202D3BB68B6
:10327000002B3AD1FB681B685B6803F480437B61D9
:10328000FB6893F84230FB74FB681B689B6903F48E
:103290000043B3F5004F21D17B69B3F5804F1DD0BA
:1032A000FB7C202B1AD0FB681B685A68FB681B68E4
:1032B00042F480425A60FFF7F3F9F8610EE0FFF73D
:1032C000EFF90246FB69D31A192B07D93B6A43F081
:1032D00020033B62012387F8273006E0FB681B6868
:1032E0009B6903F02003202BE9D1FB681B689B69D5
:1032F00003F02003202B03D097F82730002BAAD00F
:1033000097F82730002B03D1FB681B682022DA6175
:103310003B6A43F004033B62012387F82730FB68D4
:103320001B689B69BB61BB6903F48073002B0BD0E6
:103330003B6A43F001033B62FB681B684FF48072F9
:10334000DA61012387F82730BB6903F48063002B1F
:103350000BD03B6A43F008033B62FB681B684FF4E9
:103360008062DA61012387F82730BB6903F40073B8
:10337000002B0BD03B6A43F002033B62FB681B68E7
:103380004FF40072DA61012387F8273097F827306D
:10339000002B1CD0F868FFF73BFEFB681B685968E0
:1033A000FB681A680D4B0B405360FB685A6C3B6A14
:1033B0001A43FB685A64FB68202283F84120FB68AB
:1033C000002283F84220FB68002283F8402097F80F
:1033D000273018462837BD4680BD00BF00E800FEF4
:1033E00080B487B000AFF8607B600B467B811346EA
:1033F0007B727B89C3F309027B7A1B0403F47F038E
:103400001A437B681A433B6A134323F000437B61F2
:10341000FB681B685A683B6A5B0D03F48061084BCC
:103420000B43DB4302EA0301FB681B687A690A432A
:103430005A6000BF1C37BD465DF8047B704700BF73
:10344000FF63FF0380B483B000AF786039607B68AE
:1034500093F84130DBB2202B38D17B6893F84030B1
:10346000012B01D1022332E07B68012283F8402046
:103470007B68242283F841207B681B681A687B687C
:103480001B6822F001021A607B681B681A687B685F
:103490001B6822F480521A607B681B6819687B687D
:1034A0001B683A680A431A607B681B681A687B6865
:1034B0001B6842F001021A607B68202283F84120D9
:1034C0007B68002283F84020002300E00223184696
:1034D0000C37BD465DF8047B704780B485B000AF03
:1034E000786039607B6893F84130DBB2202B39D1AA
:1034F0007B6893F84030012B01D1022333E07B68D5
:10350000012283F840207B68242283F841207B68D5
:103510001B681A687B681B6822F001021A607B68CE
:103520001B681B68FB60FB6823F47063FB603B68EF
:103530001B02FA681343FB607B681B68FA681A6019
:103540007B681B681A687B681B6842F001021A607E
:103550007B68202283F841207B68002283F840208A
:10356000002300E0022318461437BD465DF8047BB3
:103570007047000080B400AF044B1B6803F4C063C5
:103580001846BD465DF8047B704700BF00700040E0
:1035900080B485B000AF78607B68B3F5007F30D130
:1035A000234B1B6803F4C063B3F5007F38D0204B76
:1035B0001B6823F4C0631E4A43F4007313601D4B61
:1035C0001B68322202FB03F31B4AA2FB03239B0C62
:1035D0000133FB6002E0FB68013BFB60144B5B695D
:1035E00003F48063B3F5806F02D1FB68002BF2D146
:1035F0000F4B5B6903F48063B3F5806F10D1032335
:103600000FE00B4B1B6803F4C063B3F5806F07D06A
:10361000074B1B6823F4C063054A43F480631360BF
:10362000002318461437BD465DF8047B704700BF81
:10363000007000404800002083DE1B4380B588B046
:1036400000AF78607B68002B01D10123CAE3974B60
:103650009B6803F00C03BB61944BDB6803F003032E
:103660007B617B681B6803F01003002B00F0E48093
:10367000BB69002B07D0BB690C2B40F08B807B69AA
:10368000012B40F08780894B1B6803F00203002B5D
:1036900005D07B689B69002B01D10123A2E37B68E5
:1036A0001A6A824B1B6803F00803002B04D07F4B7F
:1036B0001B6803F0F00305E07C4BD3F894301B0942
:1036C00003F0F003934223D27B681B6A184600F094
:1036D00055FD0346002B01D0012383E3734B1B6888
:1036E000724A43F008031360704B1B6823F0F0022A
:1036F0007B681B6A6D4913430B606C4B5B6823F45A
:103700007F427B68DB691B02684913434B6025E0FD
:10371000664B1B68654A43F008031360634B1B68E4
:1037200023F0F0027B681B6A604913430B605F4B18
:103730005B6823F47F427B68DB691B025B491343B0
:103740004B60BB69002B09D17B681B6A184600F0EF
:1037500015FD0346002B01D0012343E300F04AFC92
:103760000246524B9B681B0903F00F035049CB5C88
:1037700003F01F0322FA03F34E4A13604E4B1B68FB
:103780001846FEF73DFF0346FB73FB7B002B52D030
:10379000FB7B27E37B689B69002B32D0434B1B6884
:1037A000424A43F001031360FEF77AFF386108E0F4
:1037B000FEF776FF02463B69D31A022B01D9032399
:1037C00010E33A4B1B6803F00203002BF0D0374B99
:1037D0001B68364A43F008031360344B1B6823F020
:1037E000F0027B681B6A314913430B602F4B5B6807
:1037F00023F47F427B68DB691B022C4913434B6037
:103800001AE02A4B1B68294A23F001031360FEF7D4
:1038100047FF386108E0FEF743FF02463B69D31AD1
:10382000022B01D90323DDE2204B1B6803F00203C6
:10383000002BF0D100E000BF7B681B6803F00103A0
:10384000002B74D0BB69082B05D0BB690C2B0ED1A3
:103850007B69032B0BD1154B1B6803F40033002B42
:1038600064D07B685B68002B60D10123BAE27B687F
:103870005B68B3F5803F06D10C4B1B680B4A43F4E1
:103880008033136026E07B685B68B3F5A02F15D109
:10389000064B1B68054A43F480231360034B1B68E7
:1038A000024A43F48033136014E000BF001002406A
:1038B00068B90008480000204C000020A04B1B689D
:1038C0009F4A23F4803313609D4B1B689C4A23F46A
:1038D000802313607B685B68002B13D0FEF7E0FE4B
:1038E000386108E0FEF7DCFE02463B69D31A642B20
:1038F00001D9032376E2924B1B6803F40033002BBB
:10390000F0D014E0FEF7CCFE386108E0FEF7C8FE08
:1039100002463B69D31A642B01D9032362E2884B28
:103920001B6803F40033002BF0D100E000BF7B687C
:103930001B6803F00203002B60D0BB69042B05D089
:10394000BB690C2B19D17B69022B16D17C4B1B68F0
:1039500003F48063002B05D07B68DB68002B01D16A
:1039600001233FE2764B5B6823F0F8527B681B69CA
:103970001B06734913434B6040E07B68DB68002BF8
:1039800023D06F4B1B686E4A43F480731360FEF7BD
:1039900087FE386108E0FEF783FE02463B69D31AD2
:1039A000022B01D903231DE2654B1B6803F48063DE
:1039B000002BF0D0624B5B6823F0F8527B681B69E8
:1039C0001B065F4913434B6018E05D4B1B685C4A64
:1039D00023F480731360FEF763FE386108E0FEF79E
:1039E0005FFE02463B69D31A022B01D90323F9E19A
:1039F000534B1B6803F48063002BF0D17B681B687A
:103A000003F00803002B3CD07B685B69002B1CD0C3
:103A10004B4BD3F894304A4A43F00103C2F8943038
:103A2000FEF73EFE386108E0FEF73AFE02463B69CB
:103A3000D31A022B01D90323D4E1414BD3F894309C
:103A400003F00203002BEFD01BE03D4BD3F8943082
:103A50003B4A23F00103C2F89430FEF721FE38619F
:103A600008E0FEF71DFE02463B69D31A022B01D97E
:103A70000323B7E1324BD3F8943003F00203002B59
:103A8000EFD17B681B6803F00403002B00F0A680D5
:103A90000023FB772A4B9B6D03F08053002B0DD145
:103AA000274B9B6D264A43F080539365244B9B6DB7
:103AB00003F08053BB60BB680123FB77214B1B687D
:103AC00003F48073002B18D11E4B1B681D4A43F46E
:103AD00080731360FEF7E4FD386108E0FEF7E0FD57
:103AE00002463B69D31A022B01D903237AE1154B15
:103AF0001B6803F48073002BF0D07B689B68012B5C
:103B000008D10F4BD3F890300D4A43F00103C2F8AF
:103B1000903029E07B689B68052B15D1084BD3F8C2
:103B20009030074A43F00403C2F89030044BD3F8B6
:103B30009030034A43F00103C2F8903014E000BF14
:103B400000100240007000409C4BD3F890309B4A1C
:103B500023F00103C2F89030984BD3F89030974A85
:103B600023F00403C2F890307B689B68002B16D0CA
:103B7000FEF796FD38610AE0FEF792FD02463B69CA
:103B8000D31A41F28832934201D903232AE18B4BA5
:103B9000D3F8903003F00203002BEDD015E0FEF7D0
:103BA0007FFD38610AE0FEF77BFD02463B69D31AD0
:103BB00041F28832934201D9032313E17F4BD3F8BA
:103BC000903003F00203002BEDD1FB7F012B05D1D8
:103BD0007A4B9B6D794A23F0805393657B689B6A8F
:103BE000002B00F0FE807B689B6A022B40F0D080A7
:103BF000724BDB687B617B6903F003027B68DB6AE5
:103C00009A4230D17B6903F070027B681B6B013BE9
:103C10001B019A4227D17B6903F4FE427B685B6BF0
:103C20001B029A421FD17B6903F400337A68926BBE
:103C3000072A14BF01220022D2B2934213D17B691A
:103C400003F4C0027B68DB6B5B08013B5B059A42B7
:103C500009D17B6903F0C0627B681B6C5B08013B88
:103C60005B069A426ED0BB690C2B69D0534B1B6824
:103C700003F08063002B05D1504B1B6803F0805389
:103C8000002B01D00123ADE04C4B1B684B4A23F0C5
:103C900080731360FEF704FD386108E0FEF700FD55
:103CA00002463B69D31A022B01D903239AE0434B06
:103CB0001B6803F00073002BF0D1404BDA68404BD7
:103CC00013407A68D16A7A68126B013A1201114383
:103CD0007A68526B120211437A68D26B5208013A29
:103CE000520511437A68126C5208013A5206114388
:103CF0007A68926B120952040A4330491343CB602D
:103D00002E4B1B682D4A43F0807313602B4BDB68EE
:103D10002A4A43F08073D360FEF7C2FC386108E0A2
:103D2000FEF7BEFC02463B69D31A022B01D90323DE
:103D300058E0224B1B6803F00073002BF0D050E0DA
:103D400001234FE01D4B1B6803F00073002B48D18B
:103D50001A4B1B68194A43F080731360174BDB68DA
:103D6000164A43F08073D360FEF79AFC386108E08E
:103D7000FEF796FC02463B69D31A022B01D90323B6
:103D800030E00E4B1B6803F00073002BF0D028E0EE
:103D9000BB690C2B23D0094B1B68084A23F08073A6
:103DA0001360FEF77DFC38610CE0FEF779FC0246FB
:103DB0003B69D31A022B05D9032313E000100240FC
:103DC0008C809DF9094B1B6803F00073002BECD12C
:103DD000064BDA680549064B1340CB6001E001232E
:103DE00000E0002318462037BD4680BD0010024089
:103DF000FCFFEEFE80B584B000AF786039607B6870
:103E0000002B01D10123E7E0754B1B6803F007038A
:103E10003A689A4210D9724B1B6823F00702704926
:103E20003B6813430B606E4B1B6803F007033A6853
:103E30009A4201D00123CFE07B681B6803F00203A4
:103E4000002B10D07B689A68664B9B6803F0F003E8
:103E50009A4208D9634B9B6823F0F0027B689B6809
:103E6000604913438B607B681B6803F00103002BE0
:103E70004CD07B685B68032B07D15A4B1B6803F05F
:103E80000073002B21D10123A6E07B685B68022B25
:103E900007D1544B1B6803F40033002B15D10123C9
:103EA0009AE07B685B68002B07D14E4B1B6803F0E0
:103EB0000203002B09D101238EE04A4B1B6803F457
:103EC0008063002B01D1012386E0464B9B6823F0E1
:103ED00003027B685B68434913438B60FEF7E0FB9A
:103EE000F8600AE0FEF7DCFB0246FB68D31A41F2F9
:103EF0008832934201D903236EE03A4B9B6803F06A
:103F00000C027B685B689B009A42EBD17B681B6864
:103F100003F00203002B10D07B689A68314B9B683A
:103F200003F0F0039A4208D22E4B9B6823F0F00274
:103F30007B689B682B4913438B60294B1B6803F0FC
:103F400007033A689A4210D2254B1B6823F00702F8
:103F500023493B6813430B60214B1B6803F00703A5
:103F60003A689A4201D0012336E07B681B6803F06F
:103F70000403002B08D01B4B9B6823F4E0627B6892
:103F8000DB68184913438B607B681B6803F00803E8
:103F9000002B09D0134B9B6823F460527B681B698C
:103FA000DB00104913438B6000F024F802460D4BF0
:103FB0009B681B0903F00F030B49CB5C03F01F0345
:103FC00022FA03F3094A1360094B1B681846FEF7EF
:103FD00017FB0346FB72FB7A18461037BD4680BDBF
:103FE000002002400010024068B90008480000208C
:103FF0004C00002080B489B000AF0023FB61002397
:10400000BB613E4B9B6803F00C033B613B4BDB68A1
:1040100003F00303FB603B69002B05D03B690C2BCD
:1040200021D1FB68012B1ED1344B1B6803F0080320
:10403000002B07D1314BD3F894301B0A03F00F0348
:10404000FB6105E02D4B1B681B0903F00F03FB61AF
:104050002B4AFB6952F82330FB613B69002B0DD1E1
:10406000FB69BB610AE03B69042B02D1254BBB61B4
:1040700004E03B69082B01D1234BBB613B690C2B4E
:1040800034D11E4BDB6803F00303BB60BB68022B1B
:1040900003D0BB68032B03D005E01A4B7B6105E01E
:1040A000194B7B6102E0FB697B6100BF134BDB684E
:1040B0001B0903F0070301337B60104BDB681B0A0D
:1040C00003F07F037A6903FB02F27B68B2FBF3F330
:1040D0007B610A4BDB685B0E03F0030301335B007B
:1040E0003B607A693B68B2FBF3F3BB61BB6918467E
:1040F0002437BD465DF8047B704700BF00100240C6
:1041000080B900080024F40000127A0080B400AFE7
:10411000034B1B681846BD465DF8047B704700BF23
:104120004800002080B500AFFFF7F0FF0246064BC5
:104130009B681B0A03F007030449CB5C03F01F03D1
:1041400022FA03F3184680BD0010024078B9000837
:1041500080B500AFFFF7DAFF0246064B9B68DB0A2B
:1041600003F007030449CB5C03F01F0322FA03F3B7
:10417000184680BD0010024078B9000880B586B0AE
:1041800000AF786000233B612A4B9B6D03F08053A6
:10419000002B03D0FFF7EEF9786114E0254B9B6DFF
:1041A000244A43F080539365224B9B6D03F0805368
:1041B000FB60FB68FFF7DEF978611E4B9B6D1D4AC3
:1041C00023F0805393657B69B3F5007F0BD17B6847
:1041D000802B19D97B68A02B02D902233B6113E005
:1041E00001233B6110E07B68802B02D903233B61F4
:1041F0000AE07B68802B02D102233B6104E07B68EC
:10420000702B01D101233B610B4B1B6823F007028C
:1042100009493B6913430B60074B1B6803F0070315
:104220003A699A4201D0012300E00023184618376A
:10423000BD4680BD001002400020024080B586B01F
:1042400000AF78600023FB740023BB747B681B689D
:1042500003F40063002B41D07B685B6EB3F5400F25
:104260002AD0B3F5400F24D8B3F5000F08D0B3F52A
:10427000000F1ED8002B0AD0B3F5800F10D018E025
:10428000864BDB68854A43F48033D36015E07B6856
:1042900004330021184600F0BBFA0346FB740CE01F
:1042A0007B6820330021184600F0A6FB0346FB7410
:1042B00003E00123FB7400E000BFFB7C002B0BD16B
:1042C000764BD3F8883023F440027B685B6E7349E9
:1042D0001343C1F8883001E0FB7CBB747B681B682A
:1042E00003F48053002B41D07B689B6EB3F1407F79
:1042F0002AD0B3F1407F24D8B3F1007F08D0B3F1C6
:10430000007F1ED8002B0AD0B3F1807F10D018E0B8
:10431000624BDB68614A43F48033D36015E07B680D
:1043200004330021184600F073FA0346FB740CE0D6
:104330007B6820330021184600F05EFB0346FB74C7
:1043400003E00123FB7400E000BFFB7C002B0BD1DA
:10435000524BD3F8883023F040727B689B6E4F49F4
:104360001343C1F8883001E0FB7CBB747B681B6899
:1043700003F40033002B00F0A08000237B74474B34
:104380009B6D03F08053002B01D1012300E000233B
:10439000002B0DD0414B9B6D404A43F080539365F9
:1043A0003E4B9B6D03F08053BB60BB6801237B7465
:1043B0003B4B1B683A4A43F480731360FEF770F975
:1043C000F86009E0FEF76CF90246FB68D31A022B8D
:1043D00002D90323FB7405E0314B1B6803F480739F
:1043E000002BEFD0FB7C002B5CD12C4BD3F8903012
:1043F00003F440737B617B69002B1FD07B68D3F88B
:1044000084307A699A4219D0244BD3F8903023F43F
:1044100040737B61214BD3F89030204A43F48033C2
:10442000C2F890301D4BD3F890301C4A23F48033EF
:10443000C2F89030194A7B69C2F890307B6903F06A
:104440000103002B16D0FEF72BF9F8600BE0FEF706
:1044500027F90246FB68D31A41F28832934202D907
:104460000323FB7406E00D4BD3F8903003F00203F6
:10447000002BECD0FB7C002B0CD1084BD3F89030F8
:1044800023F440727B68D3F8843004491343C1F8A5
:10449000903009E0FB7CBB7406E000BF00100240D6
:1044A00000700040FB7CBB747B7C012B05D19E4BD4
:1044B0009B6D9D4A23F0805393657B681B6803F0D6
:1044C0000103002B0AD0984BD3F8883023F0030265
:1044D0007B689B6B94491343C1F888307B681B68E9
:1044E00003F00203002B0AD08F4BD3F8883023F05F
:1044F0000C027B68DB6B8C491343C1F888307B6806
:104500001B6803F00403002B0AD0874BD3F88830D4
:1045100023F030027B681B6C83491343C1F8883059
:104520007B681B6803F00803002B0AD07E4BD3F88E
:10453000883023F0C0027B685B6C7B491343C1F871
:1045400088307B681B6803F01003002B0AD0764B81
:10455000D3F8883023F440727B689B6C7249134314
:10456000C1F888307B681B6803F02003002B0AD059
:104570006D4BD3F8883023F440627B68DB6C6A496A
:104580001343C1F888307B681B6803F40073002B69
:104590000AD0654BD3F8883023F440227B68DB6D6A
:1045A00061491343C1F888307B681B6803F480635A
:1045B000002B0AD05C4BD3F8883023F440127B6880
:1045C0001B6E59491343C1F888307B681B6803F0A0
:1045D0004003002B0AD0544BD3F8883023F44052C8
:1045E0007B681B6D50491343C1F888307B681B689A
:1045F00003F08003002B0AD04B4BD3F8883023F410
:1046000040427B685B6D48491343C1F888307B6842
:104610001B6803F48073002B0AD0434BD3F8883017
:1046200023F440327B689B6D3F491343C1F88830C7
:104630007B681B6803F40053002B28D03A4BD3F857
:10464000883023F040627B68DB6E37491343C1F842
:1046500088307B68DB6EB3F1006F06D1324BDB68CC
:10466000314A43F48013D36011E07B68DB6EB3F111
:10467000806F0CD17B6804330121184600F0C8F824
:104680000346FB74FB7C002B01D0FB7CBB747B6876
:104690001B6803F40023002B28D0234BD3F8883069
:1046A00023F040627B681B6F1F491343C1F88830B9
:1046B0007B681B6FB3F1006F06D11B4BDB681A4A96
:1046C00043F48013D36011E07B681B6FB3F1806FFC
:1046D0000CD17B6804330121184600F099F8034699
:1046E000FB74FB7C002B01D0FB7CBB747B681B68DC
:1046F00003F48023002B2BD00B4BD3F8883023F00E
:1047000040627B685B6F08491343C1F888307B685F
:104710005B6FB3F1006F09D1034BDB68024A43F4CE
:104720008013D36014E000BF001002407B685B6F11
:10473000B3F1806F0CD17B6804330121184600F07F
:1047400067F80346FB74FB7C002B01D0FB7CBB7439
:104750007B681B6803F48043002B2FD02B4BD3F8CE
:10476000883023F040527B689B6F28491343C1F87F
:1047700088307B689B6FB3F1805F0DD17B68043319
:104780000221184600F044F80346FB74FB7C002B22
:1047900014D0FB7CBB7411E07B689B6FB3F1005FAE
:1047A0000CD17B6820330221184600F025F903461E
:1047B000FB74FB7C002B01D0FB7CBB747B681B680B
:1047C00003F40043002B0AD0104BD3F8883023F0B9
:1047D00080427B68DB6F0D491343C1F888307B68EA
:1047E0001B6803F48033002B0BD0084BD3F88830C0
:1047F00023F000427B68D3F8803004491343C1F8AA
:104800008830BB7C18461837BD4680BD001002407A
:1048100080B584B000AF786039600023FB73754BBE
:10482000DB6803F00303002B18D0724BDB6803F046
:1048300003027B681B689A420DD17B681B68002BC2
:1048400009D06C4BDB681B0903F007035A1C7B681B
:104850005B689A4247D00123FB7344E07B681B6886
:10486000032B18D0032B25D8012B02D0022B09D003
:1048700020E0604B1B6803F00203002B1DD10123D5
:10488000FB731AE05B4B1B6803F48063002B16D1AB
:104890000123FB7313E0574B1B6803F40033002B19
:1048A0000FD1544B1B6803F48023002B09D1012343
:1048B000FB7306E00123FB7304E000BF02E000BFCE
:1048C00000E000BFFB7B002B0DD14A4BDB6823F0DF
:1048D00073027B6819687B685B68013B1B010B43B3
:1048E00044491343CB60FB7B002B7DD1414B1B68BC
:1048F000404A23F080631360FDF7D2FEB86009E000
:10490000FDF7CEFE0246BB68D31A022B02D9032361
:10491000FB7305E0374B1B6803F00063002BEFD1FE
:10492000FB7B002B60D13B68002B11D1314B1B6905
:1049300023F41F3323F440737A68926811027A6873
:10494000D268120952040A432A4913430B6127E033
:104950003B68012B12D1274B1B6923F4C00323F4BE
:10496000FE437A68926811027A6812695208013A25
:1049700052050A431F4913430B6111E01D4B1B698C
:1049800023F0C06323F4FE437A68926811027A68C8
:1049900052695208013A52060A43164913430B6101
:1049A000144B1B68134A43F080631360FDF778FED5
:1049B000B86009E0FDF774FE0246BB68D31A022B0B
:1049C00002D90323FB7305E00A4B1B6803F0006365
:1049D000002BEFD0FB7B002B06D1064B1A697B68BE
:1049E0009B69044913430B61FB7B18461037BD4696
:1049F00080BD00BF0010024080B584B000AF786079
:104A000039600023FB736A4BDB6803F00303002B60
:104A100018D0674BDB6803F003027B681B689A427F
:104A20000DD17B681B68002B09D0614BDB681B092B
:104A300003F007035A1C7B685B689A4247D0012346
:104A4000FB7344E07B681B68032B18D0032B25D82D
:104A5000012B02D0022B09D020E0554B1B6803F03C
:104A60000203002B1DD10123FB731AE0504B1B687E
:104A700003F48063002B16D10123FB7313E04C4B2E
:104A80001B6803F40033002B0FD1494B1B6803F460
:104A90008023002B09D10123FB7306E00123FB7364
:104AA00004E000BF02E000BF00E000BFFB7B002B82
:104AB0000DD13F4BDB6823F073027B6819687B687C
:104AC0005B68013B1B010B4339491343CB60FB7B04
:104AD000002B67D1364B1B68354A23F08053136097
:104AE000FDF7DEFDB86009E0FDF7DAFD0246BB68C0
:104AF000D31A022B02D90323FB7305E02C4B1B684E
:104B000003F00053002BEFD1FB7B002B4AD13B6815
:104B1000002B11D1264B5B6923F41F3323F4407320
:104B20007A68926811027A68D268120952040A43BC
:104B30001F4913434B6111E01D4B5B6923F0C063B8
:104B400023F4FE437A68926811027A681269520867
:104B5000013A52060A43164913434B61144B1B6832
:104B6000134A43F080531360FDF79AFDB86009E0E3
:104B7000FDF796FD0246BB68D31A022B02D9032328
:104B8000FB7305E00A4B1B6803F00053002BEFD0CA
:104B9000FB7B002B06D1064B5A697B685B69044995
:104BA00013434B61FB7B18461037BD4680BD00BFE9
:104BB0000010024080B584B000AF78607B68002BA5
:104BC00001D1012395E07B685B6A002B08D17B68EB
:104BD0005B68B3F5827F09D07B680022DA6105E06B
:104BE0007B6800221A617B6800225A617B68002280
:104BF0009A627B6893F85D30DBB2002B06D17B684C
:104C0000002283F85C207868FDF7BAFA7B680222FC
:104C100083F85D207B681B681A687B681B6822F03C
:104C200040021A607B68DB68B3F5E06F02D90023AD
:104C3000FB6002E04FF48053FB607B68DB68B3F5F8
:104C4000706F07D07B68DB68B3F5E06F02D07B68DC
:104C500000229A627B685B6803F482727B689B68BF
:104C600003F404431A437B681B6903F002031A43ED
:104C70007B685B6903F001031A437B689B6903F45B
:104C800000731A437B68DB6903F038031A437B68BF
:104C90001B6A03F0800342EA03017B689B6A03F40A
:104CA00000527B681B680A431A607B689B691B0C77
:104CB00003F004027B685B6A03F010031A437B680D
:104CC0005B6B03F008031A437B68DB6803F47063D3
:104CD00042EA0301FB6803F480527B681B680A43C5
:104CE0005A607B6800221A667B68012283F85D2087
:104CF000002318461037BD4680BD80B588B000AF90
:104D0000F860B9603B601346FB80FDF7C9FCF861B1
:104D1000FB887B83FB6893F85D30DBB2012B01D00D
:104D200002235CE1BB68002B02D0FB88002B01D181
:104D3000012354E1FB6893F85C30012B01D102237D
:104D40004DE1FB68012283F85C20FB68032283F8B5
:104D50005D20FB6800221A66FB68BA689A63FB68EC
:104D6000FA889A87FB68FA88DA87FB6800221A6457
:104D7000FB680022A3F84420FB680022A3F8462029
:104D8000FB6800221A65FB680022DA64FB689B68F6
:104D9000B3F5004F0FD1FB681B681A68FB681B68EE
:104DA00022F040021A60FB681B681A68FB681B68E7
:104DB00042F480421A60FB681B681B6803F04003E2
:104DC000402B07D0FB681B681A68FB681B6842F021
:104DD00040021A60FB68DB68B3F5E06F52D9FB68EC
:104DE0005B68002B02D07B8B012B45D1FB689B6B52
:104DF0001A88FB681B68DA60FB689B6B9A1CFB686F
:104E00009A63FB68DB8F9BB2013B9AB2FB68DA873F
:104E100032E0FB681B689B6803F00203022B12D18F
:104E2000FB689B6B1A88FB681B68DA60FB689B6BEE
:104E30009A1CFB689A63FB68DB8F9BB2013B9AB2BA
:104E4000FB68DA8718E0FDF72BFC0246FB69D31AF2
:104E50003A689A4203D83B68B3F1FF3F02D13B68FE
:104E6000002B09D1FB68012283F85D20FB6800223A
:104E700083F85C200323B2E0FB68DB8F9BB2002B3E
:104E8000C7D183E0FB685B68002B02D07B8B012BD2
:104E900077D1FB68DB8F9BB2012B12D9FB689B6B30
:104EA0001A88FB681B68DA60FB689B6B9A1CFB68BE
:104EB0009A63FB68DB8F9BB2023B9AB2FB68DA878E
:104EC0005FE0FB689A6BFB681B680C3312781A7002
:104ED000FB689B6B5A1CFB689A63FB68DB8F9BB279
:104EE000013B9AB2FB68DA874BE0FB681B689B6862
:104EF00003F00203022B2BD1FB68DB8F9BB2012B4B
:104F000012D9FB689B6B1A88FB681B68DA60FB6828
:104F10009B6B9A1CFB689A63FB68DB8F9BB2023B1E
:104F20009AB2FB68DA872CE0FB689A6BFB681B6817
:104F30000C3312781A70FB689B6B5A1CFB689A63DF
:104F4000FB68DB8F9BB2013B9AB2FB68DA8718E003
:104F5000FDF7A6FB0246FB69D31A3A689A4203D8CA
:104F60003B68B3F1FF3F02D13B68002B09D1FB68DE
:104F7000012283F85D20FB68002283F85C20032374
:104F80002DE0FB68DB8F9BB2002BAED1FA6939684C
:104F9000F86800F065FB0346002B02D0FB68202276
:104FA0001A66FB689B68002B0AD100237B61FB68B3
:104FB0001B68DB687B61FB681B689B687B617B69A6
:104FC000FB68012283F85D20FB68002283F85C20E7
:104FD000FB681B6E002B01D0012300E00023184664
:104FE0002037BD4680BD80B58AB000AFF860B9609B
:104FF0007A607B8001237B62FDF752FB3862FB689D
:1050000093F85D30FB77FB685B68BB617B88FB8254
:105010007B88BB82FB7F012B0CD0BB69B3F5827F01
:1050200006D1FB689B68002B02D1FB7F042B01D0CB
:105030000223F3E1BB68002B05D07B68002B02D074
:105040007B88002B01D10123E8E1FB6893F85C30F9
:10505000012B01D10223E1E1FB68012283F85C20EE
:10506000FB6893F85D30DBB2042B03D0FB680522AC
:1050700083F85D20FB6800221A66FB687A681A6470
:10508000FB687A88A3F84620FB687A88A3F8442056
:10509000FB68BA689A63FB687A88DA87FB687A8863
:1050A0009A87FB680022DA64FB6800221A65FB68B5
:1050B000DB68B3F5E06F02D8BB8A012B08D9FB6827
:1050C0001B685A68FB681B6822F480525A6007E02C
:1050D000FB681B685A68FB681B6842F480525A6080
:1050E000FB681B681B6803F04003402B07D0FB687C
:1050F0001B681A68FB681B6842F040021A60FB6874
:10510000DB68B3F5E06F40F28380FB685B68002BDF
:1051100002D0FB8A012B6FD1FB689B6B1A88FB685E
:105120001B68DA60FB689B6B9A1CFB689A63FB68E0
:10513000DB8F9BB2013B9AB2FB68DA875CE0FB68CD
:105140001B689B6803F00203022B1BD1FB68DB8FFB
:105150009BB2002B16D07B6A012B13D1FB689B6B93
:105160001A88FB681B68DA60FB689B6B9A1CFB68FB
:105170009A63FB68DB8F9BB2013B9AB2FB68DA87CC
:1051800000237B62FB681B689B6803F00103012B13
:105190001CD1FB68B3F846309BB2002B16D0FB68DD
:1051A0001B68DA68FB681B6C92B21A80FB681B6C88
:1051B0009A1CFB681A64FB68B3F846309BB2013B4B
:1051C0009AB2FB68A3F8462001237B62FDF768FAD8
:1051D00002463B6AD31A3A6B9A420DD83B6BB3F145
:1051E000FF3F09D0FB68012283F85D20FB680022A5
:1051F00083F85C20032311E1FB68DB8F9BB2002B5B
:105200009DD1FB68B3F846309BB2002B97D1E5E007
:10521000FB685B68002B03D0FB8A012B40F0D18038
:10522000FB68DB8F9BB2012B12D9FB689B6B1A8842
:10523000FB681B68DA60FB689B6B9A1CFB689A63CF
:10524000FB68DB8F9BB2023B9AB2FB68DA87B8E05F
:10525000FB689A6BFB681B680C3312781A70FB684A
:105260009B6B5A1CFB689A63FB68DB8F9BB2013B0C
:105270009AB2FB68DA87A4E0FB681B689B6803F0BE
:105280000203022B34D1FB68DB8F9BB2002B2FD0A3
:105290007B6A012B2CD1FB68DB8F9BB2012B12D9CF
:1052A000FB689B6B1A88FB681B68DA60FB689B6B6A
:1052B0009A1CFB689A63FB68DB8F9BB2023B9AB235
:1052C000FB68DA8712E0FB689A6BFB681B680C339B
:1052D00012781A70FB689B6B5A1CFB689A63FB6818
:1052E000DB8F9BB2013B9AB2FB68DA8700237B62BB
:1052F000FB681B689B6803F00103012B48D1FB6826
:10530000B3F846309BB2002B42D0FB68B3F846306E
:105310009BB2012B23D9FB681B68DA68FB681B6C06
:1053200092B21A80FB681B6C9A1CFB681A64FB68BB
:10533000B3F846309BB2023B9AB2FB68A3F8462012
:10534000FB68B3F846309BB2012B1FD8FB681B6883
:105350005A68FB681B6842F480525A6016E0FB688A
:105360001B6803F10C02FB681B6C1278D2B21A7036
:10537000FB681B6C5A1CFB681A64FB68B3F8463068
:105380009BB2013B9AB2FB68A3F8462001237B62E3
:10539000FDF786F902463B6AD31A3A6B9A4203D864
:1053A0003B6BB3F1FF3F02D13B6B002B09D1FB6894
:1053B000012283F85D20FB68002283F85C20032330
:1053C0002CE0FB68DB8F9BB2002B7FF455AFFB68B2
:1053D000B3F846309BB2002B7FF44EAF3A6A396B7C
:1053E000F86800F03DF90346002B08D0FB68202246
:1053F0001A66FB68002283F85C2001230EE0FB683C
:10540000012283F85D20FB68002283F85C20FB68A2
:105410001B6E002B01D0012300E000231846283723
:10542000BD4680BD80B588B000AFF860B9603B6014
:105430001346FB71FDF734F90246BB6A9B1A3A68C2
:105440001344FB61FDF72CF9B861394B1B685B0114
:105450001B0DFA6902FB03F37B6154E03B68B3F177
:10546000FF3F50D0FDF71CF90246BB69D31AFA6919
:105470009A4202D9FB69002B3DD1FB681B685A6830
:10548000FB681B6822F0E0025A60FB685B68B3F5BA
:10549000827F11D1FB689B68B3F5004F04D0FB6895
:1054A0009B68B3F5806F07D1FB681B681A68FB68BF
:1054B0001B6822F040021A60FB689B6AB3F5005F2C
:1054C0000FD1FB681B681A68FB681B6822F4005246
:1054D0001A60FB681B681A68FB681B6842F400527C
:1054E0001A60FB68012283F85D20FB68002283F8C4
:1054F0005C20032317E07B69002B01D10023FB61B3
:105500007B69013B7B61FB681B689A68BB68134041
:10551000BA689A420CBF01230023DBB21A46FB791A
:105520009A429BD1002318462037BD4680BD00BF5C
:105530004800002080B58AB000AFF860B9607A609A
:105540003B600023FB75FDF7ABF802463B6B9B1AF3
:105550003A6813447B62FDF7A3F83862FB681B6866
:105560000C33FB613D4B1A6813469B001344DA0071
:10557000D31A1B0D7A6A02FB03F3BB6160E0BB68C0
:10558000B3F5C06F07D17B68002B04D1FB691B7892
:10559000DBB2FB75FB7D3B68B3F1FF3F50D0FDF7FD
:1055A0007FF802463B6AD31A7A6A9A4202D97B6A2A
:1055B000002B3DD1FB681B685A68FB681B6822F012
:1055C000E0025A60FB685B68B3F5827F11D1FB682B
:1055D0009B68B3F5004F04D0FB689B68B3F5806F00
:1055E00007D1FB681B681A68FB681B6822F0400241
:1055F0001A60FB689B6AB3F5005F0FD1FB681B68FC
:105600001A68FB681B6822F400521A60FB681B686A
:105610001A68FB681B6842F400521A60FB6801229A
:1056200083F85D20FB68002283F85C20032310E0F0
:10563000BB69002B01D100237B62BB69013BBB61CD
:10564000FB681B689A68BB6813407A689A4296D1D7
:10565000002318462837BD4680BD00BF4800002003
:1056600080B586B002AFF860B9607A607B6800935D
:10567000BB6800224FF4C051F868FFF75BFF034698
:10568000002B07D0FB681B6E43F02002FB681A66F4
:10569000032327E07B680093BB6800228021F86821
:1056A000FFF7C0FE0346002B07D0FB681B6E43F0DC
:1056B0002002FB681A66032314E07B680093BB6832
:1056C00000224FF4C061F868FFF734FF0346002B57
:1056D00007D0FB681B6E43F02002FB681A660323A9
:1056E00000E0002318461037BD4680BD80B582B06B
:1056F00000AF78607B68002B01D1012349E07B6813
:1057000093F83D30DBB2002B06D17B68002283F892
:105710003C207868FCF796FD7B68022283F83D20E8
:105720007B681A687B6804331946104600F090FBCA
:105730007B68012283F848207B68012283F83E20A1
:105740007B68012283F83F207B68012283F8402098
:105750007B68012283F841207B68012283F8422084
:105760007B68012283F843207B68012283F8442070
:105770007B68012283F845207B68012283F846205C
:105780007B68012283F847207B68012283F83D2053
:10579000002318460837BD4680BD000080B584B0A0
:1057A00000AF786039600023FB733B68002B04D1A5
:1057B0007B6893F83E30DBB223E03B68042B04D1D6
:1057C0007B6893F83F30DBB21BE03B68082B04D1C9
:1057D0007B6893F84030DBB213E03B680C2B04D1BC
:1057E0007B6893F84130DBB20BE03B68102B04D1AF
:1057F0007B6893F84230DBB203E07B6893F8433078
:10580000DBB2BB733B68002B04D17B6893F8443058
:10581000DBB213E03B68042B04D17B6893F845307E
:10582000DBB20BE03B68082B04D17B6893F8463071
:10583000DBB203E07B6893F84730DBB27B73BB7B62
:10584000012B02D17B7B012B01D00123DDE03B68E2
:10585000002B04D17B68022283F83E2023E03B68C2
:10586000042B04D17B68022283F83F201BE03B68B5
:10587000082B04D17B68022283F8402013E03B68A8
:105880000C2B04D17B68022283F841200BE03B689B
:10589000102B04D17B68022283F8422003E07B684E
:1058A000022283F843203B68002B04D17B6802224C
:1058B00083F8442013E03B68042B04D17B68022268
:1058C00083F845200BE03B68082B04D17B6802225B
:1058D00083F8462003E07B68022283F847203B6878
:1058E0000C2B41D801A252F823F000BF2159000827
:1058F00069590008695900086959000833590008B6
:105900006959000869590008695900084559000893
:105910006959000869590008695900085759000871
:105920007B681B68DA687B681B6842F00202DA60F9
:105930001DE07B681B68DA687B681B6842F0040224
:10594000DA6014E07B681B68DA687B681B6842F0E9
:105950000802DA600BE07B681B68DA687B681B680A
:1059600042F01002DA6002E00123FB7300BFFB7B10
:10597000002B49D17B681B6801223968184600F06A
:1059800031FC7B681B68234A93421DD07B681B68EF
:10599000B3F1804F18D07B681B681F4A934213D025
:1059A0007B681B681D4A93420ED07B681B681C4AAB
:1059B000934209D07B681B681A4A934204D07B68E3
:1059C0001B68194A934215D17B681B689A68174B6C
:1059D0001340BB60BB68062B15D0BB68B3F5803F96
:1059E00011D07B681B681A687B681B6842F0010253
:1059F0001A6008E07B681B681A687B681B6842F0C5
:105A000001021A6000E000BFFB7B18461037BD465C
:105A100080BD00BF002C0140000400400008004091
:105A2000000C00400034014000400140070001002C
:105A300080B584B000AF78607B681B68DB68FB6072
:105A40007B681B681B69BB60BB6803F00203002B0B
:105A500020D0FB6803F00203002B1BD07B681B687F
:105A60006FF002021A617B6801221A777B681B685B
:105A70009B6903F00303002B03D07868FBF7AAFDB2
:105A800005E0786800F0C6F9786800F0CDF97B6829
:105A900000221A77BB6803F00403002B20D0FB68B8
:105AA00003F00403002B1BD07B681B686FF004021B
:105AB0001A617B6802221A777B681B689B6903F472
:105AC0004073002B03D07868FBF784FD05E078680D
:105AD00000F0A0F9786800F0A7F97B6800221A7737
:105AE000BB6803F00803002B20D0FB6803F0080319
:105AF000002B1BD07B681B686FF008021A617B6863
:105B000004221A777B681B68DB6903F00303002B10
:105B100003D07868FBF75EFD05E0786800F07AF95D
:105B2000786800F081F97B6800221A77BB6803F07F
:105B30001003002B20D0FB6803F01003002B1BD0B8
:105B40007B681B686FF010021A617B6808221A7765
:105B50007B681B68DB6903F44073002B03D0786813
:105B6000FBF738FD05E0786800F054F9786800F03C
:105B70005BF97B6800221A77BB6803F00103002BF6
:105B80000CD0FB6803F00103002B07D07B681B6877
:105B90006FF001021A61786800F032F9BB6803F017
:105BA0008003002B04D1BB6803F40053002B0CD0FE
:105BB000FB6803F08003002B07D07B681B686FF441
:105BC00002521A61786800F0C5FBBB6803F4807369
:105BD000002B0CD0FB6803F08003002B07D07B6800
:105BE0001B686FF480721A61786800F0BDFBBB68B7
:105BF00003F04003002B0CD0FB6803F04003002BA4
:105C000007D07B681B686FF040021A61786800F06B
:105C100015F9BB6803F02003002B0CD0FB6803F0E0
:105C20002003002B07D07B681B686FF020021A61ED
:105C3000786800F085FB00BF1037BD4680BD80B599
:105C400086B000AFF860B9607A600023FB75FB682E
:105C500093F83C30012B01D1022388E0FB6801223C
:105C600083F83C207B68002B1BD1FB681868BB685D
:105C70001968BB685A68BB68DB6800F08FF9FB687D
:105C80001B689A69FB681B6822F00C029A61FB682A
:105C90001B689969BB689A68FB681B680A439A612C
:105CA00060E07B68042B1CD1FB681868BB6819682E
:105CB000BB685A68BB68DB6800F0DEF9FB681B68EC
:105CC0009A69FB681B6822F440629A61FB681B6852
:105CD0009969BB689B681A02FB681B680A439A6152
:105CE00040E07B68082B1BD1FB681868BB6819680B
:105CF000BB685A68BB68DB6800F0FBF9FB681B688F
:105D0000DA69FB681B6822F00C02DA61FB681B6829
:105D1000D969BB689A68FB681B680A43DA6121E0AD
:105D20007B680C2B1CD1FB681868BB681968BB68C2
:105D30005A68BB68DB6800F018FAFB681B68DA6910
:105D4000FB681B6822F44062DA61FB681B68D96952
:105D5000BB689B681A02FB681B680A43DA6101E0B2
:105D60000123FB75FB68002283F83C20FB7D18466D
:105D70001837BD4680BD000080B485B000AF7860A4
:105D800039600023FB603B680C2B31D801A252F82C
:105D900023F000BFC95D0008F15D0008F15D000857
:105DA000F15D0008D35D0008F15D0008F15D0008B9
:105DB000F15D0008DD5D0008F15D0008F15D00089F
:105DC000F15D0008E75D00087B681B685B6BFB60AA
:105DD0000FE07B681B689B6BFB600AE07B681B68BD
:105DE000DB6BFB6005E07B681B681B6CFB6000E005
:105DF00000BFFB6818461437BD465DF8047B70474A
:105E000080B483B000AF786000BF0C37BD465DF84A
:105E1000047B704780B483B000AF786000BF0C375C
:105E2000BD465DF8047B704780B483B000AF7860F6
:105E300000BF0C37BD465DF8047B704780B483B06B
:105E400000AF786000BF0C37BD465DF8047B70473B
:105E500080B485B000AF786039607B681B68FB60F8
:105E60007B68464A934213D07B68B3F1804F0FD0D2
:105E70007B68434A93420BD07B68424A934207D0E7
:105E80007B68414A934203D07B68404A934208D1E1
:105E9000FB6823F07003FB603B685B68FA681343A0
:105EA000FB607B68354A93421FD07B68B3F1804F1B
:105EB0001BD07B68324A934217D07B68314A9342A9
:105EC00013D07B68304A93420FD07B682F4A9342AD
:105ED0000BD07B682E4A934207D07B682D4A9342B1
:105EE00003D07B682C4A934208D1FB6823F44073AB
:105EF000FB603B68DB68FA681343FB60FB6823F0D8
:105F000080023B685B691343FB607B68FA681A6038
:105F10003B689A687B68DA623B681A687B689A62B9
:105F20007B68164A93420FD07B68184A93420BD085
:105F30007B68174A934207D07B68164A934203D086
:105F40007B68154A934203D13B681A697B681A63E0
:105F50007B6801225A617B681B6903F00103012BF6
:105F600005D17B681B6923F001027B681A6100BFC1
:105F70001437BD465DF8047B704700BF002C01401C
:105F80000004004000080040000C004000340140C4
:105F900000400140004401400048014080B487B007
:105FA00000AFF860B9607A603B60FB681B6A3B61D8
:105FB000FB681B6A23F00102FB681A62FB689B699D
:105FC0007B61FB68264A934217D0FB68B3F1804F90
:105FD00013D0FB68234A93420FD0FB68224A9342B6
:105FE0000BD0FB68214A934207D0FB68204A9342BA
:105FF00003D0FB681F4A934201D1012300E0002334
:10600000002B08D07B6923F003037B617A697B68EE
:1060100013437B6103E07B6943F001037B617B6990
:1060200023F0F0037B613B681B01DBB27A69134309
:106030007B613B6923F00A033B61BB6803F00A0301
:106040003A6913433B61FB687A699A61FB683A6974
:106050001A6200BF1C37BD465DF8047B704700BF65
:10606000002C01400004004000080040000C0040EB
:10607000003401400040014080B487B000AFF860B8
:10608000B9607A603B60FB681B6A7B61FB681B6AD6
:1060900023F01002FB681A62FB689B693B613B6955
:1060A00023F440733B617B681B023A6913433B61F5
:1060B0003B6923F470433B613B681B039BB23A6925
:1060C00013433B617B6923F0A0037B61BB681B0129
:1060D00003F0A0037A6913437B61FB683A699A6114
:1060E000FB687A691A6200BF1C37BD465DF8047B05
:1060F000704780B487B000AFF860B9607A603B60E9
:10610000FB681B6A7B61FB681B6A23F48072FB6877
:106110001A62FB68DB693B613B6923F003033B6167
:106120003A697B6813433B613B6923F0F0033B61B1
:106130003B681B01DBB23A6913433B617B6923F483
:1061400020637B61BB681B0203F420637A691343FD
:106150007B61FB683A69DA61FB687A691A6200BFA1
:106160001C37BD465DF8047B704780B487B000AF34
:10617000F860B9607A603B60FB681B6A7B61FB6812
:106180001B6A23F48052FB681A62FB68DB693B617F
:106190003B6923F440733B617B681B023A691343FC
:1061A0003B613B6923F470433B613B681B039BB23B
:1061B0003A6913433B617B6923F420437B61BB68ED
:1061C0001B0303F420437A6913437B61FB683A693C
:1061D000DA61FB687A691A6200BF1C37BD465DF858
:1061E000047B704780B487B000AFF860B9607A6014
:1061F000BB6803F01F03012202FA03F37B61FB6813
:106200001A6A7B69DB431A40FB681A62FB681A6AE8
:10621000BB6803F01F03796801FA03F31A43FB68B4
:106220001A6200BF1C37BD465DF8047B7047000052
:1062300080B485B000AF786039607B6893F83C30FB
:10624000012B01D1022368E07B68012283F83C2006
:106250007B68022283F83D207B681B685B68FB60DB
:106260007B681B689B68BB607B681B682E4A9342F7
:1062700004D07B681B682D4A934208D1FB6823F445
:106280007003FB603B685B68FA681343FB60FB6864
:1062900023F07003FB603B681B68FA681343FB60E4
:1062A0007B681B68FA685A607B681B681E4A9342C9
:1062B0001DD07B681B68B3F1804F18D07B681B68CA
:1062C0001B4A934213D07B681B681A4A93420ED034
:1062D0007B681B68184A934209D07B681B68134A85
:1062E000934204D07B681B68144A93420CD1BB686C
:1062F00023F08003BB603B689B68BA681343BB60B4
:106300007B681B68BA689A607B68012283F83D202D
:106310007B68002283F83C20002318461437BD46D2
:106320005DF8047B704700BF002C01400034014041
:106330000004004000080040000C00400040014004
:1063400080B483B000AF786000BF0C37BD465DF805
:10635000047B704780B483B000AF786000BF0C3717
:10636000BD465DF8047B704780B483B000AF7860B1
:1063700000BF0C37BD465DF8047B704780B582B026
:1063800000AF78607B68002B01D1012340E07B687F
:10639000DB6F002B06D17B68002283F878207868B9
:1063A000FBF79CFF7B682422DA677B681B681A680E
:1063B0007B681B6822F001021A607B685B6A002B15
:1063C00002D0786800F06AFB786800F0AFF8034606
:1063D000012B01D101231BE07B681B685A687B6895
:1063E0001B6822F490425A607B681B689A687B683D
:1063F0001B6822F02A029A607B681B681A687B6817
:106400001B6842F001021A60786800F0E9FB03465D
:1064100018460837BD4680BD80B58AB002AFF86027
:10642000B9603B601346FB80FB68DB6F202B77D1A4
:10643000BB68002B02D0FB88002B01D1012370E048
:10644000FB680022C3F88420FB682122DA67FCF78E
:1064500027F97861FB68FA88A3F85020FB68FA886E
:10646000A3F85220FB689B68B3F5805F08D1FB68F6
:106470001B69002B04D10023FB61BB68BB6103E0F7
:10648000BB68FB610023BB612FE03B6800937B6925
:1064900000228021F86800F04BFC0346002B04D05A
:1064A000FB682022DA6703233BE0FB69002B0BD15A
:1064B000BB691A88FB681B68C2F3080292B21A858E
:1064C000BB690233BB6107E0FB691A78FB681B6894
:1064D0001A85FB690133FB61FB68B3F852309BB24C
:1064E000013B9AB2FB68A3F85220FB68B3F8523024
:1064F0009BB2002BC9D13B6800937B6900224021ED
:10650000F86800F015FC0346002B04D0FB6820223D
:10651000DA67032305E0FB682022DA67002300E046
:10652000022318462037BD4680BD00002DE9B04F3C
:106530008AB000AFF860002387F82230FB689A68C1
:10654000FB681B691A43FB685B691A43FB68DB69DC
:1065500013437B62FB681B681A68A44B1340FA68FC
:106560001268796A0B431360FB681B685B6823F44D
:106570004051FB68DA68FB681B680A435A60FB6895
:106580009B697B62FB681B68994A934204D0FB6855
:106590001B6A7A6A13437B62FB681B689B6823F45F
:1065A0003061FB681B687A6A0A439A60FB681B6863
:1065B000904A934226D1904BD3F8883003F00303DE
:1065C000032B1BD801A252F823F000BFDD650008A1
:1065D000ED650008E5650008F5650008012387F80A
:1065E000233016E1022387F8233012E1042387F8D1
:1065F00023300EE1082387F823300AE1102387F8BF
:10660000233006E1FB681B687C4A934238D17A4B01
:10661000D3F8883003F00C030C2B2DD801A252F8CC
:1066200023F000BF59660008796600087966000803
:1066300079660008696600087966000879660008CE
:1066400079660008616600087966000879660008C6
:106650007966000871660008002387F82330D8E0C7
:10666000022387F82330D4E0042387F82330D0E0D6
:10667000082387F82330CCE0102387F82330C8E0C4
:10668000FB681B685E4A934225D15B4BD3F8883088
:1066900003F03003302B16D0302B18D8202B0AD023
:1066A000202B14D8002B02D0102B08D00FE0002391
:1066B00087F82330ADE0022387F82330A9E00423D4
:1066C00087F82330A5E0082387F82330A1E01023C2
:1066D00087F823309DE0FB681B684A4A934225D126
:1066E000454BD3F8883003F0C003C02B16D0C02B25
:1066F00018D8802B0AD0802B14D8002B02D0402B26
:1067000008D00FE0002387F8233082E0022387F8C7
:1067100023307EE0042387F823307AE0082387F8CB
:10672000233076E0102387F8233072E0FB681B6883
:10673000354A93422AD1304BD3F8883003F4407362
:10674000B3F5407F1AD0B3F5407F1BD8B3F5007F77
:106750000CD0B3F5007F15D8002B03D0B3F5807FA4
:1067600008D00FE0002387F8233052E0022387F897
:1067700023304EE0042387F823304AE0082387F8CB
:10678000233046E0102387F8233042E0FB681B6883
:10679000174A93423AD1184BD3F8883003F4406338
:1067A000B3F5406F1AD0B3F5406F1BD8B3F5006F47
:1067B0000CD0B3F5006F15D8002B03D0B3F5806F64
:1067C00008D00FE0002387F8233022E0022387F867
:1067D00023301EE0042387F823301AE0082387F8CB
:1067E000233016E0102387F8233012E0F369FFEF1F
:1067F000008000400038014000100240004400408A
:1068000000480040004C004000500040102387F832
:106810002330FB681B689F4A93427AD197F8233054
:10682000082B24D801A252F823F000BF51680008B9
:106830006F680008596800086F6800085F68000802
:106840006F6800086F6800086F68000867680008D4
:10685000FDF768FCF86110E08F4BFB610DE0FDF780
:10686000C9FBF86109E04FF40043FB6105E0002338
:10687000FB61012387F8223000BFFB69002B00F089
:10688000FB80FB685A6813465B001344FA699A421E
:1068900005D3FB685B681B03FA699A4203D901239D
:1068A00087F82230E8E0FB6900221C4615464FF0CD
:1068B00000024FF000032B0243EA14632202F9683E
:1068C0004968490800208846814612EB080A43EBD4
:1068D000090BFB685B6800223B607A60D7E9002304
:1068E00050465946F9F7D2FF02460B461346BB61A4
:1068F000BB69B3F5407F08D3BB69B3F5801F04D2F1
:10690000FB681B68BA69DA60B6E0012387F82230B9
:10691000B2E0FB68DB69B3F5004F5ED197F8233036
:10692000082B28D801A252F823F000BF51690008B3
:1069300059690008616900087769000867690008FB
:106940007769000877690008776900086F690008AF
:10695000FDF7E8FBF86114E0FDF7FAFBF86110E0E1
:106960004D4BFB610DE0FDF745FBF86109E04FF48D
:106970000043FB6105E00023FB61012387F822301F
:1069800000BFFB69002B77D0FB695A00FB685B688E
:106990005B081A44FB685B68B2FBF3F3BB61BB693D
:1069A0000F2B16D9BB69B3F5803F12D2BB699BB2DE
:1069B00023F00F03FB82BB695B089BB203F0070364
:1069C0009AB2FB8A1343FB82FB681B68FA8ADA607F
:1069D00052E0012387F822304EE097F82330082B4D
:1069E00027D801A252F823F00D6A0008156A0008A2
:1069F0001D6A0008336A0008236A0008336A000829
:106A0000336A0008336A00082B6A0008FDF78AFB26
:106A1000F86114E0FDF79CFBF86110E01E4BFB6190
:106A20000DE0FDF7E7FAF86109E04FF40043FB6180
:106A300005E00023FB61012387F8223000BFFB69DA
:106A4000002B19D0FB685B685A08FB691A44FB6885
:106A50005B68B2FBF3F3BB61BB690F2B09D9BB6960
:106A6000B3F5803F05D2BB699AB2FB681B68DA6058
:106A700002E0012387F82230FB6800229A66FB6857
:106A80000022DA6697F8223018462837BD46BDE85E
:106A9000B08F00BF008000400024F40080B483B0B9
:106AA00000AF78607B685B6A03F00803002B0AD0B4
:106AB0007B681B685B6823F400417B685A6B7B68CA
:106AC0001B680A435A607B685B6A03F00103002B72
:106AD0000AD07B681B685B6823F400317B689A6A84
:106AE0007B681B680A435A607B685B6A03F0020399
:106AF000002B0AD07B681B685B6823F480317B68BD
:106B0000DA6A7B681B680A435A607B685B6A03F039
:106B10000403002B0AD07B681B685B6823F4802188
:106B20007B681A6B7B681B680A435A607B685B6AE8
:106B300003F01003002B0AD07B681B689B6823F4CA
:106B400080517B689A6B7B681B680A439A607B68FC
:106B50005B6A03F02003002B0AD07B681B689B68EC
:106B600023F400517B68DA6B7B681B680A439A60E8
:106B70007B685B6A03F04003002B1AD07B681B68BC
:106B80005B6823F480117B681A6C7B681B680A437E
:106B90005A607B681B6CB3F5801F0AD17B681B6849
:106BA0005B6823F4C0017B685A6C7B681B680A43EE
:106BB0005A607B685B6A03F08003002B0AD07B6815
:106BC0001B685B6823F400217B689A6C7B681B68F8
:106BD0000A435A6000BF0C37BD465DF8047B70471E
:106BE00080B598B002AF78607B680022C3F884203B
:106BF000FBF756FD78657B681B681B6803F008038C
:106C0000082B2ED16FF07E4300937B6D00224FF452
:106C10000011786800F08CF80346002B21D07B68C7
:106C20001B68BB63BB6B53E8003F7B637B6B23F04C
:106C300080033B657B681B681A463B6D7B643A6446
:106C4000396C7A6C41E80023FB63FB6B002BE6D1C7
:106C50007B682022DA677B68002283F87820032390
:106C600062E07B681B681B6803F00403042B49D1B6
:106C70006FF07E4300937B6D00224FF480017868B3
:106C800000F056F80346002B3CD07B681B687B6203
:106C90007B6A53E8003F3B623B6A23F49073FB64DA
:106CA0007B681B681A46FB6C3B63FA62F96A3A6BB5
:106CB00041E80023BB62BB6A002BE6D17B681B68FE
:106CC00008333B613B6953E8003FFB60FB6823F0FE
:106CD0000103BB647B681B680833BA6CFA61BB6153
:106CE000B969FA6941E800237B617B69002BE5D132
:106CF0007B682022C3F880207B68002283F87820FC
:106D0000032311E07B682022DA677B682022C3F826
:106D100080207B6800221A667B6800225A667B68A6
:106D2000002283F87820002318465837BD4680BDDE
:106D300080B584B000AFF860B9603B601346FB716A
:106D40004FE0BB69B3F1FF3F4BD0FBF7A9FC024614
:106D50003B68D31ABA699A4202D3BB69002B01D1AE
:106D600003234EE0FB681B681B6803F00403002B41
:106D700037D0BB68802B34D0BB68402B31D0FB6848
:106D80001B68DB6903F00803082B10D1FB681B6844
:106D900008221A62F86800F038F8FB680822C3F885
:106DA0008420FB68002283F87820012329E0FB6817
:106DB0001B68DB6903F40063B3F5006F11D1FB6856
:106DC0001B684FF400621A62F86800F01EF8FB6856
:106DD0002022C3F88420FB68002283F87820032354
:106DE0000FE0FB681B68DA69BB681340BA689A4217
:106DF0000CBF01230023DBB21A46FB799A42A0D0D4
:106E0000002318461037BD4680BD80B495B000AF52
:106E100078607B681B687B637B6B53E8003F3B6358
:106E20003B6B23F49073FB647B681B681A46FB6C16
:106E30003B64FA63F96B3A6C41E80023BB63BB6BBC
:106E4000002BE6D17B681B6808333B623B6A53E842
:106E5000003FFB61FB6923F00103BB647B681B6897
:106E60000833BA6CFA62BB62B96AFA6A41E8002375
:106E70007B627B6A002BE5D17B681B6E012B18D1EE
:106E80007B681B68FB60FB6853E8003FBB60BB6826
:106E900023F010037B647B681B681A467B6CBB6124
:106EA0007A617969BA6941E800233B613B69002B4B
:106EB000E6D17B682022C3F880207B6800221A6616
:106EC0007B6800229A6600BF5437BD465DF8047B9C
:106ED0007047000080B500AF0449054803F0C6F9CB
:106EE00003461A46034B1A7000BF80BD642700207A
:106EF000540000206027002080B400AF0023184613
:106F0000BD465DF8047B704780B582B000AF034694
:106F1000FB71FB791846FAF703F803461846083761
:106F2000BD4680BD80B582B000AF0346FB71FB79E2
:106F30001846FAF7DBF8034618460837BD4680BD09
:106F400080B584B000AFB9607A603B600346FB73E4
:106F5000F87B3B687A68B968FAF7DEF803461846AA
:106F60001037BD4680BD80B584B000AFB9607A608F
:106F70003B600346FB73F87B3B687A68B968FAF7B5
:106F800035F9034618461037BD4680BD80B582B03E
:106F900000AF03463A60FB710B46BB71B979FB79D0
:106FA0003A681846FAF7A6F9034618460837BD4668
:106FB00080BD000080B584B000AF0346FB71FB7953
:106FC000084A9B0013445B685B68FA7905490A44E8
:106FD000127A104698470346FB73FB7B184610371E
:106FE000BD4680BD9029002080B584B000AF034627
:106FF000FB710023FB73FB790D4AD35C002B11D18D
:10700000FB790B4A0121D154FB79094A9B001344B7
:107010005B681B68FA7906490A44127A1046984759
:107020000346FB73FB7B18461037BD4680BD00BF8F
:107030009029002090B587B000AFB9607A603B60BE
:107040000346FB73FB7B0A4A9B0013445B689C6806
:10705000FB7B074A1344187A3B687A68B968A047F3
:107060000346FB75FB7D18461C37BD4690BD00BF2F
:107070009029002090B587B000AFB9607A603B607E
:107080000346FB73FB7B0A4A9B0013445B68DC6886
:10709000FB7B074A1344187A3B687A68B968A047B3
:1070A0000346FB75FB7D18461C37BD4690BD00BFEF
:1070B0009029002080B584B000AF03463A60FB7190
:1070C0000B46BB71FB79094A9B0013445B681B6943
:1070D000FA7906490A44107AB9793A68984703461A
:1070E000FB73FB7B18461037BD4680BD90290020FE
:1070F00080B485B000AF78607B6801331B78FB817A
:10710000B7F90E301B021AB27B681B781BB213430F
:107110001BB2FB81FB8918461437BD465DF8047B22
:10712000704780B485B000AF78607B6803331B780C
:10713000FB60FB681B027A68023212781343FB6023
:10714000FB681B027A68013212781343FB60FB680C
:107150001B027A6812781343FB60FB6818461437E9
:10716000BD465DF8047B704780B483B000AF7860A3
:107170000B467B807B685A1C7A607A88D2B21A7080
:107180007B881B0A7B807B685A1C7A607A88D2B223
:107190001A7000BF0C37BD465DF8047B704780B4A1
:1071A00083B000AF786039607B685A1C7A603A68B7
:1071B000D2B21A703B681B0A3B607B685A1C7A602B
:1071C0003A68D2B21A703B681B0A3B607B685A1C53
:1071D0007A603A68D2B21A703B681B0A3B607B68DF
:1071E0005A1C7A603A68D2B21A7000BF0C37BD469A
:1071F0005DF8047B704780B487B000AFF860B96079
:107200007A60FB687B61BB683B617B68002B0DD0BB
:107210003A69531C3B617B69591C796112781A7079
:107220007B68013B7B607B68002BF1D100BF1C3782
:10723000BD465DF8047B704780B487B000AFF8604E
:10724000B9607A60FB687B617B695A1C7A61BA68B5
:10725000D2B21A707B68013B7B607B68002BF3D154
:1072600000BF00BF1C37BD465DF8047B704780B48B
:1072700089B000AFF860B9607A60FB68FB61BB68F9
:10728000BB6100237B61FB695A1CFA611B781946BC
:10729000BB695A1CBA611B78CB1A7B617B68013BC6
:1072A0007B607B68002B02D07B69002BEBD07B6975
:1072B00018462437BD465DF8047B704780B483B020
:1072C00000AF7860396002E07B6801337B607B68E7
:1072D0001B78002B05D07B681B781A463B689342CD
:1072E000F2D17B681B7818460C37BD465DF8047BED
:1072F0007047000080B485B000AF7860396000232B
:10730000BB60BB68FB6029E0274AFB681B01134494
:107310001B68002B1DD0244AFB681B0113441A680C
:107320007B681B689A4216D11F4AFB681B011344F5
:1073300004331A687B689B689A420CD11A4AFB682E
:107340001B01134408331A687B685B699A4202D1B7
:1073500007E00123BB60FB680133FB60FB68012B86
:10736000D2D9FB68022B09D1BB68002B02D13B6844
:10737000022B01D1002310E012230EE03B68002B0A
:1073800008D1094AFB681B0113440C331B88B3F571
:10739000807F01D1102300E0002318461437BD463A
:1073A0005DF8047B704700BF7027002080B483B075
:1073B00000AF00237B6002E07B6801337B607B6869
:1073C000012B06D8094A7B681B0113441B68002B5C
:1073D000F2D17B68022B14BF01230023DBB21846D5
:1073E0000C37BD465DF8047B704700BF7027002056
:1073F00080B485B000AF786039600023FB601FE087
:10740000414AFB681B0113441A687B681B689A4257
:1074100013D13D4AFB681B01134404331A687B688F
:107420009B689A4209D1384AFB681B011344083310
:107430001A687B685B699A4206D0FB680133FB607F
:10744000FB68012BDCD900E000BFFB68022B32D1C6
:107450000023FB6002E0FB680133FB60FB68012B4B
:1074600006D8294AFB681B0113441B68002BF2D184
:10747000FB68022B01D1002340E07B681A68224997
:10748000FB681B010B441A607B689A681E49FB6805
:107490001B010B4404331A607B685A691A49FB6864
:1074A0001B010B4408331A60174AFB681B01134485
:1074B0000C3300221A803B68002B09D0124AFB686B
:1074C0001B0113440C331B88002B01D0002315E053
:1074D0003B68002B08D10C4AFB681B0113440C339A
:1074E0001B8801339AB201E04FF480720649FB68B1
:1074F0001B010B440C331A80FB6801331846143708
:10750000BD465DF8047B70477027002080B485B0CD
:1075100000AF78607B68013B7B607B68012B25D8DE
:10752000174A7B681B0113440C331B88FB81FB89C2
:10753000B3F5807F01D10023FB81FB89002B02D0B2
:10754000FB89013BFB810E4A7B681B0113440C3312
:10755000FA891A80FB89002B05D1094A7B681B0137
:10756000134400221A6000237B7301E002237B7323
:107570007B7B18461437BD465DF8047B704700BF1F
:107580007027002080B485B000AF78600023FB60D6
:1075900010E00D4AFB681B0113441B687A689A428D
:1075A00005D1094AFB681B01134400221A60FB68DD
:1075B0000133FB60FB68012BEBD900BF00BF143720
:1075C000BD465DF8047B70477027002080B586B00B
:1075D00000AF78600023FB737B68DB78002B34D02E
:1075E0007B685B6B7B617B6858787B6803F1380153
:1075F00001237A69FFF73EFD0346002B02D00123E9
:10760000FB7322E07B680022DA707B689B6A7A69F0
:10761000D21A7B681B6A9A4217D27B689B783B61BF
:1076200010E07B681B6A7A6913447B617B68587839
:107630007B6803F1380101237A69FFF71BFD3B6981
:10764000013B3B613B69012BEBD8FB7B18461837AC
:10765000BD4680BD80B584B000AF7860396000233E
:10766000FB737B685B6B3A689A421BD07868FFF7C4
:10767000ADFF0346FB73FB7B002B13D17B6858786F
:107680007B6803F1380101233A68FFF7D3FC034616
:10769000002B04D04FF0FF333B600123FB737B686A
:1076A0003A685A63FB7B18461037BD4680BD000020
:1076B00080B584B000AF78607868FFF787FF034635
:1076C000FB73FB7B002B59D17B681B78032B49D1C3
:1076D0007B681B79012B45D17B6803F138007B68FF
:1076E0009B891A460021FFF7A7FD7B68383303F515
:1076F000FF734AF655211846FFF736FD7B6838338D
:1077000021491846FFF74BFD7B68383303F5F273C8
:107710001E491846FFF743FD7B68383303F5F472C2
:107720007B689B6919461046FFF739FD7B68383343
:1077300003F5F6727B685B6919461046FFF72FFD6B
:107740007B685B6A5A1C7B685A637B6858787B68E5
:1077500003F138017B685A6B0123FFF78BFC7B68D0
:1077600000221A717B685B78002200211846FFF71F
:10777000A1FC0346002B01D00123FB73FB7B1846C1
:107780001037BD4680BD00BF5252614172724161E7
:1077900080B483B000AF786039603B68023B3B60E7
:1077A0007B68DB69023B3A689A4201D3002308E018
:1077B0007B685B891A463B6803FB02F27B681B6BA4
:1077C000134418460C37BD465DF8047B704780B5FE
:1077D00086B000AF786039607B681B683B613B68AE
:1077E000012B04D93B69DB693A689A4202D3012331
:1077F0007B61BAE04FF0FF337B613B691B78032B61
:1078000000F08280032B00F3A680012B02D0022B14
:1078100055D0A0E03B68FB60FB685B08FA68134446
:10782000FB603B699A6A3B699B891946FB68B3FB1D
:10783000F1F3134419463869FFF70CFF0346002B98
:1078400040F08C80FB685A1CFA603A699289B3FB5D
:10785000F2F101FB02F29B1A3A69134493F83830B3
:10786000BB603B699A6A3B699B891946FB68B3FB1D
:10787000F1F3134419463869FFF7ECFE0346002B79
:107880006ED13B699B891A46FB68B3FBF2F101FBA1
:1078900002F29B1A3A69134493F838301B02BA6813
:1078A0001343BB603B6803F00103002B02D0BB68AD
:1078B0001B0902E0BB68C3F30B037B6155E03B6926
:1078C0009A6A3B699B895B089BB219463B68B3FB8C
:1078D000F1F3134419463869FFF7BCFE0346002B49
:1078E00040D13B6903F138013B685B003A699289FA
:1078F000B3FBF2F000FB02F29B1A0B441846FFF7B1
:10790000F7FB03467B6130E03B699A6A3B699B89E0
:107910009B089BB219463B68B3FBF1F3134419462D
:107920003869FFF797FE0346002B1DD13B6903F131
:1079300038013B689B003A699289B3FBF2F000FB87
:1079400002F29B1A0B441846FFF7EBFB034623F0A9
:1079500070437B6109E001237B6106E000BF04E026
:1079600000BF02E000BF00E000BF7B691846183787
:10797000BD4680BD90B589B000AFF860B9607A604F
:107980000223FB77BB68012B40F20981FB68DB69AE
:10799000BA689A4280F00381FB681B78032B00F0E1
:1079A000B680032B00F3FB80012B03D0022B00F0E9
:1079B0008380F4E0BB68BB61BB695B08BA691344B0
:1079C000BB61FB689A6AFB689B891946BB69B3FB7C
:1079D000F1F313441946F868FFF73CFE0346FB77C2
:1079E000FB7F002B40F0D480FB6803F13801BB69BA
:1079F0005A1CBA61FA689289B3FBF2F000FB02F2FA
:107A00009B1A0B447B61BB6803F00103002B0DD074
:107A10007B691B785BB203F00F035AB27B685BB2E1
:107A20001B015BB213435BB2DBB201E07B68DBB2EC
:107A30007A691370FB680122DA70FB689A6AFB6846
:107A40009B891946BB69B3FBF1F313441946F868E7
:107A5000FFF700FE0346FB77FB7F002B40F09A8088
:107A6000FB6803F13801FB689B891A46BB69B3FBCD
:107A7000F2F000FB02F29B1A0B447B61BB6803F03F
:107A80000103002B03D07B681B09DBB20EE07B698E
:107A90001B785BB223F00F035AB27B681B0A5BB200
:107AA00003F00F035BB213435BB2DBB27A6913706E
:107AB000FB680122DA7072E0FB689A6AFB689B89B6
:107AC0005B089BB21946BB68B3FBF1F3134419463C
:107AD000F868FFF7BFFD0346FB77FB7F002B5BD108
:107AE000FB6803F13801BB685B00FA689289B3FB5D
:107AF000F2F000FB02F29B1A0B447A6892B2114634
:107B00001846FFF731FBFB680122DA7047E0FB689B
:107B10009A6AFB689B899B089BB21946BB68B3FBBA
:107B2000F1F313441946F868FFF794FD0346FB7719
:107B3000FB7F002B32D17B6823F07044FB6803F19C
:107B40003801BB689B00FA689289B3FBF2F000FB36
:107B500002F29B1A0B441846FFF7E3FA034603F0C0
:107B6000704323437B60FB6803F13801BB689B00D3
:107B7000FA689289B3FBF2F000FB02F29B1A0B4405
:107B800079681846FFF70BFBFB680122DA7006E004
:107B900000BF04E000BF02E000BF00E000BFFB7FC9
:107BA00018462437BD4690BD80B588B000AFF86058
:107BB000B9607A600023FB77FB681B68BB61BB6818
:107BC000012B04D9BB69DB69BA689A4201D302234D
:107BD0004BE07B68002B0CD04FF0FF327968B8691E
:107BE000FFF7C8FE0346FB77FB7F002B01D0FB7F2E
:107BF0003BE0B968F868FFF7EAFD78617B69002B24
:107C000031D07B69012B01D102232EE07B69B3F1D6
:107C1000FF3F01D1012328E00022B968B869FFF7CE
:107C2000A9FE0346FB77FB7F002B01D0FB7F1CE006
:107C3000BB699A69BB69DB69023B9A420BD2BB699B
:107C40009B695A1CBB699A61BB691B7943F00103AC
:107C5000DAB2BB691A717B69BB60BB69DB69BA6860
:107C60009A42C6D300E000BF002318462037BD4625
:107C700080BD80B588B000AF786039607B681B68D4
:107C80003B613B68002B0DD13B695B69BB61BB6904
:107C9000002B04D03B69DB69BA699A421BD30123EC
:107CA000BB6118E039687868FFF791FDF860FB6800
:107CB000012B01D8012370E0FB68B3F1FF3F01D134
:107CC000FB686AE03B69DB69FA689A4201D2FB68AB
:107CD00063E03B68BB61BB69FB61FB690133FB612E
:107CE0003B69DB69FA699A4207D30223FB61FA69AF
:107CF000BB699A4201D900234FE0F9697868FFF720
:107D000066FDF860FB68002B0ED0FB68012B03D0EA
:107D1000FB68B3F1FF3F01D1FB683EE0FA69BB6944
:107D20009A42DAD1002338E000BF4FF0FF32F96900
:107D30003869FFF71FFE0346FB75FB7D002B09D159
:107D40003B68002B06D0FA6939683869FFF712FEE4
:107D50000346FB75FB7D002B16D13B69FA695A611E
:107D60003B699A693B69DB69023B9A4204D83B69EB
:107D70009B695A1E3B699A613B691B7943F0010379
:107D8000DAB23B691A7107E0FB7D012B02D14FF09B
:107D9000FF3300E00123FB61FB6918462037BD4635
:107DA00080BD80B487B000AF786039607B681B68A5
:107DB000FB607B68DB6A04333B61FB689B891A4686
:107DC0003B68B3FBF2F3FA685289B3FBF2F37B61D1
:107DD0003B691A1D3A611B68BB60BB68002B01D16F
:107DE000002310E07A69BB689A4207D37A69BB68BE
:107DF000D31A7B613B6904333B61E9E700BF3B6910
:107E00001A687B69134418461C37BD465DF8047B2D
:107E1000704780B586B000AF786039607B681B68BA
:107E20003B613B68B3F5001F04D23B6803F01F03BE
:107E3000002B01D0022371E07B683A685A617B68AD
:107E40009B687B617B69002B06D13B691B78022B09
:107E500002D93B69DB6A7B617B69002B0CD13B68F3
:107E60005B093A691289934201D3022356E03B69C8
:107E7000DA6A7B68DA612DE03B695B891A463B6907
:107E80009B8902FB03F3FB6019E07B687969184664
:107E9000FFF79DFC78617B69B3F1FF3F01D10123BE
:107EA0003CE07B69012B04D93B69DB697A699A4222
:107EB00001D3022332E03A68FB68D31A3B603A6888
:107EC000FB689A42E1D279693869FFF761FC0246A2
:107ED0007B68DA617B687A699A617B68DB69002B71
:107EE00001D102231AE07B68DA693B699B89194654
:107EF0003B68B3FBF1F31A447B68DA613B6903F139
:107F000038013B699B891A463B68B3FBF2F000FBE2
:107F100002F29B1ACA187B681A62002318461837A7
:107F2000BD4680BD80B586B000AF786039607B68A3
:107F30001B68FB607B685B692033BB607B68DB6927
:107F4000002B03D0BB68B3F5001F01D30423BBE0B3
:107F5000FB689B891A46BB68B3FBF2F101FB02F296
:107F60009B1A002B40F09D807B68DB695A1C7B6864
:107F7000DA617B689B69002B0BD1BB685B09FA68EF
:107F800012899342C0F08D807B680022DA6104235D
:107F90009AE0FB689B891A46BB68B3FBF2F3FA6868
:107FA0005289013A1340002B7BD17A687B689B6928
:107FB00019461046FFF70BFC78617B69012B01D84D
:107FC000022381E07B69B3F1FF3F01D101237BE014
:107FD000FB68DB697A699A4259D33B68002B04D16C
:107FE0007B680022DA6104236EE07A687B689B6913
:107FF00019461046FFF73DFE78617B69002B01D1E1
:10800000072361E07B69012B01D102235CE07B69DE
:10801000B3F1FF3F01D1012356E0F868FFF7D6FA2C
:108020000346002B01D001234EE0FB6803F138002A
:10803000FB689B891A460021FFF7FEF800233B618D
:108040007969F868FFF7A4FB0246FB685A6312E0FF
:10805000FB680122DA70F868FFF7B8FA0346002BD4
:1080600001D0012330E03B6901333B61FB685B6B6E
:108070005A1CFB685A63FB685B891A463B6993424A
:10808000E6D3FB685A6B3B69D21AFB685A637B687C
:108090007A699A617969F868FFF77AFB02467B682A
:1080A000DA617B68BA685A61FB6803F13801FB68E2
:1080B0009B891A46BB68B3FBF2F000FB02F29B1AE5
:1080C000CA187B681A62002318461837BD4680BD5F
:1080D00080B586B000AF786039607B681B68FB6054
:1080E00000217868FFF795FE0346FB75FB7D002BAA
:1080F0002BD100233B617B68DB691946F868FFF7E9
:10810000A9FA0346FB75FB7D002B1DD17B681B6A1A
:108110001B78E52B04D07B681B6A1B78002B07D1EA
:108120003B6901333B613A693B689A4202D10CE0FA
:1081300000233B6101217868FFF7F4FE0346FB75DD
:10814000FB7D002BD7D000E000BFFB7D042B01D1CD
:108150000723FB75FB7D18461837BD4680BD80B5EB
:1081600084B000AF786039603B681A331846FEF778
:10817000BFFF0346FB607B681B78032B09D13B687C
:1081800014331846FEF7B4FF03461B04FA68134382
:10819000FB60FB6818461037BD4680BD80B584B0D3
:1081A00000AFF860B9607A60BB681A337A6892B23F
:1081B00011461846FEF7D8FFFB681B78032B09D140
:1081C000BB6803F114027B681B0C9BB21946104676
:1081D000FEF7CAFF00BF1037BD4680BD90B587B01F
:1081E00000AF786039603B681A331846FEF780FFAD
:1081F0000346002B01D0002359E03B681B7803F0B5
:108200003F035A1E13465B0013449B0013447B61DB
:108210000123FB8100233B6133E0274A3B69134480
:108220001B781A463B6813441846FEF761FF034665
:10823000BB81FB89002B1AD07B69FE2B12D8BB892E
:10824000184602F05FF803461C467B695A1C7A61A7
:108250005B007A6813441B88184602F053F8034603
:108260009C4201D0002322E0BB89FB8106E0BB8950
:108270004FF6FF72934201D0002318E03B690133AF
:108280003B613B690C2BC8D93B681B7803F040036A
:10829000002B0BD0FB89002B08D07B695B007A6830
:1082A00013441B88002B01D0002300E00123184653
:1082B0001C37BD4690BD00BF30BA000880B588B0FD
:1082C00000AFF860B96011461A460B46FB711346C1
:1082D000BB71BB680D33BA791A70BB680B330F22C0
:1082E0001A70BB680C3300221A70BB681A33002165
:1082F0001846FEF739FFFB795A1E13465B001344FC
:108300009B001344FB610023FB820023BB61FB8ABB
:108310004FF6FF72934207D0FB695A1CFA615B006B
:10832000FA6813441B88FB82174ABB6913441B7805
:108330001A46BB681344FA8A11461846FEF714FF22
:10834000FB8A002B02D14FF6FF73FB82BB6901331E
:10835000BB61BB690C2BDAD9FB8A4FF6FF729342E3
:1083600006D0FB695B00FA6813441B88002B03D11D
:10837000FB7943F04003FB71BB68FA791A7000BFC8
:108380002037BD4680BD00BF30BA000880B58CB034
:1083900000AFF860B9607A603B600B22B968F8689A
:1083A000FEF729FF3B68052B2BD93B68FB6122E0D8
:1083B0007B689A1C7A601B887B840023BB6217E071
:1083C000FB695A007B8C03F001031344FB617B8C37
:1083D0005B087B84FB6903F48033002B05D0FB69C9
:1083E00083F4883383F02103FB61BB6A0133BB62F2
:1083F000BB6A0F2BE4D97B681B88002BD8D1FB69A3
:108400003B600723BB623B68DBB203F00F03DBB2C8
:10841000303387F82F3097F82F30392B04D997F85D
:108420002F30073387F82F30BB6A5A1EBA623033B9
:108430003B4497F82F2003F81C2C3B681B093B603A
:108440003B68002BDFD107F11402BB6A13447E2284
:108450001A7000237B6202E07B6A01337B627A6AD6
:10846000BB6A9A4205D2FA687B6A13441B78202BB8
:10847000F2D1BB6A072B07D8BB6A5A1CBA623033E9
:108480003B4413F81C1C00E020217B6A5A1C7A62D2
:10849000FA6813440A461A707B6A072BE9D900BFB1
:1084A00000BF3037BD4680BD80B485B000AF786076
:1084B0000023FB730B23BB60FB7BDAB25208DB01AA
:1084C0001343DAB27B68591C79601B781344FB7341
:1084D000BB68013BBB60BB68002BEDD1FB7B184642
:1084E0001437BD465DF8047B704780B586B000AF99
:1084F00078607B681B683B6100217868FFF789FC26
:108500000346FB75FB7D002B01D0FB7DA9E0FF231B
:108510003B753B7D7B757B684FF0FF321A637B6850
:10852000DB6919463869FFF795F80346FB75FB7D53
:10853000002B40F090807B681B6A1B78BB75BB7D6D
:10854000002B02D10423FB758AE07B681B6A0B3386
:108550001B7803F03F03FB737B68FA7B9A71BB7D4A
:10856000E52B07D0FB7B03F00803002B09D0FB7B36
:108570000F2B06D0FF237B757B684FF0FF321A6309
:108580005EE0FB7B0F2B36D17B6893F82F3003F036
:108590004003002B54D1BB7D03F04003002B0DD0D2
:1085A0007B681B6A5B7B3B75BB7D23F04003BB751F
:1085B000BB7D7B757B685A697B681A63BA7D7B7D5E
:1085C0009A4215D17B681B6A0D331B783A7D9A421B
:1085D0000ED13B691A697B681B6A19461046FFF782
:1085E000FDFD0346002B03D07B7D013BDBB200E0A9
:1085F000FF237B7524E07B7D002B09D17B681B6A00
:108600001846FFF751FF03461A463B7D934224D09C
:108610007B6893F82F3003F00103002B0AD17B68AD
:10862000186A7B6824330B221946FEF720FE0346A6
:10863000002B14D0FF237B757B684FF0FF321A6349
:1086400000217868FFF76EFC0346FB75FB7D002B6D
:108650003FF465AF04E000BF02E000BF00E000BFF0
:10866000FB7D18461837BD4680BD000080B58CB034
:1086700000AF78607B681B68FB617B6893F82F30E4
:1086800003F0A003002B01D00623E0E000237B626F
:1086900002E07B6A01337B62FB691A697B6A5B00DB
:1086A00013441B88002BF4D17B6803F1240107F1EC
:1086B0000C030C221846FEF79EFDFB7D03F0010320
:1086C000002B32D07B68402283F82F200123BB622D
:1086D00016E07B6803F12400FB691A6907F10C01BD
:1086E000BB6AFFF753FE7868FFF7FFFE034687F883
:1086F0002F3097F82F30002B06D1BB6A0133BB62B5
:10870000BB6A632BE5D900E000BFBB6A642B01D1D3
:1087100007239CE097F82F30042B02D097F82F30D6
:1087200095E0FA7D7B6883F82F20FB7D03F0020340
:10873000002B07D07B6A0C33474AA2FB03239B081C
:10874000013300E001233B62396A7868FFF7C0FC1F
:10875000034687F82F3097F82F30002B48D13B6A1B
:10876000013B3B623B6A002B42D07B685A693B6A03
:108770005B01D31A19467868FFF74BFB034687F86D
:108780002F3097F82F30002B32D17B6824331846D6
:10879000FFF78AFE0346FB767B68DB691946F869BA
:1087A000FEF758FF034687F82F3097F82F30002B3D
:1087B0001DD1FB6918697B68196A3B6ADAB2FB7ED6
:1087C000FFF77CFDFB690122DA7000217868FFF772
:1087D000A9FB034687F82F3097F82F30002B07D1DD
:1087E0003B6A013B3B623B6A002BD5D100E000BFF6
:1087F00097F82F30002B28D17B68DB691946F86980
:10880000FEF728FF034687F82F3097F82F30002B0C
:108810001BD17B681B6A202200211846FEF70CFD45
:108820007B68186A7B6824330B221946FEF7E3FC49
:108830007B6893F82F207B681B6A0C3302F01802C8
:10884000D2B21A70FB690122DA7097F82F301846FD
:108850003037BD4680BD00BF4FECC44E80B58AB0F6
:1088600000AF786039603B681B683B617B681B68C0
:108870001B69FB6000237B617B69BB61BB695A1C80
:10888000BA613A6913441B78BB84BB8C1F2B40D957
:10889000BB8C2F2B06D0BB8C5C2B10D102E0BB69AC
:1088A0000133BB613A69BB6913441B782F2BF6D0A7
:1088B0003A69BB6913441B785C2BF0D02AE07B69D2
:1088C000FE2B01D906237DE1BB8CDBB2BB84BB8CC4
:1088D0000121184601F0DAFC0346BB84BB8C002B57
:1088E00001D106236EE1BB8C7F2B09D8BB8C1946C6
:1088F0008D48FEF7E3FC0346002B01D0062361E11F
:108900007B695A1C7A615B00FA681344BA8C1A803E
:10891000B4E700BF3A69BB691A443B681A60BB8C74
:108920001F2B01D8042300E0002387F8273011E033
:108930007B6903F10043013B5B00FA6813441B8829
:10894000BB84BB8C202B02D0BB8C2E2B06D17B6929
:10895000013B7B617B69002BEAD100E000BF7B69B2
:108960005B00FA68134400221A807B69002B01D156
:10897000062327E17B6824330B2220211846FEF7CB
:108980005BFC0023BB6102E0BB690133BB61BB69D7
:108990005B00FA6813441B88202BF5D0BB695B0091
:1089A000FA6813441B882E2BEED0BB69002B09D02C
:1089B00097F8273043F0030387F8273002E07B69FC
:1089C000013B7B617B69002B09D07B6903F100438C
:1089D000013B5B00FA6813441B882E2BEFD1002368
:1089E00087F8263000233B620823FB61BB695A1CD1
:1089F000BA615B00FA6813441B88BB84BB8C002BF4
:108A000000F09080BB8C202B06D0BB8C2E2B0AD183
:108A1000BA697B699A4206D097F8273043F003037E
:108A200087F827307DE03A6AFB699A4203D2BA6937
:108A30007B699A4223D1FB690B2B06D197F827302B
:108A400043F0030387F8273075E0BA697B699A42DF
:108A500005D097F8273043F0030387F82730BA6929
:108A60007B699A4266D87B69BB6108233B620B2312
:108A7000FB6197F826309B0087F8263051E0BB8CCD
:108A80007F2B14D9BB8C0021184601F0FFFB034655
:108A9000BB84BB8C002B04D0BB8C803B234AD35CB3
:108AA000BB8497F8273043F0020387F82730BB8C4C
:108AB000002B07D0BB8C19461D48FEF7FFFB034671
:108AC000002B08D05F23BB8497F8273043F00303C3
:108AD00087F827301BE0BB8C402B09D9BB8C5A2B65
:108AE00006D897F8263043F0020387F826300EE0C8
:108AF000BB8C602B0BD9BB8C7A2B08D897F826300F
:108B000043F0010387F82630BB8C203BBB843B6AD3
:108B10005A1C3A62BA8CD1B27A6813440A4683F876
:108B2000242063E700BF06E020B90008B0B90008C0
:108B30002CB9000800BF7B6893F82430E52B03D1E3
:108B40007B68052283F82420FB69082B04D197F861
:108B500026309B0087F8263097F8263003F00C0368
:108B60000C2B05D097F8263003F00303032B05D117
:108B700097F8273043F0020387F8273097F827301B
:108B800003F00203002B17D197F8263003F00303FC
:108B9000012B05D197F8273043F0100387F82730D1
:108BA00097F8263003F00C03042B05D197F82730F3
:108BB00043F0080387F827307B6897F8272083F86D
:108BC0002F20002318462837BD4680BD80B586B0CB
:108BD00000AF786039607B683B613B691B68FB6074
:108BE00002E03B6801333B603B681B782F2BF8D0D9
:108BF0003B681B785C2BF4D03B6900229A603B6891
:108C00001B781F2B0AD87B68802283F82F20002135
:108C10007868FFF7FEF80346FB7548E03B461946C7
:108C20007868FFF71BFE0346FB75FB7D002B39D1EF
:108C30007868FFF75AFC0346FB757B6893F82F3082
:108C4000FB72FB7D002B0AD0FB7D042B2CD1FB7A21
:108C500003F00403002B27D10523FB7524E0FB7AE6
:108C600003F00403002B21D13B699B7903F010032F
:108C7000002B02D10523FB7519E0FB6803F13801D5
:108C80007B685B69FA689289B3FBF2F000FB02F241
:108C90009B1A0B441946F868FFF761FA02463B69D4
:108CA0009A60BBE700BF02E000BF00E000BFFB7DB1
:108CB00018461837BD4680BD80B487B000AF7860D5
:108CC0004FF0FF333B617B681B68002B31D07B6822
:108CD0001B687B6102E07B6901337B617B691B78E8
:108CE0001F2B03D97B691B783A2BF4D17B691B7846
:108CF0003A2B1CD17B681B68FB60FB685A1CFA602E
:108D00001B78303BBB60BB68092B0ED8FA687B69C7
:108D10009A420AD1BB68002B07D1BB683B617B69D3
:108D200001337B617B687A691A603B6902E000234A
:108D30003B613B6918461C37BD465DF8047B7047B4
:108D400080B582B000AF786039607B680022DA704D
:108D50007B684FF0FF325A6339687868FEF77AFC17
:108D60000346002B01D0042338E07B68383303F539
:108D7000FF731846FEF7BCF903461A464AF6552318
:108D80009A4201D0032329E07B6893F83830E92B1D
:108D900009D07B6893F83830EB2B1ED17B6893F8B1
:108DA0003A30902B19D17B68383336331846FEF7AA
:108DB000B8F9034623F07F430A4A934201D10023C6
:108DC0000CE07B68383352331846FEF7AAF90346A5
:108DD000054A934201D1002300E0022318460837D8
:108DE000BD4680BD464154004641543380B596B0DF
:108DF00000AFF860B9601346FB71BB6800221A60CF
:108E0000F868FFF759FFF863FB6B002B01DA0B23BF
:108E100065E29F4AFB6B52F82330BB63BB6B002BB0
:108E200001D10C235BE2BB68BA6B1A60FB7923F0BB
:108E30000103FB71BB6B1B78002B1AD0BB6B5B78FB
:108E40001846FEF7B7F8034687F8373097F83730FB
:108E500003F00103002B0CD1FB79002B07D097F80E
:108E6000373003F00403002B01D00A2337E200233C
:108E700035E2BB6B00221A70FB6BDAB2BB6B5A7027
:108E8000BB6B5B781846FEF7AFF8034687F83730C0
:108E900097F8373003F00103002B01D003231EE2C3
:108EA000FB79002B07D097F8373003F00403002B31
:108EB00001D00A2313E2BB6B5878BB6B0C331A4604
:108EC0000221FEF7F7F80346002B01D0012306E24A
:108ED000BB6B9B89B3F5805F0DD8BB6B9B89B3F5EA
:108EE000007F08D3BB6B9B891A46BB6B9B89013BF8
:108EF0001340002B01D00123F1E100233B65396DC4
:108F0000B86BFFF71DFF034687F8573097F85730C7
:108F1000022B49D100233B641EE0BB6B03F13802F6
:108F20003B6C1B0103F5DF7313443B633B6B043362
:108F30001B78002B06D03B6B08331846FEF7F1F880
:108F4000024600E000223B6C9B0058333B4443F850
:108F5000442C3B6C01333B643B6C032BDDD9002379
:108F60003B643B6C002B02D03B6C013B3B643B6C95
:108F70009B0058333B4453F8443C3B653B6D002B0E
:108F800005D0396DB86BFFF7DBFE034600E0032325
:108F900087F8573097F85730012B05D93B6C0133D0
:108FA0003B643B6C032BE2D997F85730042B01D17B
:108FB000012394E197F85730012B01D90D238EE15D
:108FC000BB6B38330B331846FEF792F803461A464C
:108FD000BB6B9B899A4201D00D2380E1BB6B383378
:108FE00016331846FEF784F80346FB64FB6C002B2F
:108FF00006D1BB6B383324331846FEF792F8F86479
:10900000BB6BFA6C1A62BB6B93F84820BB6B9A700F
:10901000BB6B9B78012B05D0BB6B9B78022B01D0DF
:109020000D235CE1BB6B9B781A46FB6C02FB03F3E0
:10903000FB64BB6B93F845301A46BB6B5A81BB6B24
:109040005B89002B08D0BB6B5B891A46BB6B5B89C5
:10905000013B1340002B01D00D2340E1BB6B3833A3
:1090600011331846FEF744F803461A46BB6B1A81C3
:10907000BB6B1B89BA6B9289520992B2B3FBF2F1B6
:1090800001FB02F29B1A9BB2002B03D00D2326E1B9
:1090900068270020BB6B383313331846FEF728F8D7
:1090A0000346BB64BB6C002B06D1BB6B383320334B
:1090B0001846FEF736F8B864BB6B38330E331846E3
:1090C000FEF716F80346FB85FB8D002B01D10D231F
:1090D00005E1FA8DFB6C1344BA6B1189BA6B928966
:1090E000520992B2B1FBF2F292B21344BB62BA6C73
:1090F000BB6A9A4201D20D23F1E0BA6CBB6AD31A63
:10910000BA6B5289B3FBF2F37B627B6A002B01D10D
:109110000D23E4E0032387F857307B6A4FF6F5729E
:10912000934202D8022387F857307B6A40F6F572E3
:10913000934202D8012387F857307B6A9A1CBB6B95
:10914000DA61BB6B3A6D5A62FA8D3B6D1A44BB6BA8
:109150009A623A6DBB6A1A44BB6B1A6397F8573030
:10916000032B1ED1BB6B38332A331846FDF7C0FFE3
:109170000346002B01D00D23B1E0BB6B1B89002BF4
:1091800001D00D23ABE0BB6B38332C331846FDF711
:10919000C8FF0246BB6BDA62BB6BDB699B007B647A
:1091A0001FE0BB6B1B89002B01D10D2397E0BB6B2C
:1091B0009A6AFB6C1A44BB6BDA6297F85730022B41
:1091C00003D1BB6BDB695B000AE0BB6BDA6913465A
:1091D0005B0013445A08BB6BDB6903F001031344C3
:1091E0007B64BB6B1A6ABB6B9B8919467B6C0B4417
:1091F000013BB96B8989B3FBF1F39A4201D20D238C
:109200006DE0BB6B4FF0FF329A61BB6B9A69BB6B31
:109210005A61BB6B80221A7197F85730032B49D1E2
:10922000BB6B383330331846FDF762FF0346012B22
:1092300040D13B6D01331946B86BFEF70BFA03467C
:10924000002B37D1BB6B00221A71BB6B383303F58F
:10925000FF731846FDF74CFF03461A464AF655239E
:109260009A4227D1BB6B38331846FDF75AFF0346A5
:109270001D4A93421ED1BB6B383303F5F273184677
:10928000FDF74FFF0346194A934213D1BB6B3833A6
:1092900003F5F4731846FDF744FF0246BB6B9A6171
:1092A000BB6B383303F5F6731846FDF73AFF0246F9
:1092B000BB6B5A61BB6B97F857201A700C4B1B881D
:1092C00001339AB20A4B1A80094B1A88BB6BDA80B9
:1092D000BB6B084A1A61B86BFEF754F900231846B5
:1092E0005837BD4680BD00BF525261417272416124
:1092F0006C2700209027002080B584B000AF7860F4
:1093000039600923FB737B68002B1CD07B681B68CA
:10931000002B18D07B681B681B78002B13D07B6850
:109320009A887B681B68DB889A420CD17B681B6833
:109330005B781846FDF73EFE034603F00103002B61
:1093400001D10023FB73FB7B002B02D17B681B68E0
:1093500000E000233A681360FB7B18461037BD46D7
:1093600080BD000080B588B000AFF860B9601346DA
:10937000FB71BB683B6107F110031846FFF79CFCCB
:10938000F861FB69002B01DA0B232BE0174AFB691C
:1093900052F82330BB61BB69002B05D0B869FEF7DA
:1093A000F1F8BB6900221A70FB68002B02D0FB6841
:1093B00000221A70FA680D49FB6941F82320FB6806
:1093C000002B02D0FB79012B01D000230AE007F12A
:1093D0000C0107F1080300221846FFF707FD0346BA
:1093E000FB75FB7D18462037BD4680BD68270020F1
:1093F00080B59AB000AFF860B9601346FB71FB68A6
:10940000002B01D10923B7E1FB7903F03F03FB7186
:10941000FA7907F1140107F108031846FFF7E6FC93
:10942000034687F8673097F86730002B40F09B8140
:109430007B69BB61BA6807F1180311461846FFF74C
:10944000C5FB034687F8673097F86730002B18D1C3
:1094500097F847305BB2002B03DA062387F86730B2
:109460000FE0FB79012B8CBF01230023DBB21A46EE
:1094700007F1180311461846FDF73CFF034687F82D
:109480006730FB7903F01C03002B7FD097F867301F
:10949000002B17D097F86730042B0ED1FDF786FF0D
:1094A0000346002B06D007F118031846FFF7DEF835
:1094B000034600E0122387F86730FB7943F0080386
:1094C000FB7110E0BB7F03F01103002B03D00723D7
:1094D00087F8673007E0FB7903F00403002B02D024
:1094E000082387F8673097F86730002B68D1FB793D
:1094F00003F00803002B63D0FDF7FEFCB865BB6BDF
:109500000E33B96D1846FDF74AFEBB6B1633B96DC5
:109510001846FDF744FEBB6B0B3320221A707B69A3
:10952000BA6B11461846FEF71AFE78657B69B96B6F
:1095300000221846FEF732FEBB6B1C330021184692
:10954000FDF72DFE7B690122DA707B6D002B37D091
:109550007B695B6BBB6507F118030022796D1846C8
:10956000FEF722FB034687F8673097F86730002B39
:1095700026D17B69B96D1846FEF76CF8034687F86B
:1095800067307B697A6D013A5A6119E097F8673064
:10959000002B15D1BB7F03F01003002B03D0042355
:1095A00087F867300CE0FB7903F00203002B07D04B
:1095B000BB7F03F00103002B02D0072387F867303D
:1095C00097F86730002B26D1FB7903F00803002BB6
:1095D00003D0FB7943F04003FB717B695A6BFB6856
:1095E0005A62BA6BFB689A62FB79012B8CBF01232C
:1095F0000023DBB21A4607F1180311461846FDF79F
:10960000F7FE0246FB681A61FB681B69002B02D15A
:10961000022387F8673097F86730002B40F0A3806B
:109620007B69BA6B11461846FEF799FD0246FB6846
:109630009A60BB6B1C331846FDF773FD0246FB684E
:10964000DA60FB680022DA627A69FB681A607B697B
:10965000DA88FB689A80FB68FA791A75FB68002241
:109660005A75FB6800221A62FB6800229A61FB6847
:1096700030334FF4805200211846FDF7DDFDFB79B1
:1096800003F02003002B6ED0FB68DB68002B6AD050
:10969000FB68DA68FB689A617B695B891A467B69BB
:1096A0009B8902FB03F33B65FB689B683B66FB6899
:1096B000DB68FB6516E0FB68396E1846FEF787F835
:1096C00038663B6E012B02D8022387F867303B6E69
:1096D000B3F1FF3F02D1012387F86730FA6D3B6D8C
:1096E000D31AFB6597F86730002B03D1FA6D3B6DF9
:1096F0009A42E0D8FB683A6EDA6197F86730002B3F
:1097000031D17B699B891A46FB6DB3FBF2F101FBFA
:1097100002F29B1A002B26D07B69396E1846FEF7A1
:1097200037F8F864FB6C002B03D1022387F867300D
:1097300019E07B699B891A46FB6DB3FBF2F2FB6C67
:109740001A44FB681A627B695878FB6803F13001A0
:10975000FB681A6A0123FDF76DFC0346002B02D05B
:10976000012387F8673097F86730002B02D0FB6839
:1097700000221A6097F8673018466837BD4680BDEA
:1097800080B58EB000AFF860B9607A603B60BB68AE
:109790007B623B6800221A60FB6807F114021146E5
:1097A0001846FFF7A9FD034687F8373097F837309A
:1097B000002B07D1FB685B7D87F8373097F837308F
:1097C000002B02D097F8373035E1FB681B7D03F0A2
:1097D0000103002B01D107232DE1FB68DA68FB6848
:1097E0009B69D31A3B627A683B6A9A4240F21E81B7
:1097F0003B6A7B601AE1FB689B697A699289B3FBDB
:10980000F2F101FB02F29B1A002B40F0D580FB68BD
:109810009B697A699289B3FBF2F37A695289013ABA
:109820001340FB61FB69002B2FD1FB689B69002B68
:1098300003D1FB689B683B6313E0FB68DB6A002B8A
:1098400007D0FB689B691946F868FEF7AAFA3863E7
:1098500007E0FA68FB68DB6919461046FDF7B7FFB9
:1098600038633B6B012B04D8FB6802225A75022334
:10987000E1E03B6BB3F1FF3F04D1FB6801225A7575
:109880000123D8E0FB683A6BDA617A69FB68DB692F
:1098900019461046FDF77CFFB861BB69002B04D167
:1098A000FB6802225A750223C5E0BA69FB691344BA
:1098B000BB617B699B891A467B68B3FBF2F3BB6291
:1098C000BB6A002B41D0FA69BB6A13447A6952899A
:1098D000934205D97B695B891A46FB69D31ABB623F
:1098E0007B695878BB6ABA69796AFDF7A3FB0346BE
:1098F000002B04D0FB6801225A7501239BE0FB6812
:109900001B7D5BB2002B18DAFB681A6ABB69D31A9D
:10991000BA6A9A4211D9FB681A6ABB69D31A7A6982
:10992000928902FB03F37A6AD018FB6803F13001D5
:109930007B699B891A46FDF75EFC7B699B891A4609
:10994000BB6A02FB03F3FB625CE0FB681B6ABA695B
:109950009A422ED0FB681B7D5BB2002B18DA7B6924
:109960005878FB6803F13001FB681A6A0123FDF7A0
:1099700081FB0346002B04D0FB6801225A750123AA
:1099800059E0FB681B7D03F07F03DAB2FB681A75B0
:109990007B695878FB6803F130010123BA69FDF750
:1099A00049FB0346002B04D0FB6801225A750123B2
:1099B00041E0FB68BA691A627B699B891846FB68BB
:1099C0009B697A699289B3FBF2F101FB02F29B1A5F
:1099D000C31AFB62FA6A7B689A4201D97B68FB6210
:1099E000FB6803F13001FB689B697A699289B3FBDC
:1099F000F2F000FB02F29B1A0B44FA6A1946786AED
:109A0000FDF7F9FB7A6AFB6A13447B62FB689A698B
:109A1000FB6A1A44FB689A613B681A68FB6A1A443D
:109A20003B681A607A68FB6AD31A7B607B68002BFC
:109A30007FF4E1AE002318463837BD4680BD80B5BF
:109A40008CB000AFF860B9607A603B60BB68FB61C6
:109A50003B6800221A60FB6807F1100211461846A5
:109A6000FFF74AFC034687F82F3097F82F30002B7A
:109A700007D1FB685B7D87F82F3097F82F30002BDC
:109A800002D097F82F306AE1FB681B7D03F00203D8
:109A9000002B01D1072362E1FB689A697B681A44B5
:109AA000FB689B699A4280F04C81FB689B69DB43B1
:109AB0007B6046E1FB689B693A699289B3FBF2F1EE
:109AC00001FB02F29B1A002B40F0F180FB689B69BE
:109AD0003A699289B3FBF2F33A695289013A134029
:109AE000BB61BB69002B43D1FB689B69002B0CD188
:109AF000FB689B68BB62BB6A002B1AD1FB68002124
:109B00001846FEF7B6F8B86213E0FB68DB6A002B74
:109B100007D0FB689B691946F868FEF742F9B862FE
:109B200007E0FA68FB68DB6919461046FEF7A1F802
:109B3000B862BB6A002B00F00981BB6A012B04D11B
:109B4000FB6802225A75022309E1BB6AB3F1FF3FA9
:109B500004D1FB6801225A75012300E1FB68BA6A4F
:109B6000DA61FB689B68002B02D1FB68BA6A9A60D5
:109B7000FB681B7D5BB2002B18DA3B695878FB68E9
:109B800003F13001FB681A6A0123FDF773FA0346FB
:109B9000002B04D0FB6801225A750123DFE0FB682B
:109BA0001B7D03F07F03DAB2FB681A753A69FB6824
:109BB000DB6919461046FDF7EBFD78617B69002BE8
:109BC00004D1FB6802225A750223C8E07A69BB6996
:109BD00013447B613B699B891A467B68B3FBF2F3B4
:109BE0003B623B6A002B43D0BA693B6A13443A6933
:109BF0005289934205D93B695B891A46BB69D31ADE
:109C00003B623B6958783B6A7A69F969FDF732FA39
:109C10000346002B04D0FB6801225A7501239EE005
:109C2000FB681A6A7B69D31A3A6A9A4218D9FB68A8
:109C300003F13000FB681A6A7B69D31A3A6992898A
:109C400002FB03F3FA69D1183B699B891A46FDF7B9
:109C5000D2FAFB681B7D03F07F03DAB2FB681A754A
:109C60003B699B891A463B6A02FB03F37B624BE02C
:109C7000FB681B6A7A699A4216D0FB689A69FB688E
:109C8000DB689A4210D23B695878FB6803F13001D7
:109C900001237A69FDF7CEF90346002B04D0FB6857
:109CA00001225A7501235AE0FB687A691A623B69FE
:109CB0009B891846FB689B693A699289B3FBF2F16C
:109CC00001FB02F29B1AC31A7B627A6A7B689A4292
:109CD00001D97B687B62FB6803F13001FB689B69FB
:109CE0003A699289B3FBF2F000FB02F29B1A0B4433
:109CF0007A6AF9691846FDF77EFAFB681B7D63F006
:109D00007F03DAB2FB681A75FA697B6A1344FB6158
:109D1000FB689A697B6A1A44FB689A61FB68DA6897
:109D2000FB689B699A4238BF1A46FB68DA603B6859
:109D30001A687B6A1A443B681A607A687B6AD31A8D
:109D40007B607B68002B7FF4B5AE00E000BFFB6852
:109D50001B7D43F04003DAB2FB681A7500231846F6
:109D60003037BD4680BD80B586B000AF78607B6877
:109D700007F1080211461846FFF7BEFA0346FB75C5
:109D8000FB7D002B68D17B681B7D03F04003002B1B
:109D900062D07B681B7D5BB2002B15DABB685878FC
:109DA0007B6803F130017B681A6A0123FDF762F9D1
:109DB0000346002B01D001234FE07B681B7D03F09D
:109DC0007F03DAB27B681A75FDF796F83861BA68D6
:109DD0007B685B6A19461046FDF73CFC0346FB7541
:109DE000FB7D002B38D17B689B6AFB60FB680B33E3
:109DF0001A78FB680B3342F02002D2B21A707B68EB
:109E000018687B689B681A46F968FEF7C7F9FB6813
:109E100003F11C027B68DB6819461046FDF7BFF9A9
:109E2000FB68163339691846FDF7B9F9FB68123338
:109E300000211846FDF798F9BB680122DA70BB686B
:109E40001846FDF735FC0346FB757B681B7D23F048
:109E50004003DAB27B681A75FB7D18461837BD4699
:109E600080BD80B584B000AF78607868FFF77BFF75
:109E70000346FB73FB7B002B18D17B6807F10802BC
:109E800011461846FFF738FA0346FB73FB7B002B9D
:109E90000CD17B681B691846FDF738FB0346FB7342
:109EA000FB7B002B02D17B6800221A60FB7B1846EB
:109EB0001037BD4680BD80B592B000AFF860B96084
:109EC0007A6007F1280107F10C0300221846FEF71B
:109ED0008DFF034687F8473097F84730002B40F056
:109EE0009980BA6A7B681A60BB6A9A69BB6ADB6947
:109EF000023B9A4204D8BB6A9A69BB681A6089E03F
:109F000000233B64BB6A1B78012B28D10223FB632F
:109F1000BB6A7B6107F11403F96B1846FDF757FC28
:109F2000F862FB6AB3F1FF3F03D1012387F84730A2
:109F300063E0FB6A012B03D1022387F847305CE022
:109F4000FB6A002B02D13B6C01333B64FB6B01339A
:109F5000FB63BB6ADB69FA6B9A42DBD34DE0BB6AF9
:109F6000DB69FB63BB6A9B6ABB6300237B630023E3
:109F70003B637B6B002B13D1B86ABB6B5A1CBA6373
:109F80001946FDF767FB034687F8473097F84730D7
:109F9000002B31D1BB6A38333B63BB6A9B897B633F
:109FA000BB6A1B78022B0FD1386BFDF7A1F8034673
:109FB000002B02D13B6C01333B643B6B02333B63B0
:109FC0007B6B023B7B6310E0386BFDF7AAF803461E
:109FD00023F07043002B02D13B6C01333B643B6B9D
:109FE00004333B637B6B043B7B63FB6B013BFB6399
:109FF000FB6B002BBDD100E000BFBB683A6C1A6060
:10A00000BB6A3A6C9A61BB6A1A79BB6A42F0010278
:10A01000D2B21A7197F8473018464837BD4680BD0E
:10A0200080B588B000AFF860B9607A600023FB614A
:10A03000FB68BB611CE007F1100307F1140101226A
:10A040007868FFF79DFB3B69012B17D13B7DFB75C2
:10A05000FB7D0D2B0BD0BB695A1CBA61FA7D1A70BF
:10A06000FB690133FB61FB7D0A2B09D000E000BFD7
:10A07000BB68013BFA699A42DDDB02E000BF00E009
:10A0800000BFBB6900221A70FB69002B01D0FB687E
:10A0900000E0002318462037BD4680BD80B584B05F
:10A0A00000AF78600B46FB70FB780A2B03D10D21C3
:10A0B0007868FFF7F3FF7B685B68FB60FB68002B49
:10A0C00025DBFB685A1CFA607A681344FA781A7325
:10A0D000FB683C2B12DD7B6818687B6803F10C0180
:10A0E000FA6807F10803FFF7AAFCBA68FB689A420E
:10A0F00001D1002301E04FF0FF33FB607B68FA6879
:10A100005A607B689B685A1C7B689A6000E000BFBD
:10A110001037BD4680BD80B584B000AF78607B68E5
:10A120005B68002B16DB7B6818687B6803F10C0109
:10A130007B685B681A4607F10C03FFF780FC034657
:10A14000002B07D17B685B68FA68934202D17B6879
:10A150009B6801E04FF0FF3318461037BD4680BDC5
:10A1600080B483B000AF786039607B683A681A6069
:10A170007B6800225A607B685A687B689A6000BFDF
:10A180000C37BD465DF8047B704780B596B000AFD4
:10A190007860396007F10C0339681846FFF7E0FF73
:10A1A00009E07B685A1C7A601A7807F10C031146A3
:10A1B0001846FFF773FF7B681B78002BF1D107F17E
:10A1C0000C031846FFF7A7FF034618465837BD464D
:10A1D00080BD000080B487B000AFF860B96013465E
:10A1E000FB710123FB750023BB751F4B5B7ADBB250
:10A1F000002B31D11C4B5B7ADBB21A461A4B002183
:10A200009954194B5B7ADBB2174A9B001344FA68E6
:10A210005A60154B5B7ADBB21A46134B1344FA793A
:10A220001A72114B5B7ADBB25A1CD1B20E4A5172D0
:10A23000BB75BB7D3033DAB2BB681A70BB680133C3
:10A240003A221A70BB6802332F221A70BB6803339C
:10A2500000221A700023FB75FB7D18461C37BD4693
:10A260005DF8047B704700BF9029002080B582B064
:10A2700000AF78603960002239687868FFF7AAFF7C
:10A28000034618460837BD4680BD000080B485B03F
:10A2900000AF03463960FB80FB887F2B02D8FB8828
:10A2A000FB8125E03B68002B0BD0FB88FF2B05D8FA
:10A2B000FB88803B124A32F8133000E00023FB8118
:10A2C00016E00023FB8109E0FB890D4A32F81330C8
:10A2D000FA889A4206D0FB890133FB81FB897F2BE8
:10A2E000F2D900E000BFFB8980339BB2DBB2FB8177
:10A2F000FB8918461437BD465DF8047B704700BFE4
:10A3000040BA000880B487B000AF0346FB80FB88EA
:10A31000B3F5805F01D23E4B00E03E4B7B617B6931
:10A320009A1C7A611B887B827B8A002B68D0FA8812
:10A330007B8A9A4264D37B699A1C7A611B883B8230
:10A340003B8A1B0AFB813B8ADBB23B82FA88798A13
:10A350003B8A0B449A4249DAFB89082B4FD801A269
:10A3600052F823F089A300089BA30008B1A30008BA
:10A37000B9A30008C1A30008C9A30008D1A300081D
:10A38000D9A30008E1A30008FA887B8AD31A5B00EE
:10A390007A6913441B88FB8027E0FA887B8AD31AEA
:10A3A0009BB203F001039BB2FA88D31AFB801CE036
:10A3B000FB88103BFB8018E0FB88203BFB8014E00F
:10A3C000FB88303BFB8010E0FB881A3BFB800CE0F5
:10A3D000FB880833FB8008E0FB88503BFB8004E0EF
:10A3E000FB88A3F5E353FB8000BF08E0FB89002B4B
:10A3F00095D13B8A5B007A6913447B618FE700BF8C
:10A40000FB8818461C37BD465DF8047B704700BFCB
:10A4100040BB000834BD0008002310B50446C0E965
:10A420000033C0E90433836081814366C281836164
:10A43000194608225C3000F01BFA0D4B63620D4B8D
:10A44000A3620D4BE3620D4B23630D4B24629C42D0
:10A4500006D003F16802944202D0D0339C4205D169
:10A4600004F15800BDE8104000F07ABA10BD00BFFA
:10A47000C1A60008E3A600081BA700083FA7000824
:10A480009C290020024A0349034800F069B800BF34
:10A4900068000020ADB400087800002041680C4B33
:10A4A000994210B5044601D001F000F8A168094BAB
:10A4B000994202D0204600F0F9FFE168064B99422C
:10A4C00004D02046BDE8104000F0F0BF10BD00BF32
:10A4D0009C290020042A00206C2A002010B50B4B78
:10A4E0000B4C0C4A1A60204600220421FFF794FF0F
:10A4F00004F1680001220921FFF78EFF04F1D0006A
:10A500000222BDE810401221FFF786BFD42A0020A6
:10A510009C29002085A40008014800F022BA00BF51
:10A52000DD2A0020014800F01DBA00BFDD2A00200E
:10A5300010B50446FFF7F0FF236A1BB1BDE81040D9
:10A54000FFF7F0BF044B2362044B1B68002BF5D1CF
:10A55000FFF7C4FFF2E700BF9DA40008D42A002043
:10A560002DE9F8430746884614460026D4E90195AC
:10A57000B9F1010905D52468002CF7D13046BDE8B2
:10A58000F883AB89012B07D9B5F90E30013303D01D
:10A5900029463846C04706436835E9E70FB407B592
:10A5A000064904AB086853F8042B8168019300F056
:10A5B00055FC03B05DF804EB04B070477400002054
:10A5C000036A70B5846805460E460BB9FFF7B0FF05
:10A5D000636EDB0705D4A389980502D4A06D00F053
:10A5E000C0F9A389190702D52369002B35D121466B
:10A5F000284600F0E7F880B34FF0FF35636EDA07C6
:10A6000005D4A3899B0502D4A06D00F0ABF92846C0
:10A6100070BD002B04DAA2699A4217DC0A2915D012
:10A6200023685A1C22601970A36816F8011F013BA9
:10A63000A3600029EDD1002B11DA22460A21284619
:10A6400000F081F80130D7D00A25D7E72246284606
:10A6500000F079F80130E7D1CEE7013EE4E7236866
:10A660005A1C22600A221A70EEE70000024B0146D3
:10A670001868FFF7A5BF00BF740000200EB410B526
:10A680009DB01FAB029006906FF000410A48079101
:10A6900004910A4953F8042B0591002402A900688B
:10A6A00001931B9400F0B4FA029B1C701DB0BDE82E
:10A6B000104003B0704700BF740000200802FFFF85
:10A6C00010B50C46B1F90E1000F0FCF80028ABBF35
:10A6D000636DA3891B1823F48053ACBF6365A3810A
:10A6E00010BD2DE9F0411F468B89DB0505460C4660
:10A6F000164605D5B1F90E100223002200F0D0F85D
:10A70000A389B4F90E1023F48053A38132463B464B
:10A710002846BDE8F04100F0E7B810B50C46B1F9A5
:10A720000E1000F0BDF8431CA38915BF606523F42B
:10A73000805343F48053A38118BFA38110BDB1F9A6
:10A740000E1000F09DB8F8B50E461446054618B137
:10A75000036A0BB9FFF7ECFEA369A360A3891A078C
:10A7600001D5236943B92146284600F02BF818B1DA
:10A770004FF0FF373846F8BD23682269981A63699D
:10A78000F6B28342374605DC2146284600F08EFEAD
:10A790000028EDD1A368013BA36023685A1C226006
:10A7A0001E706269431C9A4204D0A389DB07E1D57D
:10A7B0000A2EDFD12146284600F078FE0028D9D0A5
:10A7C000D6E7000038B5294B054618680C4618B185
:10A7D000036A0BB9FFF7ACFEB4F90C30190722D4A9
:10A7E000DA0607D409222A6043F04003A3814FF020
:10A7F000FF3033E0580712D5616B41B104F14403D7
:10A80000994202D0284600F0AFF800236363A38981
:10A8100023F02403A3810023636023692360A389B9
:10A8200043F00803A38123694BB9A38903F4207380
:10A83000B3F5007F03D02146284600F085FEB4F929
:10A840000C3013F001020AD00022A2606269524269
:10A85000A261226942B913F08000C5D138BD9907C1
:10A8600058BF6269A260F4E70020F7E77400002097
:10A8700002440346934200D1704703F8011BF9E7F5
:10A8800038B5064D0023044608462B60F7F7F1FD66
:10A89000431C02D12B6803B1236038BDD82A0020A5
:10A8A00038B5074D04460846114600222A601A466C
:10A8B000F7F706FE431C02D12B6803B1236038BDB5
:10A8C000D82A002038B5074D044608461146002214
:10A8D0002A601A46F7F7B0FD431C02D12B6803B17A
:10A8E000236038BDD82A002038B5074D04460846F5
:10A8F000114600222A601A46F6F74DFE431C02D18B
:10A900002B6803B1236038BDD82A0020014B18689A
:10A91000704700BF7400002070B50D4D0D4C641BD6
:10A92000A4100026A64209D10B4D0C4C00F0D8FE15
:10A93000641BA4100026A64205D170BD55F8043B47
:10A9400098470136EEE755F8043B98470136F2E7A1
:10A950002CBE00082CBE00082CBE000830BE00082B
:10A96000704770477047000038B50546002941D050
:10A9700051F8043C0C1F002BB8BFE41800F0E0F8BD
:10A980001D4A136833B9636014602846BDE8384037
:10A9900000F0DCB8A34208D9206821188B4201BF1F
:10A9A00019685B6809182160EDE71A465B680BB10E
:10A9B000A342FAD911685018A0420BD12068014473
:10A9C000501883421160E0D118685B6853600844F6
:10A9D0001060DAE702D90C232B60D6E72068211833
:10A9E0008B4204BF19685B68636004BF091821606B
:10A9F0005460CAE738BD00BFE42A002070B50F4E8E
:10AA00000C463168054611B900F016FE306021464B
:10AA1000284600F011FE431C03D14FF0FF342046BE
:10AA200070BDC41C24F00304A042F8D0211A2846AB
:10AA300000F002FE0130F2D1EFE700BFE02A002073
:10AA40002DE9F843CD1C25F0030508350C2D38BF42
:10AA50000C25002D064601DBA94204D90C233360E6
:10AA60000020BDE8F883DFF8D48000F069F8D8F85A
:10AA700000301C4644BB29463046FFF7BFFF431C4D
:10AA8000044658D1D8F800402746002F43D1002C67
:10AA90004BD023683946304604EB030900F0CCFD67
:10AAA000814542D121686D1A29463046FFF7A6FF3D
:10AAB00001303AD023682B442360D8F800305A681C
:10AAC00062BBC8F800700FE02268521B20D40B2A2A
:10AAD00017D96119A342256018BF5960636808BF80
:10AAE000C8F8001062514B60304600F02FF804F1B6
:10AAF0000B00231D20F00700C21A1CBF1B1AA35015
:10AB0000AFE76268A3420CBFC8F800205A60EBE7C9
:10AB100023466468AEE73C467F68B6E71A465B6842
:10AB2000A342FBD100235360DEE70C2333603046A1
:10AB300000F00CF894E70560D6E700BFE42A002097
:10AB40000148FFF70EBF00BFDC2A00200148FFF7D5
:10AB500009BF00BFDC2A00202DE9F0478E681F46A0
:10AB6000BE420B6882460C4690462DD8B1F90C20A7
:10AB700012F4906F26D06569096905EB4505A3EBD2
:10AB8000010905EBD5757B1C4B446D109D4238BF08
:10AB90001D46530527D52946FFF752FF064660B3E9
:10ABA00021694A4600F058FDA38923F4906343F0DD
:10ABB0008003A381266165614E44A5EB09052660EB
:10ABC000A5603E46BE4200D93E4620683246414618
:10ABD00000F0F6FCA3689B1BA3602368334423604A
:10ABE0000020BDE8F0872A4600F044FD0646002814
:10ABF000E0D121695046FFF7B7FE0C23CAF80030B8
:10AC0000A38943F04003A3814FF0FF30E9E7000040
:10AC10002DE9F04F98468B891B069DB007460D46DF
:10AC2000144610D50B6973B94021FFF709FF28605E
:10AC3000286130B90C233B604FF0FF301DB0BDE8F8
:10AC4000F08F40236B610023099320238DF8293076
:10AC5000CDF80C803023DFF89C818DF82A304FF03E
:10AC6000010923469A4613F8012B0AB1252AF9D186
:10AC7000BAEB040B0BD05B46224629463846FFF759
:10AC80006BFF013000F0A780099A5A4409929AF8A4
:10AC90000030002B00F09F8000234FF0FF32CDE901
:10ACA00005230AF1010A049307938DF853301A9390
:10ACB0005446052214F8011B4E48F5F791FA049A00
:10ACC000D8B9D00644BF20238DF85330110744BFB4
:10ACD0002B238DF853309AF800302A2B15D0079A81
:10ACE000544600204FF00A0C214611F8013B303B3E
:10ACF000092B4BD9B0B1079214E0A0EB080309FA75
:10AD000003F313430493A246D2E7039B191D1B6868
:10AD10000391002BBBBF5B4242F0020207930793F3
:10AD2000B8BF049223782E2B0AD163782A2B32D114
:10AD3000039B1A1D1B68039243EAE37302340593D5
:10AD4000DFF8C0A0217803225046F5F749FA38B160
:10AD5000049BA0EB0A004022824013430134049379
:10AD600014F8011B24488DF828100622F5F738FA4C
:10AD7000002836D0214B1BBB039B073323F007036E
:10AD800008330393099B334409936AE70CFB0232AF
:10AD90000C460120A8E700230134059319464FF023
:10ADA0000A0C204610F8012B303A092A03D9002B4F
:10ADB000C6D00591C4E70CFB012104460123F0E74E
:10ADC00003AB00932A460E4B04A93846AFF300802C
:10ADD000421C0646D6D1AB895B063FF52DAF0998DC
:10ADE0002CE703AB00932A46054B04A9384600F034
:10ADF000BBF9EDE7F0BD0008FABD00080000000057
:10AE000059AB0008F6BD00089368013B002B10B455
:10AE1000936008DA9469A34201DB0A2903D15DF843
:10AE2000044BFFF790BC1368581C1060197008465B
:10AE30005DF8044B7047F8B506460F461446D51822
:10AE4000AC4201D1002007E014F8011B3A4630461D
:10AE5000FFF7DAFF431CF3D1F8BD00002DE9F04FF6
:10AE60000D469DB014469846064618B1036A0BB9C4
:10AE7000FFF75EFB6B6ED90705D4AB899A0502D448
:10AE8000A86DFFF76EFDAB891B0701D52B699BB938
:10AE900029463046FFF796FC70B16B6EDC0704D58F
:10AEA0004FF0FF301DB0BDE8F08FAB899805F7D4A7
:10AEB000A86DFFF757FDF3E70023099320238DF8D2
:10AEC0002930CDF80C803023DFF8AC818DF82A30A2
:10AED0004FF0010923469A4613F8012B0AB1252A9F
:10AEE000F9D1BAEB040B0BD05B462246294630461B
:10AEF000FFF7A1FF013000F0A780099A5A44099298
:10AF00009AF80030002B00F09F8000234FF0FF32B2
:10AF1000CDE905230AF1010A049307938DF8533014
:10AF20001A935446052214F8011B5348F5F758F9B3
:10AF3000049AD8B9D10644BF20238DF853301307A3
:10AF400044BF2B238DF853309AF800302A2B15D0AC
:10AF5000079A544600204FF00A0C214611F8013B95
:10AF6000303B092B4BD9B0B1079214E0A0EB08039A
:10AF700009FA03F313430493A246D2E7039B191D76
:10AF80001B680391002BBBBF5B4242F00202079398
:10AF90000793B8BF049223782E2B0AD163782A2B0B
:10AFA00032D1039B1A1D1B68039243EAE3730234F8
:10AFB0000593DFF8D4A0217803225046F5F710F965
:10AFC00038B1049BA0EB0A004022824013430134B5
:10AFD000049314F8011B29488DF828100622F5F770
:10AFE000FFF800283FD0264B1BBB039B073323F001
:10AFF000070308330393099B3B4409936AE70CFB5F
:10B0000002320C460120A8E70023013405931946BB
:10B010004FF00A0C204610F8012B303A092A03D9C8
:10B02000002BC6D00591C4E70CFB01210446012387
:10B03000F0E703AB00932A46124B04A93046AFF366
:10B0400000800746781CD6D16B6ED90705D4AB8932
:10B050009A0502D4A86DFFF785FCAB895B063FF526
:10B060001FAF09981EE703AB00932A46054B04A9BE
:10B07000304600F079F8E4E7F0BD0008FABD0008BA
:10B080000000000037AE0008F6BD00082DE9F047CB
:10B09000164698468A680B69DDF820909342B8BF3F
:10B0A0001346336091F8432007460C460AB101333A
:10B0B00033602368990642BF3368023333602568E2
:10B0C00015F0060506D104F1190AE36832689B1AE7
:10B0D000AB4226DC94F843302268003B18BF0123C2
:10B0E00092062BD404F1430241463846C84701304A
:10B0F0001ED02368226903F00603042B02BFE56813
:10B100003368ED1AA3680CBF25EAE5750025934264
:10B11000C4BF9B1AED1800261A34B5421AD100207C
:10B1200008E00123524641463846C847013003D162
:10B130004FF0FF30BDE8F0870135C6E7E1185A1C33
:10B14000302081F84300224494F8451082F84310DF
:10B150000233C7E70123224641463846C84701303B
:10B16000E6D00136D9E700002DE9FF470F7E0C9E9F
:10B17000782F914680460C469A4601F1430207D843
:10B18000622F0AD8002F00F0D180582F00F0B8802D
:10B1900004F1420684F842703AE0A7F16303152BEC
:10B1A000F6D801A151F823F001B2000815B2000849
:10B1B00091B1000891B1000891B1000891B1000867
:10B1C00015B2000891B1000891B1000891B10008D2
:10B1D00091B1000813B300083FB20008CDB20008D7
:10B1E00091B1000891B1000835B3000891B1000891
:10B1F0003FB2000891B1000891B10008D5B2000833
:10B2000033681A1D1B68326004F1420684F842302C
:10B2100001239CE033682068191D3160060601D5C2
:10B220001D6803E04506FBD5B3F90050002D03DA95
:10B230002D236D4284F8433058480A2311E02168D9
:10B240003368080653F8045B02D4490648BFADB220
:10B250006F2F5248336014BF0A230823002184F85B
:10B2600043106668A660002E05DB21682E4321F09E
:10B27000040121604BD01646B5FBF3F103FB1157D7
:10B28000C75D06F8017D2F46BB420D46F4D9082B59
:10B290000BD12368DF0708D5236961689942DEBFB7
:10B2A000302306F8013C06F1FF36921B2261CDF8EF
:10B2B00000A04B4603AA21464046FFF7E7FE0130B7
:10B2C0004AD14FF0FF3004B0BDE8F087236843F067
:10B2D000200323603248782784F84570236831685A
:10B2E0001F0651F8045B02D45F0648BFADB231605F
:10B2F000D90744BF43F0200323601DB11023ADE7FD
:10B300002648E9E7236823F020032360F6E7164682
:10B31000BDE7336825686169181D30602E061B681B
:10B3200001D5196002E06806FBD51980002323616E
:10B330001646BCE733681A1D32601E686268002139
:10B340003046F4F74DFF08B1801B606063682361ED
:10B35000002384F84330AAE7236932464946404631
:10B36000D0470130ADD023689B0713D4E068039B1E
:10B370009842B8BF1846A6E70123324649464046E0
:10B38000D04701309DD00135E36803995B1AAB4289
:10B39000F2DCEBE7002504F11906F5E701BE000831
:10B3A00012BE0008B1F90C202DE9F0411607054640
:10B3B0000C4654D44B68002B02DC0B6C002B48DD90
:10B3C000E66A002E45D0002312F480522F68216ACD
:10B3D0002B6030D0626DA389590705D56368D21AF6
:10B3E000636B0BB1236CD21A0023E66A216A2846EC
:10B3F000B047431CA38906D129681D292BD82A4AA6
:10B40000CA40D60727D500226260D904226922608B
:10B4100004D5421C01D12B6803B96065616B2F60B4
:10B42000B9B104F14403994202D02846FFF79CFACF
:10B43000002363630DE001232846B0470246501CF9
:10B44000C9D12B68002BC6D01D2B01D0162B1ED1C5
:10B450002F60002022E043F040031BB21BE00F6985
:10B46000002FF6D093070E6808BF4B690F6018BF16
:10B470000023A6EB07088B60B8F1000FE9DD216A15
:10B48000A66A43463A462846B047002808DCB4F985
:10B490000C3043F04003A3814FF0FF30BDE8F08152
:10B4A0000744A8EB0008E7E70100402038B50B6926
:10B4B00005460C4613B90025284638BD18B1036A65
:10B4C0000BB9FFF735F8B4F90C30002BF3D0626EEE
:10B4D000D00704D4990502D4A06DFFF742FA28469C
:10B4E0002146FFF75FFF636EDA070546E4D4A389C0
:10B4F0009B05E1D4A06DFFF735FADDE770B50C468A
:10B50000B1F90E10002996B015461E460DDAA38932
:10B5100013F0800F4FF0000114BF40234FF48063FD
:10B52000002031602B6016B070BD6A4600F062F8F2
:10B530000028ECDB019901F47041A1F50053594258
:10B5400059414FF48063EBE78B89F7B59D070646B9
:10B550000C4607D504F1470323602361012363618F
:10B5600003B0F0BD01AB6A46FFF7C8FF009F054678
:10B5700039463046FFF764FA48B9B4F90C309A05F9
:10B58000EED423F0030343F00203A381E2E7A3898F
:10B59000206043F08003A381019BC4E904075BB1F1
:10B5A000B4F90E10304600F037F828B1A38923F023
:10B5B000030343F00103A381A3891D43A581CFE7C2
:10B5C000884210B501EB020402D98442234607D811
:10B5D000431EA14208D011F8012B03F8012FF8E710
:10B5E000024401468A4200D110BD13F8014D02F811
:10B5F000014DF7E738B5074D0023044608461146CC
:10B600002B60F6F742FF431C02D12B6803B1236085
:10B6100038BD00BFD82A002038B5064D00230446A7
:10B6200008462B60F6F741FF431C02D12B6803B19B
:10B63000236038BDD82A002038B5064D00230446C3
:10B6400008462B60F6F74AFF431C02D12B6803B172
:10B65000236038BDD82A00200A44914200F1FF330C
:10B6600000D1704710B511F8014B03F8014F91421A
:10B67000F9D110BD2DE9F041074614460D4621B918
:10B68000BDE8F0411146FFF7DBB92AB9FFF76CF9C5
:10B6900025462846BDE8F08100F01AF884420646A7
:10B6A00002D8B4EB500FF4D821463846FFF7C8F95A
:10B6B000804608B94546ECE7B4422246294628BFF1
:10B6C0003246FFF7C9FF29463846FFF74DF9F1E743
:10B6D00051F8043C181F002BBCBF0B58C018704712
:10B6E000F8B500BFF8BC08BC9E467047F8B500BF6F
:08B6F000F8BC08BC9E4670473F
:10B6F8005363616E6E696E672049324320646576D4
:10B70800696365732E2E2E0D0A000000493243200E
:10B7180064657669636520666F756E642061742060
:10B728003078253032580D0A000000004E6F20494D
:10B738003243206465766963657320666F756E644D
:10B74800210D0A005344204361726420496E6974D4
:10B7580069616C697A6174696F6E00004469737419
:10B76800616E63653D257520636D0D0A000000005C
:10B77800000000004E6F205344204361726420662D
:10B788006F756E64203A20282569290D0A0000008B
:10B7980053442043617264204D6F756E7465642054
:10B7A8005375636365737366756C6C792121210D1C
:10B7B80000000000546F74616C5370616365203A37
:10B7C80020256C752062797465732C204672656536
:10B7D8005370616365203D20256C7520627974651E
:10B7E800730A00004C6F67732E74787400000000B1
:10B7F80046696C65206372656174696F6E2F6F703E
:10B80800656E204572726F72203A20282569290DCD
:10B818000A00000057726974696E67206461746178
:10B828002121210D000000002A2A2A2A2A2A2A2A50
:10B83800556C747261736F6E69632053656E6F73B4
:10B848007220446174612A2A2A2A2A2A2A2A2A2A40
:10B858002A2A2A2A0A00000046696C65206F70654A
:10B868006E696E67204572726F72203A20282569CA
:10B87800290D0A00526561642044617461203A20F0
:10B8880025730A00436C6F73696E672046696C659F
:10B898002121210D0000000053656E736F725F64F3
:10B8A800617461203A2025730A0000004F626A65BE
:10B8B800637420696E2072616E67652064697374B1
:10B8C800616E6365203A20256C6420636D0A000070
:10B8D8004F626A656374206C6566742061742044E5
:10B8E800697374616E6365203A20256C6420636D0A
:10B8F8000A0000005344204361726420556E6D6F46
:10B90800756E746564205375636365737366756CCF
:10B918006C792121210D0000222A3A3C3E3F7C7F90
:10B92800000000002B2C3B3D5B5D0000EBFE904DC2
:10B9380053444F53352E30004E4F204E414D452035
:10B948002020204641543332202020004E4F204EE4
:10B95800414D452020202046415420202020200011
:10B9680000000000000000000102030406070809A7
:10B978000000000001020304A0860100400D03003E
:10B98800801A060000350C0040420F0080841E001B
:10B9980000093D0000127A000024F40000366E0110
:10B9A8000048E801006CDC024355454141414143F0
:10B9B80045454549494941414592924F4F4F555553
:10B9C800594F554F9C4F9E9F41494F55A5A5A6A736
:10B9D800A8A9AAABACADAEAFB0B1B2B3B4414141C6
:10B9E800B8B9BABBBCBDBEBFC0C1C2C3C4C5414162
:10B9F800C8C9CACBCCCDCECFD1D145454549494997
:10BA080049D9DADBDCDD49DF4FE14F4F4F4FE6E83C
:10BA1800E85555555959EEEFF0F1F2F3F4F5F6F70C
:10BA2800F8F9FAFBFCFDFEFF01030507090E1012E9
:10BA38001416181C1E000000C700FC00E900E200F4
:10BA4800E400E000E500E700EA00EB00E800EF00B2
:10BA5800EE00EC00C400C500C900E600C600F40012
:10BA6800F600F200FB00F900FF00D600DC00F80049
:10BA7800A300D800D7009201E100ED00F300FA001E
:10BA8800F100D100AA00BA00BF00AE00AC00BD00B2
:10BA9800BC00A100AB00BB0091259225932502258F
:10BAA8002425C100C200C000A900632551255725DF
:10BAB8005D25A200A5001025142534252C251C255C
:10BAC80000253C25E300C3005A2554256925662531
:10BAD800602550256C25A400F000D000CA00CB00DA
:10BAE800C8003101CD00CE00CF0018250C258825CF
:10BAF8008425A600CC008025D300DF00D400D20026
:10BB0800F500D500B500FE00DE00DA00DB00D90044
:10BB1800FD00DD00AF00B400AD00B1001720BE008D
:10BB2800B600A700F700B800B000A800B700B90039
:10BB3800B300B200A025A00061001A03E0001703BB
:10BB4800F8000703FF00010078010001300132010D
:10BB58000601390110014A012E017901060180010F
:10BB68004D00430281018201820184018401860122
:10BB78008701870189018A018B018B018D018E0163
:10BB88008F0190019101910193019401F6019601B1
:10BB98009701980198013D029B019C019D0120029B
:10BBA8009F01A001A001A201A201A401A401A60174
:10BBB800A701A701A901AA01AB01AC01AC01AE0123
:10BBC800AF01AF01B101B201B301B301B501B501D4
:10BBD800B701B801B801BA01BB01BC01BC01BE0183
:10BBE800F701C001C101C201C301C401C501C401FB
:10BBF800C701C801C701CA01CB01CA01CD011001A3
:10BC0800DD0101008E01DE011201F3010300F101E3
:10BC1800F401F401F8012801220212013A02090094
:10BC2800652C3B023B023D02662C3F02400241026A
:10BC3800410246020A015302400081018601550271
:10BC480089018A0158028F015A0290015C025D0243
:10BC58005E025F029301610262029401640265025E
:10BC680066026702970196016A02622C6C026D02F5
:10BC78006E029C01700271029D01730274029F01A1
:10BC880076027702780279027A027B027C02642CBF
:10BC98007E027F02A60181028202A9018402850236
:10BCA80086028702AE014402B101B20145028D024B
:10BCB8008E028F0290029102B7017B030300FD03FD
:10BCC800FE03FF03AC0304008603880389038A0389
:10BCD800B1031103C2030200A303A303C4030803AF
:10BCE800CC0303008C038E038F03D8031801F203DF
:10BCF8000A00F903F303F403F503F603F703F70364
:10BD0800F903FA03FA03300420035004100760040F
:10BD180022018A043601C1040E01CF040100C004C7
:10BD2800D004440161052604000000007D1D0100C7
:10BD3800632C001E9601A01E5A01001F0806101F42
:10BD48000606201F0806301F0806401F0606511F5A
:10BD58000700591F521F5B1F541F5D1F561F5F1F8F
:10BD6800601F0806701F0E00BA1FBB1FC81FC91F1F
:10BD7800CA1FCB1FDA1FDB1FF81FF91FEA1FEB1FB3
:10BD8800FA1FFB1F801F0806901F0806A01F080641
:10BD9800B01F0400B81FB91FB21FBC1FCC1F010081
:10BDA800C31FD01F0206E01F0206E51F0100EC1F9B
:10BDB800F21F0100FC1F4E210100322170211002E8
:10BDC800842101008321D0241A05302C2F04602CF3
:10BDD8000201672C0601752C0201802C6401002DDC
:10BDE800260841FF1A030000232D302B2000686C21
:10BDF8004C00656667454647003031323334353686
:10BE080037383941424344454600303132333435BE
:0CBE1800363738396162636465660000EB
:08BE2400AC43FF7F01000000A8
:04BE2C00B501000854
:04BE30009101000874
:10BE34000100000068656C6C6F20776F726C6400A1
:10BE44006F626A65637420656E74657265642069E7
:10BE54006E746F2072616E67653A00006F626A6586
:10BE640063742072656D6F7665642066726F6D20F1
:10BE740072616E67650D0A0000093D001000000044
:10BE840001000000096F0008256F0008416F0008D9
:10BE9400676F00088D6F00080000000003000000B9
:10BEA4009C29002078000020000000009C2900202C
:10BEB400042A00206C2A002000000000000000007A
:10BEC400000000000000000000000000000000006E
:10BED400000000000000000000000000000000005E
:10BEE400000000000000000000000000000000004E
:04BEF400000000004A
:040000050800256D5D
:00000001FF
