2025-09-08 18:43:50,611 [INFO] Activator:176 - 


2025-09-08 18:43:50,626 [INFO] Activator:177 - !SESSION log4j initialized
2025-09-08 18:43:55,835 [INFO] LogOutputStream:77 - [STDOUT_REDIRECT] 
2025-09-08 18:43:56,762 [INFO] ApplicationProperties:184 - Using Application install path: C:\ST\STM32CubeIDE_1.19.0\STM32CubeIDE\plugins\com.st.stm32cube.common.mx_6.15.0.202507011659
2025-09-08 18:43:56,782 [INFO] DbMcusXml:78 - Set database path to: C:\ST\STM32CubeIDE_1.19.0\STM32CubeIDE\plugins\com.st.stm32cube.common.mx_6.15.0.202507011659\\db\/mcu/
2025-09-08 18:43:56,782 [INFO] ApiDb:274 - Set plugin database path to: C:\ST\STM32CubeIDE_1.19.0\STM32CubeIDE\plugins\com.st.stm32cube.common.mx_6.15.0.202507011659\\db\/plugins/boardmanager/
2025-09-08 18:43:56,800 [WARN] ApiDb:259 - Overriding images path with different value:  => C:\ST\STM32CubeIDE_1.19.0\STM32CubeIDE\plugins\com.st.stm32cube.common.mx_6.15.0.202507011659\\db\/plugins/mcufinder/images/
2025-09-08 18:43:56,805 [INFO] ApiDb:250 - Set database path to: C:\Users\VINOD\.stmcufinder\plugins\mcufinder//mcu/
2025-09-08 18:43:56,807 [INFO] DbMcusAds:125 - Set database path to: C:\Users\VINOD\.stmcufinder\plugins\mcufinder//mcu/
2025-09-08 18:43:56,809 [INFO] CrossReferenceDbSqlite:203 - Set database path to: C:\Users\VINOD\.stmcufinder\plugins\mcufinder//mcu/cs/
2025-09-08 18:43:56,921 [INFO] RulesReader:64 - Compatibility file has been processed (317 Rules)
2025-09-08 18:43:57,011 [INFO] DbMcusXml:78 - Set database path to: C:\ST\STM32CubeIDE_1.19.0\STM32CubeIDE\plugins\com.st.stm32cube.common.mx_6.15.0.202507011659\\db\/mcu/
2025-09-08 18:43:57,011 [INFO] ApiDb:274 - Set plugin database path to: C:\ST\STM32CubeIDE_1.19.0\STM32CubeIDE\plugins\com.st.stm32cube.common.mx_6.15.0.202507011659\\db\/plugins/boardmanager/
2025-09-08 18:43:57,011 [INFO] ApiDb:261 - Set plugin images path to: C:\ST\STM32CubeIDE_1.19.0\STM32CubeIDE\plugins\com.st.stm32cube.common.mx_6.15.0.202507011659\\db\/plugins/mcufinder/images/
2025-09-08 18:43:57,011 [WARN] DbFile:41 - Overriding database path with different value: C:\Users\VINOD\.stmcufinder\plugins\mcufinder/ => C:\Users\VINOD\.stmcufinder\plugins\mcufinder
2025-09-08 18:43:57,011 [INFO] ApiDb:250 - Set database path to: C:\Users\VINOD\.stmcufinder\plugins\mcufinder//mcu/
2025-09-08 18:43:57,011 [WARN] DbFile:41 - Overriding database path with different value: C:\Users\VINOD\.stmcufinder\plugins\mcufinder/ => C:\Users\VINOD\.stmcufinder\plugins\mcufinder
2025-09-08 18:43:57,011 [INFO] DbMcusAds:125 - Set database path to: C:\Users\VINOD\.stmcufinder\plugins\mcufinder//mcu/
2025-09-08 18:43:57,011 [WARN] DbFile:41 - Overriding database path with different value: C:\Users\VINOD\.stmcufinder\plugins\mcufinder/ => C:\Users\VINOD\.stmcufinder\plugins\mcufinder
2025-09-08 18:43:57,012 [WARN] DbFile:41 - Overriding database path with different value: C:\Users\VINOD\.stmcufinder\plugins\mcufinder/ => C:\Users\VINOD\.stmcufinder\plugins\mcufinder
2025-09-08 18:43:57,012 [INFO] CrossReferenceDbSqlite:203 - Set database path to: C:\Users\VINOD\.stmcufinder\plugins\mcufinder//mcu/cs/
2025-09-08 18:43:57,102 [INFO] MainPanel:274 - HeapMemory: 268435456
2025-09-08 18:43:57,194 [INFO] DbMcusXml:78 - Set database path to: C:\ST\STM32CubeIDE_1.19.0\STM32CubeIDE\plugins\com.st.stm32cube.common.mx_6.15.0.202507011659\\db\/mcu/
2025-09-08 18:43:57,194 [INFO] ApiDb:274 - Set plugin database path to: C:\ST\STM32CubeIDE_1.19.0\STM32CubeIDE\plugins\com.st.stm32cube.common.mx_6.15.0.202507011659\\db\/plugins/boardmanager/
2025-09-08 18:43:57,194 [INFO] ApiDb:261 - Set plugin images path to: C:\ST\STM32CubeIDE_1.19.0\STM32CubeIDE\plugins\com.st.stm32cube.common.mx_6.15.0.202507011659\\db\/plugins/mcufinder/images/
2025-09-08 18:43:57,195 [WARN] DbFile:41 - Overriding database path with different value: C:\Users\VINOD\.stmcufinder\plugins\mcufinder/ => C:\Users\VINOD\.stmcufinder\plugins\mcufinder
2025-09-08 18:43:57,195 [INFO] ApiDb:250 - Set database path to: C:\Users\VINOD\.stmcufinder\plugins\mcufinder//mcu/
2025-09-08 18:43:57,195 [WARN] DbFile:41 - Overriding database path with different value: C:\Users\VINOD\.stmcufinder\plugins\mcufinder/ => C:\Users\VINOD\.stmcufinder\plugins\mcufinder
2025-09-08 18:43:57,195 [INFO] DbMcusAds:125 - Set database path to: C:\Users\VINOD\.stmcufinder\plugins\mcufinder//mcu/
2025-09-08 18:43:57,195 [WARN] DbFile:41 - Overriding database path with different value: C:\Users\VINOD\.stmcufinder\plugins\mcufinder/ => C:\Users\VINOD\.stmcufinder\plugins\mcufinder
2025-09-08 18:43:57,195 [WARN] DbFile:41 - Overriding database path with different value: C:\Users\VINOD\.stmcufinder\plugins\mcufinder/ => C:\Users\VINOD\.stmcufinder\plugins\mcufinder
2025-09-08 18:43:57,195 [INFO] CrossReferenceDbSqlite:203 - Set database path to: C:\Users\VINOD\.stmcufinder\plugins\mcufinder//mcu/cs/
2025-09-08 18:43:57,212 [INFO] ApplicationProperties:184 - Using Application install path: C:\ST\STM32CubeIDE_1.19.0\STM32CubeIDE\plugins\com.st.stm32cube.common.mx_6.15.0.202507011659
2025-09-08 18:43:57,213 [INFO] PluginManage:196 - Search for loadable plugins [exclusion list=, ]
2025-09-08 18:43:57,214 [INFO] PluginManage:310 - Check plugin analytics
2025-09-08 18:43:57,447 [INFO] AnalyticsPlugin:253 - Accepted Software Licenses: 
2025-09-08 18:43:57,447 [INFO] AnalyticsPlugin:255 - Accepted CMSIS Pack Licenses: 
2025-09-08 18:43:57,447 [INFO] AnalyticsPlugin:257 - Accepted Firmware Licenses: FW.F4.1.28.0,FW.L4.1.18.0
2025-09-08 18:43:57,449 [INFO] PluginManage:359 - Loaded plugin analytics (category:tool,tabindex:-1)
2025-09-08 18:43:57,449 [INFO] PluginManage:310 - Check plugin cadmodel
2025-09-08 18:43:57,452 [INFO] CADModel:105 - Init CAD model plugin
2025-09-08 18:43:57,452 [INFO] PluginManage:359 - Loaded plugin cadmodel (category:power,tabindex:5)
2025-09-08 18:43:57,453 [INFO] PluginManage:310 - Check plugin clock
2025-09-08 18:43:57,459 [INFO] PluginManage:359 - Loaded plugin clock (category:base,tabindex:2)
2025-09-08 18:43:57,459 [INFO] PluginManage:310 - Check plugin ddr
2025-09-08 18:43:57,461 [INFO] PluginManage:359 - Loaded plugin ddr (category:tool,tabindex:6)
2025-09-08 18:43:57,461 [INFO] PluginManage:310 - Check plugin filemanager
2025-09-08 18:43:57,598 [INFO] PluginManage:359 - Loaded plugin filemanager (category:base,tabindex:10)
2025-09-08 18:43:57,599 [INFO] PluginManage:310 - Check plugin ipmanager
2025-09-08 18:43:57,606 [INFO] PluginManage:359 - Loaded plugin ipmanager (category:base,tabindex:5)
2025-09-08 18:43:57,606 [INFO] PluginManage:310 - Check plugin lpbam
2025-09-08 18:43:57,614 [INFO] PluginManage:359 - Loaded plugin lpbam (category:base,tabindex:0)
2025-09-08 18:43:57,615 [INFO] PluginManage:310 - Check plugin memorymap
2025-09-08 18:43:57,627 [INFO] PluginManage:359 - Loaded plugin memorymap (category:base,tabindex:4)
2025-09-08 18:43:57,627 [INFO] PluginManage:310 - Check plugin pinoutandconfiguration
2025-09-08 18:43:57,643 [INFO] PluginManage:359 - Loaded plugin pinoutandconfiguration (category:base,tabindex:1)
2025-09-08 18:43:57,643 [INFO] PluginManage:310 - Check plugin pinoutconfig
2025-09-08 18:43:57,727 [WARN] SupportedApi:132 - Cannot load RTOS API schema: s4s-elt-must-match.1: The content of 'definitions' must match (annotation?, (simpleType | complexType)?, (unique | key | keyref)*)). A problem was found starting at: attribute.
2025-09-08 18:43:57,845 [INFO] PluginManage:359 - Loaded plugin pinoutconfig (category:base,tabindex:0)
2025-09-08 18:43:57,845 [INFO] PluginManage:310 - Check plugin power
2025-09-08 18:43:57,851 [INFO] PluginManage:359 - Loaded plugin power (category:power,tabindex:4)
2025-09-08 18:43:57,852 [INFO] PluginManage:310 - Check plugin projectmanager
2025-09-08 18:43:57,866 [INFO] PluginManage:359 - Loaded plugin projectmanager (category:projectmanager,tabindex:4)
2025-09-08 18:43:57,866 [INFO] PluginManage:310 - Check plugin rif
2025-09-08 18:43:57,874 [INFO] PluginManage:359 - Loaded plugin rif (category:base,tabindex:3)
2025-09-08 18:43:57,874 [INFO] PluginManage:310 - Check plugin thirdparty
2025-09-08 18:43:58,006 [INFO] PluginManage:359 - Loaded plugin thirdparty (category:base,tabindex:-1)
2025-09-08 18:43:58,006 [WARN] IntegrityCheckThread:84 - waiting for thirdparty lock release [integrity check]
2025-09-08 18:43:58,006 [INFO] PluginManage:310 - Check plugin tools
2025-09-08 18:43:58,006 [INFO] IntegrityCheckThread:86 - entering critical section [integrity check]
2025-09-08 18:43:58,007 [INFO] ThirdPartyUpdaterWithRetryManager:70 - Updater plugin not ready yet. [1/15]
2025-09-08 18:43:58,010 [INFO] PluginManage:359 - Loaded plugin tools (category:base,tabindex:7)
2025-09-08 18:43:58,010 [INFO] PluginManage:310 - Check plugin tutovideos
2025-09-08 18:43:58,165 [INFO] PluginManage:359 - Loaded plugin tutovideos (category:base,tabindex:-1)
2025-09-08 18:43:58,165 [INFO] PluginManage:310 - Check plugin updater
2025-09-08 18:43:58,183 [INFO] PluginManage:359 - Loaded plugin updater (category:base,tabindex:12)
2025-09-08 18:43:58,183 [INFO] PluginManage:310 - Check plugin userauth
2025-09-08 18:43:58,186 [INFO] UserAuth:118 - Init User Auth plugin
2025-09-08 18:43:58,187 [INFO] PluginManage:359 - Loaded plugin userauth (category:base,tabindex:14)
2025-09-08 18:43:58,188 [INFO] PluginManage:283 - PluginManage : Loaded plugins [18]
2025-09-08 18:43:58,362 [INFO] PinOutPanel:1589 - setPackage(No Configuration,No Configuration)
2025-09-08 18:43:58,432 [INFO] CADModel:165 - CPN selected for project level
2025-09-08 18:43:58,432 [INFO] CADModel:114 - Register for checkConnection events
2025-09-08 18:43:58,447 [INFO] IPUIPlugin:80 - create IPUIPlugin
2025-09-08 18:43:58,448 [INFO] PluginManager:220 - loadIPPluginJar : add adc
2025-09-08 18:43:58,450 [INFO] IPUIPlugin:80 - create IPUIPlugin
2025-09-08 18:43:58,450 [INFO] PluginManager:220 - loadIPPluginJar : add aes
2025-09-08 18:43:58,452 [INFO] IPUIPlugin:80 - create IPUIPlugin
2025-09-08 18:43:58,453 [INFO] PluginManager:220 - loadIPPluginJar : add can
2025-09-08 18:43:58,455 [INFO] IPUIPlugin:80 - create IPUIPlugin
2025-09-08 18:43:58,455 [INFO] PluginManager:220 - loadIPPluginJar : add comp
2025-09-08 18:43:58,458 [INFO] IPUIPlugin:80 - create IPUIPlugin
2025-09-08 18:43:58,458 [INFO] PluginManager:220 - loadIPPluginJar : add cryp
2025-09-08 18:43:58,461 [INFO] IPUIPlugin:80 - create IPUIPlugin
2025-09-08 18:43:58,461 [INFO] PluginManager:220 - loadIPPluginJar : add ddr_ctrl_phy
2025-09-08 18:43:58,463 [INFO] IPUIPlugin:80 - create IPUIPlugin
2025-09-08 18:43:58,463 [INFO] PluginManager:220 - loadIPPluginJar : add dfsdm
2025-09-08 18:43:58,469 [INFO] IPUIPlugin:80 - create IPUIPlugin
2025-09-08 18:43:58,469 [INFO] PluginManager:220 - loadIPPluginJar : add dma
2025-09-08 18:43:58,471 [INFO] IPUIPlugin:80 - create IPUIPlugin
2025-09-08 18:43:58,471 [INFO] PluginManager:220 - loadIPPluginJar : add dma3
2025-09-08 18:43:58,473 [INFO] IPUIPlugin:80 - create IPUIPlugin
2025-09-08 18:43:58,473 [INFO] PluginManager:220 - loadIPPluginJar : add extmemmanager
2025-09-08 18:43:58,476 [INFO] IPUIPlugin:80 - create IPUIPlugin
2025-09-08 18:43:58,476 [INFO] PluginManager:220 - loadIPPluginJar : add fatfs
2025-09-08 18:43:58,479 [INFO] IPUIPlugin:80 - create IPUIPlugin
2025-09-08 18:43:58,479 [INFO] PluginManager:220 - loadIPPluginJar : add fmc
2025-09-08 18:43:58,484 [INFO] IPUIPlugin:80 - create IPUIPlugin
2025-09-08 18:43:58,484 [INFO] PluginManager:220 - loadIPPluginJar : add freertos
2025-09-08 18:43:58,486 [INFO] IPUIPlugin:80 - create IPUIPlugin
2025-09-08 18:43:58,486 [INFO] PluginManager:220 - loadIPPluginJar : add genericplugin
2025-09-08 18:43:58,489 [INFO] IPUIPlugin:80 - create IPUIPlugin
2025-09-08 18:43:58,489 [INFO] PluginManager:220 - loadIPPluginJar : add gfxmmu
2025-09-08 18:43:58,493 [INFO] IPUIPlugin:80 - create IPUIPlugin
2025-09-08 18:43:58,494 [INFO] PluginManager:220 - loadIPPluginJar : add gic
2025-09-08 18:43:58,497 [INFO] IPUIPlugin:80 - create IPUIPlugin
2025-09-08 18:43:58,497 [INFO] PluginManager:220 - loadIPPluginJar : add gpio
2025-09-08 18:43:58,500 [INFO] IPUIPlugin:80 - create IPUIPlugin
2025-09-08 18:43:58,500 [INFO] PluginManager:220 - loadIPPluginJar : add gtzc
2025-09-08 18:43:58,502 [INFO] IPUIPlugin:80 - create IPUIPlugin
2025-09-08 18:43:58,503 [INFO] PluginManager:220 - loadIPPluginJar : add hash
2025-09-08 18:43:58,504 [INFO] IPUIPlugin:80 - create IPUIPlugin
2025-09-08 18:43:58,505 [INFO] PluginManager:220 - loadIPPluginJar : add i2c
2025-09-08 18:43:58,506 [INFO] IPUIPlugin:80 - create IPUIPlugin
2025-09-08 18:43:58,507 [INFO] PluginManager:220 - loadIPPluginJar : add i2s
2025-09-08 18:43:58,509 [INFO] IPUIPlugin:80 - create IPUIPlugin
2025-09-08 18:43:58,509 [INFO] PluginManager:220 - loadIPPluginJar : add i3c
2025-09-08 18:43:58,512 [INFO] IPUIPlugin:80 - create IPUIPlugin
2025-09-08 18:43:58,513 [INFO] PluginManager:220 - loadIPPluginJar : add ipddr
2025-09-08 18:43:58,519 [INFO] IPUIPlugin:80 - create IPUIPlugin
2025-09-08 18:43:58,519 [INFO] PluginManager:220 - loadIPPluginJar : add linkedlist
2025-09-08 18:43:58,523 [INFO] IPUIPlugin:80 - create IPUIPlugin
2025-09-08 18:43:58,523 [INFO] PluginManager:220 - loadIPPluginJar : add lorawan
2025-09-08 18:43:58,523 [INFO] IPUIPlugin:80 - create IPUIPlugin
2025-09-08 18:43:58,523 [INFO] PluginManager:220 - loadIPPluginJar : add ltdc
2025-09-08 18:43:58,528 [INFO] IPUIPlugin:80 - create IPUIPlugin
2025-09-08 18:43:58,529 [INFO] PluginManager:220 - loadIPPluginJar : add mdma
2025-09-08 18:43:58,532 [INFO] IPUIPlugin:80 - create IPUIPlugin
2025-09-08 18:43:58,533 [INFO] PluginManager:220 - loadIPPluginJar : add nvic
2025-09-08 18:43:58,535 [INFO] IPUIPlugin:80 - create IPUIPlugin
2025-09-08 18:43:58,535 [INFO] PluginManager:220 - loadIPPluginJar : add opamp
2025-09-08 18:43:58,538 [INFO] IPUIPlugin:80 - create IPUIPlugin
2025-09-08 18:43:58,538 [INFO] PluginManager:220 - loadIPPluginJar : add openamp
2025-09-08 18:43:58,541 [INFO] IPUIPlugin:80 - create IPUIPlugin
2025-09-08 18:43:58,541 [INFO] PluginManager:220 - loadIPPluginJar : add pdm2pcm
2025-09-08 18:43:58,546 [INFO] IPUIPlugin:80 - create IPUIPlugin
2025-09-08 18:43:58,549 [INFO] PluginManager:220 - loadIPPluginJar : add plateformsettings
2025-09-08 18:43:58,550 [INFO] IPUIPlugin:80 - create IPUIPlugin
2025-09-08 18:43:58,551 [INFO] PluginManager:220 - loadIPPluginJar : add quadspi
2025-09-08 18:43:58,552 [INFO] IPUIPlugin:80 - create IPUIPlugin
2025-09-08 18:43:58,553 [INFO] PluginManager:220 - loadIPPluginJar : add radio
2025-09-08 18:43:58,555 [INFO] IPUIPlugin:80 - create IPUIPlugin
2025-09-08 18:43:58,555 [INFO] PluginManager:220 - loadIPPluginJar : add resmgrutility
2025-09-08 18:43:58,558 [INFO] IPUIPlugin:80 - create IPUIPlugin
2025-09-08 18:43:58,558 [INFO] PluginManager:220 - loadIPPluginJar : add sai
2025-09-08 18:43:58,559 [INFO] IPUIPlugin:80 - create IPUIPlugin
2025-09-08 18:43:58,560 [INFO] PluginManager:220 - loadIPPluginJar : add spi
2025-09-08 18:43:58,564 [INFO] IPUIPlugin:80 - create IPUIPlugin
2025-09-08 18:43:58,564 [INFO] PluginManager:220 - loadIPPluginJar : add stm32_wpan
2025-09-08 18:43:58,565 [INFO] IPUIPlugin:80 - create IPUIPlugin
2025-09-08 18:43:58,566 [INFO] PluginManager:220 - loadIPPluginJar : add tim
2025-09-08 18:43:58,568 [INFO] IPUIPlugin:80 - create IPUIPlugin
2025-09-08 18:43:58,568 [INFO] PluginManager:220 - loadIPPluginJar : add touchsensing
2025-09-08 18:43:58,571 [INFO] IPUIPlugin:80 - create IPUIPlugin
2025-09-08 18:43:58,571 [INFO] PluginManager:220 - loadIPPluginJar : add tracer_emb
2025-09-08 18:43:58,573 [INFO] IPUIPlugin:80 - create IPUIPlugin
2025-09-08 18:43:58,573 [INFO] PluginManager:220 - loadIPPluginJar : add ts
2025-09-08 18:43:58,574 [INFO] IPUIPlugin:80 - create IPUIPlugin
2025-09-08 18:43:58,575 [INFO] PluginManager:220 - loadIPPluginJar : add tsc
2025-09-08 18:43:58,578 [INFO] IPUIPlugin:80 - create IPUIPlugin
2025-09-08 18:43:58,578 [INFO] PluginManager:220 - loadIPPluginJar : add ucpd
2025-09-08 18:43:58,580 [INFO] IPUIPlugin:80 - create IPUIPlugin
2025-09-08 18:43:58,580 [INFO] PluginManager:220 - loadIPPluginJar : add usart
2025-09-08 18:43:58,582 [INFO] IPUIPlugin:80 - create IPUIPlugin
2025-09-08 18:43:58,582 [INFO] PluginManager:220 - loadIPPluginJar : add usbx
2025-09-08 18:43:58,718 [FATAL] Updater:351 - Updater called before beeing initialized
2025-09-08 18:43:58,757 [INFO] RulesReader:64 - Compatibility file has been processed (317 Rules)
2025-09-08 18:43:58,768 [INFO] RulesReader:64 - Compatibility file has been processed (317 Rules)
2025-09-08 18:43:58,782 [INFO] CADModel:165 - CPN selected for project level
2025-09-08 18:43:58,782 [INFO] CADModel:114 - Register for checkConnection events
2025-09-08 18:43:58,782 [FATAL] Updater:351 - Updater called before beeing initialized
2025-09-08 18:43:58,782 [ERROR] CADModel:125 - Updater not yet initialized, retry later 
2025-09-08 18:43:58,940 [FATAL] Updater:351 - Updater called before beeing initialized
2025-09-08 18:43:58,942 [INFO] CADModel:165 - CPN selected for project level
2025-09-08 18:43:58,942 [INFO] CADModel:114 - Register for checkConnection events
2025-09-08 18:43:58,942 [FATAL] Updater:351 - Updater called before beeing initialized
2025-09-08 18:43:58,942 [ERROR] CADModel:125 - Updater not yet initialized, retry later 
2025-09-08 18:43:58,946 [FATAL] Updater:351 - Updater called before beeing initialized
2025-09-08 18:43:59,023 [FATAL] Updater:351 - Updater called before beeing initialized
2025-09-08 18:43:59,026 [INFO] DbMcusAds:53 - JSON generation date=Tue Jul 08 13:44:23 IST 2025 (1751962463582)
2025-09-08 18:43:59,026 [FATAL] Updater:351 - Updater called before beeing initialized
2025-09-08 18:43:59,047 [WARN] DetailPanel:346 - Failed to get advertising image, set to default
2025-09-08 18:43:59,146 [FATAL] Updater:351 - Updater called before beeing initialized
2025-09-08 18:43:59,148 [FATAL] Updater:351 - Updater called before beeing initialized
2025-09-08 18:43:59,148 [FATAL] Updater:351 - Updater called before beeing initialized
2025-09-08 18:43:59,148 [WARN] DetailPanel:346 - Failed to get advertising image, set to default
2025-09-08 18:43:59,174 [FATAL] Updater:351 - Updater called before beeing initialized
2025-09-08 18:43:59,220 [ERROR] Updater:1198 - MainUpdater not yet initialized. External WinMGr cannot be set.
2025-09-08 18:43:59,222 [INFO] Updater:1134 - Updater Version found : 6.15.0
2025-09-08 18:43:59,235 [INFO] ApplicationProperties:184 - Using Application install path: C:\ST\STM32CubeIDE_1.19.0\STM32CubeIDE\plugins\com.st.stm32cube.common.mx_6.15.0.202507011659
2025-09-08 18:44:00,803 [ERROR] LogOutputStream:75 - [STDERR_REDIRECT] Sep 08, 2025 6:44:00 PM java.util.prefs.WindowsPreferences <init>
2025-09-08 18:44:00,804 [ERROR] LogOutputStream:75 - [STDERR_REDIRECT] WARNING: Could not open/create prefs root node Software\JavaSoft\Prefs at root 0xffffffff80000002. Windows RegCreateKeyEx(...) returned error code 5.
2025-09-08 18:44:00,804 [ERROR] LogOutputStream:75 - [STDERR_REDIRECT] 
2025-09-08 18:44:01,008 [INFO] ThirdPartyUpdaterWithRetryManager:70 - Updater plugin not ready yet. [2/15]
2025-09-08 18:44:01,136 [INFO] MainUpdater:2872 - connection check result : 10
2025-09-08 18:44:01,137 [INFO] MainUpdater:289 - Updater Check For Update Now.
2025-09-08 18:44:01,137 [INFO] MicroXplorer:498 - Change Database Version : DB.6.0.150
2025-09-08 18:44:01,142 [INFO] McuFinderGlobals:63 - Set McuFinder mode to 2 (CubeIDE integrated)
2025-09-08 18:44:01,142 [INFO] UserAuth:487 - Internet connection configuration mode: 1
2025-09-08 18:44:01,166 [INFO] JxBrowserEngine:152 - Initiate JxBrowser Engine with user profile folder
2025-09-08 18:44:01,324 [INFO] CheckServerUpdateThread:120 - End of CheckServer Thread
2025-09-08 18:44:01,777 [INFO] WebApp:169 - Instantiating new browser for Auth
2025-09-08 18:44:02,415 [INFO] WebApp:463 - Apply proxy settings
2025-09-08 18:44:02,415 [INFO] WebApp:548 - Chromium requires no authentication
2025-09-08 18:44:02,424 [INFO] WebApp:491 - Direct internet connection detected
2025-09-08 18:44:02,443 [INFO] WebApp:900 - Register for checkConnection events
2025-09-08 18:44:02,443 [INFO] WebApp:463 - Apply proxy settings
2025-09-08 18:44:02,443 [INFO] WebApp:548 - Chromium requires no authentication
2025-09-08 18:44:02,444 [INFO] WebApp:491 - Direct internet connection detected
2025-09-08 18:44:02,556 [INFO] WebApp:225 - Starting web application
2025-09-08 18:44:02,556 [INFO] WebApp:593 - Web application path used C:\ST\STM32CubeIDE_1.19.0\STM32CubeIDE\plugins\com.st.stm32cube.common.mx_6.15.0.202507011659\db\plugins\mcufinder\reactClient1\index.html
2025-09-08 18:44:02,629 [INFO] UserAuth:487 - Internet connection configuration mode: 1
2025-09-08 18:44:02,755 [ERROR] LogOutputStream:75 - [STDERR_REDIRECT] [Fatal Error] :1:1: Premature end of file.
2025-09-08 18:44:02,756 [ERROR] LogOutputStream:75 - [STDERR_REDIRECT] 
2025-09-08 18:44:02,801 [INFO] WebApp:191 - Connection restablished
2025-09-08 18:44:03,726 [ERROR] LogOutputStream:75 - [STDERR_REDIRECT] [Fatal Error] :1:1: Premature end of file.
2025-09-08 18:44:03,727 [ERROR] LogOutputStream:75 - [STDERR_REDIRECT] 
2025-09-08 18:44:04,324 [WARN] PackLoader:240 - Cannot read IP mode file for STMicroelectronics.FP-SNS-MOTENVWB1.1.4.0
2025-09-08 18:44:04,340 [WARN] PackLoader:240 - Cannot read IP mode file for STMicroelectronics.FP-ATR-ASTRA1.2.0.2
2025-09-08 18:44:04,371 [WARN] PackLoader:240 - Cannot read IP mode file for STMicroelectronics.X-CUBE-SMBUS.2.1.0
2025-09-08 18:44:04,377 [WARN] PackLoader:240 - Cannot read IP mode file for STMicroelectronics.X-CUBE-ST60.1.0.0
2025-09-08 18:44:04,424 [WARN] PackLoader:240 - Cannot read IP mode file for STMicroelectronics.X-CUBE-AZRTOS-F7.1.1.0
2025-09-08 18:44:04,452 [WARN] PackLoader:240 - Cannot read IP mode file for Infineon.AIROC-Wi-Fi-Bluetooth-STM32.1.7.1
2025-09-08 18:44:04,484 [WARN] PackLoader:240 - Cannot read IP mode file for STMicroelectronics.X-CUBE-AZRTOS-H7.3.4.0
2025-09-08 18:44:04,497 [WARN] PackLoader:240 - Cannot read IP mode file for STMicroelectronics.X-CUBE-DISPLAY.3.0.0
2025-09-08 18:44:04,518 [WARN] PackLoader:240 - Cannot read IP mode file for STMicroelectronics.X-CUBE-NFC10.1.0.0
2025-09-08 18:44:04,527 [WARN] PackLoader:240 - Cannot read IP mode file for emotas.I-CUBE-CANOPEN.1.3.0
2025-09-08 18:44:04,547 [WARN] PackLoader:240 - Cannot read IP mode file for STMicroelectronics.FP-SNS-STBOX1.2.1.0
2025-09-08 18:44:04,565 [WARN] PackLoader:240 - Cannot read IP mode file for STMicroelectronics.FP-SNS-SMARTAG2.1.2.0
2025-09-08 18:44:04,574 [WARN] PackLoader:240 - Cannot read IP mode file for STMicroelectronics.FP-SNS-FLIGHT1.5.1.0
2025-09-08 18:44:04,598 [INFO] LogOutputStream:77 - [STDOUT_REDIRECT] 1 : Invalid condition id : UX_CORESTACK_Condition cause : null
2025-09-08 18:44:04,600 [INFO] LogOutputStream:77 - [STDOUT_REDIRECT] 1 : Invalid condition id : UX_CORESTACK_Condition cause : null
2025-09-08 18:44:04,603 [INFO] LogOutputStream:77 - [STDOUT_REDIRECT] 1 : Invalid condition id : UX_CORESTACK_Condition cause : null
2025-09-08 18:44:04,607 [INFO] LogOutputStream:77 - [STDOUT_REDIRECT] 1 : Invalid condition id : UX_CORESTACK_Condition cause : null
2025-09-08 18:44:04,608 [INFO] LogOutputStream:77 - [STDOUT_REDIRECT] 1 : Invalid condition id : UX_CORESTACK_Condition cause : null
2025-09-08 18:44:04,612 [WARN] PackLoader:240 - Cannot read IP mode file for STMicroelectronics.X-CUBE-AZRTOS-WL.2.0.0
2025-09-08 18:44:04,619 [WARN] PackLoader:240 - Cannot read IP mode file for STMicroelectronics.FP-SNS-MOTENV1.5.0.0
2025-09-08 18:44:04,634 [WARN] PackLoader:240 - Cannot read IP mode file for WES.I-CUBE-Cesium.1.3.0
2025-09-08 18:44:04,644 [WARN] PackLoader:240 - Cannot read IP mode file for STMicroelectronics.X-CUBE-BLE2.3.3.0
2025-09-08 18:44:04,655 [WARN] PackLoader:240 - Cannot read IP mode file for STMicroelectronics.X-CUBE-NFC9.1.0.0
2025-09-08 18:44:04,663 [WARN] PackLoader:240 - Cannot read IP mode file for wolfSSL.I-CUBE-wolfSSL.5.8.2
2025-09-08 18:44:04,672 [WARN] PackLoader:240 - Cannot read IP mode file for STMicroelectronics.X-CUBE-BLE1.7.1.0
2025-09-08 18:44:04,678 [WARN] PackLoader:240 - Cannot read IP mode file for wolfSSL.I-CUBE-wolfMQTT.1.19.2
2025-09-08 18:44:04,693 [WARN] PackLoader:240 - Cannot read IP mode file for STMicroelectronics.X-CUBE-EEPRMA1.5.2.0
2025-09-08 18:44:04,715 [WARN] PackLoader:240 - Cannot read IP mode file for STMicroelectronics.X-CUBE-AZRTOS-G0.1.1.0
2025-09-08 18:44:04,725 [WARN] PackLoader:240 - Cannot read IP mode file for STMicroelectronics.X-CUBE-SAFEA1.1.2.2
2025-09-08 18:44:04,731 [WARN] PackLoader:240 - Cannot read IP mode file for STMicroelectronics.X-CUBE-NFC4.3.0.0
2025-09-08 18:44:04,740 [WARN] PackLoader:240 - Cannot read IP mode file for STMicroelectronics.X-CUBE-WB05N.2.0.0
2025-09-08 18:44:04,743 [ERROR] LogOutputStream:75 - [STDERR_REDIRECT] [Fatal Error] :1:1: Premature end of file.
2025-09-08 18:44:04,744 [ERROR] LogOutputStream:75 - [STDERR_REDIRECT] 
2025-09-08 18:44:04,746 [WARN] PackLoader:240 - Cannot read IP mode file for wolfSSL.I-CUBE-wolfTPM.3.8.0
2025-09-08 18:44:04,752 [WARN] PackLoader:240 - Cannot read IP mode file for STMicroelectronics.X-CUBE-TCPP.4.2.0
2025-09-08 18:44:04,757 [WARN] PackLoader:240 - Cannot read IP mode file for RealThread.X-CUBE-RT-Thread_Nano.4.1.1
2025-09-08 18:44:04,760 [WARN] PackLoader:240 - Cannot read IP mode file for STMicroelectronics.FP-ATR-SIGFOX1.3.2.0
2025-09-08 18:44:04,767 [WARN] PackLoader:240 - Cannot read IP mode file for ITTIA_DB.I-CUBE-ITTIADB.8.9.0
2025-09-08 18:44:04,773 [WARN] PackLoader:240 - Cannot read IP mode file for STMicroelectronics.X-CUBE-ST67W61.1.0.0
2025-09-08 18:44:04,776 [WARN] PackLoader:240 - Cannot read IP mode file for STMicroelectronics.X-CUBE-AI.10.2.0
2025-09-08 18:44:04,819 [WARN] PackLoader:240 - Cannot read IP mode file for SEGGER.I-CUBE-embOS.1.3.1
2025-09-08 18:44:04,855 [WARN] PackLoader:240 - Cannot read IP mode file for STMicroelectronics.X-CUBE-ALGOBUILD.1.4.0
2025-09-08 18:44:04,889 [WARN] PackLoader:240 - Cannot read IP mode file for STMicroelectronics.X-CUBE-MEMS1.11.3.0
2025-09-08 18:44:04,993 [WARN] PackLoader:240 - Cannot read IP mode file for STMicroelectronics.X-CUBE-PM33A1.1.0.0
2025-09-08 18:44:05,041 [WARN] PackLoader:240 - Cannot read IP mode file for STMicroelectronics.X-CUBE-AZRTOS-F4.1.1.0
2025-09-08 18:44:05,058 [WARN] PackLoader:240 - Cannot read IP mode file for Avnet-IotConnect.X-CUBE-IoTC-DA16k-PMOD.1.0.0
2025-09-08 18:44:05,069 [WARN] PackLoader:240 - Cannot read IP mode file for STMicroelectronics.X-CUBE-ISPU.2.1.0
2025-09-08 18:44:05,084 [WARN] PackLoader:240 - Cannot read IP mode file for STMicroelectronics.X-CUBE-NFC12.1.0.0
2025-09-08 18:44:05,109 [WARN] PackLoader:240 - Cannot read IP mode file for STMicroelectronics.X-CUBE-AZRTOS-L5.2.0.0
2025-09-08 18:44:05,117 [WARN] PackLoader:240 - Cannot read IP mode file for STMicroelectronics.X-CUBE-NFC6.3.1.0
2025-09-08 18:44:05,124 [WARN] PackLoader:240 - Cannot read IP mode file for STMicroelectronics.X-CUBE-FREERTOS.1.3.1
2025-09-08 18:44:05,127 [WARN] PackLoader:240 - Cannot read IP mode file for STMicroelectronics.FP-SNS-STAIOTCFT.1.0.0
2025-09-08 18:44:05,134 [WARN] PackLoader:240 - Cannot read IP mode file for STMicroelectronics.X-CUBE-DPower.1.3.0
2025-09-08 18:44:05,146 [WARN] ConditionMgr:438 - getConditionDescription Invalid condition id : LAN8742 Phy interface Condition cause : null
2025-09-08 18:44:05,147 [WARN] PackLoader:240 - Cannot read IP mode file for STMicroelectronics.X-CUBE-AZRTOS-L4.2.0.0
2025-09-08 18:44:05,147 [WARN] ConditionMgr:1044 - genDependencies : Invalid condition id : LAN8742 Phy interface Condition cause : null
2025-09-08 18:44:05,148 [WARN] ConditionMgr:1044 - genDependencies : Invalid condition id : LAN8742 Phy interface Condition cause : null
2025-09-08 18:44:05,148 [WARN] ConditionMgr:1044 - genDependencies : Invalid condition id : LAN8742 Phy interface Condition cause : null
2025-09-08 18:44:05,154 [WARN] PackLoader:240 - Cannot read IP mode file for STMicroelectronics.X-CUBE-SFXS2LP1.4.0.0
2025-09-08 18:44:05,161 [WARN] PackLoader:240 - Cannot read IP mode file for STMicroelectronics.X-CUBE-BLEMGR.4.1.0
2025-09-08 18:44:05,171 [WARN] ConditionMgr:438 - getConditionDescription Invalid condition id : UX DEVICE CLASS RTOS Condition cause : null
2025-09-08 18:44:05,171 [WARN] ConditionMgr:438 - getConditionDescription Invalid condition id : UX DEVICE CLASS RTOS Condition cause : null
2025-09-08 18:44:05,173 [WARN] PackLoader:240 - Cannot read IP mode file for STMicroelectronics.X-CUBE-AZRTOS-WB.2.0.0
2025-09-08 18:44:05,173 [WARN] ConditionMgr:1044 - genDependencies : Invalid condition id : UX DEVICE CLASS RTOS Condition cause : null
2025-09-08 18:44:05,173 [WARN] ConditionMgr:1044 - genDependencies : Invalid condition id : UX DEVICE CLASS RTOS Condition cause : null
2025-09-08 18:44:05,173 [WARN] ConditionMgr:1044 - genDependencies : Invalid condition id : UX DEVICE CLASS RTOS Condition cause : null
2025-09-08 18:44:05,173 [WARN] ConditionMgr:1044 - genDependencies : Invalid condition id : UX DEVICE CLASS RTOS Condition cause : null
2025-09-08 18:44:05,174 [WARN] ConditionMgr:1044 - genDependencies : Invalid condition id : UX DEVICE CLASS RTOS Condition cause : null
2025-09-08 18:44:05,178 [WARN] PackLoader:240 - Cannot read IP mode file for STMicroelectronics.X-CUBE-GNSS1.7.0.1
2025-09-08 18:44:05,186 [WARN] PackLoader:240 - Cannot read IP mode file for STMicroelectronics.X-CUBE-TOUCHGFX.4.25.0
2025-09-08 18:44:05,190 [WARN] ConditionMgr:438 - getConditionDescription Invalid condition id : Cortex-A Device cause : null
2025-09-08 18:44:05,210 [WARN] ConditionMgr:1044 - genDependencies : Invalid condition id : Cortex-A Device cause : null
2025-09-08 18:44:05,210 [WARN] ConditionMgr:1044 - genDependencies : Invalid condition id : Cortex-A Device cause : null
2025-09-08 18:44:05,210 [WARN] ConditionMgr:1044 - genDependencies : Invalid condition id : Cortex-A Device cause : null
2025-09-08 18:44:05,220 [WARN] PackLoader:240 - Cannot read IP mode file for STMicroelectronics.X-CUBE-SUBG2.5.0.0
2025-09-08 18:44:05,235 [WARN] PackLoader:240 - Cannot read IP mode file for STMicroelectronics.X-CUBE-AZRTOS-H7RS.1.1.0
2025-09-08 18:44:05,239 [WARN] PackLoader:240 - Cannot read IP mode file for Cesanta.I-CUBE-Mongoose.7.13.0
2025-09-08 18:44:05,247 [WARN] PackLoader:240 - Cannot read IP mode file for STMicroelectronics.X-CUBE-AZRTOS-G4.2.0.0
2025-09-08 18:44:05,253 [WARN] PackLoader:240 - Cannot read IP mode file for wolfSSL.I-CUBE-wolfSSH.1.4.20
2025-09-08 18:44:05,256 [WARN] PackLoader:240 - Cannot read IP mode file for STMicroelectronics.X-CUBE-NFC7.2.0.0
2025-09-08 18:44:05,262 [WARN] PackLoader:240 - Cannot read IP mode file for STMicroelectronics.X-CUBE-IPS.3.1.0
2025-09-08 18:44:05,268 [WARN] PackLoader:240 - Cannot read IP mode file for STMicroelectronics.X-CUBE-ALS.1.0.2
2025-09-08 18:44:05,270 [WARN] PackLoader:240 - Cannot read IP mode file for portGmbH.I-Cube-SoM-uGOAL.1.1.0
2025-09-08 18:44:05,276 [WARN] PackLoader:240 - Cannot read IP mode file for STMicroelectronics.X-CUBE-TOF1.3.4.3
2025-09-08 18:44:05,282 [INFO] ThirdParty:978 - Integrity check success = true
2025-09-08 18:44:05,282 [INFO] IntegrityCheckThread:100 - exiting critical section [integrity check]
2025-09-08 18:44:05,282 [INFO] IntegrityCheckThread:103 - End integrity checks thread
2025-09-08 18:44:05,721 [ERROR] LogOutputStream:75 - [STDERR_REDIRECT] [Fatal Error] :1:1: Premature end of file.
2025-09-08 18:44:05,721 [ERROR] LogOutputStream:75 - [STDERR_REDIRECT] 
2025-09-08 18:44:06,712 [ERROR] LogOutputStream:75 - [STDERR_REDIRECT] [Fatal Error] :1:1: Premature end of file.
2025-09-08 18:44:06,712 [ERROR] LogOutputStream:75 - [STDERR_REDIRECT] 
2025-09-08 18:44:07,722 [ERROR] LogOutputStream:75 - [STDERR_REDIRECT] [Fatal Error] :1:1: Premature end of file.
2025-09-08 18:44:07,722 [ERROR] LogOutputStream:75 - [STDERR_REDIRECT] 
2025-09-08 18:44:08,719 [ERROR] LogOutputStream:75 - [STDERR_REDIRECT] [Fatal Error] :1:1: Premature end of file.
2025-09-08 18:44:08,719 [ERROR] LogOutputStream:75 - [STDERR_REDIRECT] 
2025-09-08 18:44:09,729 [ERROR] LogOutputStream:75 - [STDERR_REDIRECT] [Fatal Error] :1:1: Premature end of file.
2025-09-08 18:44:09,730 [ERROR] LogOutputStream:75 - [STDERR_REDIRECT] 
2025-09-08 18:44:10,699 [ERROR] LogOutputStream:75 - [STDERR_REDIRECT] [Fatal Error] :1:1: Premature end of file.
2025-09-08 18:44:10,700 [ERROR] LogOutputStream:75 - [STDERR_REDIRECT] 
2025-09-08 18:44:11,724 [ERROR] LogOutputStream:75 - [STDERR_REDIRECT] [Fatal Error] :1:1: Premature end of file.
2025-09-08 18:44:11,725 [ERROR] LogOutputStream:75 - [STDERR_REDIRECT] 
2025-09-08 18:44:12,718 [ERROR] LogOutputStream:75 - [STDERR_REDIRECT] [Fatal Error] :1:1: Premature end of file.
2025-09-08 18:44:12,718 [ERROR] LogOutputStream:75 - [STDERR_REDIRECT] 
2025-09-08 18:44:13,700 [ERROR] LogOutputStream:75 - [STDERR_REDIRECT] [Fatal Error] :1:1: Premature end of file.
2025-09-08 18:44:13,700 [ERROR] LogOutputStream:75 - [STDERR_REDIRECT] 
2025-09-08 18:44:14,700 [ERROR] LogOutputStream:75 - [STDERR_REDIRECT] [Fatal Error] :1:1: Premature end of file.
2025-09-08 18:44:14,700 [ERROR] LogOutputStream:75 - [STDERR_REDIRECT] 
2025-09-08 18:44:15,695 [ERROR] LogOutputStream:75 - [STDERR_REDIRECT] [Fatal Error] :1:1: Premature end of file.
2025-09-08 18:44:15,695 [ERROR] LogOutputStream:75 - [STDERR_REDIRECT] 
2025-09-08 18:44:16,718 [ERROR] LogOutputStream:75 - [STDERR_REDIRECT] [Fatal Error] :1:1: Premature end of file.
2025-09-08 18:44:16,719 [ERROR] LogOutputStream:75 - [STDERR_REDIRECT] 
2025-09-08 18:44:17,721 [ERROR] LogOutputStream:75 - [STDERR_REDIRECT] [Fatal Error] :1:1: Premature end of file.
2025-09-08 18:44:17,721 [ERROR] LogOutputStream:75 - [STDERR_REDIRECT] 
2025-09-08 18:44:18,717 [ERROR] LogOutputStream:75 - [STDERR_REDIRECT] [Fatal Error] :1:1: Premature end of file.
2025-09-08 18:44:18,717 [ERROR] LogOutputStream:75 - [STDERR_REDIRECT] 
2025-09-08 18:44:19,720 [ERROR] LogOutputStream:75 - [STDERR_REDIRECT] [Fatal Error] :1:1: Premature end of file.
2025-09-08 18:44:19,720 [ERROR] LogOutputStream:75 - [STDERR_REDIRECT] 
2025-09-08 18:44:20,713 [ERROR] LogOutputStream:75 - [STDERR_REDIRECT] [Fatal Error] :1:1: Premature end of file.
2025-09-08 18:44:20,714 [ERROR] LogOutputStream:75 - [STDERR_REDIRECT] 
2025-09-08 18:44:21,715 [ERROR] LogOutputStream:75 - [STDERR_REDIRECT] [Fatal Error] :1:1: Premature end of file.
2025-09-08 18:44:21,715 [ERROR] LogOutputStream:75 - [STDERR_REDIRECT] 
2025-09-08 18:44:22,720 [ERROR] LogOutputStream:75 - [STDERR_REDIRECT] [Fatal Error] :1:1: Premature end of file.
2025-09-08 18:44:22,721 [ERROR] LogOutputStream:75 - [STDERR_REDIRECT] 
2025-09-08 18:44:23,714 [ERROR] LogOutputStream:75 - [STDERR_REDIRECT] [Fatal Error] :1:1: Premature end of file.
2025-09-08 18:44:23,715 [ERROR] LogOutputStream:75 - [STDERR_REDIRECT] 
2025-09-08 18:44:24,690 [ERROR] LogOutputStream:75 - [STDERR_REDIRECT] [Fatal Error] :1:1: Premature end of file.
2025-09-08 18:44:24,691 [ERROR] LogOutputStream:75 - [STDERR_REDIRECT] 
2025-09-08 18:44:25,691 [ERROR] LogOutputStream:75 - [STDERR_REDIRECT] [Fatal Error] :1:1: Premature end of file.
2025-09-08 18:44:25,691 [ERROR] LogOutputStream:75 - [STDERR_REDIRECT] 
2025-09-08 18:44:26,723 [ERROR] LogOutputStream:75 - [STDERR_REDIRECT] [Fatal Error] :1:1: Premature end of file.
2025-09-08 18:44:26,724 [ERROR] LogOutputStream:75 - [STDERR_REDIRECT] 
2025-09-08 18:44:27,721 [ERROR] LogOutputStream:75 - [STDERR_REDIRECT] [Fatal Error] :1:1: Premature end of file.
2025-09-08 18:44:27,721 [ERROR] LogOutputStream:75 - [STDERR_REDIRECT] 
2025-09-08 18:44:28,717 [ERROR] LogOutputStream:75 - [STDERR_REDIRECT] [Fatal Error] :1:1: Premature end of file.
2025-09-08 18:44:28,717 [ERROR] LogOutputStream:75 - [STDERR_REDIRECT] 
2025-09-08 18:44:29,708 [ERROR] LogOutputStream:75 - [STDERR_REDIRECT] [Fatal Error] :1:1: Premature end of file.
2025-09-08 18:44:29,708 [ERROR] LogOutputStream:75 - [STDERR_REDIRECT] 
2025-09-08 18:44:30,742 [ERROR] LogOutputStream:75 - [STDERR_REDIRECT] [Fatal Error] :1:1: Premature end of file.
2025-09-08 18:44:30,743 [ERROR] LogOutputStream:75 - [STDERR_REDIRECT] 
2025-09-08 18:44:31,699 [ERROR] LogOutputStream:75 - [STDERR_REDIRECT] [Fatal Error] :1:1: Premature end of file.
2025-09-08 18:44:31,699 [ERROR] LogOutputStream:75 - [STDERR_REDIRECT] 
2025-09-08 18:44:32,730 [ERROR] LogOutputStream:75 - [STDERR_REDIRECT] [Fatal Error] :1:1: Premature end of file.
2025-09-08 18:44:32,730 [ERROR] LogOutputStream:75 - [STDERR_REDIRECT] 
2025-09-08 18:44:33,697 [ERROR] LogOutputStream:75 - [STDERR_REDIRECT] [Fatal Error] :1:1: Premature end of file.
2025-09-08 18:44:33,697 [ERROR] LogOutputStream:75 - [STDERR_REDIRECT] 
2025-09-08 18:44:34,695 [ERROR] LogOutputStream:75 - [STDERR_REDIRECT] [Fatal Error] :1:1: Premature end of file.
2025-09-08 18:44:34,695 [ERROR] LogOutputStream:75 - [STDERR_REDIRECT] 
2025-09-08 18:44:35,717 [ERROR] LogOutputStream:75 - [STDERR_REDIRECT] [Fatal Error] :1:1: Premature end of file.
2025-09-08 18:44:35,717 [ERROR] LogOutputStream:75 - [STDERR_REDIRECT] 
2025-09-08 18:44:36,712 [ERROR] LogOutputStream:75 - [STDERR_REDIRECT] [Fatal Error] :1:1: Premature end of file.
2025-09-08 18:44:36,712 [ERROR] LogOutputStream:75 - [STDERR_REDIRECT] 
2025-09-08 18:44:37,709 [ERROR] LogOutputStream:75 - [STDERR_REDIRECT] [Fatal Error] :1:1: Premature end of file.
2025-09-08 18:44:37,709 [ERROR] LogOutputStream:75 - [STDERR_REDIRECT] 
2025-09-08 18:44:38,689 [ERROR] LogOutputStream:75 - [STDERR_REDIRECT] [Fatal Error] :1:1: Premature end of file.
2025-09-08 18:44:38,689 [ERROR] LogOutputStream:75 - [STDERR_REDIRECT] 
2025-09-08 18:44:39,697 [ERROR] LogOutputStream:75 - [STDERR_REDIRECT] [Fatal Error] :1:1: Premature end of file.
2025-09-08 18:44:39,697 [ERROR] LogOutputStream:75 - [STDERR_REDIRECT] 
2025-09-08 18:44:40,709 [ERROR] LogOutputStream:75 - [STDERR_REDIRECT] [Fatal Error] :1:1: Premature end of file.
2025-09-08 18:44:40,709 [ERROR] LogOutputStream:75 - [STDERR_REDIRECT] 
2025-09-08 18:44:41,698 [ERROR] LogOutputStream:75 - [STDERR_REDIRECT] [Fatal Error] :1:1: Premature end of file.
2025-09-08 18:44:41,698 [ERROR] LogOutputStream:75 - [STDERR_REDIRECT] 
2025-09-08 18:44:42,728 [ERROR] LogOutputStream:75 - [STDERR_REDIRECT] [Fatal Error] :1:1: Premature end of file.
2025-09-08 18:44:42,728 [ERROR] LogOutputStream:75 - [STDERR_REDIRECT] 
2025-09-08 18:44:43,721 [ERROR] LogOutputStream:75 - [STDERR_REDIRECT] [Fatal Error] :1:1: Premature end of file.
2025-09-08 18:44:43,722 [ERROR] LogOutputStream:75 - [STDERR_REDIRECT] 
2025-09-08 18:44:44,700 [ERROR] LogOutputStream:75 - [STDERR_REDIRECT] [Fatal Error] :1:1: Premature end of file.
2025-09-08 18:44:44,701 [ERROR] LogOutputStream:75 - [STDERR_REDIRECT] 
2025-09-08 18:44:45,699 [ERROR] LogOutputStream:75 - [STDERR_REDIRECT] [Fatal Error] :1:1: Premature end of file.
2025-09-08 18:44:45,699 [ERROR] LogOutputStream:75 - [STDERR_REDIRECT] 
2025-09-08 18:44:46,716 [ERROR] LogOutputStream:75 - [STDERR_REDIRECT] [Fatal Error] :1:1: Premature end of file.
2025-09-08 18:44:46,716 [ERROR] LogOutputStream:75 - [STDERR_REDIRECT] 
2025-09-08 18:44:47,728 [ERROR] LogOutputStream:75 - [STDERR_REDIRECT] [Fatal Error] :1:1: Premature end of file.
2025-09-08 18:44:47,728 [ERROR] LogOutputStream:75 - [STDERR_REDIRECT] 
2025-09-08 18:44:48,690 [ERROR] LogOutputStream:75 - [STDERR_REDIRECT] [Fatal Error] :1:1: Premature end of file.
2025-09-08 18:44:48,691 [ERROR] LogOutputStream:75 - [STDERR_REDIRECT] 
2025-09-08 18:44:49,771 [ERROR] LogOutputStream:75 - [STDERR_REDIRECT] [Fatal Error] :1:1: Premature end of file.
2025-09-08 18:44:49,773 [ERROR] LogOutputStream:75 - [STDERR_REDIRECT] 
2025-09-08 18:44:50,718 [ERROR] LogOutputStream:75 - [STDERR_REDIRECT] [Fatal Error] :1:1: Premature end of file.
2025-09-08 18:44:50,719 [ERROR] LogOutputStream:75 - [STDERR_REDIRECT] 
2025-09-08 18:44:51,730 [ERROR] LogOutputStream:75 - [STDERR_REDIRECT] [Fatal Error] :1:1: Premature end of file.
2025-09-08 18:44:51,730 [ERROR] LogOutputStream:75 - [STDERR_REDIRECT] 
2025-09-08 18:44:52,696 [ERROR] LogOutputStream:75 - [STDERR_REDIRECT] [Fatal Error] :1:1: Premature end of file.
2025-09-08 18:44:52,697 [ERROR] LogOutputStream:75 - [STDERR_REDIRECT] 
2025-09-08 18:44:53,698 [ERROR] LogOutputStream:75 - [STDERR_REDIRECT] [Fatal Error] :1:1: Premature end of file.
2025-09-08 18:44:53,698 [ERROR] LogOutputStream:75 - [STDERR_REDIRECT] 
2025-09-08 18:44:54,716 [ERROR] LogOutputStream:75 - [STDERR_REDIRECT] [Fatal Error] :1:1: Premature end of file.
2025-09-08 18:44:54,717 [ERROR] LogOutputStream:75 - [STDERR_REDIRECT] 
2025-09-08 18:44:55,735 [ERROR] LogOutputStream:75 - [STDERR_REDIRECT] [Fatal Error] :1:1: Premature end of file.
2025-09-08 18:44:55,736 [ERROR] LogOutputStream:75 - [STDERR_REDIRECT] 
2025-09-08 18:44:56,717 [ERROR] LogOutputStream:75 - [STDERR_REDIRECT] [Fatal Error] :1:1: Premature end of file.
2025-09-08 18:44:56,717 [ERROR] LogOutputStream:75 - [STDERR_REDIRECT] 
2025-09-08 18:44:57,713 [ERROR] LogOutputStream:75 - [STDERR_REDIRECT] [Fatal Error] :1:1: Premature end of file.
2025-09-08 18:44:57,713 [ERROR] LogOutputStream:75 - [STDERR_REDIRECT] 
2025-09-08 18:44:58,719 [ERROR] LogOutputStream:75 - [STDERR_REDIRECT] [Fatal Error] :1:1: Premature end of file.
2025-09-08 18:44:58,720 [ERROR] LogOutputStream:75 - [STDERR_REDIRECT] 
2025-09-08 18:44:59,697 [ERROR] LogOutputStream:75 - [STDERR_REDIRECT] [Fatal Error] :1:1: Premature end of file.
2025-09-08 18:44:59,697 [ERROR] LogOutputStream:75 - [STDERR_REDIRECT] 
2025-09-08 18:45:00,724 [ERROR] LogOutputStream:75 - [STDERR_REDIRECT] [Fatal Error] :1:1: Premature end of file.
2025-09-08 18:45:00,725 [ERROR] LogOutputStream:75 - [STDERR_REDIRECT] 
2025-09-08 18:45:01,732 [ERROR] LogOutputStream:75 - [STDERR_REDIRECT] [Fatal Error] :1:1: Premature end of file.
2025-09-08 18:45:01,733 [ERROR] LogOutputStream:75 - [STDERR_REDIRECT] 
2025-09-08 18:45:02,694 [ERROR] LogOutputStream:75 - [STDERR_REDIRECT] [Fatal Error] :1:1: Premature end of file.
2025-09-08 18:45:02,694 [ERROR] LogOutputStream:75 - [STDERR_REDIRECT] 
2025-09-08 18:45:03,732 [ERROR] LogOutputStream:75 - [STDERR_REDIRECT] [Fatal Error] :1:1: Premature end of file.
2025-09-08 18:45:03,732 [ERROR] LogOutputStream:75 - [STDERR_REDIRECT] 
2025-09-08 18:45:04,727 [ERROR] LogOutputStream:75 - [STDERR_REDIRECT] [Fatal Error] :1:1: Premature end of file.
2025-09-08 18:45:04,728 [ERROR] LogOutputStream:75 - [STDERR_REDIRECT] 
2025-09-08 18:45:05,738 [ERROR] LogOutputStream:75 - [STDERR_REDIRECT] [Fatal Error] :1:1: Premature end of file.
2025-09-08 18:45:05,738 [ERROR] LogOutputStream:75 - [STDERR_REDIRECT] 
2025-09-08 18:45:06,721 [ERROR] LogOutputStream:75 - [STDERR_REDIRECT] [Fatal Error] :1:1: Premature end of file.
2025-09-08 18:45:06,722 [ERROR] LogOutputStream:75 - [STDERR_REDIRECT] 
2025-09-08 18:45:07,694 [ERROR] LogOutputStream:75 - [STDERR_REDIRECT] [Fatal Error] :1:1: Premature end of file.
2025-09-08 18:45:07,694 [ERROR] LogOutputStream:75 - [STDERR_REDIRECT] 
2025-09-08 18:45:08,712 [ERROR] LogOutputStream:75 - [STDERR_REDIRECT] [Fatal Error] :1:1: Premature end of file.
2025-09-08 18:45:08,712 [ERROR] LogOutputStream:75 - [STDERR_REDIRECT] 
2025-09-08 18:45:09,723 [ERROR] LogOutputStream:75 - [STDERR_REDIRECT] [Fatal Error] :1:1: Premature end of file.
2025-09-08 18:45:09,723 [ERROR] LogOutputStream:75 - [STDERR_REDIRECT] 
2025-09-08 18:45:10,728 [ERROR] LogOutputStream:75 - [STDERR_REDIRECT] [Fatal Error] :1:1: Premature end of file.
2025-09-08 18:45:10,728 [ERROR] LogOutputStream:75 - [STDERR_REDIRECT] 
2025-09-08 18:45:11,725 [ERROR] LogOutputStream:75 - [STDERR_REDIRECT] [Fatal Error] :1:1: Premature end of file.
2025-09-08 18:45:11,725 [ERROR] LogOutputStream:75 - [STDERR_REDIRECT] 
2025-09-08 18:45:12,728 [ERROR] LogOutputStream:75 - [STDERR_REDIRECT] [Fatal Error] :1:1: Premature end of file.
2025-09-08 18:45:12,729 [ERROR] LogOutputStream:75 - [STDERR_REDIRECT] 
2025-09-08 18:45:13,727 [ERROR] LogOutputStream:75 - [STDERR_REDIRECT] [Fatal Error] :1:1: Premature end of file.
2025-09-08 18:45:13,727 [ERROR] LogOutputStream:75 - [STDERR_REDIRECT] 
2025-09-08 18:45:13,953 [INFO] WebApp:194 - Connection lost
2025-09-08 18:45:14,172 [INFO] WebApp:191 - Connection restablished
2025-09-08 18:45:14,696 [ERROR] LogOutputStream:75 - [STDERR_REDIRECT] [Fatal Error] :1:1: Premature end of file.
2025-09-08 18:45:14,696 [ERROR] LogOutputStream:75 - [STDERR_REDIRECT] 
2025-09-08 18:45:15,735 [ERROR] LogOutputStream:75 - [STDERR_REDIRECT] [Fatal Error] :1:1: Premature end of file.
2025-09-08 18:45:15,735 [ERROR] LogOutputStream:75 - [STDERR_REDIRECT] 
2025-09-08 18:45:16,725 [ERROR] LogOutputStream:75 - [STDERR_REDIRECT] [Fatal Error] :1:1: Premature end of file.
2025-09-08 18:45:16,726 [ERROR] LogOutputStream:75 - [STDERR_REDIRECT] 
2025-09-08 18:45:17,729 [ERROR] LogOutputStream:75 - [STDERR_REDIRECT] [Fatal Error] :1:1: Premature end of file.
2025-09-08 18:45:17,730 [ERROR] LogOutputStream:75 - [STDERR_REDIRECT] 
2025-09-08 18:45:18,727 [ERROR] LogOutputStream:75 - [STDERR_REDIRECT] [Fatal Error] :1:1: Premature end of file.
2025-09-08 18:45:18,727 [ERROR] LogOutputStream:75 - [STDERR_REDIRECT] 
2025-09-08 18:45:19,714 [ERROR] LogOutputStream:75 - [STDERR_REDIRECT] [Fatal Error] :1:1: Premature end of file.
2025-09-08 18:45:19,714 [ERROR] LogOutputStream:75 - [STDERR_REDIRECT] 
2025-09-08 18:45:20,746 [ERROR] LogOutputStream:75 - [STDERR_REDIRECT] [Fatal Error] :1:1: Premature end of file.
2025-09-08 18:45:20,746 [ERROR] LogOutputStream:75 - [STDERR_REDIRECT] 
2025-09-08 18:45:21,721 [ERROR] LogOutputStream:75 - [STDERR_REDIRECT] [Fatal Error] :1:1: Premature end of file.
2025-09-08 18:45:21,722 [ERROR] LogOutputStream:75 - [STDERR_REDIRECT] 
2025-09-08 18:45:22,728 [ERROR] LogOutputStream:75 - [STDERR_REDIRECT] [Fatal Error] :1:1: Premature end of file.
2025-09-08 18:45:22,729 [ERROR] LogOutputStream:75 - [STDERR_REDIRECT] 
2025-09-08 18:45:23,731 [ERROR] LogOutputStream:75 - [STDERR_REDIRECT] [Fatal Error] :1:1: Premature end of file.
2025-09-08 18:45:23,731 [ERROR] LogOutputStream:75 - [STDERR_REDIRECT] 
2025-09-08 18:45:24,700 [ERROR] LogOutputStream:75 - [STDERR_REDIRECT] [Fatal Error] :1:1: Premature end of file.
2025-09-08 18:45:24,701 [ERROR] LogOutputStream:75 - [STDERR_REDIRECT] 
2025-09-08 18:45:25,694 [ERROR] LogOutputStream:75 - [STDERR_REDIRECT] [Fatal Error] :1:1: Premature end of file.
2025-09-08 18:45:25,694 [ERROR] LogOutputStream:75 - [STDERR_REDIRECT] 
2025-09-08 18:45:26,733 [ERROR] LogOutputStream:75 - [STDERR_REDIRECT] [Fatal Error] :1:1: Premature end of file.
2025-09-08 18:45:26,734 [ERROR] LogOutputStream:75 - [STDERR_REDIRECT] 
2025-09-08 18:45:27,729 [ERROR] LogOutputStream:75 - [STDERR_REDIRECT] [Fatal Error] :1:1: Premature end of file.
2025-09-08 18:45:27,729 [ERROR] LogOutputStream:75 - [STDERR_REDIRECT] 
2025-09-08 18:45:28,726 [ERROR] LogOutputStream:75 - [STDERR_REDIRECT] [Fatal Error] :1:1: Premature end of file.
2025-09-08 18:45:28,726 [ERROR] LogOutputStream:75 - [STDERR_REDIRECT] 
2025-09-08 18:45:29,737 [ERROR] LogOutputStream:75 - [STDERR_REDIRECT] [Fatal Error] :1:1: Premature end of file.
2025-09-08 18:45:29,738 [ERROR] LogOutputStream:75 - [STDERR_REDIRECT] 
2025-09-08 18:45:30,727 [ERROR] LogOutputStream:75 - [STDERR_REDIRECT] [Fatal Error] :1:1: Premature end of file.
2025-09-08 18:45:30,728 [ERROR] LogOutputStream:75 - [STDERR_REDIRECT] 
2025-09-08 18:45:31,723 [ERROR] LogOutputStream:75 - [STDERR_REDIRECT] [Fatal Error] :1:1: Premature end of file.
2025-09-08 18:45:31,723 [ERROR] LogOutputStream:75 - [STDERR_REDIRECT] 
2025-09-08 18:45:32,720 [ERROR] LogOutputStream:75 - [STDERR_REDIRECT] [Fatal Error] :1:1: Premature end of file.
2025-09-08 18:45:32,720 [ERROR] LogOutputStream:75 - [STDERR_REDIRECT] 
2025-09-08 18:45:33,716 [ERROR] LogOutputStream:75 - [STDERR_REDIRECT] [Fatal Error] :1:1: Premature end of file.
2025-09-08 18:45:33,716 [ERROR] LogOutputStream:75 - [STDERR_REDIRECT] 
2025-09-08 18:45:34,758 [ERROR] LogOutputStream:75 - [STDERR_REDIRECT] [Fatal Error] :1:1: Premature end of file.
2025-09-08 18:45:34,758 [ERROR] LogOutputStream:75 - [STDERR_REDIRECT] 
2025-09-08 18:45:35,724 [ERROR] LogOutputStream:75 - [STDERR_REDIRECT] [Fatal Error] :1:1: Premature end of file.
2025-09-08 18:45:35,724 [ERROR] LogOutputStream:75 - [STDERR_REDIRECT] 
2025-09-08 18:45:36,725 [ERROR] LogOutputStream:75 - [STDERR_REDIRECT] [Fatal Error] :1:1: Premature end of file.
2025-09-08 18:45:36,725 [ERROR] LogOutputStream:75 - [STDERR_REDIRECT] 
2025-09-08 18:45:37,703 [ERROR] LogOutputStream:75 - [STDERR_REDIRECT] [Fatal Error] :1:1: Premature end of file.
2025-09-08 18:45:37,703 [ERROR] LogOutputStream:75 - [STDERR_REDIRECT] 
2025-09-08 18:45:38,727 [ERROR] LogOutputStream:75 - [STDERR_REDIRECT] [Fatal Error] :1:1: Premature end of file.
2025-09-08 18:45:38,728 [ERROR] LogOutputStream:75 - [STDERR_REDIRECT] 
2025-09-08 18:45:39,722 [ERROR] LogOutputStream:75 - [STDERR_REDIRECT] [Fatal Error] :1:1: Premature end of file.
2025-09-08 18:45:39,722 [ERROR] LogOutputStream:75 - [STDERR_REDIRECT] 
2025-09-08 18:45:40,718 [ERROR] LogOutputStream:75 - [STDERR_REDIRECT] [Fatal Error] :1:1: Premature end of file.
2025-09-08 18:45:40,719 [ERROR] LogOutputStream:75 - [STDERR_REDIRECT] 
2025-09-08 18:45:41,723 [ERROR] LogOutputStream:75 - [STDERR_REDIRECT] [Fatal Error] :1:1: Premature end of file.
2025-09-08 18:45:41,724 [ERROR] LogOutputStream:75 - [STDERR_REDIRECT] 
2025-09-08 18:45:42,712 [ERROR] LogOutputStream:75 - [STDERR_REDIRECT] [Fatal Error] :1:1: Premature end of file.
2025-09-08 18:45:42,712 [ERROR] LogOutputStream:75 - [STDERR_REDIRECT] 
2025-09-08 18:45:43,723 [ERROR] LogOutputStream:75 - [STDERR_REDIRECT] [Fatal Error] :1:1: Premature end of file.
2025-09-08 18:45:43,724 [ERROR] LogOutputStream:75 - [STDERR_REDIRECT] 
2025-09-08 18:45:44,713 [ERROR] LogOutputStream:75 - [STDERR_REDIRECT] [Fatal Error] :1:1: Premature end of file.
2025-09-08 18:45:44,714 [ERROR] LogOutputStream:75 - [STDERR_REDIRECT] 
2025-09-08 18:45:45,724 [ERROR] LogOutputStream:75 - [STDERR_REDIRECT] [Fatal Error] :1:1: Premature end of file.
2025-09-08 18:45:45,724 [ERROR] LogOutputStream:75 - [STDERR_REDIRECT] 
2025-09-08 18:45:46,730 [ERROR] LogOutputStream:75 - [STDERR_REDIRECT] [Fatal Error] :1:1: Premature end of file.
2025-09-08 18:45:46,730 [ERROR] LogOutputStream:75 - [STDERR_REDIRECT] 
2025-09-08 18:45:47,735 [ERROR] LogOutputStream:75 - [STDERR_REDIRECT] [Fatal Error] :1:1: Premature end of file.
2025-09-08 18:45:47,736 [ERROR] LogOutputStream:75 - [STDERR_REDIRECT] 
2025-09-08 18:45:48,727 [ERROR] LogOutputStream:75 - [STDERR_REDIRECT] [Fatal Error] :1:1: Premature end of file.
2025-09-08 18:45:48,727 [ERROR] LogOutputStream:75 - [STDERR_REDIRECT] 
2025-09-08 18:45:49,730 [ERROR] LogOutputStream:75 - [STDERR_REDIRECT] [Fatal Error] :1:1: Premature end of file.
2025-09-08 18:45:49,731 [ERROR] LogOutputStream:75 - [STDERR_REDIRECT] 
2025-09-08 18:45:50,707 [ERROR] LogOutputStream:75 - [STDERR_REDIRECT] [Fatal Error] :1:1: Premature end of file.
2025-09-08 18:45:50,708 [ERROR] LogOutputStream:75 - [STDERR_REDIRECT] 
2025-09-08 18:45:51,696 [ERROR] LogOutputStream:75 - [STDERR_REDIRECT] [Fatal Error] :1:1: Premature end of file.
2025-09-08 18:45:51,696 [ERROR] LogOutputStream:75 - [STDERR_REDIRECT] 
2025-09-08 18:45:52,708 [ERROR] LogOutputStream:75 - [STDERR_REDIRECT] [Fatal Error] :1:1: Premature end of file.
2025-09-08 18:45:52,709 [ERROR] LogOutputStream:75 - [STDERR_REDIRECT] 
2025-09-08 18:45:53,726 [ERROR] LogOutputStream:75 - [STDERR_REDIRECT] [Fatal Error] :1:1: Premature end of file.
2025-09-08 18:45:53,727 [ERROR] LogOutputStream:75 - [STDERR_REDIRECT] 
2025-09-08 18:45:54,726 [ERROR] LogOutputStream:75 - [STDERR_REDIRECT] [Fatal Error] :1:1: Premature end of file.
2025-09-08 18:45:54,726 [ERROR] LogOutputStream:75 - [STDERR_REDIRECT] 
2025-09-08 18:45:55,726 [ERROR] LogOutputStream:75 - [STDERR_REDIRECT] [Fatal Error] :1:1: Premature end of file.
2025-09-08 18:45:55,727 [ERROR] LogOutputStream:75 - [STDERR_REDIRECT] 
2025-09-08 18:45:56,726 [ERROR] LogOutputStream:75 - [STDERR_REDIRECT] [Fatal Error] :1:1: Premature end of file.
2025-09-08 18:45:56,726 [ERROR] LogOutputStream:75 - [STDERR_REDIRECT] 
2025-09-08 18:45:57,731 [ERROR] LogOutputStream:75 - [STDERR_REDIRECT] [Fatal Error] :1:1: Premature end of file.
2025-09-08 18:45:57,731 [ERROR] LogOutputStream:75 - [STDERR_REDIRECT] 
2025-09-08 18:45:58,722 [ERROR] LogOutputStream:75 - [STDERR_REDIRECT] [Fatal Error] :1:1: Premature end of file.
2025-09-08 18:45:58,722 [ERROR] LogOutputStream:75 - [STDERR_REDIRECT] 
2025-09-08 18:45:59,727 [ERROR] LogOutputStream:75 - [STDERR_REDIRECT] [Fatal Error] :1:1: Premature end of file.
2025-09-08 18:45:59,727 [ERROR] LogOutputStream:75 - [STDERR_REDIRECT] 
2025-09-08 18:46:00,727 [ERROR] LogOutputStream:75 - [STDERR_REDIRECT] [Fatal Error] :1:1: Premature end of file.
2025-09-08 18:46:00,727 [ERROR] LogOutputStream:75 - [STDERR_REDIRECT] 
2025-09-08 18:46:01,696 [ERROR] LogOutputStream:75 - [STDERR_REDIRECT] [Fatal Error] :1:1: Premature end of file.
2025-09-08 18:46:01,697 [ERROR] LogOutputStream:75 - [STDERR_REDIRECT] 
2025-09-08 18:46:02,729 [ERROR] LogOutputStream:75 - [STDERR_REDIRECT] [Fatal Error] :1:1: Premature end of file.
2025-09-08 18:46:02,730 [ERROR] LogOutputStream:75 - [STDERR_REDIRECT] 
2025-09-08 18:46:03,729 [ERROR] LogOutputStream:75 - [STDERR_REDIRECT] [Fatal Error] :1:1: Premature end of file.
2025-09-08 18:46:03,730 [ERROR] LogOutputStream:75 - [STDERR_REDIRECT] 
2025-09-08 18:46:04,723 [ERROR] LogOutputStream:75 - [STDERR_REDIRECT] [Fatal Error] :1:1: Premature end of file.
2025-09-08 18:46:04,724 [ERROR] LogOutputStream:75 - [STDERR_REDIRECT] 
2025-09-08 18:46:05,728 [ERROR] LogOutputStream:75 - [STDERR_REDIRECT] [Fatal Error] :1:1: Premature end of file.
2025-09-08 18:46:05,728 [ERROR] LogOutputStream:75 - [STDERR_REDIRECT] 
2025-09-08 18:46:06,721 [ERROR] LogOutputStream:75 - [STDERR_REDIRECT] [Fatal Error] :1:1: Premature end of file.
2025-09-08 18:46:06,721 [ERROR] LogOutputStream:75 - [STDERR_REDIRECT] 
2025-09-08 18:46:07,727 [ERROR] LogOutputStream:75 - [STDERR_REDIRECT] [Fatal Error] :1:1: Premature end of file.
2025-09-08 18:46:07,727 [ERROR] LogOutputStream:75 - [STDERR_REDIRECT] 
2025-09-08 18:46:08,729 [ERROR] LogOutputStream:75 - [STDERR_REDIRECT] [Fatal Error] :1:1: Premature end of file.
2025-09-08 18:46:08,729 [ERROR] LogOutputStream:75 - [STDERR_REDIRECT] 
2025-09-08 18:46:09,727 [ERROR] LogOutputStream:75 - [STDERR_REDIRECT] [Fatal Error] :1:1: Premature end of file.
2025-09-08 18:46:09,727 [ERROR] LogOutputStream:75 - [STDERR_REDIRECT] 
2025-09-08 18:46:10,728 [ERROR] LogOutputStream:75 - [STDERR_REDIRECT] [Fatal Error] :1:1: Premature end of file.
2025-09-08 18:46:10,728 [ERROR] LogOutputStream:75 - [STDERR_REDIRECT] 
2025-09-08 18:46:11,724 [ERROR] LogOutputStream:75 - [STDERR_REDIRECT] [Fatal Error] :1:1: Premature end of file.
2025-09-08 18:46:11,724 [ERROR] LogOutputStream:75 - [STDERR_REDIRECT] 
2025-09-08 18:46:12,719 [ERROR] LogOutputStream:75 - [STDERR_REDIRECT] [Fatal Error] :1:1: Premature end of file.
2025-09-08 18:46:12,719 [ERROR] LogOutputStream:75 - [STDERR_REDIRECT] 
2025-09-08 18:46:13,717 [ERROR] LogOutputStream:75 - [STDERR_REDIRECT] [Fatal Error] :1:1: Premature end of file.
2025-09-08 18:46:13,717 [ERROR] LogOutputStream:75 - [STDERR_REDIRECT] 
2025-09-08 18:46:14,724 [ERROR] LogOutputStream:75 - [STDERR_REDIRECT] [Fatal Error] :1:1: Premature end of file.
2025-09-08 18:46:14,724 [ERROR] LogOutputStream:75 - [STDERR_REDIRECT] 
2025-09-08 18:46:15,719 [ERROR] LogOutputStream:75 - [STDERR_REDIRECT] [Fatal Error] :1:1: Premature end of file.
2025-09-08 18:46:15,719 [ERROR] LogOutputStream:75 - [STDERR_REDIRECT] 
2025-09-08 18:46:16,711 [ERROR] LogOutputStream:75 - [STDERR_REDIRECT] [Fatal Error] :1:1: Premature end of file.
2025-09-08 18:46:16,711 [ERROR] LogOutputStream:75 - [STDERR_REDIRECT] 
2025-09-08 18:46:17,724 [ERROR] LogOutputStream:75 - [STDERR_REDIRECT] [Fatal Error] :1:1: Premature end of file.
2025-09-08 18:46:17,724 [ERROR] LogOutputStream:75 - [STDERR_REDIRECT] 
2025-09-08 18:46:18,726 [ERROR] LogOutputStream:75 - [STDERR_REDIRECT] [Fatal Error] :1:1: Premature end of file.
2025-09-08 18:46:18,726 [ERROR] LogOutputStream:75 - [STDERR_REDIRECT] 
2025-09-08 18:46:19,730 [ERROR] LogOutputStream:75 - [STDERR_REDIRECT] [Fatal Error] :1:1: Premature end of file.
2025-09-08 18:46:19,730 [ERROR] LogOutputStream:75 - [STDERR_REDIRECT] 
2025-09-08 18:46:20,726 [ERROR] LogOutputStream:75 - [STDERR_REDIRECT] [Fatal Error] :1:1: Premature end of file.
2025-09-08 18:46:20,726 [ERROR] LogOutputStream:75 - [STDERR_REDIRECT] 
2025-09-08 18:46:21,730 [ERROR] LogOutputStream:75 - [STDERR_REDIRECT] [Fatal Error] :1:1: Premature end of file.
2025-09-08 18:46:21,730 [ERROR] LogOutputStream:75 - [STDERR_REDIRECT] 
2025-09-08 18:46:22,723 [ERROR] LogOutputStream:75 - [STDERR_REDIRECT] [Fatal Error] :1:1: Premature end of file.
2025-09-08 18:46:22,723 [ERROR] LogOutputStream:75 - [STDERR_REDIRECT] 
2025-09-08 18:46:23,728 [ERROR] LogOutputStream:75 - [STDERR_REDIRECT] [Fatal Error] :1:1: Premature end of file.
2025-09-08 18:46:23,728 [ERROR] LogOutputStream:75 - [STDERR_REDIRECT] 
2025-09-08 18:46:24,719 [ERROR] LogOutputStream:75 - [STDERR_REDIRECT] [Fatal Error] :1:1: Premature end of file.
2025-09-08 18:46:24,719 [ERROR] LogOutputStream:75 - [STDERR_REDIRECT] 
2025-09-08 18:46:25,727 [ERROR] LogOutputStream:75 - [STDERR_REDIRECT] [Fatal Error] :1:1: Premature end of file.
2025-09-08 18:46:25,728 [ERROR] LogOutputStream:75 - [STDERR_REDIRECT] 
2025-09-08 18:46:26,719 [ERROR] LogOutputStream:75 - [STDERR_REDIRECT] [Fatal Error] :1:1: Premature end of file.
2025-09-08 18:46:26,720 [ERROR] LogOutputStream:75 - [STDERR_REDIRECT] 
2025-09-08 18:46:27,727 [ERROR] LogOutputStream:75 - [STDERR_REDIRECT] [Fatal Error] :1:1: Premature end of file.
2025-09-08 18:46:27,727 [ERROR] LogOutputStream:75 - [STDERR_REDIRECT] 
2025-09-08 18:46:28,725 [ERROR] LogOutputStream:75 - [STDERR_REDIRECT] [Fatal Error] :1:1: Premature end of file.
2025-09-08 18:46:28,726 [ERROR] LogOutputStream:75 - [STDERR_REDIRECT] 
2025-09-08 18:46:29,725 [ERROR] LogOutputStream:75 - [STDERR_REDIRECT] [Fatal Error] :1:1: Premature end of file.
2025-09-08 18:46:29,725 [ERROR] LogOutputStream:75 - [STDERR_REDIRECT] 
2025-09-08 18:46:30,723 [ERROR] LogOutputStream:75 - [STDERR_REDIRECT] [Fatal Error] :1:1: Premature end of file.
2025-09-08 18:46:30,724 [ERROR] LogOutputStream:75 - [STDERR_REDIRECT] 
2025-09-08 18:46:31,727 [ERROR] LogOutputStream:75 - [STDERR_REDIRECT] [Fatal Error] :1:1: Premature end of file.
2025-09-08 18:46:31,727 [ERROR] LogOutputStream:75 - [STDERR_REDIRECT] 
2025-09-08 18:46:32,723 [ERROR] LogOutputStream:75 - [STDERR_REDIRECT] [Fatal Error] :1:1: Premature end of file.
2025-09-08 18:46:32,723 [ERROR] LogOutputStream:75 - [STDERR_REDIRECT] 
2025-09-08 18:46:33,724 [ERROR] LogOutputStream:75 - [STDERR_REDIRECT] [Fatal Error] :1:1: Premature end of file.
2025-09-08 18:46:33,724 [ERROR] LogOutputStream:75 - [STDERR_REDIRECT] 
2025-09-08 18:46:34,724 [ERROR] LogOutputStream:75 - [STDERR_REDIRECT] [Fatal Error] :1:1: Premature end of file.
2025-09-08 18:46:34,724 [ERROR] LogOutputStream:75 - [STDERR_REDIRECT] 
2025-09-08 18:46:35,730 [ERROR] LogOutputStream:75 - [STDERR_REDIRECT] [Fatal Error] :1:1: Premature end of file.
2025-09-08 18:46:35,730 [ERROR] LogOutputStream:75 - [STDERR_REDIRECT] 
2025-09-08 18:46:36,726 [ERROR] LogOutputStream:75 - [STDERR_REDIRECT] [Fatal Error] :1:1: Premature end of file.
2025-09-08 18:46:36,726 [ERROR] LogOutputStream:75 - [STDERR_REDIRECT] 
2025-09-08 18:46:37,734 [ERROR] LogOutputStream:75 - [STDERR_REDIRECT] [Fatal Error] :1:1: Premature end of file.
2025-09-08 18:46:37,734 [ERROR] LogOutputStream:75 - [STDERR_REDIRECT] 
2025-09-08 18:46:38,735 [ERROR] LogOutputStream:75 - [STDERR_REDIRECT] [Fatal Error] :1:1: Premature end of file.
2025-09-08 18:46:38,735 [ERROR] LogOutputStream:75 - [STDERR_REDIRECT] 
2025-09-08 18:46:39,727 [ERROR] LogOutputStream:75 - [STDERR_REDIRECT] [Fatal Error] :1:1: Premature end of file.
2025-09-08 18:46:39,727 [ERROR] LogOutputStream:75 - [STDERR_REDIRECT] 
2025-09-08 18:46:40,729 [ERROR] LogOutputStream:75 - [STDERR_REDIRECT] [Fatal Error] :1:1: Premature end of file.
2025-09-08 18:46:40,730 [ERROR] LogOutputStream:75 - [STDERR_REDIRECT] 
2025-09-08 18:46:41,732 [ERROR] LogOutputStream:75 - [STDERR_REDIRECT] [Fatal Error] :1:1: Premature end of file.
2025-09-08 18:46:41,733 [ERROR] LogOutputStream:75 - [STDERR_REDIRECT] 
2025-09-08 18:46:42,725 [ERROR] LogOutputStream:75 - [STDERR_REDIRECT] [Fatal Error] :1:1: Premature end of file.
2025-09-08 18:46:42,725 [ERROR] LogOutputStream:75 - [STDERR_REDIRECT] 
2025-09-08 18:46:43,722 [ERROR] LogOutputStream:75 - [STDERR_REDIRECT] [Fatal Error] :1:1: Premature end of file.
2025-09-08 18:46:43,722 [ERROR] LogOutputStream:75 - [STDERR_REDIRECT] 
2025-09-08 18:46:44,728 [ERROR] LogOutputStream:75 - [STDERR_REDIRECT] [Fatal Error] :1:1: Premature end of file.
2025-09-08 18:46:44,728 [ERROR] LogOutputStream:75 - [STDERR_REDIRECT] 
2025-09-08 18:46:45,727 [ERROR] LogOutputStream:75 - [STDERR_REDIRECT] [Fatal Error] :1:1: Premature end of file.
2025-09-08 18:46:45,727 [ERROR] LogOutputStream:75 - [STDERR_REDIRECT] 
2025-09-08 18:46:46,727 [ERROR] LogOutputStream:75 - [STDERR_REDIRECT] [Fatal Error] :1:1: Premature end of file.
2025-09-08 18:46:46,727 [ERROR] LogOutputStream:75 - [STDERR_REDIRECT] 
2025-09-08 18:46:47,727 [ERROR] LogOutputStream:75 - [STDERR_REDIRECT] [Fatal Error] :1:1: Premature end of file.
2025-09-08 18:46:47,727 [ERROR] LogOutputStream:75 - [STDERR_REDIRECT] 
2025-09-08 18:46:48,722 [ERROR] LogOutputStream:75 - [STDERR_REDIRECT] [Fatal Error] :1:1: Premature end of file.
2025-09-08 18:46:48,723 [ERROR] LogOutputStream:75 - [STDERR_REDIRECT] 
2025-09-08 18:46:49,727 [ERROR] LogOutputStream:75 - [STDERR_REDIRECT] [Fatal Error] :1:1: Premature end of file.
2025-09-08 18:46:49,728 [ERROR] LogOutputStream:75 - [STDERR_REDIRECT] 
2025-09-08 18:46:50,730 [ERROR] LogOutputStream:75 - [STDERR_REDIRECT] [Fatal Error] :1:1: Premature end of file.
2025-09-08 18:46:50,731 [ERROR] LogOutputStream:75 - [STDERR_REDIRECT] 
2025-09-08 18:46:51,727 [ERROR] LogOutputStream:75 - [STDERR_REDIRECT] [Fatal Error] :1:1: Premature end of file.
2025-09-08 18:46:51,728 [ERROR] LogOutputStream:75 - [STDERR_REDIRECT] 
2025-09-08 18:46:52,726 [ERROR] LogOutputStream:75 - [STDERR_REDIRECT] [Fatal Error] :1:1: Premature end of file.
2025-09-08 18:46:52,727 [ERROR] LogOutputStream:75 - [STDERR_REDIRECT] 
2025-09-08 18:46:53,728 [ERROR] LogOutputStream:75 - [STDERR_REDIRECT] [Fatal Error] :1:1: Premature end of file.
2025-09-08 18:46:53,728 [ERROR] LogOutputStream:75 - [STDERR_REDIRECT] 
2025-09-08 18:46:54,725 [ERROR] LogOutputStream:75 - [STDERR_REDIRECT] [Fatal Error] :1:1: Premature end of file.
2025-09-08 18:46:54,725 [ERROR] LogOutputStream:75 - [STDERR_REDIRECT] 
2025-09-08 18:46:55,727 [ERROR] LogOutputStream:75 - [STDERR_REDIRECT] [Fatal Error] :1:1: Premature end of file.
2025-09-08 18:46:55,728 [ERROR] LogOutputStream:75 - [STDERR_REDIRECT] 
2025-09-08 18:46:56,730 [ERROR] LogOutputStream:75 - [STDERR_REDIRECT] [Fatal Error] :1:1: Premature end of file.
2025-09-08 18:46:56,730 [ERROR] LogOutputStream:75 - [STDERR_REDIRECT] 
2025-09-08 18:46:57,727 [ERROR] LogOutputStream:75 - [STDERR_REDIRECT] [Fatal Error] :1:1: Premature end of file.
2025-09-08 18:46:57,727 [ERROR] LogOutputStream:75 - [STDERR_REDIRECT] 
2025-09-08 18:46:58,729 [ERROR] LogOutputStream:75 - [STDERR_REDIRECT] [Fatal Error] :1:1: Premature end of file.
2025-09-08 18:46:58,729 [ERROR] LogOutputStream:75 - [STDERR_REDIRECT] 
2025-09-08 18:46:59,721 [ERROR] LogOutputStream:75 - [STDERR_REDIRECT] [Fatal Error] :1:1: Premature end of file.
2025-09-08 18:46:59,723 [ERROR] LogOutputStream:75 - [STDERR_REDIRECT] 
2025-09-08 18:47:00,726 [ERROR] LogOutputStream:75 - [STDERR_REDIRECT] [Fatal Error] :1:1: Premature end of file.
2025-09-08 18:47:00,726 [ERROR] LogOutputStream:75 - [STDERR_REDIRECT] 
2025-09-08 18:47:01,717 [ERROR] LogOutputStream:75 - [STDERR_REDIRECT] [Fatal Error] :1:1: Premature end of file.
2025-09-08 18:47:01,718 [ERROR] LogOutputStream:75 - [STDERR_REDIRECT] 
2025-09-08 18:47:02,729 [ERROR] LogOutputStream:75 - [STDERR_REDIRECT] [Fatal Error] :1:1: Premature end of file.
2025-09-08 18:47:02,729 [ERROR] LogOutputStream:75 - [STDERR_REDIRECT] 
2025-09-08 18:47:03,726 [ERROR] LogOutputStream:75 - [STDERR_REDIRECT] [Fatal Error] :1:1: Premature end of file.
2025-09-08 18:47:03,726 [ERROR] LogOutputStream:75 - [STDERR_REDIRECT] 
2025-09-08 18:47:04,725 [ERROR] LogOutputStream:75 - [STDERR_REDIRECT] [Fatal Error] :1:1: Premature end of file.
2025-09-08 18:47:04,725 [ERROR] LogOutputStream:75 - [STDERR_REDIRECT] 
2025-09-08 18:47:05,728 [ERROR] LogOutputStream:75 - [STDERR_REDIRECT] [Fatal Error] :1:1: Premature end of file.
2025-09-08 18:47:05,728 [ERROR] LogOutputStream:75 - [STDERR_REDIRECT] 
2025-09-08 18:47:06,722 [ERROR] LogOutputStream:75 - [STDERR_REDIRECT] [Fatal Error] :1:1: Premature end of file.
2025-09-08 18:47:06,723 [ERROR] LogOutputStream:75 - [STDERR_REDIRECT] 
2025-09-08 18:47:07,729 [ERROR] LogOutputStream:75 - [STDERR_REDIRECT] [Fatal Error] :1:1: Premature end of file.
2025-09-08 18:47:07,730 [ERROR] LogOutputStream:75 - [STDERR_REDIRECT] 
2025-09-08 18:47:08,715 [ERROR] LogOutputStream:75 - [STDERR_REDIRECT] [Fatal Error] :1:1: Premature end of file.
2025-09-08 18:47:08,715 [ERROR] LogOutputStream:75 - [STDERR_REDIRECT] 
2025-09-08 18:47:09,723 [ERROR] LogOutputStream:75 - [STDERR_REDIRECT] [Fatal Error] :1:1: Premature end of file.
2025-09-08 18:47:09,723 [ERROR] LogOutputStream:75 - [STDERR_REDIRECT] 
2025-09-08 18:47:10,731 [ERROR] LogOutputStream:75 - [STDERR_REDIRECT] [Fatal Error] :1:1: Premature end of file.
2025-09-08 18:47:10,732 [ERROR] LogOutputStream:75 - [STDERR_REDIRECT] 
2025-09-08 18:47:11,731 [ERROR] LogOutputStream:75 - [STDERR_REDIRECT] [Fatal Error] :1:1: Premature end of file.
2025-09-08 18:47:11,732 [ERROR] LogOutputStream:75 - [STDERR_REDIRECT] 
2025-09-08 18:47:12,726 [ERROR] LogOutputStream:75 - [STDERR_REDIRECT] [Fatal Error] :1:1: Premature end of file.
2025-09-08 18:47:12,726 [ERROR] LogOutputStream:75 - [STDERR_REDIRECT] 
2025-09-08 18:47:13,734 [ERROR] LogOutputStream:75 - [STDERR_REDIRECT] [Fatal Error] :1:1: Premature end of file.
2025-09-08 18:47:13,734 [ERROR] LogOutputStream:75 - [STDERR_REDIRECT] 
2025-09-08 18:47:14,729 [ERROR] LogOutputStream:75 - [STDERR_REDIRECT] [Fatal Error] :1:1: Premature end of file.
2025-09-08 18:47:14,729 [ERROR] LogOutputStream:75 - [STDERR_REDIRECT] 
2025-09-08 18:47:15,692 [ERROR] LogOutputStream:75 - [STDERR_REDIRECT] [Fatal Error] :1:1: Premature end of file.
2025-09-08 18:47:15,692 [ERROR] LogOutputStream:75 - [STDERR_REDIRECT] 
2025-09-08 18:47:16,729 [ERROR] LogOutputStream:75 - [STDERR_REDIRECT] [Fatal Error] :1:1: Premature end of file.
2025-09-08 18:47:16,729 [ERROR] LogOutputStream:75 - [STDERR_REDIRECT] 
2025-09-08 18:47:17,735 [ERROR] LogOutputStream:75 - [STDERR_REDIRECT] [Fatal Error] :1:1: Premature end of file.
2025-09-08 18:47:17,736 [ERROR] LogOutputStream:75 - [STDERR_REDIRECT] 
2025-09-08 18:47:18,726 [ERROR] LogOutputStream:75 - [STDERR_REDIRECT] [Fatal Error] :1:1: Premature end of file.
2025-09-08 18:47:18,726 [ERROR] LogOutputStream:75 - [STDERR_REDIRECT] 
2025-09-08 18:47:19,725 [ERROR] LogOutputStream:75 - [STDERR_REDIRECT] [Fatal Error] :1:1: Premature end of file.
2025-09-08 18:47:19,726 [ERROR] LogOutputStream:75 - [STDERR_REDIRECT] 
2025-09-08 18:47:20,726 [ERROR] LogOutputStream:75 - [STDERR_REDIRECT] [Fatal Error] :1:1: Premature end of file.
2025-09-08 18:47:20,726 [ERROR] LogOutputStream:75 - [STDERR_REDIRECT] 
2025-09-08 18:47:21,723 [ERROR] LogOutputStream:75 - [STDERR_REDIRECT] [Fatal Error] :1:1: Premature end of file.
2025-09-08 18:47:21,723 [ERROR] LogOutputStream:75 - [STDERR_REDIRECT] 
2025-09-08 18:47:22,723 [ERROR] LogOutputStream:75 - [STDERR_REDIRECT] [Fatal Error] :1:1: Premature end of file.
2025-09-08 18:47:22,724 [ERROR] LogOutputStream:75 - [STDERR_REDIRECT] 
2025-09-08 18:47:23,727 [ERROR] LogOutputStream:75 - [STDERR_REDIRECT] [Fatal Error] :1:1: Premature end of file.
2025-09-08 18:47:23,727 [ERROR] LogOutputStream:75 - [STDERR_REDIRECT] 
2025-09-08 18:47:24,688 [ERROR] LogOutputStream:75 - [STDERR_REDIRECT] [Fatal Error] :1:1: Premature end of file.
2025-09-08 18:47:24,689 [ERROR] LogOutputStream:75 - [STDERR_REDIRECT] 
2025-09-08 18:47:25,727 [ERROR] LogOutputStream:75 - [STDERR_REDIRECT] [Fatal Error] :1:1: Premature end of file.
2025-09-08 18:47:25,728 [ERROR] LogOutputStream:75 - [STDERR_REDIRECT] 
2025-09-08 18:47:26,724 [ERROR] LogOutputStream:75 - [STDERR_REDIRECT] [Fatal Error] :1:1: Premature end of file.
2025-09-08 18:47:26,725 [ERROR] LogOutputStream:75 - [STDERR_REDIRECT] 
2025-09-08 18:47:27,724 [ERROR] LogOutputStream:75 - [STDERR_REDIRECT] [Fatal Error] :1:1: Premature end of file.
2025-09-08 18:47:27,724 [ERROR] LogOutputStream:75 - [STDERR_REDIRECT] 
2025-09-08 18:47:28,726 [ERROR] LogOutputStream:75 - [STDERR_REDIRECT] [Fatal Error] :1:1: Premature end of file.
2025-09-08 18:47:28,726 [ERROR] LogOutputStream:75 - [STDERR_REDIRECT] 
2025-09-08 18:47:29,735 [ERROR] LogOutputStream:75 - [STDERR_REDIRECT] [Fatal Error] :1:1: Premature end of file.
2025-09-08 18:47:29,735 [ERROR] LogOutputStream:75 - [STDERR_REDIRECT] 
2025-09-08 18:47:30,725 [ERROR] LogOutputStream:75 - [STDERR_REDIRECT] [Fatal Error] :1:1: Premature end of file.
2025-09-08 18:47:30,726 [ERROR] LogOutputStream:75 - [STDERR_REDIRECT] 
2025-09-08 18:47:31,725 [ERROR] LogOutputStream:75 - [STDERR_REDIRECT] [Fatal Error] :1:1: Premature end of file.
2025-09-08 18:47:31,725 [ERROR] LogOutputStream:75 - [STDERR_REDIRECT] 
2025-09-08 18:47:32,732 [ERROR] LogOutputStream:75 - [STDERR_REDIRECT] [Fatal Error] :1:1: Premature end of file.
2025-09-08 18:47:32,732 [ERROR] LogOutputStream:75 - [STDERR_REDIRECT] 
2025-09-08 18:47:33,724 [ERROR] LogOutputStream:75 - [STDERR_REDIRECT] [Fatal Error] :1:1: Premature end of file.
2025-09-08 18:47:33,724 [ERROR] LogOutputStream:75 - [STDERR_REDIRECT] 
2025-09-08 18:47:34,724 [ERROR] LogOutputStream:75 - [STDERR_REDIRECT] [Fatal Error] :1:1: Premature end of file.
2025-09-08 18:47:34,724 [ERROR] LogOutputStream:75 - [STDERR_REDIRECT] 
2025-09-08 18:47:35,729 [ERROR] LogOutputStream:75 - [STDERR_REDIRECT] [Fatal Error] :1:1: Premature end of file.
2025-09-08 18:47:35,729 [ERROR] LogOutputStream:75 - [STDERR_REDIRECT] 
2025-09-08 18:47:36,700 [ERROR] LogOutputStream:75 - [STDERR_REDIRECT] [Fatal Error] :1:1: Premature end of file.
2025-09-08 18:47:36,700 [ERROR] LogOutputStream:75 - [STDERR_REDIRECT] 
2025-09-08 18:47:37,725 [ERROR] LogOutputStream:75 - [STDERR_REDIRECT] [Fatal Error] :1:1: Premature end of file.
2025-09-08 18:47:37,725 [ERROR] LogOutputStream:75 - [STDERR_REDIRECT] 
2025-09-08 18:47:38,724 [ERROR] LogOutputStream:75 - [STDERR_REDIRECT] [Fatal Error] :1:1: Premature end of file.
2025-09-08 18:47:38,725 [ERROR] LogOutputStream:75 - [STDERR_REDIRECT] 
2025-09-08 18:47:39,725 [ERROR] LogOutputStream:75 - [STDERR_REDIRECT] [Fatal Error] :1:1: Premature end of file.
2025-09-08 18:47:39,725 [ERROR] LogOutputStream:75 - [STDERR_REDIRECT] 
2025-09-08 18:47:40,725 [ERROR] LogOutputStream:75 - [STDERR_REDIRECT] [Fatal Error] :1:1: Premature end of file.
2025-09-08 18:47:40,725 [ERROR] LogOutputStream:75 - [STDERR_REDIRECT] 
2025-09-08 18:47:41,728 [ERROR] LogOutputStream:75 - [STDERR_REDIRECT] [Fatal Error] :1:1: Premature end of file.
2025-09-08 18:47:41,728 [ERROR] LogOutputStream:75 - [STDERR_REDIRECT] 
2025-09-08 18:47:42,716 [ERROR] LogOutputStream:75 - [STDERR_REDIRECT] [Fatal Error] :1:1: Premature end of file.
2025-09-08 18:47:42,717 [ERROR] LogOutputStream:75 - [STDERR_REDIRECT] 
2025-09-08 18:47:43,724 [ERROR] LogOutputStream:75 - [STDERR_REDIRECT] [Fatal Error] :1:1: Premature end of file.
2025-09-08 18:47:43,725 [ERROR] LogOutputStream:75 - [STDERR_REDIRECT] 
2025-09-08 18:47:44,729 [ERROR] LogOutputStream:75 - [STDERR_REDIRECT] [Fatal Error] :1:1: Premature end of file.
2025-09-08 18:47:44,729 [ERROR] LogOutputStream:75 - [STDERR_REDIRECT] 
2025-09-08 18:47:45,718 [ERROR] LogOutputStream:75 - [STDERR_REDIRECT] [Fatal Error] :1:1: Premature end of file.
2025-09-08 18:47:45,719 [ERROR] LogOutputStream:75 - [STDERR_REDIRECT] 
2025-09-08 18:47:46,724 [ERROR] LogOutputStream:75 - [STDERR_REDIRECT] [Fatal Error] :1:1: Premature end of file.
2025-09-08 18:47:46,724 [ERROR] LogOutputStream:75 - [STDERR_REDIRECT] 
2025-09-08 18:47:47,731 [ERROR] LogOutputStream:75 - [STDERR_REDIRECT] [Fatal Error] :1:1: Premature end of file.
2025-09-08 18:47:47,731 [ERROR] LogOutputStream:75 - [STDERR_REDIRECT] 
2025-09-08 18:47:48,730 [ERROR] LogOutputStream:75 - [STDERR_REDIRECT] [Fatal Error] :1:1: Premature end of file.
2025-09-08 18:47:48,730 [ERROR] LogOutputStream:75 - [STDERR_REDIRECT] 
2025-09-08 18:47:49,730 [ERROR] LogOutputStream:75 - [STDERR_REDIRECT] [Fatal Error] :1:1: Premature end of file.
2025-09-08 18:47:49,730 [ERROR] LogOutputStream:75 - [STDERR_REDIRECT] 
2025-09-08 18:47:50,732 [ERROR] LogOutputStream:75 - [STDERR_REDIRECT] [Fatal Error] :1:1: Premature end of file.
2025-09-08 18:47:50,732 [ERROR] LogOutputStream:75 - [STDERR_REDIRECT] 
2025-09-08 18:47:51,724 [ERROR] LogOutputStream:75 - [STDERR_REDIRECT] [Fatal Error] :1:1: Premature end of file.
2025-09-08 18:47:51,724 [ERROR] LogOutputStream:75 - [STDERR_REDIRECT] 
2025-09-08 18:47:52,726 [ERROR] LogOutputStream:75 - [STDERR_REDIRECT] [Fatal Error] :1:1: Premature end of file.
2025-09-08 18:47:52,726 [ERROR] LogOutputStream:75 - [STDERR_REDIRECT] 
2025-09-08 18:47:53,728 [ERROR] LogOutputStream:75 - [STDERR_REDIRECT] [Fatal Error] :1:1: Premature end of file.
2025-09-08 18:47:53,729 [ERROR] LogOutputStream:75 - [STDERR_REDIRECT] 
2025-09-08 18:47:54,717 [ERROR] LogOutputStream:75 - [STDERR_REDIRECT] [Fatal Error] :1:1: Premature end of file.
2025-09-08 18:47:54,718 [ERROR] LogOutputStream:75 - [STDERR_REDIRECT] 
2025-09-08 18:47:55,724 [ERROR] LogOutputStream:75 - [STDERR_REDIRECT] [Fatal Error] :1:1: Premature end of file.
2025-09-08 18:47:55,724 [ERROR] LogOutputStream:75 - [STDERR_REDIRECT] 
2025-09-08 18:47:56,728 [ERROR] LogOutputStream:75 - [STDERR_REDIRECT] [Fatal Error] :1:1: Premature end of file.
2025-09-08 18:47:56,728 [ERROR] LogOutputStream:75 - [STDERR_REDIRECT] 
2025-09-08 18:47:57,727 [ERROR] LogOutputStream:75 - [STDERR_REDIRECT] [Fatal Error] :1:1: Premature end of file.
2025-09-08 18:47:57,728 [ERROR] LogOutputStream:75 - [STDERR_REDIRECT] 
2025-09-08 18:47:58,729 [ERROR] LogOutputStream:75 - [STDERR_REDIRECT] [Fatal Error] :1:1: Premature end of file.
2025-09-08 18:47:58,730 [ERROR] LogOutputStream:75 - [STDERR_REDIRECT] 
2025-09-08 18:47:59,729 [ERROR] LogOutputStream:75 - [STDERR_REDIRECT] [Fatal Error] :1:1: Premature end of file.
2025-09-08 18:47:59,730 [ERROR] LogOutputStream:75 - [STDERR_REDIRECT] 
2025-09-08 18:48:00,723 [ERROR] LogOutputStream:75 - [STDERR_REDIRECT] [Fatal Error] :1:1: Premature end of file.
2025-09-08 18:48:00,723 [ERROR] LogOutputStream:75 - [STDERR_REDIRECT] 
2025-09-08 18:48:01,725 [ERROR] LogOutputStream:75 - [STDERR_REDIRECT] [Fatal Error] :1:1: Premature end of file.
2025-09-08 18:48:01,725 [ERROR] LogOutputStream:75 - [STDERR_REDIRECT] 
2025-09-08 18:48:02,727 [ERROR] LogOutputStream:75 - [STDERR_REDIRECT] [Fatal Error] :1:1: Premature end of file.
2025-09-08 18:48:02,727 [ERROR] LogOutputStream:75 - [STDERR_REDIRECT] 
2025-09-08 18:48:03,717 [ERROR] LogOutputStream:75 - [STDERR_REDIRECT] [Fatal Error] :1:1: Premature end of file.
2025-09-08 18:48:03,717 [ERROR] LogOutputStream:75 - [STDERR_REDIRECT] 
2025-09-08 18:48:04,728 [ERROR] LogOutputStream:75 - [STDERR_REDIRECT] [Fatal Error] :1:1: Premature end of file.
2025-09-08 18:48:04,728 [ERROR] LogOutputStream:75 - [STDERR_REDIRECT] 
2025-09-08 18:48:05,743 [ERROR] LogOutputStream:75 - [STDERR_REDIRECT] [Fatal Error] :1:1: Premature end of file.
2025-09-08 18:48:05,743 [ERROR] LogOutputStream:75 - [STDERR_REDIRECT] 
2025-09-08 18:48:06,702 [ERROR] LogOutputStream:75 - [STDERR_REDIRECT] [Fatal Error] :1:1: Premature end of file.
2025-09-08 18:48:06,702 [ERROR] LogOutputStream:75 - [STDERR_REDIRECT] 
2025-09-08 18:48:07,725 [ERROR] LogOutputStream:75 - [STDERR_REDIRECT] [Fatal Error] :1:1: Premature end of file.
2025-09-08 18:48:07,725 [ERROR] LogOutputStream:75 - [STDERR_REDIRECT] 
2025-09-08 18:48:08,702 [ERROR] LogOutputStream:75 - [STDERR_REDIRECT] [Fatal Error] :1:1: Premature end of file.
2025-09-08 18:48:08,702 [ERROR] LogOutputStream:75 - [STDERR_REDIRECT] 
2025-09-08 18:48:09,726 [ERROR] LogOutputStream:75 - [STDERR_REDIRECT] [Fatal Error] :1:1: Premature end of file.
2025-09-08 18:48:09,726 [ERROR] LogOutputStream:75 - [STDERR_REDIRECT] 
2025-09-08 18:48:10,716 [ERROR] LogOutputStream:75 - [STDERR_REDIRECT] [Fatal Error] :1:1: Premature end of file.
2025-09-08 18:48:10,716 [ERROR] LogOutputStream:75 - [STDERR_REDIRECT] 
2025-09-08 18:48:11,700 [ERROR] LogOutputStream:75 - [STDERR_REDIRECT] [Fatal Error] :1:1: Premature end of file.
2025-09-08 18:48:11,701 [ERROR] LogOutputStream:75 - [STDERR_REDIRECT] 
2025-09-08 18:48:12,728 [ERROR] LogOutputStream:75 - [STDERR_REDIRECT] [Fatal Error] :1:1: Premature end of file.
2025-09-08 18:48:12,729 [ERROR] LogOutputStream:75 - [STDERR_REDIRECT] 
2025-09-08 18:48:13,726 [ERROR] LogOutputStream:75 - [STDERR_REDIRECT] [Fatal Error] :1:1: Premature end of file.
2025-09-08 18:48:13,726 [ERROR] LogOutputStream:75 - [STDERR_REDIRECT] 
2025-09-08 18:48:14,729 [ERROR] LogOutputStream:75 - [STDERR_REDIRECT] [Fatal Error] :1:1: Premature end of file.
2025-09-08 18:48:14,730 [ERROR] LogOutputStream:75 - [STDERR_REDIRECT] 
2025-09-08 18:48:15,727 [ERROR] LogOutputStream:75 - [STDERR_REDIRECT] [Fatal Error] :1:1: Premature end of file.
2025-09-08 18:48:15,727 [ERROR] LogOutputStream:75 - [STDERR_REDIRECT] 
2025-09-08 18:48:16,716 [ERROR] LogOutputStream:75 - [STDERR_REDIRECT] [Fatal Error] :1:1: Premature end of file.
2025-09-08 18:48:16,716 [ERROR] LogOutputStream:75 - [STDERR_REDIRECT] 
2025-09-08 18:48:17,729 [ERROR] LogOutputStream:75 - [STDERR_REDIRECT] [Fatal Error] :1:1: Premature end of file.
2025-09-08 18:48:17,730 [ERROR] LogOutputStream:75 - [STDERR_REDIRECT] 
2025-09-08 18:48:18,736 [ERROR] LogOutputStream:75 - [STDERR_REDIRECT] [Fatal Error] :1:1: Premature end of file.
2025-09-08 18:48:18,737 [ERROR] LogOutputStream:75 - [STDERR_REDIRECT] 
2025-09-08 18:48:19,729 [ERROR] LogOutputStream:75 - [STDERR_REDIRECT] [Fatal Error] :1:1: Premature end of file.
2025-09-08 18:48:19,729 [ERROR] LogOutputStream:75 - [STDERR_REDIRECT] 
2025-09-08 18:48:20,719 [ERROR] LogOutputStream:75 - [STDERR_REDIRECT] [Fatal Error] :1:1: Premature end of file.
2025-09-08 18:48:20,719 [ERROR] LogOutputStream:75 - [STDERR_REDIRECT] 
2025-09-08 18:48:21,724 [ERROR] LogOutputStream:75 - [STDERR_REDIRECT] [Fatal Error] :1:1: Premature end of file.
2025-09-08 18:48:21,725 [ERROR] LogOutputStream:75 - [STDERR_REDIRECT] 
2025-09-08 18:48:22,727 [ERROR] LogOutputStream:75 - [STDERR_REDIRECT] [Fatal Error] :1:1: Premature end of file.
2025-09-08 18:48:22,727 [ERROR] LogOutputStream:75 - [STDERR_REDIRECT] 
2025-09-08 18:48:23,725 [ERROR] LogOutputStream:75 - [STDERR_REDIRECT] [Fatal Error] :1:1: Premature end of file.
2025-09-08 18:48:23,725 [ERROR] LogOutputStream:75 - [STDERR_REDIRECT] 
2025-09-08 18:48:24,698 [ERROR] LogOutputStream:75 - [STDERR_REDIRECT] [Fatal Error] :1:1: Premature end of file.
2025-09-08 18:48:24,698 [ERROR] LogOutputStream:75 - [STDERR_REDIRECT] 
2025-09-08 18:48:25,727 [ERROR] LogOutputStream:75 - [STDERR_REDIRECT] [Fatal Error] :1:1: Premature end of file.
2025-09-08 18:48:25,727 [ERROR] LogOutputStream:75 - [STDERR_REDIRECT] 
2025-09-08 18:48:26,732 [ERROR] LogOutputStream:75 - [STDERR_REDIRECT] [Fatal Error] :1:1: Premature end of file.
2025-09-08 18:48:26,733 [ERROR] LogOutputStream:75 - [STDERR_REDIRECT] 
2025-09-08 18:48:27,729 [ERROR] LogOutputStream:75 - [STDERR_REDIRECT] [Fatal Error] :1:1: Premature end of file.
2025-09-08 18:48:27,729 [ERROR] LogOutputStream:75 - [STDERR_REDIRECT] 
2025-09-08 18:48:28,726 [ERROR] LogOutputStream:75 - [STDERR_REDIRECT] [Fatal Error] :1:1: Premature end of file.
2025-09-08 18:48:28,727 [ERROR] LogOutputStream:75 - [STDERR_REDIRECT] 
2025-09-08 18:48:29,728 [ERROR] LogOutputStream:75 - [STDERR_REDIRECT] [Fatal Error] :1:1: Premature end of file.
2025-09-08 18:48:29,728 [ERROR] LogOutputStream:75 - [STDERR_REDIRECT] 
2025-09-08 18:48:30,719 [ERROR] LogOutputStream:75 - [STDERR_REDIRECT] [Fatal Error] :1:1: Premature end of file.
2025-09-08 18:48:30,720 [ERROR] LogOutputStream:75 - [STDERR_REDIRECT] 
2025-09-08 18:48:31,723 [ERROR] LogOutputStream:75 - [STDERR_REDIRECT] [Fatal Error] :1:1: Premature end of file.
2025-09-08 18:48:31,724 [ERROR] LogOutputStream:75 - [STDERR_REDIRECT] 
2025-09-08 18:48:32,724 [ERROR] LogOutputStream:75 - [STDERR_REDIRECT] [Fatal Error] :1:1: Premature end of file.
2025-09-08 18:48:32,725 [ERROR] LogOutputStream:75 - [STDERR_REDIRECT] 
2025-09-08 18:48:33,722 [ERROR] LogOutputStream:75 - [STDERR_REDIRECT] [Fatal Error] :1:1: Premature end of file.
2025-09-08 18:48:33,722 [ERROR] LogOutputStream:75 - [STDERR_REDIRECT] 
2025-09-08 18:48:34,722 [ERROR] LogOutputStream:75 - [STDERR_REDIRECT] [Fatal Error] :1:1: Premature end of file.
2025-09-08 18:48:34,723 [ERROR] LogOutputStream:75 - [STDERR_REDIRECT] 
2025-09-08 18:48:35,727 [ERROR] LogOutputStream:75 - [STDERR_REDIRECT] [Fatal Error] :1:1: Premature end of file.
2025-09-08 18:48:35,727 [ERROR] LogOutputStream:75 - [STDERR_REDIRECT] 
2025-09-08 18:48:36,724 [ERROR] LogOutputStream:75 - [STDERR_REDIRECT] [Fatal Error] :1:1: Premature end of file.
2025-09-08 18:48:36,725 [ERROR] LogOutputStream:75 - [STDERR_REDIRECT] 
2025-09-08 18:48:37,715 [ERROR] LogOutputStream:75 - [STDERR_REDIRECT] [Fatal Error] :1:1: Premature end of file.
2025-09-08 18:48:37,715 [ERROR] LogOutputStream:75 - [STDERR_REDIRECT] 
2025-09-08 18:48:38,730 [ERROR] LogOutputStream:75 - [STDERR_REDIRECT] [Fatal Error] :1:1: Premature end of file.
2025-09-08 18:48:38,730 [ERROR] LogOutputStream:75 - [STDERR_REDIRECT] 
2025-09-08 18:48:39,725 [ERROR] LogOutputStream:75 - [STDERR_REDIRECT] [Fatal Error] :1:1: Premature end of file.
2025-09-08 18:48:39,726 [ERROR] LogOutputStream:75 - [STDERR_REDIRECT] 
2025-09-08 18:48:40,724 [ERROR] LogOutputStream:75 - [STDERR_REDIRECT] [Fatal Error] :1:1: Premature end of file.
2025-09-08 18:48:40,725 [ERROR] LogOutputStream:75 - [STDERR_REDIRECT] 
2025-09-08 18:48:41,732 [ERROR] LogOutputStream:75 - [STDERR_REDIRECT] [Fatal Error] :1:1: Premature end of file.
2025-09-08 18:48:41,732 [ERROR] LogOutputStream:75 - [STDERR_REDIRECT] 
2025-09-08 18:48:42,738 [ERROR] LogOutputStream:75 - [STDERR_REDIRECT] [Fatal Error] :1:1: Premature end of file.
2025-09-08 18:48:42,738 [ERROR] LogOutputStream:75 - [STDERR_REDIRECT] 
2025-09-08 18:48:43,725 [ERROR] LogOutputStream:75 - [STDERR_REDIRECT] [Fatal Error] :1:1: Premature end of file.
2025-09-08 18:48:43,725 [ERROR] LogOutputStream:75 - [STDERR_REDIRECT] 
2025-09-08 18:48:44,729 [ERROR] LogOutputStream:75 - [STDERR_REDIRECT] [Fatal Error] :1:1: Premature end of file.
2025-09-08 18:48:44,729 [ERROR] LogOutputStream:75 - [STDERR_REDIRECT] 
2025-09-08 18:48:45,719 [ERROR] LogOutputStream:75 - [STDERR_REDIRECT] [Fatal Error] :1:1: Premature end of file.
2025-09-08 18:48:45,719 [ERROR] LogOutputStream:75 - [STDERR_REDIRECT] 
2025-09-08 18:48:46,724 [ERROR] LogOutputStream:75 - [STDERR_REDIRECT] [Fatal Error] :1:1: Premature end of file.
2025-09-08 18:48:46,724 [ERROR] LogOutputStream:75 - [STDERR_REDIRECT] 
2025-09-08 18:48:47,715 [ERROR] LogOutputStream:75 - [STDERR_REDIRECT] [Fatal Error] :1:1: Premature end of file.
2025-09-08 18:48:47,716 [ERROR] LogOutputStream:75 - [STDERR_REDIRECT] 
2025-09-08 18:48:48,721 [ERROR] LogOutputStream:75 - [STDERR_REDIRECT] [Fatal Error] :1:1: Premature end of file.
2025-09-08 18:48:48,721 [ERROR] LogOutputStream:75 - [STDERR_REDIRECT] 
2025-09-08 18:48:49,693 [ERROR] LogOutputStream:75 - [STDERR_REDIRECT] [Fatal Error] :1:1: Premature end of file.
2025-09-08 18:48:49,693 [ERROR] LogOutputStream:75 - [STDERR_REDIRECT] 
2025-09-08 18:48:50,729 [ERROR] LogOutputStream:75 - [STDERR_REDIRECT] [Fatal Error] :1:1: Premature end of file.
2025-09-08 18:48:50,729 [ERROR] LogOutputStream:75 - [STDERR_REDIRECT] 
2025-09-08 18:48:51,726 [ERROR] LogOutputStream:75 - [STDERR_REDIRECT] [Fatal Error] :1:1: Premature end of file.
2025-09-08 18:48:51,727 [ERROR] LogOutputStream:75 - [STDERR_REDIRECT] 
2025-09-08 18:48:52,730 [ERROR] LogOutputStream:75 - [STDERR_REDIRECT] [Fatal Error] :1:1: Premature end of file.
2025-09-08 18:48:52,730 [ERROR] LogOutputStream:75 - [STDERR_REDIRECT] 
2025-09-08 18:48:53,728 [ERROR] LogOutputStream:75 - [STDERR_REDIRECT] [Fatal Error] :1:1: Premature end of file.
2025-09-08 18:48:53,728 [ERROR] LogOutputStream:75 - [STDERR_REDIRECT] 
2025-09-08 18:48:54,729 [ERROR] LogOutputStream:75 - [STDERR_REDIRECT] [Fatal Error] :1:1: Premature end of file.
2025-09-08 18:48:54,729 [ERROR] LogOutputStream:75 - [STDERR_REDIRECT] 
2025-09-08 18:48:55,715 [ERROR] LogOutputStream:75 - [STDERR_REDIRECT] [Fatal Error] :1:1: Premature end of file.
2025-09-08 18:48:55,715 [ERROR] LogOutputStream:75 - [STDERR_REDIRECT] 
2025-09-08 18:48:56,725 [ERROR] LogOutputStream:75 - [STDERR_REDIRECT] [Fatal Error] :1:1: Premature end of file.
2025-09-08 18:48:56,725 [ERROR] LogOutputStream:75 - [STDERR_REDIRECT] 
2025-09-08 18:48:57,729 [ERROR] LogOutputStream:75 - [STDERR_REDIRECT] [Fatal Error] :1:1: Premature end of file.
2025-09-08 18:48:57,729 [ERROR] LogOutputStream:75 - [STDERR_REDIRECT] 
2025-09-08 18:48:58,731 [ERROR] LogOutputStream:75 - [STDERR_REDIRECT] [Fatal Error] :1:1: Premature end of file.
2025-09-08 18:48:58,731 [ERROR] LogOutputStream:75 - [STDERR_REDIRECT] 
2025-09-08 18:48:59,722 [ERROR] LogOutputStream:75 - [STDERR_REDIRECT] [Fatal Error] :1:1: Premature end of file.
2025-09-08 18:48:59,722 [ERROR] LogOutputStream:75 - [STDERR_REDIRECT] 
2025-09-08 18:49:00,729 [ERROR] LogOutputStream:75 - [STDERR_REDIRECT] [Fatal Error] :1:1: Premature end of file.
2025-09-08 18:49:00,729 [ERROR] LogOutputStream:75 - [STDERR_REDIRECT] 
2025-09-08 18:49:01,722 [ERROR] LogOutputStream:75 - [STDERR_REDIRECT] [Fatal Error] :1:1: Premature end of file.
2025-09-08 18:49:01,722 [ERROR] LogOutputStream:75 - [STDERR_REDIRECT] 
2025-09-08 18:49:02,733 [ERROR] LogOutputStream:75 - [STDERR_REDIRECT] [Fatal Error] :1:1: Premature end of file.
2025-09-08 18:49:02,734 [ERROR] LogOutputStream:75 - [STDERR_REDIRECT] 
2025-09-08 18:49:03,729 [ERROR] LogOutputStream:75 - [STDERR_REDIRECT] [Fatal Error] :1:1: Premature end of file.
2025-09-08 18:49:03,729 [ERROR] LogOutputStream:75 - [STDERR_REDIRECT] 
2025-09-08 18:49:04,726 [ERROR] LogOutputStream:75 - [STDERR_REDIRECT] [Fatal Error] :1:1: Premature end of file.
2025-09-08 18:49:04,726 [ERROR] LogOutputStream:75 - [STDERR_REDIRECT] 
2025-09-08 18:49:05,730 [ERROR] LogOutputStream:75 - [STDERR_REDIRECT] [Fatal Error] :1:1: Premature end of file.
2025-09-08 18:49:05,730 [ERROR] LogOutputStream:75 - [STDERR_REDIRECT] 
2025-09-08 18:49:06,712 [ERROR] LogOutputStream:75 - [STDERR_REDIRECT] [Fatal Error] :1:1: Premature end of file.
2025-09-08 18:49:06,712 [ERROR] LogOutputStream:75 - [STDERR_REDIRECT] 
2025-09-08 18:49:07,728 [ERROR] LogOutputStream:75 - [STDERR_REDIRECT] [Fatal Error] :1:1: Premature end of file.
2025-09-08 18:49:07,728 [ERROR] LogOutputStream:75 - [STDERR_REDIRECT] 
2025-09-08 18:49:08,726 [ERROR] LogOutputStream:75 - [STDERR_REDIRECT] [Fatal Error] :1:1: Premature end of file.
2025-09-08 18:49:08,726 [ERROR] LogOutputStream:75 - [STDERR_REDIRECT] 
2025-09-08 18:49:09,723 [ERROR] LogOutputStream:75 - [STDERR_REDIRECT] [Fatal Error] :1:1: Premature end of file.
2025-09-08 18:49:09,724 [ERROR] LogOutputStream:75 - [STDERR_REDIRECT] 
2025-09-08 18:49:10,725 [ERROR] LogOutputStream:75 - [STDERR_REDIRECT] [Fatal Error] :1:1: Premature end of file.
2025-09-08 18:49:10,725 [ERROR] LogOutputStream:75 - [STDERR_REDIRECT] 
2025-09-08 18:49:11,723 [ERROR] LogOutputStream:75 - [STDERR_REDIRECT] [Fatal Error] :1:1: Premature end of file.
2025-09-08 18:49:11,724 [ERROR] LogOutputStream:75 - [STDERR_REDIRECT] 
2025-09-08 18:49:12,720 [ERROR] LogOutputStream:75 - [STDERR_REDIRECT] [Fatal Error] :1:1: Premature end of file.
2025-09-08 18:49:12,721 [ERROR] LogOutputStream:75 - [STDERR_REDIRECT] 
2025-09-08 18:49:13,722 [ERROR] LogOutputStream:75 - [STDERR_REDIRECT] [Fatal Error] :1:1: Premature end of file.
2025-09-08 18:49:13,722 [ERROR] LogOutputStream:75 - [STDERR_REDIRECT] 
2025-09-08 18:49:14,725 [ERROR] LogOutputStream:75 - [STDERR_REDIRECT] [Fatal Error] :1:1: Premature end of file.
2025-09-08 18:49:14,726 [ERROR] LogOutputStream:75 - [STDERR_REDIRECT] 
2025-09-08 18:49:15,727 [ERROR] LogOutputStream:75 - [STDERR_REDIRECT] [Fatal Error] :1:1: Premature end of file.
2025-09-08 18:49:15,727 [ERROR] LogOutputStream:75 - [STDERR_REDIRECT] 
2025-09-08 18:49:16,722 [ERROR] LogOutputStream:75 - [STDERR_REDIRECT] [Fatal Error] :1:1: Premature end of file.
2025-09-08 18:49:16,723 [ERROR] LogOutputStream:75 - [STDERR_REDIRECT] 
2025-09-08 18:49:17,724 [ERROR] LogOutputStream:75 - [STDERR_REDIRECT] [Fatal Error] :1:1: Premature end of file.
2025-09-08 18:49:17,724 [ERROR] LogOutputStream:75 - [STDERR_REDIRECT] 
2025-09-08 18:49:18,735 [ERROR] LogOutputStream:75 - [STDERR_REDIRECT] [Fatal Error] :1:1: Premature end of file.
2025-09-08 18:49:18,735 [ERROR] LogOutputStream:75 - [STDERR_REDIRECT] 
2025-09-08 18:49:19,723 [ERROR] LogOutputStream:75 - [STDERR_REDIRECT] [Fatal Error] :1:1: Premature end of file.
2025-09-08 18:49:19,723 [ERROR] LogOutputStream:75 - [STDERR_REDIRECT] 
2025-09-08 18:49:20,729 [ERROR] LogOutputStream:75 - [STDERR_REDIRECT] [Fatal Error] :1:1: Premature end of file.
2025-09-08 18:49:20,730 [ERROR] LogOutputStream:75 - [STDERR_REDIRECT] 
2025-09-08 18:49:21,721 [ERROR] LogOutputStream:75 - [STDERR_REDIRECT] [Fatal Error] :1:1: Premature end of file.
2025-09-08 18:49:21,721 [ERROR] LogOutputStream:75 - [STDERR_REDIRECT] 
2025-09-08 18:49:22,719 [ERROR] LogOutputStream:75 - [STDERR_REDIRECT] [Fatal Error] :1:1: Premature end of file.
2025-09-08 18:49:22,720 [ERROR] LogOutputStream:75 - [STDERR_REDIRECT] 
2025-09-08 18:49:23,725 [ERROR] LogOutputStream:75 - [STDERR_REDIRECT] [Fatal Error] :1:1: Premature end of file.
2025-09-08 18:49:23,725 [ERROR] LogOutputStream:75 - [STDERR_REDIRECT] 
2025-09-08 18:49:24,728 [ERROR] LogOutputStream:75 - [STDERR_REDIRECT] [Fatal Error] :1:1: Premature end of file.
2025-09-08 18:49:24,729 [ERROR] LogOutputStream:75 - [STDERR_REDIRECT] 
2025-09-08 18:49:25,726 [ERROR] LogOutputStream:75 - [STDERR_REDIRECT] [Fatal Error] :1:1: Premature end of file.
2025-09-08 18:49:25,726 [ERROR] LogOutputStream:75 - [STDERR_REDIRECT] 
2025-09-08 18:49:26,724 [ERROR] LogOutputStream:75 - [STDERR_REDIRECT] [Fatal Error] :1:1: Premature end of file.
2025-09-08 18:49:26,725 [ERROR] LogOutputStream:75 - [STDERR_REDIRECT] 
2025-09-08 18:49:27,717 [ERROR] LogOutputStream:75 - [STDERR_REDIRECT] [Fatal Error] :1:1: Premature end of file.
2025-09-08 18:49:27,717 [ERROR] LogOutputStream:75 - [STDERR_REDIRECT] 
2025-09-08 18:49:28,725 [ERROR] LogOutputStream:75 - [STDERR_REDIRECT] [Fatal Error] :1:1: Premature end of file.
2025-09-08 18:49:28,725 [ERROR] LogOutputStream:75 - [STDERR_REDIRECT] 
2025-09-08 18:49:29,729 [ERROR] LogOutputStream:75 - [STDERR_REDIRECT] [Fatal Error] :1:1: Premature end of file.
2025-09-08 18:49:29,729 [ERROR] LogOutputStream:75 - [STDERR_REDIRECT] 
2025-09-08 18:49:30,724 [ERROR] LogOutputStream:75 - [STDERR_REDIRECT] [Fatal Error] :1:1: Premature end of file.
2025-09-08 18:49:30,724 [ERROR] LogOutputStream:75 - [STDERR_REDIRECT] 
2025-09-08 18:49:31,725 [ERROR] LogOutputStream:75 - [STDERR_REDIRECT] [Fatal Error] :1:1: Premature end of file.
2025-09-08 18:49:31,725 [ERROR] LogOutputStream:75 - [STDERR_REDIRECT] 
2025-09-08 18:49:32,729 [ERROR] LogOutputStream:75 - [STDERR_REDIRECT] [Fatal Error] :1:1: Premature end of file.
2025-09-08 18:49:32,729 [ERROR] LogOutputStream:75 - [STDERR_REDIRECT] 
2025-09-08 18:49:33,720 [ERROR] LogOutputStream:75 - [STDERR_REDIRECT] [Fatal Error] :1:1: Premature end of file.
2025-09-08 18:49:33,720 [ERROR] LogOutputStream:75 - [STDERR_REDIRECT] 
2025-09-08 18:49:34,729 [ERROR] LogOutputStream:75 - [STDERR_REDIRECT] [Fatal Error] :1:1: Premature end of file.
2025-09-08 18:49:34,729 [ERROR] LogOutputStream:75 - [STDERR_REDIRECT] 
2025-09-08 18:49:35,728 [ERROR] LogOutputStream:75 - [STDERR_REDIRECT] [Fatal Error] :1:1: Premature end of file.
2025-09-08 18:49:35,728 [ERROR] LogOutputStream:75 - [STDERR_REDIRECT] 
2025-09-08 18:49:36,727 [ERROR] LogOutputStream:75 - [STDERR_REDIRECT] [Fatal Error] :1:1: Premature end of file.
2025-09-08 18:49:36,727 [ERROR] LogOutputStream:75 - [STDERR_REDIRECT] 
2025-09-08 18:49:37,727 [ERROR] LogOutputStream:75 - [STDERR_REDIRECT] [Fatal Error] :1:1: Premature end of file.
2025-09-08 18:49:37,727 [ERROR] LogOutputStream:75 - [STDERR_REDIRECT] 
2025-09-08 18:49:38,734 [ERROR] LogOutputStream:75 - [STDERR_REDIRECT] [Fatal Error] :1:1: Premature end of file.
2025-09-08 18:49:38,734 [ERROR] LogOutputStream:75 - [STDERR_REDIRECT] 
2025-09-08 18:49:39,722 [ERROR] LogOutputStream:75 - [STDERR_REDIRECT] [Fatal Error] :1:1: Premature end of file.
2025-09-08 18:49:39,722 [ERROR] LogOutputStream:75 - [STDERR_REDIRECT] 
2025-09-08 18:49:40,726 [ERROR] LogOutputStream:75 - [STDERR_REDIRECT] [Fatal Error] :1:1: Premature end of file.
2025-09-08 18:49:40,727 [ERROR] LogOutputStream:75 - [STDERR_REDIRECT] 
2025-09-08 18:49:41,728 [ERROR] LogOutputStream:75 - [STDERR_REDIRECT] [Fatal Error] :1:1: Premature end of file.
2025-09-08 18:49:41,728 [ERROR] LogOutputStream:75 - [STDERR_REDIRECT] 
2025-09-08 18:49:42,724 [ERROR] LogOutputStream:75 - [STDERR_REDIRECT] [Fatal Error] :1:1: Premature end of file.
2025-09-08 18:49:42,724 [ERROR] LogOutputStream:75 - [STDERR_REDIRECT] 
2025-09-08 18:49:43,725 [ERROR] LogOutputStream:75 - [STDERR_REDIRECT] [Fatal Error] :1:1: Premature end of file.
2025-09-08 18:49:43,726 [ERROR] LogOutputStream:75 - [STDERR_REDIRECT] 
2025-09-08 18:49:44,728 [ERROR] LogOutputStream:75 - [STDERR_REDIRECT] [Fatal Error] :1:1: Premature end of file.
2025-09-08 18:49:44,729 [ERROR] LogOutputStream:75 - [STDERR_REDIRECT] 
2025-09-08 18:49:45,717 [ERROR] LogOutputStream:75 - [STDERR_REDIRECT] [Fatal Error] :1:1: Premature end of file.
2025-09-08 18:49:45,717 [ERROR] LogOutputStream:75 - [STDERR_REDIRECT] 
2025-09-08 18:49:46,722 [ERROR] LogOutputStream:75 - [STDERR_REDIRECT] [Fatal Error] :1:1: Premature end of file.
2025-09-08 18:49:46,722 [ERROR] LogOutputStream:75 - [STDERR_REDIRECT] 
2025-09-08 18:49:47,725 [ERROR] LogOutputStream:75 - [STDERR_REDIRECT] [Fatal Error] :1:1: Premature end of file.
2025-09-08 18:49:47,726 [ERROR] LogOutputStream:75 - [STDERR_REDIRECT] 
2025-09-08 18:49:48,721 [ERROR] LogOutputStream:75 - [STDERR_REDIRECT] [Fatal Error] :1:1: Premature end of file.
2025-09-08 18:49:48,722 [ERROR] LogOutputStream:75 - [STDERR_REDIRECT] 
2025-09-08 18:49:49,717 [ERROR] LogOutputStream:75 - [STDERR_REDIRECT] [Fatal Error] :1:1: Premature end of file.
2025-09-08 18:49:49,717 [ERROR] LogOutputStream:75 - [STDERR_REDIRECT] 
2025-09-08 18:49:50,724 [ERROR] LogOutputStream:75 - [STDERR_REDIRECT] [Fatal Error] :1:1: Premature end of file.
2025-09-08 18:49:50,724 [ERROR] LogOutputStream:75 - [STDERR_REDIRECT] 
2025-09-08 18:49:51,725 [ERROR] LogOutputStream:75 - [STDERR_REDIRECT] [Fatal Error] :1:1: Premature end of file.
2025-09-08 18:49:51,725 [ERROR] LogOutputStream:75 - [STDERR_REDIRECT] 
2025-09-08 18:49:52,725 [ERROR] LogOutputStream:75 - [STDERR_REDIRECT] [Fatal Error] :1:1: Premature end of file.
2025-09-08 18:49:52,726 [ERROR] LogOutputStream:75 - [STDERR_REDIRECT] 
2025-09-08 18:49:53,734 [ERROR] LogOutputStream:75 - [STDERR_REDIRECT] [Fatal Error] :1:1: Premature end of file.
2025-09-08 18:49:53,734 [ERROR] LogOutputStream:75 - [STDERR_REDIRECT] 
2025-09-08 18:49:54,724 [ERROR] LogOutputStream:75 - [STDERR_REDIRECT] [Fatal Error] :1:1: Premature end of file.
2025-09-08 18:49:54,724 [ERROR] LogOutputStream:75 - [STDERR_REDIRECT] 
2025-09-08 18:49:55,727 [ERROR] LogOutputStream:75 - [STDERR_REDIRECT] [Fatal Error] :1:1: Premature end of file.
2025-09-08 18:49:55,727 [ERROR] LogOutputStream:75 - [STDERR_REDIRECT] 
2025-09-08 18:49:56,730 [ERROR] LogOutputStream:75 - [STDERR_REDIRECT] [Fatal Error] :1:1: Premature end of file.
2025-09-08 18:49:56,730 [ERROR] LogOutputStream:75 - [STDERR_REDIRECT] 
2025-09-08 18:49:57,726 [ERROR] LogOutputStream:75 - [STDERR_REDIRECT] [Fatal Error] :1:1: Premature end of file.
2025-09-08 18:49:57,726 [ERROR] LogOutputStream:75 - [STDERR_REDIRECT] 
2025-09-08 18:49:58,725 [ERROR] LogOutputStream:75 - [STDERR_REDIRECT] [Fatal Error] :1:1: Premature end of file.
2025-09-08 18:49:58,725 [ERROR] LogOutputStream:75 - [STDERR_REDIRECT] 
2025-09-08 18:49:59,723 [ERROR] LogOutputStream:75 - [STDERR_REDIRECT] [Fatal Error] :1:1: Premature end of file.
2025-09-08 18:49:59,723 [ERROR] LogOutputStream:75 - [STDERR_REDIRECT] 
2025-09-08 18:50:00,728 [ERROR] LogOutputStream:75 - [STDERR_REDIRECT] [Fatal Error] :1:1: Premature end of file.
2025-09-08 18:50:00,728 [ERROR] LogOutputStream:75 - [STDERR_REDIRECT] 
2025-09-08 18:50:01,725 [ERROR] LogOutputStream:75 - [STDERR_REDIRECT] [Fatal Error] :1:1: Premature end of file.
2025-09-08 18:50:01,725 [ERROR] LogOutputStream:75 - [STDERR_REDIRECT] 
2025-09-08 18:50:02,728 [ERROR] LogOutputStream:75 - [STDERR_REDIRECT] [Fatal Error] :1:1: Premature end of file.
2025-09-08 18:50:02,729 [ERROR] LogOutputStream:75 - [STDERR_REDIRECT] 
2025-09-08 18:50:03,722 [ERROR] LogOutputStream:75 - [STDERR_REDIRECT] [Fatal Error] :1:1: Premature end of file.
2025-09-08 18:50:03,723 [ERROR] LogOutputStream:75 - [STDERR_REDIRECT] 
2025-09-08 18:50:04,716 [ERROR] LogOutputStream:75 - [STDERR_REDIRECT] [Fatal Error] :1:1: Premature end of file.
2025-09-08 18:50:04,716 [ERROR] LogOutputStream:75 - [STDERR_REDIRECT] 
2025-09-08 18:50:05,722 [ERROR] LogOutputStream:75 - [STDERR_REDIRECT] [Fatal Error] :1:1: Premature end of file.
2025-09-08 18:50:05,722 [ERROR] LogOutputStream:75 - [STDERR_REDIRECT] 
2025-09-08 18:50:06,725 [ERROR] LogOutputStream:75 - [STDERR_REDIRECT] [Fatal Error] :1:1: Premature end of file.
2025-09-08 18:50:06,725 [ERROR] LogOutputStream:75 - [STDERR_REDIRECT] 
2025-09-08 18:50:07,723 [ERROR] LogOutputStream:75 - [STDERR_REDIRECT] [Fatal Error] :1:1: Premature end of file.
2025-09-08 18:50:07,723 [ERROR] LogOutputStream:75 - [STDERR_REDIRECT] 
2025-09-08 18:50:08,720 [ERROR] LogOutputStream:75 - [STDERR_REDIRECT] [Fatal Error] :1:1: Premature end of file.
2025-09-08 18:50:08,720 [ERROR] LogOutputStream:75 - [STDERR_REDIRECT] 
2025-09-08 18:50:09,719 [ERROR] LogOutputStream:75 - [STDERR_REDIRECT] [Fatal Error] :1:1: Premature end of file.
2025-09-08 18:50:09,719 [ERROR] LogOutputStream:75 - [STDERR_REDIRECT] 
2025-09-08 18:50:10,727 [ERROR] LogOutputStream:75 - [STDERR_REDIRECT] [Fatal Error] :1:1: Premature end of file.
2025-09-08 18:50:10,727 [ERROR] LogOutputStream:75 - [STDERR_REDIRECT] 
2025-09-08 18:50:11,729 [ERROR] LogOutputStream:75 - [STDERR_REDIRECT] [Fatal Error] :1:1: Premature end of file.
2025-09-08 18:50:11,729 [ERROR] LogOutputStream:75 - [STDERR_REDIRECT] 
2025-09-08 18:50:12,721 [ERROR] LogOutputStream:75 - [STDERR_REDIRECT] [Fatal Error] :1:1: Premature end of file.
2025-09-08 18:50:12,722 [ERROR] LogOutputStream:75 - [STDERR_REDIRECT] 
2025-09-08 18:50:13,727 [ERROR] LogOutputStream:75 - [STDERR_REDIRECT] [Fatal Error] :1:1: Premature end of file.
2025-09-08 18:50:13,727 [ERROR] LogOutputStream:75 - [STDERR_REDIRECT] 
2025-09-08 18:50:14,728 [ERROR] LogOutputStream:75 - [STDERR_REDIRECT] [Fatal Error] :1:1: Premature end of file.
2025-09-08 18:50:14,729 [ERROR] LogOutputStream:75 - [STDERR_REDIRECT] 
2025-09-08 18:50:15,724 [ERROR] LogOutputStream:75 - [STDERR_REDIRECT] [Fatal Error] :1:1: Premature end of file.
2025-09-08 18:50:15,724 [ERROR] LogOutputStream:75 - [STDERR_REDIRECT] 
2025-09-08 18:50:16,726 [ERROR] LogOutputStream:75 - [STDERR_REDIRECT] [Fatal Error] :1:1: Premature end of file.
2025-09-08 18:50:16,727 [ERROR] LogOutputStream:75 - [STDERR_REDIRECT] 
2025-09-08 18:50:17,731 [ERROR] LogOutputStream:75 - [STDERR_REDIRECT] [Fatal Error] :1:1: Premature end of file.
2025-09-08 18:50:17,732 [ERROR] LogOutputStream:75 - [STDERR_REDIRECT] 
2025-09-08 18:50:18,728 [ERROR] LogOutputStream:75 - [STDERR_REDIRECT] [Fatal Error] :1:1: Premature end of file.
2025-09-08 18:50:18,728 [ERROR] LogOutputStream:75 - [STDERR_REDIRECT] 
2025-09-08 18:50:19,725 [ERROR] LogOutputStream:75 - [STDERR_REDIRECT] [Fatal Error] :1:1: Premature end of file.
2025-09-08 18:50:19,725 [ERROR] LogOutputStream:75 - [STDERR_REDIRECT] 
2025-09-08 18:50:20,727 [ERROR] LogOutputStream:75 - [STDERR_REDIRECT] [Fatal Error] :1:1: Premature end of file.
2025-09-08 18:50:20,727 [ERROR] LogOutputStream:75 - [STDERR_REDIRECT] 
2025-09-08 18:50:21,728 [ERROR] LogOutputStream:75 - [STDERR_REDIRECT] [Fatal Error] :1:1: Premature end of file.
2025-09-08 18:50:21,728 [ERROR] LogOutputStream:75 - [STDERR_REDIRECT] 
2025-09-08 18:50:22,728 [ERROR] LogOutputStream:75 - [STDERR_REDIRECT] [Fatal Error] :1:1: Premature end of file.
2025-09-08 18:50:22,728 [ERROR] LogOutputStream:75 - [STDERR_REDIRECT] 
2025-09-08 18:50:23,725 [ERROR] LogOutputStream:75 - [STDERR_REDIRECT] [Fatal Error] :1:1: Premature end of file.
2025-09-08 18:50:23,725 [ERROR] LogOutputStream:75 - [STDERR_REDIRECT] 
2025-09-08 18:50:24,722 [ERROR] LogOutputStream:75 - [STDERR_REDIRECT] [Fatal Error] :1:1: Premature end of file.
2025-09-08 18:50:24,722 [ERROR] LogOutputStream:75 - [STDERR_REDIRECT] 
2025-09-08 18:50:25,723 [ERROR] LogOutputStream:75 - [STDERR_REDIRECT] [Fatal Error] :1:1: Premature end of file.
2025-09-08 18:50:25,723 [ERROR] LogOutputStream:75 - [STDERR_REDIRECT] 
2025-09-08 18:50:26,722 [ERROR] LogOutputStream:75 - [STDERR_REDIRECT] [Fatal Error] :1:1: Premature end of file.
2025-09-08 18:50:26,722 [ERROR] LogOutputStream:75 - [STDERR_REDIRECT] 
2025-09-08 18:50:27,725 [ERROR] LogOutputStream:75 - [STDERR_REDIRECT] [Fatal Error] :1:1: Premature end of file.
2025-09-08 18:50:27,726 [ERROR] LogOutputStream:75 - [STDERR_REDIRECT] 
2025-09-08 18:50:28,724 [ERROR] LogOutputStream:75 - [STDERR_REDIRECT] [Fatal Error] :1:1: Premature end of file.
2025-09-08 18:50:28,724 [ERROR] LogOutputStream:75 - [STDERR_REDIRECT] 
2025-09-08 18:50:29,735 [ERROR] LogOutputStream:75 - [STDERR_REDIRECT] [Fatal Error] :1:1: Premature end of file.
2025-09-08 18:50:29,735 [ERROR] LogOutputStream:75 - [STDERR_REDIRECT] 
2025-09-08 18:50:30,719 [ERROR] LogOutputStream:75 - [STDERR_REDIRECT] [Fatal Error] :1:1: Premature end of file.
2025-09-08 18:50:30,719 [ERROR] LogOutputStream:75 - [STDERR_REDIRECT] 
2025-09-08 18:50:31,717 [ERROR] LogOutputStream:75 - [STDERR_REDIRECT] [Fatal Error] :1:1: Premature end of file.
2025-09-08 18:50:31,717 [ERROR] LogOutputStream:75 - [STDERR_REDIRECT] 
2025-09-08 18:50:32,731 [ERROR] LogOutputStream:75 - [STDERR_REDIRECT] [Fatal Error] :1:1: Premature end of file.
2025-09-08 18:50:32,731 [ERROR] LogOutputStream:75 - [STDERR_REDIRECT] 
2025-09-08 18:50:33,730 [ERROR] LogOutputStream:75 - [STDERR_REDIRECT] [Fatal Error] :1:1: Premature end of file.
2025-09-08 18:50:33,730 [ERROR] LogOutputStream:75 - [STDERR_REDIRECT] 
2025-09-08 18:50:34,731 [ERROR] LogOutputStream:75 - [STDERR_REDIRECT] [Fatal Error] :1:1: Premature end of file.
2025-09-08 18:50:34,732 [ERROR] LogOutputStream:75 - [STDERR_REDIRECT] 
2025-09-08 18:50:35,723 [ERROR] LogOutputStream:75 - [STDERR_REDIRECT] [Fatal Error] :1:1: Premature end of file.
2025-09-08 18:50:35,723 [ERROR] LogOutputStream:75 - [STDERR_REDIRECT] 
2025-09-08 18:50:36,727 [ERROR] LogOutputStream:75 - [STDERR_REDIRECT] [Fatal Error] :1:1: Premature end of file.
2025-09-08 18:50:36,727 [ERROR] LogOutputStream:75 - [STDERR_REDIRECT] 
2025-09-08 18:50:37,741 [ERROR] LogOutputStream:75 - [STDERR_REDIRECT] [Fatal Error] :1:1: Premature end of file.
2025-09-08 18:50:37,742 [ERROR] LogOutputStream:75 - [STDERR_REDIRECT] 
2025-09-08 18:50:38,718 [ERROR] LogOutputStream:75 - [STDERR_REDIRECT] [Fatal Error] :1:1: Premature end of file.
2025-09-08 18:50:38,719 [ERROR] LogOutputStream:75 - [STDERR_REDIRECT] 
2025-09-08 18:50:39,726 [ERROR] LogOutputStream:75 - [STDERR_REDIRECT] [Fatal Error] :1:1: Premature end of file.
2025-09-08 18:50:39,726 [ERROR] LogOutputStream:75 - [STDERR_REDIRECT] 
2025-09-08 18:50:40,731 [ERROR] LogOutputStream:75 - [STDERR_REDIRECT] [Fatal Error] :1:1: Premature end of file.
2025-09-08 18:50:40,731 [ERROR] LogOutputStream:75 - [STDERR_REDIRECT] 
2025-09-08 18:50:41,726 [ERROR] LogOutputStream:75 - [STDERR_REDIRECT] [Fatal Error] :1:1: Premature end of file.
2025-09-08 18:50:41,726 [ERROR] LogOutputStream:75 - [STDERR_REDIRECT] 
2025-09-08 18:50:42,730 [ERROR] LogOutputStream:75 - [STDERR_REDIRECT] [Fatal Error] :1:1: Premature end of file.
2025-09-08 18:50:42,730 [ERROR] LogOutputStream:75 - [STDERR_REDIRECT] 
2025-09-08 18:50:43,727 [ERROR] LogOutputStream:75 - [STDERR_REDIRECT] [Fatal Error] :1:1: Premature end of file.
2025-09-08 18:50:43,727 [ERROR] LogOutputStream:75 - [STDERR_REDIRECT] 
2025-09-08 18:50:44,731 [ERROR] LogOutputStream:75 - [STDERR_REDIRECT] [Fatal Error] :1:1: Premature end of file.
2025-09-08 18:50:44,731 [ERROR] LogOutputStream:75 - [STDERR_REDIRECT] 
2025-09-08 18:50:44,937 [INFO] WebApp:194 - Connection lost
2025-09-08 18:50:45,274 [INFO] WebApp:191 - Connection restablished
2025-09-08 18:50:45,716 [ERROR] LogOutputStream:75 - [STDERR_REDIRECT] [Fatal Error] :1:1: Premature end of file.
2025-09-08 18:50:45,716 [ERROR] LogOutputStream:75 - [STDERR_REDIRECT] 
2025-09-08 18:50:46,722 [ERROR] LogOutputStream:75 - [STDERR_REDIRECT] [Fatal Error] :1:1: Premature end of file.
2025-09-08 18:50:46,723 [ERROR] LogOutputStream:75 - [STDERR_REDIRECT] 
2025-09-08 18:50:47,732 [ERROR] LogOutputStream:75 - [STDERR_REDIRECT] [Fatal Error] :1:1: Premature end of file.
2025-09-08 18:50:47,733 [ERROR] LogOutputStream:75 - [STDERR_REDIRECT] 
2025-09-08 18:50:48,724 [ERROR] LogOutputStream:75 - [STDERR_REDIRECT] [Fatal Error] :1:1: Premature end of file.
2025-09-08 18:50:48,724 [ERROR] LogOutputStream:75 - [STDERR_REDIRECT] 
2025-09-08 18:50:49,727 [ERROR] LogOutputStream:75 - [STDERR_REDIRECT] [Fatal Error] :1:1: Premature end of file.
2025-09-08 18:50:49,727 [ERROR] LogOutputStream:75 - [STDERR_REDIRECT] 
2025-09-08 18:50:50,730 [ERROR] LogOutputStream:75 - [STDERR_REDIRECT] [Fatal Error] :1:1: Premature end of file.
2025-09-08 18:50:50,730 [ERROR] LogOutputStream:75 - [STDERR_REDIRECT] 
2025-09-08 18:50:51,723 [ERROR] LogOutputStream:75 - [STDERR_REDIRECT] [Fatal Error] :1:1: Premature end of file.
2025-09-08 18:50:51,724 [ERROR] LogOutputStream:75 - [STDERR_REDIRECT] 
2025-09-08 18:50:52,727 [ERROR] LogOutputStream:75 - [STDERR_REDIRECT] [Fatal Error] :1:1: Premature end of file.
2025-09-08 18:50:52,727 [ERROR] LogOutputStream:75 - [STDERR_REDIRECT] 
2025-09-08 18:50:53,726 [ERROR] LogOutputStream:75 - [STDERR_REDIRECT] [Fatal Error] :1:1: Premature end of file.
2025-09-08 18:50:53,726 [ERROR] LogOutputStream:75 - [STDERR_REDIRECT] 
2025-09-08 18:50:54,725 [ERROR] LogOutputStream:75 - [STDERR_REDIRECT] [Fatal Error] :1:1: Premature end of file.
2025-09-08 18:50:54,725 [ERROR] LogOutputStream:75 - [STDERR_REDIRECT] 
2025-09-08 18:50:55,729 [ERROR] LogOutputStream:75 - [STDERR_REDIRECT] [Fatal Error] :1:1: Premature end of file.
2025-09-08 18:50:55,729 [ERROR] LogOutputStream:75 - [STDERR_REDIRECT] 
2025-09-08 18:50:56,725 [ERROR] LogOutputStream:75 - [STDERR_REDIRECT] [Fatal Error] :1:1: Premature end of file.
2025-09-08 18:50:56,726 [ERROR] LogOutputStream:75 - [STDERR_REDIRECT] 
2025-09-08 18:50:57,722 [ERROR] LogOutputStream:75 - [STDERR_REDIRECT] [Fatal Error] :1:1: Premature end of file.
2025-09-08 18:50:57,723 [ERROR] LogOutputStream:75 - [STDERR_REDIRECT] 
2025-09-08 18:50:58,723 [ERROR] LogOutputStream:75 - [STDERR_REDIRECT] [Fatal Error] :1:1: Premature end of file.
2025-09-08 18:50:58,723 [ERROR] LogOutputStream:75 - [STDERR_REDIRECT] 
2025-09-08 18:50:59,690 [ERROR] LogOutputStream:75 - [STDERR_REDIRECT] [Fatal Error] :1:1: Premature end of file.
2025-09-08 18:50:59,690 [ERROR] LogOutputStream:75 - [STDERR_REDIRECT] 
2025-09-08 18:51:00,726 [ERROR] LogOutputStream:75 - [STDERR_REDIRECT] [Fatal Error] :1:1: Premature end of file.
2025-09-08 18:51:00,727 [ERROR] LogOutputStream:75 - [STDERR_REDIRECT] 
2025-09-08 18:51:01,720 [ERROR] LogOutputStream:75 - [STDERR_REDIRECT] [Fatal Error] :1:1: Premature end of file.
2025-09-08 18:51:01,720 [ERROR] LogOutputStream:75 - [STDERR_REDIRECT] 
2025-09-08 18:51:02,732 [ERROR] LogOutputStream:75 - [STDERR_REDIRECT] [Fatal Error] :1:1: Premature end of file.
2025-09-08 18:51:02,733 [ERROR] LogOutputStream:75 - [STDERR_REDIRECT] 
2025-09-08 18:51:03,722 [ERROR] LogOutputStream:75 - [STDERR_REDIRECT] [Fatal Error] :1:1: Premature end of file.
2025-09-08 18:51:03,722 [ERROR] LogOutputStream:75 - [STDERR_REDIRECT] 
2025-09-08 18:51:04,728 [ERROR] LogOutputStream:75 - [STDERR_REDIRECT] [Fatal Error] :1:1: Premature end of file.
2025-09-08 18:51:04,728 [ERROR] LogOutputStream:75 - [STDERR_REDIRECT] 
2025-09-08 18:51:04,946 [INFO] WebApp:194 - Connection lost
2025-09-08 18:51:05,182 [INFO] WebApp:191 - Connection restablished
2025-09-08 18:51:05,737 [ERROR] LogOutputStream:75 - [STDERR_REDIRECT] [Fatal Error] :1:1: Premature end of file.
2025-09-08 18:51:05,737 [ERROR] LogOutputStream:75 - [STDERR_REDIRECT] 
2025-09-08 18:51:06,733 [ERROR] LogOutputStream:75 - [STDERR_REDIRECT] [Fatal Error] :1:1: Premature end of file.
2025-09-08 18:51:06,733 [ERROR] LogOutputStream:75 - [STDERR_REDIRECT] 
2025-09-08 18:51:07,724 [ERROR] LogOutputStream:75 - [STDERR_REDIRECT] [Fatal Error] :1:1: Premature end of file.
2025-09-08 18:51:07,724 [ERROR] LogOutputStream:75 - [STDERR_REDIRECT] 
2025-09-08 18:51:08,729 [ERROR] LogOutputStream:75 - [STDERR_REDIRECT] [Fatal Error] :1:1: Premature end of file.
2025-09-08 18:51:08,730 [ERROR] LogOutputStream:75 - [STDERR_REDIRECT] 
2025-09-08 18:51:09,721 [ERROR] LogOutputStream:75 - [STDERR_REDIRECT] [Fatal Error] :1:1: Premature end of file.
2025-09-08 18:51:09,721 [ERROR] LogOutputStream:75 - [STDERR_REDIRECT] 
2025-09-08 18:51:10,723 [ERROR] LogOutputStream:75 - [STDERR_REDIRECT] [Fatal Error] :1:1: Premature end of file.
2025-09-08 18:51:10,723 [ERROR] LogOutputStream:75 - [STDERR_REDIRECT] 
2025-09-08 18:51:11,726 [ERROR] LogOutputStream:75 - [STDERR_REDIRECT] [Fatal Error] :1:1: Premature end of file.
2025-09-08 18:51:11,726 [ERROR] LogOutputStream:75 - [STDERR_REDIRECT] 
2025-09-08 18:51:12,723 [ERROR] LogOutputStream:75 - [STDERR_REDIRECT] [Fatal Error] :1:1: Premature end of file.
2025-09-08 18:51:12,724 [ERROR] LogOutputStream:75 - [STDERR_REDIRECT] 
2025-09-08 18:51:13,723 [ERROR] LogOutputStream:75 - [STDERR_REDIRECT] [Fatal Error] :1:1: Premature end of file.
2025-09-08 18:51:13,723 [ERROR] LogOutputStream:75 - [STDERR_REDIRECT] 
2025-09-08 18:51:14,726 [ERROR] LogOutputStream:75 - [STDERR_REDIRECT] [Fatal Error] :1:1: Premature end of file.
2025-09-08 18:51:14,727 [ERROR] LogOutputStream:75 - [STDERR_REDIRECT] 
2025-09-08 18:51:15,723 [ERROR] LogOutputStream:75 - [STDERR_REDIRECT] [Fatal Error] :1:1: Premature end of file.
2025-09-08 18:51:15,723 [ERROR] LogOutputStream:75 - [STDERR_REDIRECT] 
2025-09-08 18:51:16,728 [ERROR] LogOutputStream:75 - [STDERR_REDIRECT] [Fatal Error] :1:1: Premature end of file.
2025-09-08 18:51:16,728 [ERROR] LogOutputStream:75 - [STDERR_REDIRECT] 
2025-09-08 18:51:17,726 [ERROR] LogOutputStream:75 - [STDERR_REDIRECT] [Fatal Error] :1:1: Premature end of file.
2025-09-08 18:51:17,726 [ERROR] LogOutputStream:75 - [STDERR_REDIRECT] 
2025-09-08 18:51:18,720 [ERROR] LogOutputStream:75 - [STDERR_REDIRECT] [Fatal Error] :1:1: Premature end of file.
2025-09-08 18:51:18,721 [ERROR] LogOutputStream:75 - [STDERR_REDIRECT] 
2025-09-08 18:51:19,725 [ERROR] LogOutputStream:75 - [STDERR_REDIRECT] [Fatal Error] :1:1: Premature end of file.
2025-09-08 18:51:19,725 [ERROR] LogOutputStream:75 - [STDERR_REDIRECT] 
2025-09-08 18:51:20,728 [ERROR] LogOutputStream:75 - [STDERR_REDIRECT] [Fatal Error] :1:1: Premature end of file.
2025-09-08 18:51:20,729 [ERROR] LogOutputStream:75 - [STDERR_REDIRECT] 
2025-09-08 18:51:21,724 [ERROR] LogOutputStream:75 - [STDERR_REDIRECT] [Fatal Error] :1:1: Premature end of file.
2025-09-08 18:51:21,724 [ERROR] LogOutputStream:75 - [STDERR_REDIRECT] 
2025-09-08 18:51:22,729 [ERROR] LogOutputStream:75 - [STDERR_REDIRECT] [Fatal Error] :1:1: Premature end of file.
2025-09-08 18:51:22,730 [ERROR] LogOutputStream:75 - [STDERR_REDIRECT] 
2025-09-08 18:51:23,729 [ERROR] LogOutputStream:75 - [STDERR_REDIRECT] [Fatal Error] :1:1: Premature end of file.
2025-09-08 18:51:23,730 [ERROR] LogOutputStream:75 - [STDERR_REDIRECT] 
2025-09-08 18:51:24,719 [ERROR] LogOutputStream:75 - [STDERR_REDIRECT] [Fatal Error] :1:1: Premature end of file.
2025-09-08 18:51:24,719 [ERROR] LogOutputStream:75 - [STDERR_REDIRECT] 
2025-09-08 18:51:25,728 [ERROR] LogOutputStream:75 - [STDERR_REDIRECT] [Fatal Error] :1:1: Premature end of file.
2025-09-08 18:51:25,729 [ERROR] LogOutputStream:75 - [STDERR_REDIRECT] 
2025-09-08 18:51:26,728 [ERROR] LogOutputStream:75 - [STDERR_REDIRECT] [Fatal Error] :1:1: Premature end of file.
2025-09-08 18:51:26,728 [ERROR] LogOutputStream:75 - [STDERR_REDIRECT] 
2025-09-08 18:51:27,723 [ERROR] LogOutputStream:75 - [STDERR_REDIRECT] [Fatal Error] :1:1: Premature end of file.
2025-09-08 18:51:27,723 [ERROR] LogOutputStream:75 - [STDERR_REDIRECT] 
2025-09-08 18:51:28,727 [ERROR] LogOutputStream:75 - [STDERR_REDIRECT] [Fatal Error] :1:1: Premature end of file.
2025-09-08 18:51:28,727 [ERROR] LogOutputStream:75 - [STDERR_REDIRECT] 
2025-09-08 18:51:29,731 [ERROR] LogOutputStream:75 - [STDERR_REDIRECT] [Fatal Error] :1:1: Premature end of file.
2025-09-08 18:51:29,731 [ERROR] LogOutputStream:75 - [STDERR_REDIRECT] 
2025-09-08 18:51:30,721 [ERROR] LogOutputStream:75 - [STDERR_REDIRECT] [Fatal Error] :1:1: Premature end of file.
2025-09-08 18:51:30,721 [ERROR] LogOutputStream:75 - [STDERR_REDIRECT] 
2025-09-08 18:51:31,722 [ERROR] LogOutputStream:75 - [STDERR_REDIRECT] [Fatal Error] :1:1: Premature end of file.
2025-09-08 18:51:31,722 [ERROR] LogOutputStream:75 - [STDERR_REDIRECT] 
2025-09-08 18:51:32,728 [ERROR] LogOutputStream:75 - [STDERR_REDIRECT] [Fatal Error] :1:1: Premature end of file.
2025-09-08 18:51:32,728 [ERROR] LogOutputStream:75 - [STDERR_REDIRECT] 
2025-09-08 18:51:33,717 [ERROR] LogOutputStream:75 - [STDERR_REDIRECT] [Fatal Error] :1:1: Premature end of file.
2025-09-08 18:51:33,717 [ERROR] LogOutputStream:75 - [STDERR_REDIRECT] 
2025-09-08 18:51:34,722 [ERROR] LogOutputStream:75 - [STDERR_REDIRECT] [Fatal Error] :1:1: Premature end of file.
2025-09-08 18:51:34,722 [ERROR] LogOutputStream:75 - [STDERR_REDIRECT] 
2025-09-08 18:51:35,726 [ERROR] LogOutputStream:75 - [STDERR_REDIRECT] [Fatal Error] :1:1: Premature end of file.
2025-09-08 18:51:35,726 [ERROR] LogOutputStream:75 - [STDERR_REDIRECT] 
2025-09-08 18:51:36,720 [ERROR] LogOutputStream:75 - [STDERR_REDIRECT] [Fatal Error] :1:1: Premature end of file.
2025-09-08 18:51:36,720 [ERROR] LogOutputStream:75 - [STDERR_REDIRECT] 
2025-09-08 18:51:37,729 [ERROR] LogOutputStream:75 - [STDERR_REDIRECT] [Fatal Error] :1:1: Premature end of file.
2025-09-08 18:51:37,729 [ERROR] LogOutputStream:75 - [STDERR_REDIRECT] 
2025-09-08 18:51:38,733 [ERROR] LogOutputStream:75 - [STDERR_REDIRECT] [Fatal Error] :1:1: Premature end of file.
2025-09-08 18:51:38,733 [ERROR] LogOutputStream:75 - [STDERR_REDIRECT] 
2025-09-08 18:51:39,723 [ERROR] LogOutputStream:75 - [STDERR_REDIRECT] [Fatal Error] :1:1: Premature end of file.
2025-09-08 18:51:39,723 [ERROR] LogOutputStream:75 - [STDERR_REDIRECT] 
2025-09-08 18:51:40,728 [ERROR] LogOutputStream:75 - [STDERR_REDIRECT] [Fatal Error] :1:1: Premature end of file.
2025-09-08 18:51:40,728 [ERROR] LogOutputStream:75 - [STDERR_REDIRECT] 
2025-09-08 18:51:41,733 [ERROR] LogOutputStream:75 - [STDERR_REDIRECT] [Fatal Error] :1:1: Premature end of file.
2025-09-08 18:51:41,733 [ERROR] LogOutputStream:75 - [STDERR_REDIRECT] 
2025-09-08 18:51:42,730 [ERROR] LogOutputStream:75 - [STDERR_REDIRECT] [Fatal Error] :1:1: Premature end of file.
2025-09-08 18:51:42,730 [ERROR] LogOutputStream:75 - [STDERR_REDIRECT] 
2025-09-08 18:51:43,727 [ERROR] LogOutputStream:75 - [STDERR_REDIRECT] [Fatal Error] :1:1: Premature end of file.
2025-09-08 18:51:43,727 [ERROR] LogOutputStream:75 - [STDERR_REDIRECT] 
2025-09-08 18:51:44,729 [ERROR] LogOutputStream:75 - [STDERR_REDIRECT] [Fatal Error] :1:1: Premature end of file.
2025-09-08 18:51:44,730 [ERROR] LogOutputStream:75 - [STDERR_REDIRECT] 
2025-09-08 18:51:45,727 [ERROR] LogOutputStream:75 - [STDERR_REDIRECT] [Fatal Error] :1:1: Premature end of file.
2025-09-08 18:51:45,727 [ERROR] LogOutputStream:75 - [STDERR_REDIRECT] 
2025-09-08 18:51:46,729 [ERROR] LogOutputStream:75 - [STDERR_REDIRECT] [Fatal Error] :1:1: Premature end of file.
2025-09-08 18:51:46,730 [ERROR] LogOutputStream:75 - [STDERR_REDIRECT] 
2025-09-08 18:51:47,725 [ERROR] LogOutputStream:75 - [STDERR_REDIRECT] [Fatal Error] :1:1: Premature end of file.
2025-09-08 18:51:47,725 [ERROR] LogOutputStream:75 - [STDERR_REDIRECT] 
2025-09-08 18:51:48,726 [ERROR] LogOutputStream:75 - [STDERR_REDIRECT] [Fatal Error] :1:1: Premature end of file.
2025-09-08 18:51:48,727 [ERROR] LogOutputStream:75 - [STDERR_REDIRECT] 
2025-09-08 18:51:49,721 [ERROR] LogOutputStream:75 - [STDERR_REDIRECT] [Fatal Error] :1:1: Premature end of file.
2025-09-08 18:51:49,721 [ERROR] LogOutputStream:75 - [STDERR_REDIRECT] 
2025-09-08 18:51:50,731 [ERROR] LogOutputStream:75 - [STDERR_REDIRECT] [Fatal Error] :1:1: Premature end of file.
2025-09-08 18:51:50,732 [ERROR] LogOutputStream:75 - [STDERR_REDIRECT] 
2025-09-08 18:51:51,721 [ERROR] LogOutputStream:75 - [STDERR_REDIRECT] [Fatal Error] :1:1: Premature end of file.
2025-09-08 18:51:51,722 [ERROR] LogOutputStream:75 - [STDERR_REDIRECT] 
2025-09-08 18:51:52,725 [ERROR] LogOutputStream:75 - [STDERR_REDIRECT] [Fatal Error] :1:1: Premature end of file.
2025-09-08 18:51:52,725 [ERROR] LogOutputStream:75 - [STDERR_REDIRECT] 
2025-09-08 18:51:53,728 [ERROR] LogOutputStream:75 - [STDERR_REDIRECT] [Fatal Error] :1:1: Premature end of file.
2025-09-08 18:51:53,729 [ERROR] LogOutputStream:75 - [STDERR_REDIRECT] 
2025-09-08 18:51:54,726 [ERROR] LogOutputStream:75 - [STDERR_REDIRECT] [Fatal Error] :1:1: Premature end of file.
2025-09-08 18:51:54,726 [ERROR] LogOutputStream:75 - [STDERR_REDIRECT] 
2025-09-08 18:51:55,727 [ERROR] LogOutputStream:75 - [STDERR_REDIRECT] [Fatal Error] :1:1: Premature end of file.
2025-09-08 18:51:55,727 [ERROR] LogOutputStream:75 - [STDERR_REDIRECT] 
2025-09-08 18:51:56,727 [ERROR] LogOutputStream:75 - [STDERR_REDIRECT] [Fatal Error] :1:1: Premature end of file.
2025-09-08 18:51:56,727 [ERROR] LogOutputStream:75 - [STDERR_REDIRECT] 
2025-09-08 18:51:57,724 [ERROR] LogOutputStream:75 - [STDERR_REDIRECT] [Fatal Error] :1:1: Premature end of file.
2025-09-08 18:51:57,724 [ERROR] LogOutputStream:75 - [STDERR_REDIRECT] 
2025-09-08 18:51:58,722 [ERROR] LogOutputStream:75 - [STDERR_REDIRECT] [Fatal Error] :1:1: Premature end of file.
2025-09-08 18:51:58,723 [ERROR] LogOutputStream:75 - [STDERR_REDIRECT] 
2025-09-08 18:51:59,729 [ERROR] LogOutputStream:75 - [STDERR_REDIRECT] [Fatal Error] :1:1: Premature end of file.
2025-09-08 18:51:59,729 [ERROR] LogOutputStream:75 - [STDERR_REDIRECT] 
2025-09-08 18:52:00,724 [ERROR] LogOutputStream:75 - [STDERR_REDIRECT] [Fatal Error] :1:1: Premature end of file.
2025-09-08 18:52:00,724 [ERROR] LogOutputStream:75 - [STDERR_REDIRECT] 
2025-09-08 18:52:01,721 [ERROR] LogOutputStream:75 - [STDERR_REDIRECT] [Fatal Error] :1:1: Premature end of file.
2025-09-08 18:52:01,722 [ERROR] LogOutputStream:75 - [STDERR_REDIRECT] 
2025-09-08 18:52:02,729 [ERROR] LogOutputStream:75 - [STDERR_REDIRECT] [Fatal Error] :1:1: Premature end of file.
2025-09-08 18:52:02,729 [ERROR] LogOutputStream:75 - [STDERR_REDIRECT] 
2025-09-08 18:52:03,723 [ERROR] LogOutputStream:75 - [STDERR_REDIRECT] [Fatal Error] :1:1: Premature end of file.
2025-09-08 18:52:03,723 [ERROR] LogOutputStream:75 - [STDERR_REDIRECT] 
2025-09-08 18:52:04,742 [ERROR] LogOutputStream:75 - [STDERR_REDIRECT] [Fatal Error] :1:1: Premature end of file.
2025-09-08 18:52:04,742 [ERROR] LogOutputStream:75 - [STDERR_REDIRECT] 
2025-09-08 18:52:05,725 [ERROR] LogOutputStream:75 - [STDERR_REDIRECT] [Fatal Error] :1:1: Premature end of file.
2025-09-08 18:52:05,725 [ERROR] LogOutputStream:75 - [STDERR_REDIRECT] 
2025-09-08 18:52:06,725 [ERROR] LogOutputStream:75 - [STDERR_REDIRECT] [Fatal Error] :1:1: Premature end of file.
2025-09-08 18:52:06,725 [ERROR] LogOutputStream:75 - [STDERR_REDIRECT] 
2025-09-08 18:52:07,721 [ERROR] LogOutputStream:75 - [STDERR_REDIRECT] [Fatal Error] :1:1: Premature end of file.
2025-09-08 18:52:07,722 [ERROR] LogOutputStream:75 - [STDERR_REDIRECT] 
2025-09-08 18:52:08,724 [ERROR] LogOutputStream:75 - [STDERR_REDIRECT] [Fatal Error] :1:1: Premature end of file.
2025-09-08 18:52:08,724 [ERROR] LogOutputStream:75 - [STDERR_REDIRECT] 
2025-09-08 18:52:09,727 [ERROR] LogOutputStream:75 - [STDERR_REDIRECT] [Fatal Error] :1:1: Premature end of file.
2025-09-08 18:52:09,727 [ERROR] LogOutputStream:75 - [STDERR_REDIRECT] 
2025-09-08 18:52:10,725 [ERROR] LogOutputStream:75 - [STDERR_REDIRECT] [Fatal Error] :1:1: Premature end of file.
2025-09-08 18:52:10,725 [ERROR] LogOutputStream:75 - [STDERR_REDIRECT] 
2025-09-08 18:52:11,722 [ERROR] LogOutputStream:75 - [STDERR_REDIRECT] [Fatal Error] :1:1: Premature end of file.
2025-09-08 18:52:11,723 [ERROR] LogOutputStream:75 - [STDERR_REDIRECT] 
2025-09-08 18:52:12,724 [ERROR] LogOutputStream:75 - [STDERR_REDIRECT] [Fatal Error] :1:1: Premature end of file.
2025-09-08 18:52:12,725 [ERROR] LogOutputStream:75 - [STDERR_REDIRECT] 
2025-09-08 18:52:13,726 [ERROR] LogOutputStream:75 - [STDERR_REDIRECT] [Fatal Error] :1:1: Premature end of file.
2025-09-08 18:52:13,727 [ERROR] LogOutputStream:75 - [STDERR_REDIRECT] 
2025-09-08 18:52:14,735 [ERROR] LogOutputStream:75 - [STDERR_REDIRECT] [Fatal Error] :1:1: Premature end of file.
2025-09-08 18:52:14,736 [ERROR] LogOutputStream:75 - [STDERR_REDIRECT] 
2025-09-08 18:52:15,722 [ERROR] LogOutputStream:75 - [STDERR_REDIRECT] [Fatal Error] :1:1: Premature end of file.
2025-09-08 18:52:15,722 [ERROR] LogOutputStream:75 - [STDERR_REDIRECT] 
2025-09-08 18:52:16,721 [ERROR] LogOutputStream:75 - [STDERR_REDIRECT] [Fatal Error] :1:1: Premature end of file.
2025-09-08 18:52:16,722 [ERROR] LogOutputStream:75 - [STDERR_REDIRECT] 
2025-09-08 18:52:17,728 [ERROR] LogOutputStream:75 - [STDERR_REDIRECT] [Fatal Error] :1:1: Premature end of file.
2025-09-08 18:52:17,728 [ERROR] LogOutputStream:75 - [STDERR_REDIRECT] 
2025-09-08 18:52:18,724 [ERROR] LogOutputStream:75 - [STDERR_REDIRECT] [Fatal Error] :1:1: Premature end of file.
2025-09-08 18:52:18,724 [ERROR] LogOutputStream:75 - [STDERR_REDIRECT] 
2025-09-08 18:52:19,724 [ERROR] LogOutputStream:75 - [STDERR_REDIRECT] [Fatal Error] :1:1: Premature end of file.
2025-09-08 18:52:19,724 [ERROR] LogOutputStream:75 - [STDERR_REDIRECT] 
2025-09-08 18:52:20,726 [ERROR] LogOutputStream:75 - [STDERR_REDIRECT] [Fatal Error] :1:1: Premature end of file.
2025-09-08 18:52:20,727 [ERROR] LogOutputStream:75 - [STDERR_REDIRECT] 
2025-09-08 18:52:21,720 [ERROR] LogOutputStream:75 - [STDERR_REDIRECT] [Fatal Error] :1:1: Premature end of file.
2025-09-08 18:52:21,720 [ERROR] LogOutputStream:75 - [STDERR_REDIRECT] 
2025-09-08 18:52:22,717 [ERROR] LogOutputStream:75 - [STDERR_REDIRECT] [Fatal Error] :1:1: Premature end of file.
2025-09-08 18:52:22,718 [ERROR] LogOutputStream:75 - [STDERR_REDIRECT] 
2025-09-08 18:52:23,723 [ERROR] LogOutputStream:75 - [STDERR_REDIRECT] [Fatal Error] :1:1: Premature end of file.
2025-09-08 18:52:23,724 [ERROR] LogOutputStream:75 - [STDERR_REDIRECT] 
2025-09-08 18:52:24,730 [ERROR] LogOutputStream:75 - [STDERR_REDIRECT] [Fatal Error] :1:1: Premature end of file.
2025-09-08 18:52:24,730 [ERROR] LogOutputStream:75 - [STDERR_REDIRECT] 
2025-09-08 18:52:25,724 [ERROR] LogOutputStream:75 - [STDERR_REDIRECT] [Fatal Error] :1:1: Premature end of file.
2025-09-08 18:52:25,724 [ERROR] LogOutputStream:75 - [STDERR_REDIRECT] 
2025-09-08 18:52:26,728 [ERROR] LogOutputStream:75 - [STDERR_REDIRECT] [Fatal Error] :1:1: Premature end of file.
2025-09-08 18:52:26,728 [ERROR] LogOutputStream:75 - [STDERR_REDIRECT] 
2025-09-08 18:52:27,724 [ERROR] LogOutputStream:75 - [STDERR_REDIRECT] [Fatal Error] :1:1: Premature end of file.
2025-09-08 18:52:27,725 [ERROR] LogOutputStream:75 - [STDERR_REDIRECT] 
2025-09-08 18:52:28,722 [ERROR] LogOutputStream:75 - [STDERR_REDIRECT] [Fatal Error] :1:1: Premature end of file.
2025-09-08 18:52:28,722 [ERROR] LogOutputStream:75 - [STDERR_REDIRECT] 
2025-09-08 18:52:29,733 [ERROR] LogOutputStream:75 - [STDERR_REDIRECT] [Fatal Error] :1:1: Premature end of file.
2025-09-08 18:52:29,733 [ERROR] LogOutputStream:75 - [STDERR_REDIRECT] 
2025-09-08 18:52:30,728 [ERROR] LogOutputStream:75 - [STDERR_REDIRECT] [Fatal Error] :1:1: Premature end of file.
2025-09-08 18:52:30,728 [ERROR] LogOutputStream:75 - [STDERR_REDIRECT] 
2025-09-08 18:52:31,720 [ERROR] LogOutputStream:75 - [STDERR_REDIRECT] [Fatal Error] :1:1: Premature end of file.
2025-09-08 18:52:31,720 [ERROR] LogOutputStream:75 - [STDERR_REDIRECT] 
2025-09-08 18:52:32,724 [ERROR] LogOutputStream:75 - [STDERR_REDIRECT] [Fatal Error] :1:1: Premature end of file.
2025-09-08 18:52:32,725 [ERROR] LogOutputStream:75 - [STDERR_REDIRECT] 
2025-09-08 18:52:33,733 [ERROR] LogOutputStream:75 - [STDERR_REDIRECT] [Fatal Error] :1:1: Premature end of file.
2025-09-08 18:52:33,734 [ERROR] LogOutputStream:75 - [STDERR_REDIRECT] 
2025-09-08 18:52:34,725 [ERROR] LogOutputStream:75 - [STDERR_REDIRECT] [Fatal Error] :1:1: Premature end of file.
2025-09-08 18:52:34,726 [ERROR] LogOutputStream:75 - [STDERR_REDIRECT] 
2025-09-08 18:52:35,725 [ERROR] LogOutputStream:75 - [STDERR_REDIRECT] [Fatal Error] :1:1: Premature end of file.
2025-09-08 18:52:35,725 [ERROR] LogOutputStream:75 - [STDERR_REDIRECT] 
2025-09-08 18:52:36,727 [ERROR] LogOutputStream:75 - [STDERR_REDIRECT] [Fatal Error] :1:1: Premature end of file.
2025-09-08 18:52:36,727 [ERROR] LogOutputStream:75 - [STDERR_REDIRECT] 
2025-09-08 18:52:37,725 [ERROR] LogOutputStream:75 - [STDERR_REDIRECT] [Fatal Error] :1:1: Premature end of file.
2025-09-08 18:52:37,726 [ERROR] LogOutputStream:75 - [STDERR_REDIRECT] 
2025-09-08 18:52:38,728 [ERROR] LogOutputStream:75 - [STDERR_REDIRECT] [Fatal Error] :1:1: Premature end of file.
2025-09-08 18:52:38,728 [ERROR] LogOutputStream:75 - [STDERR_REDIRECT] 
2025-09-08 18:52:39,724 [ERROR] LogOutputStream:75 - [STDERR_REDIRECT] [Fatal Error] :1:1: Premature end of file.
2025-09-08 18:52:39,724 [ERROR] LogOutputStream:75 - [STDERR_REDIRECT] 
2025-09-08 18:52:40,721 [ERROR] LogOutputStream:75 - [STDERR_REDIRECT] [Fatal Error] :1:1: Premature end of file.
2025-09-08 18:52:40,721 [ERROR] LogOutputStream:75 - [STDERR_REDIRECT] 
2025-09-08 18:52:41,727 [ERROR] LogOutputStream:75 - [STDERR_REDIRECT] [Fatal Error] :1:1: Premature end of file.
2025-09-08 18:52:41,727 [ERROR] LogOutputStream:75 - [STDERR_REDIRECT] 
2025-09-08 18:52:42,727 [ERROR] LogOutputStream:75 - [STDERR_REDIRECT] [Fatal Error] :1:1: Premature end of file.
2025-09-08 18:52:42,727 [ERROR] LogOutputStream:75 - [STDERR_REDIRECT] 
2025-09-08 18:52:43,714 [ERROR] LogOutputStream:75 - [STDERR_REDIRECT] [Fatal Error] :1:1: Premature end of file.
2025-09-08 18:52:43,714 [ERROR] LogOutputStream:75 - [STDERR_REDIRECT] 
2025-09-08 18:52:44,727 [ERROR] LogOutputStream:75 - [STDERR_REDIRECT] [Fatal Error] :1:1: Premature end of file.
2025-09-08 18:52:44,727 [ERROR] LogOutputStream:75 - [STDERR_REDIRECT] 
2025-09-08 18:52:45,725 [ERROR] LogOutputStream:75 - [STDERR_REDIRECT] [Fatal Error] :1:1: Premature end of file.
2025-09-08 18:52:45,725 [ERROR] LogOutputStream:75 - [STDERR_REDIRECT] 
2025-09-08 18:52:46,718 [ERROR] LogOutputStream:75 - [STDERR_REDIRECT] [Fatal Error] :1:1: Premature end of file.
2025-09-08 18:52:46,719 [ERROR] LogOutputStream:75 - [STDERR_REDIRECT] 
2025-09-08 18:52:47,722 [ERROR] LogOutputStream:75 - [STDERR_REDIRECT] [Fatal Error] :1:1: Premature end of file.
2025-09-08 18:52:47,722 [ERROR] LogOutputStream:75 - [STDERR_REDIRECT] 
2025-09-08 18:52:48,724 [ERROR] LogOutputStream:75 - [STDERR_REDIRECT] [Fatal Error] :1:1: Premature end of file.
2025-09-08 18:52:48,724 [ERROR] LogOutputStream:75 - [STDERR_REDIRECT] 
2025-09-08 18:52:49,725 [ERROR] LogOutputStream:75 - [STDERR_REDIRECT] [Fatal Error] :1:1: Premature end of file.
2025-09-08 18:52:49,725 [ERROR] LogOutputStream:75 - [STDERR_REDIRECT] 
2025-09-08 18:52:50,729 [ERROR] LogOutputStream:75 - [STDERR_REDIRECT] [Fatal Error] :1:1: Premature end of file.
2025-09-08 18:52:50,729 [ERROR] LogOutputStream:75 - [STDERR_REDIRECT] 
2025-09-08 18:52:51,722 [ERROR] LogOutputStream:75 - [STDERR_REDIRECT] [Fatal Error] :1:1: Premature end of file.
2025-09-08 18:52:51,722 [ERROR] LogOutputStream:75 - [STDERR_REDIRECT] 
2025-09-08 18:52:52,772 [ERROR] LogOutputStream:75 - [STDERR_REDIRECT] [Fatal Error] :1:1: Premature end of file.
2025-09-08 18:52:52,772 [ERROR] LogOutputStream:75 - [STDERR_REDIRECT] 
2025-09-08 18:52:53,729 [ERROR] LogOutputStream:75 - [STDERR_REDIRECT] [Fatal Error] :1:1: Premature end of file.
2025-09-08 18:52:53,729 [ERROR] LogOutputStream:75 - [STDERR_REDIRECT] 
2025-09-08 18:52:54,727 [ERROR] LogOutputStream:75 - [STDERR_REDIRECT] [Fatal Error] :1:1: Premature end of file.
2025-09-08 18:52:54,728 [ERROR] LogOutputStream:75 - [STDERR_REDIRECT] 
2025-09-08 18:52:55,727 [ERROR] LogOutputStream:75 - [STDERR_REDIRECT] [Fatal Error] :1:1: Premature end of file.
2025-09-08 18:52:55,727 [ERROR] LogOutputStream:75 - [STDERR_REDIRECT] 
2025-09-08 18:52:56,725 [ERROR] LogOutputStream:75 - [STDERR_REDIRECT] [Fatal Error] :1:1: Premature end of file.
2025-09-08 18:52:56,725 [ERROR] LogOutputStream:75 - [STDERR_REDIRECT] 
2025-09-08 18:52:57,726 [ERROR] LogOutputStream:75 - [STDERR_REDIRECT] [Fatal Error] :1:1: Premature end of file.
2025-09-08 18:52:57,726 [ERROR] LogOutputStream:75 - [STDERR_REDIRECT] 
2025-09-08 18:52:58,719 [ERROR] LogOutputStream:75 - [STDERR_REDIRECT] [Fatal Error] :1:1: Premature end of file.
2025-09-08 18:52:58,720 [ERROR] LogOutputStream:75 - [STDERR_REDIRECT] 
2025-09-08 18:52:59,732 [ERROR] LogOutputStream:75 - [STDERR_REDIRECT] [Fatal Error] :1:1: Premature end of file.
2025-09-08 18:52:59,733 [ERROR] LogOutputStream:75 - [STDERR_REDIRECT] 
2025-09-08 18:53:00,723 [ERROR] LogOutputStream:75 - [STDERR_REDIRECT] [Fatal Error] :1:1: Premature end of file.
2025-09-08 18:53:00,723 [ERROR] LogOutputStream:75 - [STDERR_REDIRECT] 
2025-09-08 18:53:01,710 [ERROR] LogOutputStream:75 - [STDERR_REDIRECT] [Fatal Error] :1:1: Premature end of file.
2025-09-08 18:53:01,710 [ERROR] LogOutputStream:75 - [STDERR_REDIRECT] 
2025-09-08 18:53:02,721 [ERROR] LogOutputStream:75 - [STDERR_REDIRECT] [Fatal Error] :1:1: Premature end of file.
2025-09-08 18:53:02,721 [ERROR] LogOutputStream:75 - [STDERR_REDIRECT] 
2025-09-08 18:53:03,724 [ERROR] LogOutputStream:75 - [STDERR_REDIRECT] [Fatal Error] :1:1: Premature end of file.
2025-09-08 18:53:03,724 [ERROR] LogOutputStream:75 - [STDERR_REDIRECT] 
2025-09-08 18:53:04,729 [ERROR] LogOutputStream:75 - [STDERR_REDIRECT] [Fatal Error] :1:1: Premature end of file.
2025-09-08 18:53:04,729 [ERROR] LogOutputStream:75 - [STDERR_REDIRECT] 
2025-09-08 18:53:05,733 [ERROR] LogOutputStream:75 - [STDERR_REDIRECT] [Fatal Error] :1:1: Premature end of file.
2025-09-08 18:53:05,733 [ERROR] LogOutputStream:75 - [STDERR_REDIRECT] 
2025-09-08 18:53:06,723 [ERROR] LogOutputStream:75 - [STDERR_REDIRECT] [Fatal Error] :1:1: Premature end of file.
2025-09-08 18:53:06,723 [ERROR] LogOutputStream:75 - [STDERR_REDIRECT] 
2025-09-08 18:53:07,723 [ERROR] LogOutputStream:75 - [STDERR_REDIRECT] [Fatal Error] :1:1: Premature end of file.
2025-09-08 18:53:07,723 [ERROR] LogOutputStream:75 - [STDERR_REDIRECT] 
2025-09-08 18:53:08,721 [ERROR] LogOutputStream:75 - [STDERR_REDIRECT] [Fatal Error] :1:1: Premature end of file.
2025-09-08 18:53:08,721 [ERROR] LogOutputStream:75 - [STDERR_REDIRECT] 
2025-09-08 18:53:09,724 [ERROR] LogOutputStream:75 - [STDERR_REDIRECT] [Fatal Error] :1:1: Premature end of file.
2025-09-08 18:53:09,724 [ERROR] LogOutputStream:75 - [STDERR_REDIRECT] 
2025-09-08 18:53:10,724 [ERROR] LogOutputStream:75 - [STDERR_REDIRECT] [Fatal Error] :1:1: Premature end of file.
2025-09-08 18:53:10,725 [ERROR] LogOutputStream:75 - [STDERR_REDIRECT] 
2025-09-08 18:53:11,731 [ERROR] LogOutputStream:75 - [STDERR_REDIRECT] [Fatal Error] :1:1: Premature end of file.
2025-09-08 18:53:11,731 [ERROR] LogOutputStream:75 - [STDERR_REDIRECT] 
2025-09-08 18:53:12,722 [ERROR] LogOutputStream:75 - [STDERR_REDIRECT] [Fatal Error] :1:1: Premature end of file.
2025-09-08 18:53:12,723 [ERROR] LogOutputStream:75 - [STDERR_REDIRECT] 
2025-09-08 18:53:13,723 [ERROR] LogOutputStream:75 - [STDERR_REDIRECT] [Fatal Error] :1:1: Premature end of file.
2025-09-08 18:53:13,724 [ERROR] LogOutputStream:75 - [STDERR_REDIRECT] 
2025-09-08 18:53:14,732 [ERROR] LogOutputStream:75 - [STDERR_REDIRECT] [Fatal Error] :1:1: Premature end of file.
2025-09-08 18:53:14,732 [ERROR] LogOutputStream:75 - [STDERR_REDIRECT] 
2025-09-08 18:53:15,719 [ERROR] LogOutputStream:75 - [STDERR_REDIRECT] [Fatal Error] :1:1: Premature end of file.
2025-09-08 18:53:15,719 [ERROR] LogOutputStream:75 - [STDERR_REDIRECT] 
2025-09-08 18:53:16,728 [ERROR] LogOutputStream:75 - [STDERR_REDIRECT] [Fatal Error] :1:1: Premature end of file.
2025-09-08 18:53:16,728 [ERROR] LogOutputStream:75 - [STDERR_REDIRECT] 
2025-09-08 18:53:17,726 [ERROR] LogOutputStream:75 - [STDERR_REDIRECT] [Fatal Error] :1:1: Premature end of file.
2025-09-08 18:53:17,726 [ERROR] LogOutputStream:75 - [STDERR_REDIRECT] 
2025-09-08 18:53:18,724 [ERROR] LogOutputStream:75 - [STDERR_REDIRECT] [Fatal Error] :1:1: Premature end of file.
2025-09-08 18:53:18,724 [ERROR] LogOutputStream:75 - [STDERR_REDIRECT] 
2025-09-08 18:53:19,722 [ERROR] LogOutputStream:75 - [STDERR_REDIRECT] [Fatal Error] :1:1: Premature end of file.
2025-09-08 18:53:19,722 [ERROR] LogOutputStream:75 - [STDERR_REDIRECT] 
2025-09-08 18:53:20,722 [ERROR] LogOutputStream:75 - [STDERR_REDIRECT] [Fatal Error] :1:1: Premature end of file.
2025-09-08 18:53:20,722 [ERROR] LogOutputStream:75 - [STDERR_REDIRECT] 
2025-09-08 18:53:21,724 [ERROR] LogOutputStream:75 - [STDERR_REDIRECT] [Fatal Error] :1:1: Premature end of file.
2025-09-08 18:53:21,724 [ERROR] LogOutputStream:75 - [STDERR_REDIRECT] 
2025-09-08 18:53:22,725 [ERROR] LogOutputStream:75 - [STDERR_REDIRECT] [Fatal Error] :1:1: Premature end of file.
2025-09-08 18:53:22,725 [ERROR] LogOutputStream:75 - [STDERR_REDIRECT] 
2025-09-08 18:53:23,724 [ERROR] LogOutputStream:75 - [STDERR_REDIRECT] [Fatal Error] :1:1: Premature end of file.
2025-09-08 18:53:23,724 [ERROR] LogOutputStream:75 - [STDERR_REDIRECT] 
2025-09-08 18:53:24,727 [ERROR] LogOutputStream:75 - [STDERR_REDIRECT] [Fatal Error] :1:1: Premature end of file.
2025-09-08 18:53:24,727 [ERROR] LogOutputStream:75 - [STDERR_REDIRECT] 
2025-09-08 18:53:25,728 [ERROR] LogOutputStream:75 - [STDERR_REDIRECT] [Fatal Error] :1:1: Premature end of file.
2025-09-08 18:53:25,728 [ERROR] LogOutputStream:75 - [STDERR_REDIRECT] 
2025-09-08 18:53:26,725 [ERROR] LogOutputStream:75 - [STDERR_REDIRECT] [Fatal Error] :1:1: Premature end of file.
2025-09-08 18:53:26,725 [ERROR] LogOutputStream:75 - [STDERR_REDIRECT] 
2025-09-08 18:53:27,727 [ERROR] LogOutputStream:75 - [STDERR_REDIRECT] [Fatal Error] :1:1: Premature end of file.
2025-09-08 18:53:27,727 [ERROR] LogOutputStream:75 - [STDERR_REDIRECT] 
2025-09-08 18:53:28,721 [ERROR] LogOutputStream:75 - [STDERR_REDIRECT] [Fatal Error] :1:1: Premature end of file.
2025-09-08 18:53:28,721 [ERROR] LogOutputStream:75 - [STDERR_REDIRECT] 
2025-09-08 18:53:29,733 [ERROR] LogOutputStream:75 - [STDERR_REDIRECT] [Fatal Error] :1:1: Premature end of file.
2025-09-08 18:53:29,733 [ERROR] LogOutputStream:75 - [STDERR_REDIRECT] 
2025-09-08 18:53:30,730 [ERROR] LogOutputStream:75 - [STDERR_REDIRECT] [Fatal Error] :1:1: Premature end of file.
2025-09-08 18:53:30,731 [ERROR] LogOutputStream:75 - [STDERR_REDIRECT] 
2025-09-08 18:53:31,726 [ERROR] LogOutputStream:75 - [STDERR_REDIRECT] [Fatal Error] :1:1: Premature end of file.
2025-09-08 18:53:31,727 [ERROR] LogOutputStream:75 - [STDERR_REDIRECT] 
2025-09-08 18:53:32,732 [ERROR] LogOutputStream:75 - [STDERR_REDIRECT] [Fatal Error] :1:1: Premature end of file.
2025-09-08 18:53:32,732 [ERROR] LogOutputStream:75 - [STDERR_REDIRECT] 
2025-09-08 18:53:33,725 [ERROR] LogOutputStream:75 - [STDERR_REDIRECT] [Fatal Error] :1:1: Premature end of file.
2025-09-08 18:53:33,725 [ERROR] LogOutputStream:75 - [STDERR_REDIRECT] 
2025-09-08 18:53:34,723 [ERROR] LogOutputStream:75 - [STDERR_REDIRECT] [Fatal Error] :1:1: Premature end of file.
2025-09-08 18:53:34,724 [ERROR] LogOutputStream:75 - [STDERR_REDIRECT] 
2025-09-08 18:53:35,725 [ERROR] LogOutputStream:75 - [STDERR_REDIRECT] [Fatal Error] :1:1: Premature end of file.
2025-09-08 18:53:35,725 [ERROR] LogOutputStream:75 - [STDERR_REDIRECT] 
2025-09-08 18:53:36,723 [ERROR] LogOutputStream:75 - [STDERR_REDIRECT] [Fatal Error] :1:1: Premature end of file.
2025-09-08 18:53:36,723 [ERROR] LogOutputStream:75 - [STDERR_REDIRECT] 
2025-09-08 18:53:37,724 [ERROR] LogOutputStream:75 - [STDERR_REDIRECT] [Fatal Error] :1:1: Premature end of file.
2025-09-08 18:53:37,725 [ERROR] LogOutputStream:75 - [STDERR_REDIRECT] 
2025-09-08 18:53:38,731 [ERROR] LogOutputStream:75 - [STDERR_REDIRECT] [Fatal Error] :1:1: Premature end of file.
2025-09-08 18:53:38,731 [ERROR] LogOutputStream:75 - [STDERR_REDIRECT] 
2025-09-08 18:53:39,730 [ERROR] LogOutputStream:75 - [STDERR_REDIRECT] [Fatal Error] :1:1: Premature end of file.
2025-09-08 18:53:39,730 [ERROR] LogOutputStream:75 - [STDERR_REDIRECT] 
2025-09-08 18:53:40,720 [ERROR] LogOutputStream:75 - [STDERR_REDIRECT] [Fatal Error] :1:1: Premature end of file.
2025-09-08 18:53:40,720 [ERROR] LogOutputStream:75 - [STDERR_REDIRECT] 
2025-09-08 18:53:41,726 [ERROR] LogOutputStream:75 - [STDERR_REDIRECT] [Fatal Error] :1:1: Premature end of file.
2025-09-08 18:53:41,726 [ERROR] LogOutputStream:75 - [STDERR_REDIRECT] 
2025-09-08 18:53:42,729 [ERROR] LogOutputStream:75 - [STDERR_REDIRECT] [Fatal Error] :1:1: Premature end of file.
2025-09-08 18:53:42,729 [ERROR] LogOutputStream:75 - [STDERR_REDIRECT] 
2025-09-08 18:53:43,718 [ERROR] LogOutputStream:75 - [STDERR_REDIRECT] [Fatal Error] :1:1: Premature end of file.
2025-09-08 18:53:43,718 [ERROR] LogOutputStream:75 - [STDERR_REDIRECT] 
2025-09-08 18:53:44,732 [ERROR] LogOutputStream:75 - [STDERR_REDIRECT] [Fatal Error] :1:1: Premature end of file.
2025-09-08 18:53:44,732 [ERROR] LogOutputStream:75 - [STDERR_REDIRECT] 
2025-09-08 18:53:45,725 [ERROR] LogOutputStream:75 - [STDERR_REDIRECT] [Fatal Error] :1:1: Premature end of file.
2025-09-08 18:53:45,725 [ERROR] LogOutputStream:75 - [STDERR_REDIRECT] 
2025-09-08 18:53:46,730 [ERROR] LogOutputStream:75 - [STDERR_REDIRECT] [Fatal Error] :1:1: Premature end of file.
2025-09-08 18:53:46,730 [ERROR] LogOutputStream:75 - [STDERR_REDIRECT] 
2025-09-08 18:53:47,731 [ERROR] LogOutputStream:75 - [STDERR_REDIRECT] [Fatal Error] :1:1: Premature end of file.
2025-09-08 18:53:47,731 [ERROR] LogOutputStream:75 - [STDERR_REDIRECT] 
2025-09-08 18:53:48,710 [ERROR] LogOutputStream:75 - [STDERR_REDIRECT] [Fatal Error] :1:1: Premature end of file.
2025-09-08 18:53:48,710 [ERROR] LogOutputStream:75 - [STDERR_REDIRECT] 
2025-09-08 18:53:49,728 [ERROR] LogOutputStream:75 - [STDERR_REDIRECT] [Fatal Error] :1:1: Premature end of file.
2025-09-08 18:53:49,728 [ERROR] LogOutputStream:75 - [STDERR_REDIRECT] 
2025-09-08 18:53:50,727 [ERROR] LogOutputStream:75 - [STDERR_REDIRECT] [Fatal Error] :1:1: Premature end of file.
2025-09-08 18:53:50,727 [ERROR] LogOutputStream:75 - [STDERR_REDIRECT] 
2025-09-08 18:53:51,727 [ERROR] LogOutputStream:75 - [STDERR_REDIRECT] [Fatal Error] :1:1: Premature end of file.
2025-09-08 18:53:51,727 [ERROR] LogOutputStream:75 - [STDERR_REDIRECT] 
2025-09-08 18:53:52,721 [ERROR] LogOutputStream:75 - [STDERR_REDIRECT] [Fatal Error] :1:1: Premature end of file.
2025-09-08 18:53:52,722 [ERROR] LogOutputStream:75 - [STDERR_REDIRECT] 
2025-09-08 18:53:53,728 [ERROR] LogOutputStream:75 - [STDERR_REDIRECT] [Fatal Error] :1:1: Premature end of file.
2025-09-08 18:53:53,729 [ERROR] LogOutputStream:75 - [STDERR_REDIRECT] 
2025-09-08 18:53:54,720 [ERROR] LogOutputStream:75 - [STDERR_REDIRECT] [Fatal Error] :1:1: Premature end of file.
2025-09-08 18:53:54,720 [ERROR] LogOutputStream:75 - [STDERR_REDIRECT] 
2025-09-08 18:53:55,726 [ERROR] LogOutputStream:75 - [STDERR_REDIRECT] [Fatal Error] :1:1: Premature end of file.
2025-09-08 18:53:55,726 [ERROR] LogOutputStream:75 - [STDERR_REDIRECT] 
2025-09-08 18:53:56,722 [ERROR] LogOutputStream:75 - [STDERR_REDIRECT] [Fatal Error] :1:1: Premature end of file.
2025-09-08 18:53:56,723 [ERROR] LogOutputStream:75 - [STDERR_REDIRECT] 
2025-09-08 18:53:57,727 [ERROR] LogOutputStream:75 - [STDERR_REDIRECT] [Fatal Error] :1:1: Premature end of file.
2025-09-08 18:53:57,727 [ERROR] LogOutputStream:75 - [STDERR_REDIRECT] 
2025-09-08 18:53:58,725 [ERROR] LogOutputStream:75 - [STDERR_REDIRECT] [Fatal Error] :1:1: Premature end of file.
2025-09-08 18:53:58,725 [ERROR] LogOutputStream:75 - [STDERR_REDIRECT] 
2025-09-08 18:53:59,728 [ERROR] LogOutputStream:75 - [STDERR_REDIRECT] [Fatal Error] :1:1: Premature end of file.
2025-09-08 18:53:59,728 [ERROR] LogOutputStream:75 - [STDERR_REDIRECT] 
2025-09-08 18:54:00,722 [ERROR] LogOutputStream:75 - [STDERR_REDIRECT] [Fatal Error] :1:1: Premature end of file.
2025-09-08 18:54:00,722 [ERROR] LogOutputStream:75 - [STDERR_REDIRECT] 
2025-09-08 18:54:01,715 [ERROR] LogOutputStream:75 - [STDERR_REDIRECT] [Fatal Error] :1:1: Premature end of file.
2025-09-08 18:54:01,715 [ERROR] LogOutputStream:75 - [STDERR_REDIRECT] 
2025-09-08 18:54:02,725 [ERROR] LogOutputStream:75 - [STDERR_REDIRECT] [Fatal Error] :1:1: Premature end of file.
2025-09-08 18:54:02,725 [ERROR] LogOutputStream:75 - [STDERR_REDIRECT] 
2025-09-08 18:54:03,724 [ERROR] LogOutputStream:75 - [STDERR_REDIRECT] [Fatal Error] :1:1: Premature end of file.
2025-09-08 18:54:03,726 [ERROR] LogOutputStream:75 - [STDERR_REDIRECT] 
2025-09-08 18:54:04,722 [ERROR] LogOutputStream:75 - [STDERR_REDIRECT] [Fatal Error] :1:1: Premature end of file.
2025-09-08 18:54:04,722 [ERROR] LogOutputStream:75 - [STDERR_REDIRECT] 
2025-09-08 18:54:05,725 [ERROR] LogOutputStream:75 - [STDERR_REDIRECT] [Fatal Error] :1:1: Premature end of file.
2025-09-08 18:54:05,725 [ERROR] LogOutputStream:75 - [STDERR_REDIRECT] 
2025-09-08 18:54:06,729 [ERROR] LogOutputStream:75 - [STDERR_REDIRECT] [Fatal Error] :1:1: Premature end of file.
2025-09-08 18:54:06,729 [ERROR] LogOutputStream:75 - [STDERR_REDIRECT] 
2025-09-08 18:54:07,724 [ERROR] LogOutputStream:75 - [STDERR_REDIRECT] [Fatal Error] :1:1: Premature end of file.
2025-09-08 18:54:07,724 [ERROR] LogOutputStream:75 - [STDERR_REDIRECT] 
2025-09-08 18:54:08,727 [ERROR] LogOutputStream:75 - [STDERR_REDIRECT] [Fatal Error] :1:1: Premature end of file.
2025-09-08 18:54:08,727 [ERROR] LogOutputStream:75 - [STDERR_REDIRECT] 
2025-09-08 18:54:09,723 [ERROR] LogOutputStream:75 - [STDERR_REDIRECT] [Fatal Error] :1:1: Premature end of file.
2025-09-08 18:54:09,724 [ERROR] LogOutputStream:75 - [STDERR_REDIRECT] 
2025-09-08 18:54:10,718 [ERROR] LogOutputStream:75 - [STDERR_REDIRECT] [Fatal Error] :1:1: Premature end of file.
2025-09-08 18:54:10,718 [ERROR] LogOutputStream:75 - [STDERR_REDIRECT] 
2025-09-08 18:54:11,729 [ERROR] LogOutputStream:75 - [STDERR_REDIRECT] [Fatal Error] :1:1: Premature end of file.
2025-09-08 18:54:11,729 [ERROR] LogOutputStream:75 - [STDERR_REDIRECT] 
2025-09-08 18:54:12,723 [ERROR] LogOutputStream:75 - [STDERR_REDIRECT] [Fatal Error] :1:1: Premature end of file.
2025-09-08 18:54:12,723 [ERROR] LogOutputStream:75 - [STDERR_REDIRECT] 
2025-09-08 18:54:13,725 [ERROR] LogOutputStream:75 - [STDERR_REDIRECT] [Fatal Error] :1:1: Premature end of file.
2025-09-08 18:54:13,725 [ERROR] LogOutputStream:75 - [STDERR_REDIRECT] 
2025-09-08 18:54:14,721 [ERROR] LogOutputStream:75 - [STDERR_REDIRECT] [Fatal Error] :1:1: Premature end of file.
2025-09-08 18:54:14,721 [ERROR] LogOutputStream:75 - [STDERR_REDIRECT] 
2025-09-08 18:54:15,723 [ERROR] LogOutputStream:75 - [STDERR_REDIRECT] [Fatal Error] :1:1: Premature end of file.
2025-09-08 18:54:15,723 [ERROR] LogOutputStream:75 - [STDERR_REDIRECT] 
2025-09-08 18:54:16,724 [ERROR] LogOutputStream:75 - [STDERR_REDIRECT] [Fatal Error] :1:1: Premature end of file.
2025-09-08 18:54:16,724 [ERROR] LogOutputStream:75 - [STDERR_REDIRECT] 
2025-09-08 18:54:17,727 [ERROR] LogOutputStream:75 - [STDERR_REDIRECT] [Fatal Error] :1:1: Premature end of file.
2025-09-08 18:54:17,728 [ERROR] LogOutputStream:75 - [STDERR_REDIRECT] 
2025-09-08 18:54:18,724 [ERROR] LogOutputStream:75 - [STDERR_REDIRECT] [Fatal Error] :1:1: Premature end of file.
2025-09-08 18:54:18,724 [ERROR] LogOutputStream:75 - [STDERR_REDIRECT] 
2025-09-08 18:54:19,723 [ERROR] LogOutputStream:75 - [STDERR_REDIRECT] [Fatal Error] :1:1: Premature end of file.
2025-09-08 18:54:19,723 [ERROR] LogOutputStream:75 - [STDERR_REDIRECT] 
2025-09-08 18:54:20,730 [ERROR] LogOutputStream:75 - [STDERR_REDIRECT] [Fatal Error] :1:1: Premature end of file.
2025-09-08 18:54:20,730 [ERROR] LogOutputStream:75 - [STDERR_REDIRECT] 
2025-09-08 18:54:21,726 [ERROR] LogOutputStream:75 - [STDERR_REDIRECT] [Fatal Error] :1:1: Premature end of file.
2025-09-08 18:54:21,726 [ERROR] LogOutputStream:75 - [STDERR_REDIRECT] 
2025-09-08 18:54:22,729 [ERROR] LogOutputStream:75 - [STDERR_REDIRECT] [Fatal Error] :1:1: Premature end of file.
2025-09-08 18:54:22,729 [ERROR] LogOutputStream:75 - [STDERR_REDIRECT] 
2025-09-08 18:54:23,729 [ERROR] LogOutputStream:75 - [STDERR_REDIRECT] [Fatal Error] :1:1: Premature end of file.
2025-09-08 18:54:23,729 [ERROR] LogOutputStream:75 - [STDERR_REDIRECT] 
2025-09-08 18:54:24,717 [ERROR] LogOutputStream:75 - [STDERR_REDIRECT] [Fatal Error] :1:1: Premature end of file.
2025-09-08 18:54:24,718 [ERROR] LogOutputStream:75 - [STDERR_REDIRECT] 
2025-09-08 18:54:25,725 [ERROR] LogOutputStream:75 - [STDERR_REDIRECT] [Fatal Error] :1:1: Premature end of file.
2025-09-08 18:54:25,725 [ERROR] LogOutputStream:75 - [STDERR_REDIRECT] 
2025-09-08 18:54:26,726 [ERROR] LogOutputStream:75 - [STDERR_REDIRECT] [Fatal Error] :1:1: Premature end of file.
2025-09-08 18:54:26,726 [ERROR] LogOutputStream:75 - [STDERR_REDIRECT] 
2025-09-08 18:54:27,716 [ERROR] LogOutputStream:75 - [STDERR_REDIRECT] [Fatal Error] :1:1: Premature end of file.
2025-09-08 18:54:27,716 [ERROR] LogOutputStream:75 - [STDERR_REDIRECT] 
2025-09-08 18:54:28,716 [ERROR] LogOutputStream:75 - [STDERR_REDIRECT] [Fatal Error] :1:1: Premature end of file.
2025-09-08 18:54:28,717 [ERROR] LogOutputStream:75 - [STDERR_REDIRECT] 
2025-09-08 18:54:29,729 [ERROR] LogOutputStream:75 - [STDERR_REDIRECT] [Fatal Error] :1:1: Premature end of file.
2025-09-08 18:54:29,729 [ERROR] LogOutputStream:75 - [STDERR_REDIRECT] 
2025-09-08 18:54:30,726 [ERROR] LogOutputStream:75 - [STDERR_REDIRECT] [Fatal Error] :1:1: Premature end of file.
2025-09-08 18:54:30,727 [ERROR] LogOutputStream:75 - [STDERR_REDIRECT] 
2025-09-08 18:54:31,722 [ERROR] LogOutputStream:75 - [STDERR_REDIRECT] [Fatal Error] :1:1: Premature end of file.
2025-09-08 18:54:31,722 [ERROR] LogOutputStream:75 - [STDERR_REDIRECT] 
2025-09-08 18:54:32,723 [ERROR] LogOutputStream:75 - [STDERR_REDIRECT] [Fatal Error] :1:1: Premature end of file.
2025-09-08 18:54:32,724 [ERROR] LogOutputStream:75 - [STDERR_REDIRECT] 
2025-09-08 18:54:33,735 [ERROR] LogOutputStream:75 - [STDERR_REDIRECT] [Fatal Error] :1:1: Premature end of file.
2025-09-08 18:54:33,735 [ERROR] LogOutputStream:75 - [STDERR_REDIRECT] 
2025-09-08 18:54:34,722 [ERROR] LogOutputStream:75 - [STDERR_REDIRECT] [Fatal Error] :1:1: Premature end of file.
2025-09-08 18:54:34,723 [ERROR] LogOutputStream:75 - [STDERR_REDIRECT] 
2025-09-08 18:54:35,723 [ERROR] LogOutputStream:75 - [STDERR_REDIRECT] [Fatal Error] :1:1: Premature end of file.
2025-09-08 18:54:35,723 [ERROR] LogOutputStream:75 - [STDERR_REDIRECT] 
2025-09-08 18:54:36,721 [ERROR] LogOutputStream:75 - [STDERR_REDIRECT] [Fatal Error] :1:1: Premature end of file.
2025-09-08 18:54:36,721 [ERROR] LogOutputStream:75 - [STDERR_REDIRECT] 
2025-09-08 18:54:37,820 [ERROR] LogOutputStream:75 - [STDERR_REDIRECT] [Fatal Error] :1:1: Premature end of file.
2025-09-08 18:54:37,821 [ERROR] LogOutputStream:75 - [STDERR_REDIRECT] 
2025-09-08 18:54:38,747 [ERROR] LogOutputStream:75 - [STDERR_REDIRECT] [Fatal Error] :1:1: Premature end of file.
2025-09-08 18:54:38,747 [ERROR] LogOutputStream:75 - [STDERR_REDIRECT] 
2025-09-08 18:54:39,714 [ERROR] LogOutputStream:75 - [STDERR_REDIRECT] [Fatal Error] :1:1: Premature end of file.
2025-09-08 18:54:39,714 [ERROR] LogOutputStream:75 - [STDERR_REDIRECT] 
2025-09-08 18:54:40,723 [ERROR] LogOutputStream:75 - [STDERR_REDIRECT] [Fatal Error] :1:1: Premature end of file.
2025-09-08 18:54:40,723 [ERROR] LogOutputStream:75 - [STDERR_REDIRECT] 
2025-09-08 18:54:41,730 [ERROR] LogOutputStream:75 - [STDERR_REDIRECT] [Fatal Error] :1:1: Premature end of file.
2025-09-08 18:54:41,730 [ERROR] LogOutputStream:75 - [STDERR_REDIRECT] 
2025-09-08 18:54:42,718 [ERROR] LogOutputStream:75 - [STDERR_REDIRECT] [Fatal Error] :1:1: Premature end of file.
2025-09-08 18:54:42,718 [ERROR] LogOutputStream:75 - [STDERR_REDIRECT] 
2025-09-08 18:54:43,730 [ERROR] LogOutputStream:75 - [STDERR_REDIRECT] [Fatal Error] :1:1: Premature end of file.
2025-09-08 18:54:43,731 [ERROR] LogOutputStream:75 - [STDERR_REDIRECT] 
2025-09-08 18:54:44,701 [ERROR] LogOutputStream:75 - [STDERR_REDIRECT] [Fatal Error] :1:1: Premature end of file.
2025-09-08 18:54:44,702 [ERROR] LogOutputStream:75 - [STDERR_REDIRECT] 
2025-09-08 18:54:45,701 [ERROR] LogOutputStream:75 - [STDERR_REDIRECT] [Fatal Error] :1:1: Premature end of file.
2025-09-08 18:54:45,701 [ERROR] LogOutputStream:75 - [STDERR_REDIRECT] 
2025-09-08 18:54:46,726 [ERROR] LogOutputStream:75 - [STDERR_REDIRECT] [Fatal Error] :1:1: Premature end of file.
2025-09-08 18:54:46,727 [ERROR] LogOutputStream:75 - [STDERR_REDIRECT] 
2025-09-08 18:54:47,742 [ERROR] LogOutputStream:75 - [STDERR_REDIRECT] [Fatal Error] :1:1: Premature end of file.
2025-09-08 18:54:47,742 [ERROR] LogOutputStream:75 - [STDERR_REDIRECT] 
2025-09-08 18:54:48,694 [ERROR] LogOutputStream:75 - [STDERR_REDIRECT] [Fatal Error] :1:1: Premature end of file.
2025-09-08 18:54:48,695 [ERROR] LogOutputStream:75 - [STDERR_REDIRECT] 
2025-09-08 18:54:49,738 [ERROR] LogOutputStream:75 - [STDERR_REDIRECT] [Fatal Error] :1:1: Premature end of file.
2025-09-08 18:54:49,738 [ERROR] LogOutputStream:75 - [STDERR_REDIRECT] 
2025-09-08 18:54:50,723 [ERROR] LogOutputStream:75 - [STDERR_REDIRECT] [Fatal Error] :1:1: Premature end of file.
2025-09-08 18:54:50,723 [ERROR] LogOutputStream:75 - [STDERR_REDIRECT] 
2025-09-08 18:54:51,707 [ERROR] LogOutputStream:75 - [STDERR_REDIRECT] [Fatal Error] :1:1: Premature end of file.
2025-09-08 18:54:51,707 [ERROR] LogOutputStream:75 - [STDERR_REDIRECT] 
2025-09-08 18:54:52,693 [ERROR] LogOutputStream:75 - [STDERR_REDIRECT] [Fatal Error] :1:1: Premature end of file.
2025-09-08 18:54:52,693 [ERROR] LogOutputStream:75 - [STDERR_REDIRECT] 
2025-09-08 18:54:53,736 [ERROR] LogOutputStream:75 - [STDERR_REDIRECT] [Fatal Error] :1:1: Premature end of file.
2025-09-08 18:54:53,737 [ERROR] LogOutputStream:75 - [STDERR_REDIRECT] 
2025-09-08 18:54:54,706 [ERROR] LogOutputStream:75 - [STDERR_REDIRECT] [Fatal Error] :1:1: Premature end of file.
2025-09-08 18:54:54,706 [ERROR] LogOutputStream:75 - [STDERR_REDIRECT] 
2025-09-08 18:54:55,726 [ERROR] LogOutputStream:75 - [STDERR_REDIRECT] [Fatal Error] :1:1: Premature end of file.
2025-09-08 18:54:55,726 [ERROR] LogOutputStream:75 - [STDERR_REDIRECT] 
2025-09-08 18:54:56,728 [ERROR] LogOutputStream:75 - [STDERR_REDIRECT] [Fatal Error] :1:1: Premature end of file.
2025-09-08 18:54:56,729 [ERROR] LogOutputStream:75 - [STDERR_REDIRECT] 
2025-09-08 18:54:57,726 [ERROR] LogOutputStream:75 - [STDERR_REDIRECT] [Fatal Error] :1:1: Premature end of file.
2025-09-08 18:54:57,726 [ERROR] LogOutputStream:75 - [STDERR_REDIRECT] 
2025-09-08 18:54:58,726 [ERROR] LogOutputStream:75 - [STDERR_REDIRECT] [Fatal Error] :1:1: Premature end of file.
2025-09-08 18:54:58,727 [ERROR] LogOutputStream:75 - [STDERR_REDIRECT] 
2025-09-08 18:54:59,730 [ERROR] LogOutputStream:75 - [STDERR_REDIRECT] [Fatal Error] :1:1: Premature end of file.
2025-09-08 18:54:59,730 [ERROR] LogOutputStream:75 - [STDERR_REDIRECT] 
2025-09-08 18:55:00,728 [ERROR] LogOutputStream:75 - [STDERR_REDIRECT] [Fatal Error] :1:1: Premature end of file.
2025-09-08 18:55:00,728 [ERROR] LogOutputStream:75 - [STDERR_REDIRECT] 
2025-09-08 18:55:01,710 [ERROR] LogOutputStream:75 - [STDERR_REDIRECT] [Fatal Error] :1:1: Premature end of file.
2025-09-08 18:55:01,710 [ERROR] LogOutputStream:75 - [STDERR_REDIRECT] 
2025-09-08 18:55:02,725 [ERROR] LogOutputStream:75 - [STDERR_REDIRECT] [Fatal Error] :1:1: Premature end of file.
2025-09-08 18:55:02,725 [ERROR] LogOutputStream:75 - [STDERR_REDIRECT] 
2025-09-08 18:55:03,725 [ERROR] LogOutputStream:75 - [STDERR_REDIRECT] [Fatal Error] :1:1: Premature end of file.
2025-09-08 18:55:03,726 [ERROR] LogOutputStream:75 - [STDERR_REDIRECT] 
2025-09-08 18:55:04,762 [ERROR] LogOutputStream:75 - [STDERR_REDIRECT] [Fatal Error] :1:1: Premature end of file.
2025-09-08 18:55:04,762 [ERROR] LogOutputStream:75 - [STDERR_REDIRECT] 
2025-09-08 18:55:05,794 [ERROR] LogOutputStream:75 - [STDERR_REDIRECT] [Fatal Error] :1:1: Premature end of file.
2025-09-08 18:55:05,795 [ERROR] LogOutputStream:75 - [STDERR_REDIRECT] 
2025-09-08 18:55:06,725 [ERROR] LogOutputStream:75 - [STDERR_REDIRECT] [Fatal Error] :1:1: Premature end of file.
2025-09-08 18:55:06,725 [ERROR] LogOutputStream:75 - [STDERR_REDIRECT] 
2025-09-08 18:55:07,722 [ERROR] LogOutputStream:75 - [STDERR_REDIRECT] [Fatal Error] :1:1: Premature end of file.
2025-09-08 18:55:07,722 [ERROR] LogOutputStream:75 - [STDERR_REDIRECT] 
2025-09-08 18:55:08,725 [ERROR] LogOutputStream:75 - [STDERR_REDIRECT] [Fatal Error] :1:1: Premature end of file.
2025-09-08 18:55:08,725 [ERROR] LogOutputStream:75 - [STDERR_REDIRECT] 
2025-09-08 18:55:09,721 [ERROR] LogOutputStream:75 - [STDERR_REDIRECT] [Fatal Error] :1:1: Premature end of file.
2025-09-08 18:55:09,721 [ERROR] LogOutputStream:75 - [STDERR_REDIRECT] 
2025-09-08 18:55:10,729 [ERROR] LogOutputStream:75 - [STDERR_REDIRECT] [Fatal Error] :1:1: Premature end of file.
2025-09-08 18:55:10,729 [ERROR] LogOutputStream:75 - [STDERR_REDIRECT] 
2025-09-08 18:55:11,763 [ERROR] LogOutputStream:75 - [STDERR_REDIRECT] [Fatal Error] :1:1: Premature end of file.
2025-09-08 18:55:11,763 [ERROR] LogOutputStream:75 - [STDERR_REDIRECT] 
2025-09-08 18:55:12,725 [ERROR] LogOutputStream:75 - [STDERR_REDIRECT] [Fatal Error] :1:1: Premature end of file.
2025-09-08 18:55:12,725 [ERROR] LogOutputStream:75 - [STDERR_REDIRECT] 
2025-09-08 18:55:13,722 [ERROR] LogOutputStream:75 - [STDERR_REDIRECT] [Fatal Error] :1:1: Premature end of file.
2025-09-08 18:55:13,723 [ERROR] LogOutputStream:75 - [STDERR_REDIRECT] 
2025-09-08 18:55:14,723 [ERROR] LogOutputStream:75 - [STDERR_REDIRECT] [Fatal Error] :1:1: Premature end of file.
2025-09-08 18:55:14,724 [ERROR] LogOutputStream:75 - [STDERR_REDIRECT] 
2025-09-08 18:55:15,728 [ERROR] LogOutputStream:75 - [STDERR_REDIRECT] [Fatal Error] :1:1: Premature end of file.
2025-09-08 18:55:15,729 [ERROR] LogOutputStream:75 - [STDERR_REDIRECT] 
2025-09-08 18:55:16,736 [ERROR] LogOutputStream:75 - [STDERR_REDIRECT] [Fatal Error] :1:1: Premature end of file.
2025-09-08 18:55:16,737 [ERROR] LogOutputStream:75 - [STDERR_REDIRECT] 
2025-09-08 18:55:17,715 [ERROR] LogOutputStream:75 - [STDERR_REDIRECT] [Fatal Error] :1:1: Premature end of file.
2025-09-08 18:55:17,716 [ERROR] LogOutputStream:75 - [STDERR_REDIRECT] 
2025-09-08 18:55:18,716 [ERROR] LogOutputStream:75 - [STDERR_REDIRECT] [Fatal Error] :1:1: Premature end of file.
2025-09-08 18:55:18,717 [ERROR] LogOutputStream:75 - [STDERR_REDIRECT] 
2025-09-08 18:55:19,727 [ERROR] LogOutputStream:75 - [STDERR_REDIRECT] [Fatal Error] :1:1: Premature end of file.
2025-09-08 18:55:19,727 [ERROR] LogOutputStream:75 - [STDERR_REDIRECT] 
2025-09-08 18:55:20,738 [ERROR] LogOutputStream:75 - [STDERR_REDIRECT] [Fatal Error] :1:1: Premature end of file.
2025-09-08 18:55:20,739 [ERROR] LogOutputStream:75 - [STDERR_REDIRECT] 
2025-09-08 18:55:21,695 [ERROR] LogOutputStream:75 - [STDERR_REDIRECT] [Fatal Error] :1:1: Premature end of file.
2025-09-08 18:55:21,695 [ERROR] LogOutputStream:75 - [STDERR_REDIRECT] 
2025-09-08 18:55:22,705 [ERROR] LogOutputStream:75 - [STDERR_REDIRECT] [Fatal Error] :1:1: Premature end of file.
2025-09-08 18:55:22,705 [ERROR] LogOutputStream:75 - [STDERR_REDIRECT] 
2025-09-08 18:55:23,730 [ERROR] LogOutputStream:75 - [STDERR_REDIRECT] [Fatal Error] :1:1: Premature end of file.
2025-09-08 18:55:23,731 [ERROR] LogOutputStream:75 - [STDERR_REDIRECT] 
2025-09-08 18:55:24,731 [ERROR] LogOutputStream:75 - [STDERR_REDIRECT] [Fatal Error] :1:1: Premature end of file.
2025-09-08 18:55:24,731 [ERROR] LogOutputStream:75 - [STDERR_REDIRECT] 
2025-09-08 18:55:25,739 [ERROR] LogOutputStream:75 - [STDERR_REDIRECT] [Fatal Error] :1:1: Premature end of file.
2025-09-08 18:55:25,739 [ERROR] LogOutputStream:75 - [STDERR_REDIRECT] 
2025-09-08 18:55:26,738 [ERROR] LogOutputStream:75 - [STDERR_REDIRECT] [Fatal Error] :1:1: Premature end of file.
2025-09-08 18:55:26,738 [ERROR] LogOutputStream:75 - [STDERR_REDIRECT] 
2025-09-08 18:55:27,715 [ERROR] LogOutputStream:75 - [STDERR_REDIRECT] [Fatal Error] :1:1: Premature end of file.
2025-09-08 18:55:27,716 [ERROR] LogOutputStream:75 - [STDERR_REDIRECT] 
2025-09-08 18:55:28,741 [ERROR] LogOutputStream:75 - [STDERR_REDIRECT] [Fatal Error] :1:1: Premature end of file.
2025-09-08 18:55:28,741 [ERROR] LogOutputStream:75 - [STDERR_REDIRECT] 
2025-09-08 18:55:29,762 [ERROR] LogOutputStream:75 - [STDERR_REDIRECT] [Fatal Error] :1:1: Premature end of file.
2025-09-08 18:55:29,762 [ERROR] LogOutputStream:75 - [STDERR_REDIRECT] 
2025-09-08 18:55:30,729 [ERROR] LogOutputStream:75 - [STDERR_REDIRECT] [Fatal Error] :1:1: Premature end of file.
2025-09-08 18:55:30,729 [ERROR] LogOutputStream:75 - [STDERR_REDIRECT] 
2025-09-08 18:55:31,744 [ERROR] LogOutputStream:75 - [STDERR_REDIRECT] [Fatal Error] :1:1: Premature end of file.
2025-09-08 18:55:31,745 [ERROR] LogOutputStream:75 - [STDERR_REDIRECT] 
2025-09-08 18:55:32,740 [ERROR] LogOutputStream:75 - [STDERR_REDIRECT] [Fatal Error] :1:1: Premature end of file.
2025-09-08 18:55:32,741 [ERROR] LogOutputStream:75 - [STDERR_REDIRECT] 
2025-09-08 18:55:33,690 [ERROR] LogOutputStream:75 - [STDERR_REDIRECT] [Fatal Error] :1:1: Premature end of file.
2025-09-08 18:55:33,690 [ERROR] LogOutputStream:75 - [STDERR_REDIRECT] 
2025-09-08 18:55:34,717 [ERROR] LogOutputStream:75 - [STDERR_REDIRECT] [Fatal Error] :1:1: Premature end of file.
2025-09-08 18:55:34,717 [ERROR] LogOutputStream:75 - [STDERR_REDIRECT] 
2025-09-08 18:55:35,724 [ERROR] LogOutputStream:75 - [STDERR_REDIRECT] [Fatal Error] :1:1: Premature end of file.
2025-09-08 18:55:35,724 [ERROR] LogOutputStream:75 - [STDERR_REDIRECT] 
2025-09-08 18:55:36,720 [ERROR] LogOutputStream:75 - [STDERR_REDIRECT] [Fatal Error] :1:1: Premature end of file.
2025-09-08 18:55:36,720 [ERROR] LogOutputStream:75 - [STDERR_REDIRECT] 
2025-09-08 18:55:37,720 [ERROR] LogOutputStream:75 - [STDERR_REDIRECT] [Fatal Error] :1:1: Premature end of file.
2025-09-08 18:55:37,721 [ERROR] LogOutputStream:75 - [STDERR_REDIRECT] 
2025-09-08 18:55:38,729 [ERROR] LogOutputStream:75 - [STDERR_REDIRECT] [Fatal Error] :1:1: Premature end of file.
2025-09-08 18:55:38,730 [ERROR] LogOutputStream:75 - [STDERR_REDIRECT] 
2025-09-08 18:55:39,726 [ERROR] LogOutputStream:75 - [STDERR_REDIRECT] [Fatal Error] :1:1: Premature end of file.
2025-09-08 18:55:39,727 [ERROR] LogOutputStream:75 - [STDERR_REDIRECT] 
2025-09-08 18:55:40,711 [ERROR] LogOutputStream:75 - [STDERR_REDIRECT] [Fatal Error] :1:1: Premature end of file.
2025-09-08 18:55:40,711 [ERROR] LogOutputStream:75 - [STDERR_REDIRECT] 
2025-09-08 18:55:41,730 [ERROR] LogOutputStream:75 - [STDERR_REDIRECT] [Fatal Error] :1:1: Premature end of file.
2025-09-08 18:55:41,730 [ERROR] LogOutputStream:75 - [STDERR_REDIRECT] 
2025-09-08 18:55:42,729 [ERROR] LogOutputStream:75 - [STDERR_REDIRECT] [Fatal Error] :1:1: Premature end of file.
2025-09-08 18:55:42,729 [ERROR] LogOutputStream:75 - [STDERR_REDIRECT] 
2025-09-08 18:55:43,728 [ERROR] LogOutputStream:75 - [STDERR_REDIRECT] [Fatal Error] :1:1: Premature end of file.
2025-09-08 18:55:43,728 [ERROR] LogOutputStream:75 - [STDERR_REDIRECT] 
2025-09-08 18:55:44,727 [ERROR] LogOutputStream:75 - [STDERR_REDIRECT] [Fatal Error] :1:1: Premature end of file.
2025-09-08 18:55:44,728 [ERROR] LogOutputStream:75 - [STDERR_REDIRECT] 
2025-09-08 18:55:45,734 [ERROR] LogOutputStream:75 - [STDERR_REDIRECT] [Fatal Error] :1:1: Premature end of file.
2025-09-08 18:55:45,734 [ERROR] LogOutputStream:75 - [STDERR_REDIRECT] 
2025-09-08 18:55:46,716 [ERROR] LogOutputStream:75 - [STDERR_REDIRECT] [Fatal Error] :1:1: Premature end of file.
2025-09-08 18:55:46,716 [ERROR] LogOutputStream:75 - [STDERR_REDIRECT] 
2025-09-08 18:55:47,725 [ERROR] LogOutputStream:75 - [STDERR_REDIRECT] [Fatal Error] :1:1: Premature end of file.
2025-09-08 18:55:47,725 [ERROR] LogOutputStream:75 - [STDERR_REDIRECT] 
2025-09-08 18:55:48,720 [ERROR] LogOutputStream:75 - [STDERR_REDIRECT] [Fatal Error] :1:1: Premature end of file.
2025-09-08 18:55:48,720 [ERROR] LogOutputStream:75 - [STDERR_REDIRECT] 
2025-09-08 18:55:49,716 [ERROR] LogOutputStream:75 - [STDERR_REDIRECT] [Fatal Error] :1:1: Premature end of file.
2025-09-08 18:55:49,716 [ERROR] LogOutputStream:75 - [STDERR_REDIRECT] 
2025-09-08 18:55:50,736 [ERROR] LogOutputStream:75 - [STDERR_REDIRECT] [Fatal Error] :1:1: Premature end of file.
2025-09-08 18:55:50,737 [ERROR] LogOutputStream:75 - [STDERR_REDIRECT] 
2025-09-08 18:55:51,727 [ERROR] LogOutputStream:75 - [STDERR_REDIRECT] [Fatal Error] :1:1: Premature end of file.
2025-09-08 18:55:51,727 [ERROR] LogOutputStream:75 - [STDERR_REDIRECT] 
2025-09-08 18:55:52,737 [ERROR] LogOutputStream:75 - [STDERR_REDIRECT] [Fatal Error] :1:1: Premature end of file.
2025-09-08 18:55:52,738 [ERROR] LogOutputStream:75 - [STDERR_REDIRECT] 
2025-09-08 18:55:53,739 [ERROR] LogOutputStream:75 - [STDERR_REDIRECT] [Fatal Error] :1:1: Premature end of file.
2025-09-08 18:55:53,741 [ERROR] LogOutputStream:75 - [STDERR_REDIRECT] 
2025-09-08 18:55:54,733 [ERROR] LogOutputStream:75 - [STDERR_REDIRECT] [Fatal Error] :1:1: Premature end of file.
2025-09-08 18:55:54,733 [ERROR] LogOutputStream:75 - [STDERR_REDIRECT] 
2025-09-08 18:55:55,740 [ERROR] LogOutputStream:75 - [STDERR_REDIRECT] [Fatal Error] :1:1: Premature end of file.
2025-09-08 18:55:55,741 [ERROR] LogOutputStream:75 - [STDERR_REDIRECT] 
2025-09-08 18:55:56,727 [ERROR] LogOutputStream:75 - [STDERR_REDIRECT] [Fatal Error] :1:1: Premature end of file.
2025-09-08 18:55:56,727 [ERROR] LogOutputStream:75 - [STDERR_REDIRECT] 
2025-09-08 18:55:57,720 [ERROR] LogOutputStream:75 - [STDERR_REDIRECT] [Fatal Error] :1:1: Premature end of file.
2025-09-08 18:55:57,720 [ERROR] LogOutputStream:75 - [STDERR_REDIRECT] 
2025-09-08 18:55:58,718 [ERROR] LogOutputStream:75 - [STDERR_REDIRECT] [Fatal Error] :1:1: Premature end of file.
2025-09-08 18:55:58,718 [ERROR] LogOutputStream:75 - [STDERR_REDIRECT] 
2025-09-08 18:55:59,731 [ERROR] LogOutputStream:75 - [STDERR_REDIRECT] [Fatal Error] :1:1: Premature end of file.
2025-09-08 18:55:59,731 [ERROR] LogOutputStream:75 - [STDERR_REDIRECT] 
2025-09-08 18:56:00,722 [ERROR] LogOutputStream:75 - [STDERR_REDIRECT] [Fatal Error] :1:1: Premature end of file.
2025-09-08 18:56:00,723 [ERROR] LogOutputStream:75 - [STDERR_REDIRECT] 
2025-09-08 18:56:01,710 [ERROR] LogOutputStream:75 - [STDERR_REDIRECT] [Fatal Error] :1:1: Premature end of file.
2025-09-08 18:56:01,710 [ERROR] LogOutputStream:75 - [STDERR_REDIRECT] 
2025-09-08 18:56:02,734 [ERROR] LogOutputStream:75 - [STDERR_REDIRECT] [Fatal Error] :1:1: Premature end of file.
2025-09-08 18:56:02,735 [ERROR] LogOutputStream:75 - [STDERR_REDIRECT] 
2025-09-08 18:56:03,727 [ERROR] LogOutputStream:75 - [STDERR_REDIRECT] [Fatal Error] :1:1: Premature end of file.
2025-09-08 18:56:03,728 [ERROR] LogOutputStream:75 - [STDERR_REDIRECT] 
2025-09-08 18:56:04,736 [ERROR] LogOutputStream:75 - [STDERR_REDIRECT] [Fatal Error] :1:1: Premature end of file.
2025-09-08 18:56:04,736 [ERROR] LogOutputStream:75 - [STDERR_REDIRECT] 
2025-09-08 18:56:05,712 [ERROR] LogOutputStream:75 - [STDERR_REDIRECT] [Fatal Error] :1:1: Premature end of file.
2025-09-08 18:56:05,712 [ERROR] LogOutputStream:75 - [STDERR_REDIRECT] 
2025-09-08 18:56:06,710 [ERROR] LogOutputStream:75 - [STDERR_REDIRECT] [Fatal Error] :1:1: Premature end of file.
2025-09-08 18:56:06,710 [ERROR] LogOutputStream:75 - [STDERR_REDIRECT] 
2025-09-08 18:56:07,702 [ERROR] LogOutputStream:75 - [STDERR_REDIRECT] [Fatal Error] :1:1: Premature end of file.
2025-09-08 18:56:07,702 [ERROR] LogOutputStream:75 - [STDERR_REDIRECT] 
2025-09-08 18:56:08,696 [ERROR] LogOutputStream:75 - [STDERR_REDIRECT] [Fatal Error] :1:1: Premature end of file.
2025-09-08 18:56:08,696 [ERROR] LogOutputStream:75 - [STDERR_REDIRECT] 
2025-09-08 18:56:09,725 [ERROR] LogOutputStream:75 - [STDERR_REDIRECT] [Fatal Error] :1:1: Premature end of file.
2025-09-08 18:56:09,726 [ERROR] LogOutputStream:75 - [STDERR_REDIRECT] 
2025-09-08 18:56:10,728 [ERROR] LogOutputStream:75 - [STDERR_REDIRECT] [Fatal Error] :1:1: Premature end of file.
2025-09-08 18:56:10,729 [ERROR] LogOutputStream:75 - [STDERR_REDIRECT] 
2025-09-08 18:56:11,738 [ERROR] LogOutputStream:75 - [STDERR_REDIRECT] [Fatal Error] :1:1: Premature end of file.
2025-09-08 18:56:11,739 [ERROR] LogOutputStream:75 - [STDERR_REDIRECT] 
2025-09-08 18:56:12,770 [ERROR] LogOutputStream:75 - [STDERR_REDIRECT] [Fatal Error] :1:1: Premature end of file.
2025-09-08 18:56:12,771 [ERROR] LogOutputStream:75 - [STDERR_REDIRECT] 
2025-09-08 18:56:13,722 [ERROR] LogOutputStream:75 - [STDERR_REDIRECT] [Fatal Error] :1:1: Premature end of file.
2025-09-08 18:56:13,722 [ERROR] LogOutputStream:75 - [STDERR_REDIRECT] 
2025-09-08 18:56:14,736 [ERROR] LogOutputStream:75 - [STDERR_REDIRECT] [Fatal Error] :1:1: Premature end of file.
2025-09-08 18:56:14,736 [ERROR] LogOutputStream:75 - [STDERR_REDIRECT] 
2025-09-08 18:56:15,707 [ERROR] LogOutputStream:75 - [STDERR_REDIRECT] [Fatal Error] :1:1: Premature end of file.
2025-09-08 18:56:15,707 [ERROR] LogOutputStream:75 - [STDERR_REDIRECT] 
2025-09-08 18:56:16,719 [ERROR] LogOutputStream:75 - [STDERR_REDIRECT] [Fatal Error] :1:1: Premature end of file.
2025-09-08 18:56:16,719 [ERROR] LogOutputStream:75 - [STDERR_REDIRECT] 
2025-09-08 18:56:17,719 [ERROR] LogOutputStream:75 - [STDERR_REDIRECT] [Fatal Error] :1:1: Premature end of file.
2025-09-08 18:56:17,719 [ERROR] LogOutputStream:75 - [STDERR_REDIRECT] 
2025-09-08 18:56:18,725 [ERROR] LogOutputStream:75 - [STDERR_REDIRECT] [Fatal Error] :1:1: Premature end of file.
2025-09-08 18:56:18,725 [ERROR] LogOutputStream:75 - [STDERR_REDIRECT] 
2025-09-08 18:56:19,726 [ERROR] LogOutputStream:75 - [STDERR_REDIRECT] [Fatal Error] :1:1: Premature end of file.
2025-09-08 18:56:19,726 [ERROR] LogOutputStream:75 - [STDERR_REDIRECT] 
2025-09-08 18:56:20,727 [ERROR] LogOutputStream:75 - [STDERR_REDIRECT] [Fatal Error] :1:1: Premature end of file.
2025-09-08 18:56:20,727 [ERROR] LogOutputStream:75 - [STDERR_REDIRECT] 
2025-09-08 18:56:21,742 [ERROR] LogOutputStream:75 - [STDERR_REDIRECT] [Fatal Error] :1:1: Premature end of file.
2025-09-08 18:56:21,742 [ERROR] LogOutputStream:75 - [STDERR_REDIRECT] 
2025-09-08 18:56:22,735 [ERROR] LogOutputStream:75 - [STDERR_REDIRECT] [Fatal Error] :1:1: Premature end of file.
2025-09-08 18:56:22,735 [ERROR] LogOutputStream:75 - [STDERR_REDIRECT] 
2025-09-08 18:56:23,725 [ERROR] LogOutputStream:75 - [STDERR_REDIRECT] [Fatal Error] :1:1: Premature end of file.
2025-09-08 18:56:23,725 [ERROR] LogOutputStream:75 - [STDERR_REDIRECT] 
2025-09-08 18:56:24,727 [ERROR] LogOutputStream:75 - [STDERR_REDIRECT] [Fatal Error] :1:1: Premature end of file.
2025-09-08 18:56:24,727 [ERROR] LogOutputStream:75 - [STDERR_REDIRECT] 
2025-09-08 18:56:25,697 [ERROR] LogOutputStream:75 - [STDERR_REDIRECT] [Fatal Error] :1:1: Premature end of file.
2025-09-08 18:56:25,697 [ERROR] LogOutputStream:75 - [STDERR_REDIRECT] 
2025-09-08 18:56:26,750 [ERROR] LogOutputStream:75 - [STDERR_REDIRECT] [Fatal Error] :1:1: Premature end of file.
2025-09-08 18:56:26,750 [ERROR] LogOutputStream:75 - [STDERR_REDIRECT] 
2025-09-08 18:56:27,721 [ERROR] LogOutputStream:75 - [STDERR_REDIRECT] [Fatal Error] :1:1: Premature end of file.
2025-09-08 18:56:27,722 [ERROR] LogOutputStream:75 - [STDERR_REDIRECT] 
2025-09-08 18:56:28,722 [ERROR] LogOutputStream:75 - [STDERR_REDIRECT] [Fatal Error] :1:1: Premature end of file.
2025-09-08 18:56:28,723 [ERROR] LogOutputStream:75 - [STDERR_REDIRECT] 
2025-09-08 18:56:29,785 [ERROR] LogOutputStream:75 - [STDERR_REDIRECT] [Fatal Error] :1:1: Premature end of file.
2025-09-08 18:56:29,785 [ERROR] LogOutputStream:75 - [STDERR_REDIRECT] 
2025-09-08 18:56:30,753 [ERROR] LogOutputStream:75 - [STDERR_REDIRECT] [Fatal Error] :1:1: Premature end of file.
2025-09-08 18:56:30,754 [ERROR] LogOutputStream:75 - [STDERR_REDIRECT] 
2025-09-08 18:56:31,768 [ERROR] LogOutputStream:75 - [STDERR_REDIRECT] [Fatal Error] :1:1: Premature end of file.
2025-09-08 18:56:31,769 [ERROR] LogOutputStream:75 - [STDERR_REDIRECT] 
2025-09-08 18:56:32,462 [INFO] WebApp:194 - Connection lost
2025-09-08 18:56:32,731 [INFO] WebApp:191 - Connection restablished
2025-09-08 18:56:32,749 [ERROR] LogOutputStream:75 - [STDERR_REDIRECT] [Fatal Error] :1:1: Premature end of file.
2025-09-08 18:56:32,750 [ERROR] LogOutputStream:75 - [STDERR_REDIRECT] 
2025-09-08 18:56:33,741 [ERROR] LogOutputStream:75 - [STDERR_REDIRECT] [Fatal Error] :1:1: Premature end of file.
2025-09-08 18:56:33,742 [ERROR] LogOutputStream:75 - [STDERR_REDIRECT] 
2025-09-08 18:56:34,788 [ERROR] LogOutputStream:75 - [STDERR_REDIRECT] [Fatal Error] :1:1: Premature end of file.
2025-09-08 18:56:34,789 [ERROR] LogOutputStream:75 - [STDERR_REDIRECT] 
2025-09-08 18:56:35,759 [ERROR] LogOutputStream:75 - [STDERR_REDIRECT] [Fatal Error] :1:1: Premature end of file.
2025-09-08 18:56:35,759 [ERROR] LogOutputStream:75 - [STDERR_REDIRECT] 
2025-09-08 18:56:36,735 [ERROR] LogOutputStream:75 - [STDERR_REDIRECT] [Fatal Error] :1:1: Premature end of file.
2025-09-08 18:56:36,735 [ERROR] LogOutputStream:75 - [STDERR_REDIRECT] 
2025-09-08 18:56:37,707 [ERROR] LogOutputStream:75 - [STDERR_REDIRECT] [Fatal Error] :1:1: Premature end of file.
2025-09-08 18:56:37,707 [ERROR] LogOutputStream:75 - [STDERR_REDIRECT] 
2025-09-08 18:56:38,708 [ERROR] LogOutputStream:75 - [STDERR_REDIRECT] [Fatal Error] :1:1: Premature end of file.
2025-09-08 18:56:38,708 [ERROR] LogOutputStream:75 - [STDERR_REDIRECT] 
2025-09-08 18:56:39,705 [ERROR] LogOutputStream:75 - [STDERR_REDIRECT] [Fatal Error] :1:1: Premature end of file.
2025-09-08 18:56:39,705 [ERROR] LogOutputStream:75 - [STDERR_REDIRECT] 
2025-09-08 18:56:40,746 [ERROR] LogOutputStream:75 - [STDERR_REDIRECT] [Fatal Error] :1:1: Premature end of file.
2025-09-08 18:56:40,746 [ERROR] LogOutputStream:75 - [STDERR_REDIRECT] 
2025-09-08 18:56:41,731 [ERROR] LogOutputStream:75 - [STDERR_REDIRECT] [Fatal Error] :1:1: Premature end of file.
2025-09-08 18:56:41,731 [ERROR] LogOutputStream:75 - [STDERR_REDIRECT] 
2025-09-08 18:56:42,738 [ERROR] LogOutputStream:75 - [STDERR_REDIRECT] [Fatal Error] :1:1: Premature end of file.
2025-09-08 18:56:42,738 [ERROR] LogOutputStream:75 - [STDERR_REDIRECT] 
2025-09-08 18:56:43,706 [ERROR] LogOutputStream:75 - [STDERR_REDIRECT] [Fatal Error] :1:1: Premature end of file.
2025-09-08 18:56:43,706 [ERROR] LogOutputStream:75 - [STDERR_REDIRECT] 
2025-09-08 18:56:44,716 [ERROR] LogOutputStream:75 - [STDERR_REDIRECT] [Fatal Error] :1:1: Premature end of file.
2025-09-08 18:56:44,717 [ERROR] LogOutputStream:75 - [STDERR_REDIRECT] 
2025-09-08 18:56:45,701 [ERROR] LogOutputStream:75 - [STDERR_REDIRECT] [Fatal Error] :1:1: Premature end of file.
2025-09-08 18:56:45,702 [ERROR] LogOutputStream:75 - [STDERR_REDIRECT] 
2025-09-08 18:56:46,766 [ERROR] LogOutputStream:75 - [STDERR_REDIRECT] [Fatal Error] :1:1: Premature end of file.
2025-09-08 18:56:46,767 [ERROR] LogOutputStream:75 - [STDERR_REDIRECT] 
2025-09-08 18:56:47,696 [ERROR] LogOutputStream:75 - [STDERR_REDIRECT] [Fatal Error] :1:1: Premature end of file.
2025-09-08 18:56:47,697 [ERROR] LogOutputStream:75 - [STDERR_REDIRECT] 
2025-09-08 18:56:48,748 [ERROR] LogOutputStream:75 - [STDERR_REDIRECT] [Fatal Error] :1:1: Premature end of file.
2025-09-08 18:56:48,749 [ERROR] LogOutputStream:75 - [STDERR_REDIRECT] 
2025-09-08 18:56:49,719 [ERROR] LogOutputStream:75 - [STDERR_REDIRECT] [Fatal Error] :1:1: Premature end of file.
2025-09-08 18:56:49,720 [ERROR] LogOutputStream:75 - [STDERR_REDIRECT] 
2025-09-08 18:56:50,694 [ERROR] LogOutputStream:75 - [STDERR_REDIRECT] [Fatal Error] :1:1: Premature end of file.
2025-09-08 18:56:50,694 [ERROR] LogOutputStream:75 - [STDERR_REDIRECT] 
2025-09-08 18:56:51,719 [ERROR] LogOutputStream:75 - [STDERR_REDIRECT] [Fatal Error] :1:1: Premature end of file.
2025-09-08 18:56:51,719 [ERROR] LogOutputStream:75 - [STDERR_REDIRECT] 
2025-09-08 18:56:52,703 [ERROR] LogOutputStream:75 - [STDERR_REDIRECT] [Fatal Error] :1:1: Premature end of file.
2025-09-08 18:56:52,703 [ERROR] LogOutputStream:75 - [STDERR_REDIRECT] 
2025-09-08 18:56:52,931 [INFO] WebApp:194 - Connection lost
2025-09-08 18:56:53,150 [INFO] WebApp:191 - Connection restablished
2025-09-08 18:56:53,747 [ERROR] LogOutputStream:75 - [STDERR_REDIRECT] [Fatal Error] :1:1: Premature end of file.
2025-09-08 18:56:53,747 [ERROR] LogOutputStream:75 - [STDERR_REDIRECT] 
2025-09-08 18:56:54,770 [ERROR] LogOutputStream:75 - [STDERR_REDIRECT] [Fatal Error] :1:1: Premature end of file.
2025-09-08 18:56:54,771 [ERROR] LogOutputStream:75 - [STDERR_REDIRECT] 
2025-09-08 18:56:55,790 [ERROR] LogOutputStream:75 - [STDERR_REDIRECT] [Fatal Error] :1:1: Premature end of file.
2025-09-08 18:56:55,790 [ERROR] LogOutputStream:75 - [STDERR_REDIRECT] 
2025-09-08 18:56:56,793 [ERROR] LogOutputStream:75 - [STDERR_REDIRECT] [Fatal Error] :1:1: Premature end of file.
2025-09-08 18:56:56,793 [ERROR] LogOutputStream:75 - [STDERR_REDIRECT] 
2025-09-08 18:56:57,703 [ERROR] LogOutputStream:75 - [STDERR_REDIRECT] [Fatal Error] :1:1: Premature end of file.
2025-09-08 18:56:57,703 [ERROR] LogOutputStream:75 - [STDERR_REDIRECT] 
2025-09-08 18:56:58,751 [ERROR] LogOutputStream:75 - [STDERR_REDIRECT] [Fatal Error] :1:1: Premature end of file.
2025-09-08 18:56:58,751 [ERROR] LogOutputStream:75 - [STDERR_REDIRECT] 
2025-09-08 18:56:59,775 [ERROR] LogOutputStream:75 - [STDERR_REDIRECT] [Fatal Error] :1:1: Premature end of file.
2025-09-08 18:56:59,776 [ERROR] LogOutputStream:75 - [STDERR_REDIRECT] 
2025-09-08 18:57:00,807 [ERROR] LogOutputStream:75 - [STDERR_REDIRECT] [Fatal Error] :1:1: Premature end of file.
2025-09-08 18:57:00,807 [ERROR] LogOutputStream:75 - [STDERR_REDIRECT] 
2025-09-08 18:57:01,783 [ERROR] LogOutputStream:75 - [STDERR_REDIRECT] [Fatal Error] :1:1: Premature end of file.
2025-09-08 18:57:01,783 [ERROR] LogOutputStream:75 - [STDERR_REDIRECT] 
2025-09-08 18:57:02,764 [ERROR] LogOutputStream:75 - [STDERR_REDIRECT] [Fatal Error] :1:1: Premature end of file.
2025-09-08 18:57:02,765 [ERROR] LogOutputStream:75 - [STDERR_REDIRECT] 
2025-09-08 18:57:03,761 [ERROR] LogOutputStream:75 - [STDERR_REDIRECT] [Fatal Error] :1:1: Premature end of file.
2025-09-08 18:57:03,761 [ERROR] LogOutputStream:75 - [STDERR_REDIRECT] 
2025-09-08 18:57:04,785 [ERROR] LogOutputStream:75 - [STDERR_REDIRECT] [Fatal Error] :1:1: Premature end of file.
2025-09-08 18:57:04,785 [ERROR] LogOutputStream:75 - [STDERR_REDIRECT] 
2025-09-08 18:57:05,751 [ERROR] LogOutputStream:75 - [STDERR_REDIRECT] [Fatal Error] :1:1: Premature end of file.
2025-09-08 18:57:05,751 [ERROR] LogOutputStream:75 - [STDERR_REDIRECT] 
2025-09-08 18:57:06,780 [ERROR] LogOutputStream:75 - [STDERR_REDIRECT] [Fatal Error] :1:1: Premature end of file.
2025-09-08 18:57:06,780 [ERROR] LogOutputStream:75 - [STDERR_REDIRECT] 
2025-09-08 18:57:07,770 [ERROR] LogOutputStream:75 - [STDERR_REDIRECT] [Fatal Error] :1:1: Premature end of file.
2025-09-08 18:57:07,771 [ERROR] LogOutputStream:75 - [STDERR_REDIRECT] 
2025-09-08 18:57:08,724 [ERROR] LogOutputStream:75 - [STDERR_REDIRECT] [Fatal Error] :1:1: Premature end of file.
2025-09-08 18:57:08,724 [ERROR] LogOutputStream:75 - [STDERR_REDIRECT] 
2025-09-08 18:57:09,784 [ERROR] LogOutputStream:75 - [STDERR_REDIRECT] [Fatal Error] :1:1: Premature end of file.
2025-09-08 18:57:09,785 [ERROR] LogOutputStream:75 - [STDERR_REDIRECT] 
2025-09-08 18:57:10,704 [ERROR] LogOutputStream:75 - [STDERR_REDIRECT] [Fatal Error] :1:1: Premature end of file.
2025-09-08 18:57:10,704 [ERROR] LogOutputStream:75 - [STDERR_REDIRECT] 
2025-09-08 18:57:11,721 [ERROR] LogOutputStream:75 - [STDERR_REDIRECT] [Fatal Error] :1:1: Premature end of file.
2025-09-08 18:57:11,721 [ERROR] LogOutputStream:75 - [STDERR_REDIRECT] 
2025-09-08 18:57:12,713 [ERROR] LogOutputStream:75 - [STDERR_REDIRECT] [Fatal Error] :1:1: Premature end of file.
2025-09-08 18:57:12,713 [ERROR] LogOutputStream:75 - [STDERR_REDIRECT] 
2025-09-08 18:57:13,754 [ERROR] LogOutputStream:75 - [STDERR_REDIRECT] [Fatal Error] :1:1: Premature end of file.
2025-09-08 18:57:13,754 [ERROR] LogOutputStream:75 - [STDERR_REDIRECT] 
2025-09-08 18:57:14,806 [ERROR] LogOutputStream:75 - [STDERR_REDIRECT] [Fatal Error] :1:1: Premature end of file.
2025-09-08 18:57:14,807 [ERROR] LogOutputStream:75 - [STDERR_REDIRECT] 
2025-09-08 18:57:15,725 [ERROR] LogOutputStream:75 - [STDERR_REDIRECT] [Fatal Error] :1:1: Premature end of file.
2025-09-08 18:57:15,725 [ERROR] LogOutputStream:75 - [STDERR_REDIRECT] 
2025-09-08 18:57:16,729 [ERROR] LogOutputStream:75 - [STDERR_REDIRECT] [Fatal Error] :1:1: Premature end of file.
2025-09-08 18:57:16,729 [ERROR] LogOutputStream:75 - [STDERR_REDIRECT] 
2025-09-08 18:57:17,701 [ERROR] LogOutputStream:75 - [STDERR_REDIRECT] [Fatal Error] :1:1: Premature end of file.
2025-09-08 18:57:17,701 [ERROR] LogOutputStream:75 - [STDERR_REDIRECT] 
2025-09-08 18:57:18,740 [ERROR] LogOutputStream:75 - [STDERR_REDIRECT] [Fatal Error] :1:1: Premature end of file.
2025-09-08 18:57:18,740 [ERROR] LogOutputStream:75 - [STDERR_REDIRECT] 
2025-09-08 18:57:19,716 [ERROR] LogOutputStream:75 - [STDERR_REDIRECT] [Fatal Error] :1:1: Premature end of file.
2025-09-08 18:57:19,716 [ERROR] LogOutputStream:75 - [STDERR_REDIRECT] 
2025-09-08 18:57:20,767 [ERROR] LogOutputStream:75 - [STDERR_REDIRECT] [Fatal Error] :1:1: Premature end of file.
2025-09-08 18:57:20,768 [ERROR] LogOutputStream:75 - [STDERR_REDIRECT] 
2025-09-08 18:57:21,795 [ERROR] LogOutputStream:75 - [STDERR_REDIRECT] [Fatal Error] :1:1: Premature end of file.
2025-09-08 18:57:21,796 [ERROR] LogOutputStream:75 - [STDERR_REDIRECT] 
2025-09-08 18:57:22,760 [ERROR] LogOutputStream:75 - [STDERR_REDIRECT] [Fatal Error] :1:1: Premature end of file.
2025-09-08 18:57:22,760 [ERROR] LogOutputStream:75 - [STDERR_REDIRECT] 
2025-09-08 18:57:23,769 [ERROR] LogOutputStream:75 - [STDERR_REDIRECT] [Fatal Error] :1:1: Premature end of file.
2025-09-08 18:57:23,769 [ERROR] LogOutputStream:75 - [STDERR_REDIRECT] 
2025-09-08 18:57:24,751 [ERROR] LogOutputStream:75 - [STDERR_REDIRECT] [Fatal Error] :1:1: Premature end of file.
2025-09-08 18:57:24,751 [ERROR] LogOutputStream:75 - [STDERR_REDIRECT] 
2025-09-08 18:57:25,729 [ERROR] LogOutputStream:75 - [STDERR_REDIRECT] [Fatal Error] :1:1: Premature end of file.
2025-09-08 18:57:25,729 [ERROR] LogOutputStream:75 - [STDERR_REDIRECT] 
2025-09-08 18:57:26,730 [ERROR] LogOutputStream:75 - [STDERR_REDIRECT] [Fatal Error] :1:1: Premature end of file.
2025-09-08 18:57:26,731 [ERROR] LogOutputStream:75 - [STDERR_REDIRECT] 
2025-09-08 18:57:27,767 [ERROR] LogOutputStream:75 - [STDERR_REDIRECT] [Fatal Error] :1:1: Premature end of file.
2025-09-08 18:57:27,768 [ERROR] LogOutputStream:75 - [STDERR_REDIRECT] 
2025-09-08 18:57:28,714 [ERROR] LogOutputStream:75 - [STDERR_REDIRECT] [Fatal Error] :1:1: Premature end of file.
2025-09-08 18:57:28,714 [ERROR] LogOutputStream:75 - [STDERR_REDIRECT] 
2025-09-08 18:57:29,766 [ERROR] LogOutputStream:75 - [STDERR_REDIRECT] [Fatal Error] :1:1: Premature end of file.
2025-09-08 18:57:29,766 [ERROR] LogOutputStream:75 - [STDERR_REDIRECT] 
2025-09-08 18:57:30,745 [ERROR] LogOutputStream:75 - [STDERR_REDIRECT] [Fatal Error] :1:1: Premature end of file.
2025-09-08 18:57:30,745 [ERROR] LogOutputStream:75 - [STDERR_REDIRECT] 
2025-09-08 18:57:31,707 [ERROR] LogOutputStream:75 - [STDERR_REDIRECT] [Fatal Error] :1:1: Premature end of file.
2025-09-08 18:57:31,708 [ERROR] LogOutputStream:75 - [STDERR_REDIRECT] 
2025-09-08 18:57:32,757 [ERROR] LogOutputStream:75 - [STDERR_REDIRECT] [Fatal Error] :1:1: Premature end of file.
2025-09-08 18:57:32,757 [ERROR] LogOutputStream:75 - [STDERR_REDIRECT] 
2025-09-08 18:57:33,770 [ERROR] LogOutputStream:75 - [STDERR_REDIRECT] [Fatal Error] :1:1: Premature end of file.
2025-09-08 18:57:33,771 [ERROR] LogOutputStream:75 - [STDERR_REDIRECT] 
2025-09-08 18:57:34,766 [ERROR] LogOutputStream:75 - [STDERR_REDIRECT] [Fatal Error] :1:1: Premature end of file.
2025-09-08 18:57:34,767 [ERROR] LogOutputStream:75 - [STDERR_REDIRECT] 
2025-09-08 18:57:35,721 [ERROR] LogOutputStream:75 - [STDERR_REDIRECT] [Fatal Error] :1:1: Premature end of file.
2025-09-08 18:57:35,721 [ERROR] LogOutputStream:75 - [STDERR_REDIRECT] 
2025-09-08 18:57:36,724 [ERROR] LogOutputStream:75 - [STDERR_REDIRECT] [Fatal Error] :1:1: Premature end of file.
2025-09-08 18:57:36,725 [ERROR] LogOutputStream:75 - [STDERR_REDIRECT] 
2025-09-08 18:57:37,733 [ERROR] LogOutputStream:75 - [STDERR_REDIRECT] [Fatal Error] :1:1: Premature end of file.
2025-09-08 18:57:37,733 [ERROR] LogOutputStream:75 - [STDERR_REDIRECT] 
2025-09-08 18:57:38,724 [ERROR] LogOutputStream:75 - [STDERR_REDIRECT] [Fatal Error] :1:1: Premature end of file.
2025-09-08 18:57:38,724 [ERROR] LogOutputStream:75 - [STDERR_REDIRECT] 
2025-09-08 18:57:39,725 [ERROR] LogOutputStream:75 - [STDERR_REDIRECT] [Fatal Error] :1:1: Premature end of file.
2025-09-08 18:57:39,725 [ERROR] LogOutputStream:75 - [STDERR_REDIRECT] 
2025-09-08 18:57:40,732 [ERROR] LogOutputStream:75 - [STDERR_REDIRECT] [Fatal Error] :1:1: Premature end of file.
2025-09-08 18:57:40,732 [ERROR] LogOutputStream:75 - [STDERR_REDIRECT] 
2025-09-08 18:57:41,726 [ERROR] LogOutputStream:75 - [STDERR_REDIRECT] [Fatal Error] :1:1: Premature end of file.
2025-09-08 18:57:41,726 [ERROR] LogOutputStream:75 - [STDERR_REDIRECT] 
2025-09-08 18:57:42,720 [ERROR] LogOutputStream:75 - [STDERR_REDIRECT] [Fatal Error] :1:1: Premature end of file.
2025-09-08 18:57:42,720 [ERROR] LogOutputStream:75 - [STDERR_REDIRECT] 
2025-09-08 18:57:43,716 [ERROR] LogOutputStream:75 - [STDERR_REDIRECT] [Fatal Error] :1:1: Premature end of file.
2025-09-08 18:57:43,716 [ERROR] LogOutputStream:75 - [STDERR_REDIRECT] 
2025-09-08 18:57:44,774 [ERROR] LogOutputStream:75 - [STDERR_REDIRECT] [Fatal Error] :1:1: Premature end of file.
2025-09-08 18:57:44,775 [ERROR] LogOutputStream:75 - [STDERR_REDIRECT] 
2025-09-08 18:57:45,722 [ERROR] LogOutputStream:75 - [STDERR_REDIRECT] [Fatal Error] :1:1: Premature end of file.
2025-09-08 18:57:45,723 [ERROR] LogOutputStream:75 - [STDERR_REDIRECT] 
2025-09-08 18:57:46,771 [ERROR] LogOutputStream:75 - [STDERR_REDIRECT] [Fatal Error] :1:1: Premature end of file.
2025-09-08 18:57:46,772 [ERROR] LogOutputStream:75 - [STDERR_REDIRECT] 
2025-09-08 18:57:47,720 [ERROR] LogOutputStream:75 - [STDERR_REDIRECT] [Fatal Error] :1:1: Premature end of file.
2025-09-08 18:57:47,720 [ERROR] LogOutputStream:75 - [STDERR_REDIRECT] 
2025-09-08 18:57:48,711 [ERROR] LogOutputStream:75 - [STDERR_REDIRECT] [Fatal Error] :1:1: Premature end of file.
2025-09-08 18:57:48,711 [ERROR] LogOutputStream:75 - [STDERR_REDIRECT] 
2025-09-08 18:57:49,722 [ERROR] LogOutputStream:75 - [STDERR_REDIRECT] [Fatal Error] :1:1: Premature end of file.
2025-09-08 18:57:49,723 [ERROR] LogOutputStream:75 - [STDERR_REDIRECT] 
2025-09-08 18:57:50,724 [ERROR] LogOutputStream:75 - [STDERR_REDIRECT] [Fatal Error] :1:1: Premature end of file.
2025-09-08 18:57:50,724 [ERROR] LogOutputStream:75 - [STDERR_REDIRECT] 
2025-09-08 18:57:51,700 [ERROR] LogOutputStream:75 - [STDERR_REDIRECT] [Fatal Error] :1:1: Premature end of file.
2025-09-08 18:57:51,700 [ERROR] LogOutputStream:75 - [STDERR_REDIRECT] 
2025-09-08 18:57:52,754 [ERROR] LogOutputStream:75 - [STDERR_REDIRECT] [Fatal Error] :1:1: Premature end of file.
2025-09-08 18:57:52,756 [ERROR] LogOutputStream:75 - [STDERR_REDIRECT] 
2025-09-08 18:57:53,734 [ERROR] LogOutputStream:75 - [STDERR_REDIRECT] [Fatal Error] :1:1: Premature end of file.
2025-09-08 18:57:53,734 [ERROR] LogOutputStream:75 - [STDERR_REDIRECT] 
2025-09-08 18:57:54,716 [ERROR] LogOutputStream:75 - [STDERR_REDIRECT] [Fatal Error] :1:1: Premature end of file.
2025-09-08 18:57:54,717 [ERROR] LogOutputStream:75 - [STDERR_REDIRECT] 
2025-09-08 18:57:55,739 [ERROR] LogOutputStream:75 - [STDERR_REDIRECT] [Fatal Error] :1:1: Premature end of file.
2025-09-08 18:57:55,739 [ERROR] LogOutputStream:75 - [STDERR_REDIRECT] 
2025-09-08 18:57:56,715 [ERROR] LogOutputStream:75 - [STDERR_REDIRECT] [Fatal Error] :1:1: Premature end of file.
2025-09-08 18:57:56,716 [ERROR] LogOutputStream:75 - [STDERR_REDIRECT] 
2025-09-08 18:57:57,719 [ERROR] LogOutputStream:75 - [STDERR_REDIRECT] [Fatal Error] :1:1: Premature end of file.
2025-09-08 18:57:57,719 [ERROR] LogOutputStream:75 - [STDERR_REDIRECT] 
2025-09-08 18:57:58,728 [ERROR] LogOutputStream:75 - [STDERR_REDIRECT] [Fatal Error] :1:1: Premature end of file.
2025-09-08 18:57:58,728 [ERROR] LogOutputStream:75 - [STDERR_REDIRECT] 
2025-09-08 18:57:59,728 [ERROR] LogOutputStream:75 - [STDERR_REDIRECT] [Fatal Error] :1:1: Premature end of file.
2025-09-08 18:57:59,728 [ERROR] LogOutputStream:75 - [STDERR_REDIRECT] 
2025-09-08 18:58:00,714 [ERROR] LogOutputStream:75 - [STDERR_REDIRECT] [Fatal Error] :1:1: Premature end of file.
2025-09-08 18:58:00,714 [ERROR] LogOutputStream:75 - [STDERR_REDIRECT] 
2025-09-08 18:58:01,737 [ERROR] LogOutputStream:75 - [STDERR_REDIRECT] [Fatal Error] :1:1: Premature end of file.
2025-09-08 18:58:01,738 [ERROR] LogOutputStream:75 - [STDERR_REDIRECT] 
2025-09-08 18:58:02,715 [ERROR] LogOutputStream:75 - [STDERR_REDIRECT] [Fatal Error] :1:1: Premature end of file.
2025-09-08 18:58:02,716 [ERROR] LogOutputStream:75 - [STDERR_REDIRECT] 
2025-09-08 18:58:03,725 [ERROR] LogOutputStream:75 - [STDERR_REDIRECT] [Fatal Error] :1:1: Premature end of file.
2025-09-08 18:58:03,725 [ERROR] LogOutputStream:75 - [STDERR_REDIRECT] 
2025-09-08 18:58:04,726 [ERROR] LogOutputStream:75 - [STDERR_REDIRECT] [Fatal Error] :1:1: Premature end of file.
2025-09-08 18:58:04,727 [ERROR] LogOutputStream:75 - [STDERR_REDIRECT] 
2025-09-08 18:58:05,693 [ERROR] LogOutputStream:75 - [STDERR_REDIRECT] [Fatal Error] :1:1: Premature end of file.
2025-09-08 18:58:05,693 [ERROR] LogOutputStream:75 - [STDERR_REDIRECT] 
2025-09-08 18:58:06,717 [ERROR] LogOutputStream:75 - [STDERR_REDIRECT] [Fatal Error] :1:1: Premature end of file.
2025-09-08 18:58:06,717 [ERROR] LogOutputStream:75 - [STDERR_REDIRECT] 
2025-09-08 18:58:07,737 [ERROR] LogOutputStream:75 - [STDERR_REDIRECT] [Fatal Error] :1:1: Premature end of file.
2025-09-08 18:58:07,737 [ERROR] LogOutputStream:75 - [STDERR_REDIRECT] 
2025-09-08 18:58:08,732 [ERROR] LogOutputStream:75 - [STDERR_REDIRECT] [Fatal Error] :1:1: Premature end of file.
2025-09-08 18:58:08,733 [ERROR] LogOutputStream:75 - [STDERR_REDIRECT] 
2025-09-08 18:58:09,722 [ERROR] LogOutputStream:75 - [STDERR_REDIRECT] [Fatal Error] :1:1: Premature end of file.
2025-09-08 18:58:09,722 [ERROR] LogOutputStream:75 - [STDERR_REDIRECT] 
2025-09-08 18:58:10,729 [ERROR] LogOutputStream:75 - [STDERR_REDIRECT] [Fatal Error] :1:1: Premature end of file.
2025-09-08 18:58:10,729 [ERROR] LogOutputStream:75 - [STDERR_REDIRECT] 
2025-09-08 18:58:11,724 [ERROR] LogOutputStream:75 - [STDERR_REDIRECT] [Fatal Error] :1:1: Premature end of file.
2025-09-08 18:58:11,724 [ERROR] LogOutputStream:75 - [STDERR_REDIRECT] 
2025-09-08 18:58:12,729 [ERROR] LogOutputStream:75 - [STDERR_REDIRECT] [Fatal Error] :1:1: Premature end of file.
2025-09-08 18:58:12,729 [ERROR] LogOutputStream:75 - [STDERR_REDIRECT] 
2025-09-08 18:58:13,730 [ERROR] LogOutputStream:75 - [STDERR_REDIRECT] [Fatal Error] :1:1: Premature end of file.
2025-09-08 18:58:13,730 [ERROR] LogOutputStream:75 - [STDERR_REDIRECT] 
2025-09-08 18:58:14,730 [ERROR] LogOutputStream:75 - [STDERR_REDIRECT] [Fatal Error] :1:1: Premature end of file.
2025-09-08 18:58:14,730 [ERROR] LogOutputStream:75 - [STDERR_REDIRECT] 
2025-09-08 18:58:15,723 [ERROR] LogOutputStream:75 - [STDERR_REDIRECT] [Fatal Error] :1:1: Premature end of file.
2025-09-08 18:58:15,724 [ERROR] LogOutputStream:75 - [STDERR_REDIRECT] 
2025-09-08 18:58:16,727 [ERROR] LogOutputStream:75 - [STDERR_REDIRECT] [Fatal Error] :1:1: Premature end of file.
2025-09-08 18:58:16,727 [ERROR] LogOutputStream:75 - [STDERR_REDIRECT] 
2025-09-08 18:58:17,728 [ERROR] LogOutputStream:75 - [STDERR_REDIRECT] [Fatal Error] :1:1: Premature end of file.
2025-09-08 18:58:17,729 [ERROR] LogOutputStream:75 - [STDERR_REDIRECT] 
2025-09-08 18:58:18,726 [ERROR] LogOutputStream:75 - [STDERR_REDIRECT] [Fatal Error] :1:1: Premature end of file.
2025-09-08 18:58:18,726 [ERROR] LogOutputStream:75 - [STDERR_REDIRECT] 
2025-09-08 18:58:19,721 [ERROR] LogOutputStream:75 - [STDERR_REDIRECT] [Fatal Error] :1:1: Premature end of file.
2025-09-08 18:58:19,721 [ERROR] LogOutputStream:75 - [STDERR_REDIRECT] 
2025-09-08 18:58:20,718 [ERROR] LogOutputStream:75 - [STDERR_REDIRECT] [Fatal Error] :1:1: Premature end of file.
2025-09-08 18:58:20,718 [ERROR] LogOutputStream:75 - [STDERR_REDIRECT] 
2025-09-08 18:58:21,720 [ERROR] LogOutputStream:75 - [STDERR_REDIRECT] [Fatal Error] :1:1: Premature end of file.
2025-09-08 18:58:21,721 [ERROR] LogOutputStream:75 - [STDERR_REDIRECT] 
2025-09-08 18:58:22,724 [ERROR] LogOutputStream:75 - [STDERR_REDIRECT] [Fatal Error] :1:1: Premature end of file.
2025-09-08 18:58:22,725 [ERROR] LogOutputStream:75 - [STDERR_REDIRECT] 
2025-09-08 18:58:23,727 [ERROR] LogOutputStream:75 - [STDERR_REDIRECT] [Fatal Error] :1:1: Premature end of file.
2025-09-08 18:58:23,727 [ERROR] LogOutputStream:75 - [STDERR_REDIRECT] 
2025-09-08 18:58:24,725 [ERROR] LogOutputStream:75 - [STDERR_REDIRECT] [Fatal Error] :1:1: Premature end of file.
2025-09-08 18:58:24,726 [ERROR] LogOutputStream:75 - [STDERR_REDIRECT] 
2025-09-08 18:58:25,723 [ERROR] LogOutputStream:75 - [STDERR_REDIRECT] [Fatal Error] :1:1: Premature end of file.
2025-09-08 18:58:25,723 [ERROR] LogOutputStream:75 - [STDERR_REDIRECT] 
2025-09-08 18:58:26,729 [ERROR] LogOutputStream:75 - [STDERR_REDIRECT] [Fatal Error] :1:1: Premature end of file.
2025-09-08 18:58:26,729 [ERROR] LogOutputStream:75 - [STDERR_REDIRECT] 
2025-09-08 18:58:27,725 [ERROR] LogOutputStream:75 - [STDERR_REDIRECT] [Fatal Error] :1:1: Premature end of file.
2025-09-08 18:58:27,725 [ERROR] LogOutputStream:75 - [STDERR_REDIRECT] 
2025-09-08 18:58:28,722 [ERROR] LogOutputStream:75 - [STDERR_REDIRECT] [Fatal Error] :1:1: Premature end of file.
2025-09-08 18:58:28,722 [ERROR] LogOutputStream:75 - [STDERR_REDIRECT] 
2025-09-08 18:58:29,733 [ERROR] LogOutputStream:75 - [STDERR_REDIRECT] [Fatal Error] :1:1: Premature end of file.
2025-09-08 18:58:29,733 [ERROR] LogOutputStream:75 - [STDERR_REDIRECT] 
2025-09-08 18:58:30,727 [ERROR] LogOutputStream:75 - [STDERR_REDIRECT] [Fatal Error] :1:1: Premature end of file.
2025-09-08 18:58:30,727 [ERROR] LogOutputStream:75 - [STDERR_REDIRECT] 
2025-09-08 18:58:31,731 [ERROR] LogOutputStream:75 - [STDERR_REDIRECT] [Fatal Error] :1:1: Premature end of file.
2025-09-08 18:58:31,731 [ERROR] LogOutputStream:75 - [STDERR_REDIRECT] 
2025-09-08 18:58:32,730 [ERROR] LogOutputStream:75 - [STDERR_REDIRECT] [Fatal Error] :1:1: Premature end of file.
2025-09-08 18:58:32,730 [ERROR] LogOutputStream:75 - [STDERR_REDIRECT] 
2025-09-08 18:58:33,723 [ERROR] LogOutputStream:75 - [STDERR_REDIRECT] [Fatal Error] :1:1: Premature end of file.
2025-09-08 18:58:33,723 [ERROR] LogOutputStream:75 - [STDERR_REDIRECT] 
2025-09-08 18:58:34,727 [ERROR] LogOutputStream:75 - [STDERR_REDIRECT] [Fatal Error] :1:1: Premature end of file.
2025-09-08 18:58:34,727 [ERROR] LogOutputStream:75 - [STDERR_REDIRECT] 
2025-09-08 18:58:35,731 [ERROR] LogOutputStream:75 - [STDERR_REDIRECT] [Fatal Error] :1:1: Premature end of file.
2025-09-08 18:58:35,731 [ERROR] LogOutputStream:75 - [STDERR_REDIRECT] 
2025-09-08 18:58:36,729 [ERROR] LogOutputStream:75 - [STDERR_REDIRECT] [Fatal Error] :1:1: Premature end of file.
2025-09-08 18:58:36,729 [ERROR] LogOutputStream:75 - [STDERR_REDIRECT] 
2025-09-08 18:58:37,720 [ERROR] LogOutputStream:75 - [STDERR_REDIRECT] [Fatal Error] :1:1: Premature end of file.
2025-09-08 18:58:37,720 [ERROR] LogOutputStream:75 - [STDERR_REDIRECT] 
2025-09-08 18:58:38,731 [ERROR] LogOutputStream:75 - [STDERR_REDIRECT] [Fatal Error] :1:1: Premature end of file.
2025-09-08 18:58:38,731 [ERROR] LogOutputStream:75 - [STDERR_REDIRECT] 
2025-09-08 18:58:39,728 [ERROR] LogOutputStream:75 - [STDERR_REDIRECT] [Fatal Error] :1:1: Premature end of file.
2025-09-08 18:58:39,728 [ERROR] LogOutputStream:75 - [STDERR_REDIRECT] 
2025-09-08 18:58:40,705 [ERROR] LogOutputStream:75 - [STDERR_REDIRECT] [Fatal Error] :1:1: Premature end of file.
2025-09-08 18:58:40,706 [ERROR] LogOutputStream:75 - [STDERR_REDIRECT] 
2025-09-08 18:58:41,705 [ERROR] LogOutputStream:75 - [STDERR_REDIRECT] [Fatal Error] :1:1: Premature end of file.
2025-09-08 18:58:41,705 [ERROR] LogOutputStream:75 - [STDERR_REDIRECT] 
2025-09-08 18:58:42,740 [ERROR] LogOutputStream:75 - [STDERR_REDIRECT] [Fatal Error] :1:1: Premature end of file.
2025-09-08 18:58:42,740 [ERROR] LogOutputStream:75 - [STDERR_REDIRECT] 
2025-09-08 18:58:43,713 [ERROR] LogOutputStream:75 - [STDERR_REDIRECT] [Fatal Error] :1:1: Premature end of file.
2025-09-08 18:58:43,713 [ERROR] LogOutputStream:75 - [STDERR_REDIRECT] 
2025-09-08 18:58:44,767 [ERROR] LogOutputStream:75 - [STDERR_REDIRECT] [Fatal Error] :1:1: Premature end of file.
2025-09-08 18:58:44,768 [ERROR] LogOutputStream:75 - [STDERR_REDIRECT] 
2025-09-08 18:58:45,713 [ERROR] LogOutputStream:75 - [STDERR_REDIRECT] [Fatal Error] :1:1: Premature end of file.
2025-09-08 18:58:45,714 [ERROR] LogOutputStream:75 - [STDERR_REDIRECT] 
2025-09-08 18:58:46,727 [ERROR] LogOutputStream:75 - [STDERR_REDIRECT] [Fatal Error] :1:1: Premature end of file.
2025-09-08 18:58:46,727 [ERROR] LogOutputStream:75 - [STDERR_REDIRECT] 
2025-09-08 18:58:47,744 [ERROR] LogOutputStream:75 - [STDERR_REDIRECT] [Fatal Error] :1:1: Premature end of file.
2025-09-08 18:58:47,744 [ERROR] LogOutputStream:75 - [STDERR_REDIRECT] 
2025-09-08 18:58:48,734 [ERROR] LogOutputStream:75 - [STDERR_REDIRECT] [Fatal Error] :1:1: Premature end of file.
2025-09-08 18:58:48,735 [ERROR] LogOutputStream:75 - [STDERR_REDIRECT] 
2025-09-08 18:58:49,731 [ERROR] LogOutputStream:75 - [STDERR_REDIRECT] [Fatal Error] :1:1: Premature end of file.
2025-09-08 18:58:49,731 [ERROR] LogOutputStream:75 - [STDERR_REDIRECT] 
2025-09-08 18:58:50,727 [ERROR] LogOutputStream:75 - [STDERR_REDIRECT] [Fatal Error] :1:1: Premature end of file.
2025-09-08 18:58:50,727 [ERROR] LogOutputStream:75 - [STDERR_REDIRECT] 
2025-09-08 18:58:51,727 [ERROR] LogOutputStream:75 - [STDERR_REDIRECT] [Fatal Error] :1:1: Premature end of file.
2025-09-08 18:58:51,727 [ERROR] LogOutputStream:75 - [STDERR_REDIRECT] 
2025-09-08 18:58:52,711 [ERROR] LogOutputStream:75 - [STDERR_REDIRECT] [Fatal Error] :1:1: Premature end of file.
2025-09-08 18:58:52,711 [ERROR] LogOutputStream:75 - [STDERR_REDIRECT] 
2025-09-08 18:58:53,746 [ERROR] LogOutputStream:75 - [STDERR_REDIRECT] [Fatal Error] :1:1: Premature end of file.
2025-09-08 18:58:53,747 [ERROR] LogOutputStream:75 - [STDERR_REDIRECT] 
2025-09-08 18:58:54,728 [ERROR] LogOutputStream:75 - [STDERR_REDIRECT] [Fatal Error] :1:1: Premature end of file.
2025-09-08 18:58:54,728 [ERROR] LogOutputStream:75 - [STDERR_REDIRECT] 
2025-09-08 18:58:55,712 [ERROR] LogOutputStream:75 - [STDERR_REDIRECT] [Fatal Error] :1:1: Premature end of file.
2025-09-08 18:58:55,712 [ERROR] LogOutputStream:75 - [STDERR_REDIRECT] 
2025-09-08 18:58:56,702 [ERROR] LogOutputStream:75 - [STDERR_REDIRECT] [Fatal Error] :1:1: Premature end of file.
2025-09-08 18:58:56,702 [ERROR] LogOutputStream:75 - [STDERR_REDIRECT] 
2025-09-08 18:58:57,727 [ERROR] LogOutputStream:75 - [STDERR_REDIRECT] [Fatal Error] :1:1: Premature end of file.
2025-09-08 18:58:57,727 [ERROR] LogOutputStream:75 - [STDERR_REDIRECT] 
2025-09-08 18:58:58,727 [ERROR] LogOutputStream:75 - [STDERR_REDIRECT] [Fatal Error] :1:1: Premature end of file.
2025-09-08 18:58:58,727 [ERROR] LogOutputStream:75 - [STDERR_REDIRECT] 
2025-09-08 18:58:59,720 [ERROR] LogOutputStream:75 - [STDERR_REDIRECT] [Fatal Error] :1:1: Premature end of file.
2025-09-08 18:58:59,720 [ERROR] LogOutputStream:75 - [STDERR_REDIRECT] 
2025-09-08 18:59:00,711 [ERROR] LogOutputStream:75 - [STDERR_REDIRECT] [Fatal Error] :1:1: Premature end of file.
2025-09-08 18:59:00,711 [ERROR] LogOutputStream:75 - [STDERR_REDIRECT] 
2025-09-08 18:59:01,725 [ERROR] LogOutputStream:75 - [STDERR_REDIRECT] [Fatal Error] :1:1: Premature end of file.
2025-09-08 18:59:01,726 [ERROR] LogOutputStream:75 - [STDERR_REDIRECT] 
2025-09-08 18:59:02,729 [ERROR] LogOutputStream:75 - [STDERR_REDIRECT] [Fatal Error] :1:1: Premature end of file.
2025-09-08 18:59:02,729 [ERROR] LogOutputStream:75 - [STDERR_REDIRECT] 
2025-09-08 18:59:03,723 [ERROR] LogOutputStream:75 - [STDERR_REDIRECT] [Fatal Error] :1:1: Premature end of file.
2025-09-08 18:59:03,723 [ERROR] LogOutputStream:75 - [STDERR_REDIRECT] 
2025-09-08 18:59:04,731 [ERROR] LogOutputStream:75 - [STDERR_REDIRECT] [Fatal Error] :1:1: Premature end of file.
2025-09-08 18:59:04,731 [ERROR] LogOutputStream:75 - [STDERR_REDIRECT] 
2025-09-08 18:59:05,736 [ERROR] LogOutputStream:75 - [STDERR_REDIRECT] [Fatal Error] :1:1: Premature end of file.
2025-09-08 18:59:05,736 [ERROR] LogOutputStream:75 - [STDERR_REDIRECT] 
2025-09-08 18:59:06,734 [ERROR] LogOutputStream:75 - [STDERR_REDIRECT] [Fatal Error] :1:1: Premature end of file.
2025-09-08 18:59:06,734 [ERROR] LogOutputStream:75 - [STDERR_REDIRECT] 
2025-09-08 18:59:07,728 [ERROR] LogOutputStream:75 - [STDERR_REDIRECT] [Fatal Error] :1:1: Premature end of file.
2025-09-08 18:59:07,728 [ERROR] LogOutputStream:75 - [STDERR_REDIRECT] 
2025-09-08 18:59:08,731 [ERROR] LogOutputStream:75 - [STDERR_REDIRECT] [Fatal Error] :1:1: Premature end of file.
2025-09-08 18:59:08,731 [ERROR] LogOutputStream:75 - [STDERR_REDIRECT] 
2025-09-08 18:59:09,725 [ERROR] LogOutputStream:75 - [STDERR_REDIRECT] [Fatal Error] :1:1: Premature end of file.
2025-09-08 18:59:09,726 [ERROR] LogOutputStream:75 - [STDERR_REDIRECT] 
2025-09-08 18:59:10,715 [ERROR] LogOutputStream:75 - [STDERR_REDIRECT] [Fatal Error] :1:1: Premature end of file.
2025-09-08 18:59:10,715 [ERROR] LogOutputStream:75 - [STDERR_REDIRECT] 
2025-09-08 18:59:11,727 [ERROR] LogOutputStream:75 - [STDERR_REDIRECT] [Fatal Error] :1:1: Premature end of file.
2025-09-08 18:59:11,727 [ERROR] LogOutputStream:75 - [STDERR_REDIRECT] 
2025-09-08 18:59:12,722 [ERROR] LogOutputStream:75 - [STDERR_REDIRECT] [Fatal Error] :1:1: Premature end of file.
2025-09-08 18:59:12,722 [ERROR] LogOutputStream:75 - [STDERR_REDIRECT] 
2025-09-08 18:59:13,720 [ERROR] LogOutputStream:75 - [STDERR_REDIRECT] [Fatal Error] :1:1: Premature end of file.
2025-09-08 18:59:13,720 [ERROR] LogOutputStream:75 - [STDERR_REDIRECT] 
2025-09-08 18:59:14,730 [ERROR] LogOutputStream:75 - [STDERR_REDIRECT] [Fatal Error] :1:1: Premature end of file.
2025-09-08 18:59:14,731 [ERROR] LogOutputStream:75 - [STDERR_REDIRECT] 
2025-09-08 18:59:15,722 [ERROR] LogOutputStream:75 - [STDERR_REDIRECT] [Fatal Error] :1:1: Premature end of file.
2025-09-08 18:59:15,722 [ERROR] LogOutputStream:75 - [STDERR_REDIRECT] 
2025-09-08 18:59:16,722 [ERROR] LogOutputStream:75 - [STDERR_REDIRECT] [Fatal Error] :1:1: Premature end of file.
2025-09-08 18:59:16,722 [ERROR] LogOutputStream:75 - [STDERR_REDIRECT] 
2025-09-08 18:59:17,730 [ERROR] LogOutputStream:75 - [STDERR_REDIRECT] [Fatal Error] :1:1: Premature end of file.
2025-09-08 18:59:17,730 [ERROR] LogOutputStream:75 - [STDERR_REDIRECT] 
2025-09-08 18:59:18,726 [ERROR] LogOutputStream:75 - [STDERR_REDIRECT] [Fatal Error] :1:1: Premature end of file.
2025-09-08 18:59:18,726 [ERROR] LogOutputStream:75 - [STDERR_REDIRECT] 
2025-09-08 18:59:19,725 [ERROR] LogOutputStream:75 - [STDERR_REDIRECT] [Fatal Error] :1:1: Premature end of file.
2025-09-08 18:59:19,725 [ERROR] LogOutputStream:75 - [STDERR_REDIRECT] 
2025-09-08 18:59:20,730 [ERROR] LogOutputStream:75 - [STDERR_REDIRECT] [Fatal Error] :1:1: Premature end of file.
2025-09-08 18:59:20,730 [ERROR] LogOutputStream:75 - [STDERR_REDIRECT] 
2025-09-08 18:59:21,724 [ERROR] LogOutputStream:75 - [STDERR_REDIRECT] [Fatal Error] :1:1: Premature end of file.
2025-09-08 18:59:21,725 [ERROR] LogOutputStream:75 - [STDERR_REDIRECT] 
2025-09-08 18:59:22,719 [ERROR] LogOutputStream:75 - [STDERR_REDIRECT] [Fatal Error] :1:1: Premature end of file.
2025-09-08 18:59:22,719 [ERROR] LogOutputStream:75 - [STDERR_REDIRECT] 
2025-09-08 18:59:23,731 [ERROR] LogOutputStream:75 - [STDERR_REDIRECT] [Fatal Error] :1:1: Premature end of file.
2025-09-08 18:59:23,732 [ERROR] LogOutputStream:75 - [STDERR_REDIRECT] 
2025-09-08 18:59:24,728 [ERROR] LogOutputStream:75 - [STDERR_REDIRECT] [Fatal Error] :1:1: Premature end of file.
2025-09-08 18:59:24,728 [ERROR] LogOutputStream:75 - [STDERR_REDIRECT] 
2025-09-08 18:59:25,725 [ERROR] LogOutputStream:75 - [STDERR_REDIRECT] [Fatal Error] :1:1: Premature end of file.
2025-09-08 18:59:25,725 [ERROR] LogOutputStream:75 - [STDERR_REDIRECT] 
2025-09-08 18:59:26,725 [ERROR] LogOutputStream:75 - [STDERR_REDIRECT] [Fatal Error] :1:1: Premature end of file.
2025-09-08 18:59:26,725 [ERROR] LogOutputStream:75 - [STDERR_REDIRECT] 
2025-09-08 18:59:27,729 [ERROR] LogOutputStream:75 - [STDERR_REDIRECT] [Fatal Error] :1:1: Premature end of file.
2025-09-08 18:59:27,729 [ERROR] LogOutputStream:75 - [STDERR_REDIRECT] 
2025-09-08 18:59:28,725 [ERROR] LogOutputStream:75 - [STDERR_REDIRECT] [Fatal Error] :1:1: Premature end of file.
2025-09-08 18:59:28,726 [ERROR] LogOutputStream:75 - [STDERR_REDIRECT] 
2025-09-08 18:59:29,728 [ERROR] LogOutputStream:75 - [STDERR_REDIRECT] [Fatal Error] :1:1: Premature end of file.
2025-09-08 18:59:29,728 [ERROR] LogOutputStream:75 - [STDERR_REDIRECT] 
2025-09-08 18:59:30,727 [ERROR] LogOutputStream:75 - [STDERR_REDIRECT] [Fatal Error] :1:1: Premature end of file.
2025-09-08 18:59:30,727 [ERROR] LogOutputStream:75 - [STDERR_REDIRECT] 
2025-09-08 18:59:31,719 [ERROR] LogOutputStream:75 - [STDERR_REDIRECT] [Fatal Error] :1:1: Premature end of file.
2025-09-08 18:59:31,719 [ERROR] LogOutputStream:75 - [STDERR_REDIRECT] 
2025-09-08 18:59:32,726 [ERROR] LogOutputStream:75 - [STDERR_REDIRECT] [Fatal Error] :1:1: Premature end of file.
2025-09-08 18:59:32,726 [ERROR] LogOutputStream:75 - [STDERR_REDIRECT] 
2025-09-08 18:59:33,725 [ERROR] LogOutputStream:75 - [STDERR_REDIRECT] [Fatal Error] :1:1: Premature end of file.
2025-09-08 18:59:33,725 [ERROR] LogOutputStream:75 - [STDERR_REDIRECT] 
2025-09-08 18:59:34,724 [ERROR] LogOutputStream:75 - [STDERR_REDIRECT] [Fatal Error] :1:1: Premature end of file.
2025-09-08 18:59:34,724 [ERROR] LogOutputStream:75 - [STDERR_REDIRECT] 
2025-09-08 18:59:35,726 [ERROR] LogOutputStream:75 - [STDERR_REDIRECT] [Fatal Error] :1:1: Premature end of file.
2025-09-08 18:59:35,726 [ERROR] LogOutputStream:75 - [STDERR_REDIRECT] 
2025-09-08 18:59:36,731 [ERROR] LogOutputStream:75 - [STDERR_REDIRECT] [Fatal Error] :1:1: Premature end of file.
2025-09-08 18:59:36,731 [ERROR] LogOutputStream:75 - [STDERR_REDIRECT] 
2025-09-08 18:59:37,724 [ERROR] LogOutputStream:75 - [STDERR_REDIRECT] [Fatal Error] :1:1: Premature end of file.
2025-09-08 18:59:37,724 [ERROR] LogOutputStream:75 - [STDERR_REDIRECT] 
2025-09-08 18:59:38,728 [ERROR] LogOutputStream:75 - [STDERR_REDIRECT] [Fatal Error] :1:1: Premature end of file.
2025-09-08 18:59:38,728 [ERROR] LogOutputStream:75 - [STDERR_REDIRECT] 
2025-09-08 18:59:39,759 [ERROR] LogOutputStream:75 - [STDERR_REDIRECT] [Fatal Error] :1:1: Premature end of file.
2025-09-08 18:59:39,759 [ERROR] LogOutputStream:75 - [STDERR_REDIRECT] 
2025-09-08 18:59:40,731 [ERROR] LogOutputStream:75 - [STDERR_REDIRECT] [Fatal Error] :1:1: Premature end of file.
2025-09-08 18:59:40,731 [ERROR] LogOutputStream:75 - [STDERR_REDIRECT] 
2025-09-08 18:59:41,731 [ERROR] LogOutputStream:75 - [STDERR_REDIRECT] [Fatal Error] :1:1: Premature end of file.
2025-09-08 18:59:41,732 [ERROR] LogOutputStream:75 - [STDERR_REDIRECT] 
2025-09-08 18:59:42,726 [ERROR] LogOutputStream:75 - [STDERR_REDIRECT] [Fatal Error] :1:1: Premature end of file.
2025-09-08 18:59:42,726 [ERROR] LogOutputStream:75 - [STDERR_REDIRECT] 
2025-09-08 18:59:43,722 [ERROR] LogOutputStream:75 - [STDERR_REDIRECT] [Fatal Error] :1:1: Premature end of file.
2025-09-08 18:59:43,723 [ERROR] LogOutputStream:75 - [STDERR_REDIRECT] 
2025-09-08 18:59:44,730 [ERROR] LogOutputStream:75 - [STDERR_REDIRECT] [Fatal Error] :1:1: Premature end of file.
2025-09-08 18:59:44,731 [ERROR] LogOutputStream:75 - [STDERR_REDIRECT] 
2025-09-08 18:59:45,722 [ERROR] LogOutputStream:75 - [STDERR_REDIRECT] [Fatal Error] :1:1: Premature end of file.
2025-09-08 18:59:45,723 [ERROR] LogOutputStream:75 - [STDERR_REDIRECT] 
2025-09-08 18:59:46,731 [ERROR] LogOutputStream:75 - [STDERR_REDIRECT] [Fatal Error] :1:1: Premature end of file.
2025-09-08 18:59:46,731 [ERROR] LogOutputStream:75 - [STDERR_REDIRECT] 
2025-09-08 18:59:47,732 [ERROR] LogOutputStream:75 - [STDERR_REDIRECT] [Fatal Error] :1:1: Premature end of file.
2025-09-08 18:59:47,733 [ERROR] LogOutputStream:75 - [STDERR_REDIRECT] 
2025-09-08 18:59:48,721 [ERROR] LogOutputStream:75 - [STDERR_REDIRECT] [Fatal Error] :1:1: Premature end of file.
2025-09-08 18:59:48,722 [ERROR] LogOutputStream:75 - [STDERR_REDIRECT] 
2025-09-08 18:59:49,725 [ERROR] LogOutputStream:75 - [STDERR_REDIRECT] [Fatal Error] :1:1: Premature end of file.
2025-09-08 18:59:49,725 [ERROR] LogOutputStream:75 - [STDERR_REDIRECT] 
2025-09-08 18:59:50,727 [ERROR] LogOutputStream:75 - [STDERR_REDIRECT] [Fatal Error] :1:1: Premature end of file.
2025-09-08 18:59:50,727 [ERROR] LogOutputStream:75 - [STDERR_REDIRECT] 
2025-09-08 18:59:51,722 [ERROR] LogOutputStream:75 - [STDERR_REDIRECT] [Fatal Error] :1:1: Premature end of file.
2025-09-08 18:59:51,722 [ERROR] LogOutputStream:75 - [STDERR_REDIRECT] 
2025-09-08 18:59:52,724 [ERROR] LogOutputStream:75 - [STDERR_REDIRECT] [Fatal Error] :1:1: Premature end of file.
2025-09-08 18:59:52,724 [ERROR] LogOutputStream:75 - [STDERR_REDIRECT] 
2025-09-08 18:59:53,725 [ERROR] LogOutputStream:75 - [STDERR_REDIRECT] [Fatal Error] :1:1: Premature end of file.
2025-09-08 18:59:53,725 [ERROR] LogOutputStream:75 - [STDERR_REDIRECT] 
2025-09-08 18:59:54,725 [ERROR] LogOutputStream:75 - [STDERR_REDIRECT] [Fatal Error] :1:1: Premature end of file.
2025-09-08 18:59:54,725 [ERROR] LogOutputStream:75 - [STDERR_REDIRECT] 
2025-09-08 18:59:55,730 [ERROR] LogOutputStream:75 - [STDERR_REDIRECT] [Fatal Error] :1:1: Premature end of file.
2025-09-08 18:59:55,730 [ERROR] LogOutputStream:75 - [STDERR_REDIRECT] 
2025-09-08 18:59:56,724 [ERROR] LogOutputStream:75 - [STDERR_REDIRECT] [Fatal Error] :1:1: Premature end of file.
2025-09-08 18:59:56,730 [ERROR] LogOutputStream:75 - [STDERR_REDIRECT] 
2025-09-08 18:59:57,728 [ERROR] LogOutputStream:75 - [STDERR_REDIRECT] [Fatal Error] :1:1: Premature end of file.
2025-09-08 18:59:57,728 [ERROR] LogOutputStream:75 - [STDERR_REDIRECT] 
2025-09-08 18:59:58,705 [ERROR] LogOutputStream:75 - [STDERR_REDIRECT] [Fatal Error] :1:1: Premature end of file.
2025-09-08 18:59:58,705 [ERROR] LogOutputStream:75 - [STDERR_REDIRECT] 
2025-09-08 18:59:59,726 [ERROR] LogOutputStream:75 - [STDERR_REDIRECT] [Fatal Error] :1:1: Premature end of file.
2025-09-08 18:59:59,727 [ERROR] LogOutputStream:75 - [STDERR_REDIRECT] 
2025-09-08 19:00:00,690 [ERROR] LogOutputStream:75 - [STDERR_REDIRECT] [Fatal Error] :1:1: Premature end of file.
2025-09-08 19:00:00,691 [ERROR] LogOutputStream:75 - [STDERR_REDIRECT] 
2025-09-08 19:00:01,719 [ERROR] LogOutputStream:75 - [STDERR_REDIRECT] [Fatal Error] :1:1: Premature end of file.
2025-09-08 19:00:01,719 [ERROR] LogOutputStream:75 - [STDERR_REDIRECT] 
2025-09-08 19:00:02,776 [ERROR] LogOutputStream:75 - [STDERR_REDIRECT] [Fatal Error] :1:1: Premature end of file.
2025-09-08 19:00:02,776 [ERROR] LogOutputStream:75 - [STDERR_REDIRECT] 
2025-09-08 19:00:03,726 [ERROR] LogOutputStream:75 - [STDERR_REDIRECT] [Fatal Error] :1:1: Premature end of file.
2025-09-08 19:00:03,726 [ERROR] LogOutputStream:75 - [STDERR_REDIRECT] 
2025-09-08 19:00:04,707 [ERROR] LogOutputStream:75 - [STDERR_REDIRECT] [Fatal Error] :1:1: Premature end of file.
2025-09-08 19:00:04,707 [ERROR] LogOutputStream:75 - [STDERR_REDIRECT] 
2025-09-08 19:00:05,705 [ERROR] LogOutputStream:75 - [STDERR_REDIRECT] [Fatal Error] :1:1: Premature end of file.
2025-09-08 19:00:05,705 [ERROR] LogOutputStream:75 - [STDERR_REDIRECT] 
2025-09-08 19:00:06,711 [ERROR] LogOutputStream:75 - [STDERR_REDIRECT] [Fatal Error] :1:1: Premature end of file.
2025-09-08 19:00:06,711 [ERROR] LogOutputStream:75 - [STDERR_REDIRECT] 
2025-09-08 19:00:07,723 [ERROR] LogOutputStream:75 - [STDERR_REDIRECT] [Fatal Error] :1:1: Premature end of file.
2025-09-08 19:00:07,723 [ERROR] LogOutputStream:75 - [STDERR_REDIRECT] 
2025-09-08 19:00:08,728 [ERROR] LogOutputStream:75 - [STDERR_REDIRECT] [Fatal Error] :1:1: Premature end of file.
2025-09-08 19:00:08,729 [ERROR] LogOutputStream:75 - [STDERR_REDIRECT] 
2025-09-08 19:00:09,722 [ERROR] LogOutputStream:75 - [STDERR_REDIRECT] [Fatal Error] :1:1: Premature end of file.
2025-09-08 19:00:09,722 [ERROR] LogOutputStream:75 - [STDERR_REDIRECT] 
2025-09-08 19:00:10,729 [ERROR] LogOutputStream:75 - [STDERR_REDIRECT] [Fatal Error] :1:1: Premature end of file.
2025-09-08 19:00:10,730 [ERROR] LogOutputStream:75 - [STDERR_REDIRECT] 
2025-09-08 19:00:11,727 [ERROR] LogOutputStream:75 - [STDERR_REDIRECT] [Fatal Error] :1:1: Premature end of file.
2025-09-08 19:00:11,727 [ERROR] LogOutputStream:75 - [STDERR_REDIRECT] 
2025-09-08 19:00:12,706 [ERROR] LogOutputStream:75 - [STDERR_REDIRECT] [Fatal Error] :1:1: Premature end of file.
2025-09-08 19:00:12,707 [ERROR] LogOutputStream:75 - [STDERR_REDIRECT] 
2025-09-08 19:00:13,721 [ERROR] LogOutputStream:75 - [STDERR_REDIRECT] [Fatal Error] :1:1: Premature end of file.
2025-09-08 19:00:13,721 [ERROR] LogOutputStream:75 - [STDERR_REDIRECT] 
2025-09-08 19:00:14,727 [ERROR] LogOutputStream:75 - [STDERR_REDIRECT] [Fatal Error] :1:1: Premature end of file.
2025-09-08 19:00:14,727 [ERROR] LogOutputStream:75 - [STDERR_REDIRECT] 
2025-09-08 19:00:15,721 [ERROR] LogOutputStream:75 - [STDERR_REDIRECT] [Fatal Error] :1:1: Premature end of file.
2025-09-08 19:00:15,722 [ERROR] LogOutputStream:75 - [STDERR_REDIRECT] 
2025-09-08 19:00:16,735 [ERROR] LogOutputStream:75 - [STDERR_REDIRECT] [Fatal Error] :1:1: Premature end of file.
2025-09-08 19:00:16,736 [ERROR] LogOutputStream:75 - [STDERR_REDIRECT] 
2025-09-08 19:00:17,726 [ERROR] LogOutputStream:75 - [STDERR_REDIRECT] [Fatal Error] :1:1: Premature end of file.
2025-09-08 19:00:17,726 [ERROR] LogOutputStream:75 - [STDERR_REDIRECT] 
2025-09-08 19:00:18,731 [ERROR] LogOutputStream:75 - [STDERR_REDIRECT] [Fatal Error] :1:1: Premature end of file.
2025-09-08 19:00:18,731 [ERROR] LogOutputStream:75 - [STDERR_REDIRECT] 
2025-09-08 19:00:19,719 [ERROR] LogOutputStream:75 - [STDERR_REDIRECT] [Fatal Error] :1:1: Premature end of file.
2025-09-08 19:00:19,719 [ERROR] LogOutputStream:75 - [STDERR_REDIRECT] 
2025-09-08 19:00:20,730 [ERROR] LogOutputStream:75 - [STDERR_REDIRECT] [Fatal Error] :1:1: Premature end of file.
2025-09-08 19:00:20,730 [ERROR] LogOutputStream:75 - [STDERR_REDIRECT] 
2025-09-08 19:00:21,729 [ERROR] LogOutputStream:75 - [STDERR_REDIRECT] [Fatal Error] :1:1: Premature end of file.
2025-09-08 19:00:21,729 [ERROR] LogOutputStream:75 - [STDERR_REDIRECT] 
2025-09-08 19:00:22,728 [ERROR] LogOutputStream:75 - [STDERR_REDIRECT] [Fatal Error] :1:1: Premature end of file.
2025-09-08 19:00:22,728 [ERROR] LogOutputStream:75 - [STDERR_REDIRECT] 
2025-09-08 19:00:23,728 [ERROR] LogOutputStream:75 - [STDERR_REDIRECT] [Fatal Error] :1:1: Premature end of file.
2025-09-08 19:00:23,729 [ERROR] LogOutputStream:75 - [STDERR_REDIRECT] 
2025-09-08 19:00:24,723 [ERROR] LogOutputStream:75 - [STDERR_REDIRECT] [Fatal Error] :1:1: Premature end of file.
2025-09-08 19:00:24,723 [ERROR] LogOutputStream:75 - [STDERR_REDIRECT] 
2025-09-08 19:00:25,723 [ERROR] LogOutputStream:75 - [STDERR_REDIRECT] [Fatal Error] :1:1: Premature end of file.
2025-09-08 19:00:25,723 [ERROR] LogOutputStream:75 - [STDERR_REDIRECT] 
2025-09-08 19:00:26,727 [ERROR] LogOutputStream:75 - [STDERR_REDIRECT] [Fatal Error] :1:1: Premature end of file.
2025-09-08 19:00:26,727 [ERROR] LogOutputStream:75 - [STDERR_REDIRECT] 
2025-09-08 19:00:27,728 [ERROR] LogOutputStream:75 - [STDERR_REDIRECT] [Fatal Error] :1:1: Premature end of file.
2025-09-08 19:00:27,728 [ERROR] LogOutputStream:75 - [STDERR_REDIRECT] 
2025-09-08 19:00:28,721 [ERROR] LogOutputStream:75 - [STDERR_REDIRECT] [Fatal Error] :1:1: Premature end of file.
2025-09-08 19:00:28,722 [ERROR] LogOutputStream:75 - [STDERR_REDIRECT] 
2025-09-08 19:00:29,727 [ERROR] LogOutputStream:75 - [STDERR_REDIRECT] [Fatal Error] :1:1: Premature end of file.
2025-09-08 19:00:29,727 [ERROR] LogOutputStream:75 - [STDERR_REDIRECT] 
2025-09-08 19:00:30,738 [ERROR] LogOutputStream:75 - [STDERR_REDIRECT] [Fatal Error] :1:1: Premature end of file.
2025-09-08 19:00:30,738 [ERROR] LogOutputStream:75 - [STDERR_REDIRECT] 
2025-09-08 19:00:31,737 [ERROR] LogOutputStream:75 - [STDERR_REDIRECT] [Fatal Error] :1:1: Premature end of file.
2025-09-08 19:00:31,737 [ERROR] LogOutputStream:75 - [STDERR_REDIRECT] 
2025-09-08 19:00:32,720 [ERROR] LogOutputStream:75 - [STDERR_REDIRECT] [Fatal Error] :1:1: Premature end of file.
2025-09-08 19:00:32,721 [ERROR] LogOutputStream:75 - [STDERR_REDIRECT] 
2025-09-08 19:00:33,726 [ERROR] LogOutputStream:75 - [STDERR_REDIRECT] [Fatal Error] :1:1: Premature end of file.
2025-09-08 19:00:33,726 [ERROR] LogOutputStream:75 - [STDERR_REDIRECT] 
2025-09-08 19:00:34,729 [ERROR] LogOutputStream:75 - [STDERR_REDIRECT] [Fatal Error] :1:1: Premature end of file.
2025-09-08 19:00:34,729 [ERROR] LogOutputStream:75 - [STDERR_REDIRECT] 
2025-09-08 19:00:35,782 [ERROR] LogOutputStream:75 - [STDERR_REDIRECT] [Fatal Error] :1:1: Premature end of file.
2025-09-08 19:00:35,782 [ERROR] LogOutputStream:75 - [STDERR_REDIRECT] 
2025-09-08 19:00:36,701 [ERROR] LogOutputStream:75 - [STDERR_REDIRECT] [Fatal Error] :1:1: Premature end of file.
2025-09-08 19:00:36,701 [ERROR] LogOutputStream:75 - [STDERR_REDIRECT] 
2025-09-08 19:00:37,715 [ERROR] LogOutputStream:75 - [STDERR_REDIRECT] [Fatal Error] :1:1: Premature end of file.
2025-09-08 19:00:37,716 [ERROR] LogOutputStream:75 - [STDERR_REDIRECT] 
2025-09-08 19:00:38,712 [ERROR] LogOutputStream:75 - [STDERR_REDIRECT] [Fatal Error] :1:1: Premature end of file.
2025-09-08 19:00:38,712 [ERROR] LogOutputStream:75 - [STDERR_REDIRECT] 
2025-09-08 19:00:39,724 [ERROR] LogOutputStream:75 - [STDERR_REDIRECT] [Fatal Error] :1:1: Premature end of file.
2025-09-08 19:00:39,724 [ERROR] LogOutputStream:75 - [STDERR_REDIRECT] 
2025-09-08 19:00:40,713 [ERROR] LogOutputStream:75 - [STDERR_REDIRECT] [Fatal Error] :1:1: Premature end of file.
2025-09-08 19:00:40,713 [ERROR] LogOutputStream:75 - [STDERR_REDIRECT] 
2025-09-08 19:00:41,708 [ERROR] LogOutputStream:75 - [STDERR_REDIRECT] [Fatal Error] :1:1: Premature end of file.
2025-09-08 19:00:41,708 [ERROR] LogOutputStream:75 - [STDERR_REDIRECT] 
2025-09-08 19:00:42,721 [ERROR] LogOutputStream:75 - [STDERR_REDIRECT] [Fatal Error] :1:1: Premature end of file.
2025-09-08 19:00:42,721 [ERROR] LogOutputStream:75 - [STDERR_REDIRECT] 
2025-09-08 19:00:43,710 [ERROR] LogOutputStream:75 - [STDERR_REDIRECT] [Fatal Error] :1:1: Premature end of file.
2025-09-08 19:00:43,710 [ERROR] LogOutputStream:75 - [STDERR_REDIRECT] 
2025-09-08 19:00:44,711 [ERROR] LogOutputStream:75 - [STDERR_REDIRECT] [Fatal Error] :1:1: Premature end of file.
2025-09-08 19:00:44,711 [ERROR] LogOutputStream:75 - [STDERR_REDIRECT] 
2025-09-08 19:00:45,713 [ERROR] LogOutputStream:75 - [STDERR_REDIRECT] [Fatal Error] :1:1: Premature end of file.
2025-09-08 19:00:45,713 [ERROR] LogOutputStream:75 - [STDERR_REDIRECT] 
2025-09-08 19:00:46,720 [ERROR] LogOutputStream:75 - [STDERR_REDIRECT] [Fatal Error] :1:1: Premature end of file.
2025-09-08 19:00:46,720 [ERROR] LogOutputStream:75 - [STDERR_REDIRECT] 
2025-09-08 19:00:47,733 [ERROR] LogOutputStream:75 - [STDERR_REDIRECT] [Fatal Error] :1:1: Premature end of file.
2025-09-08 19:00:47,733 [ERROR] LogOutputStream:75 - [STDERR_REDIRECT] 
2025-09-08 19:00:48,776 [ERROR] LogOutputStream:75 - [STDERR_REDIRECT] [Fatal Error] :1:1: Premature end of file.
2025-09-08 19:00:48,777 [ERROR] LogOutputStream:75 - [STDERR_REDIRECT] 
2025-09-08 19:00:49,727 [ERROR] LogOutputStream:75 - [STDERR_REDIRECT] [Fatal Error] :1:1: Premature end of file.
2025-09-08 19:00:49,727 [ERROR] LogOutputStream:75 - [STDERR_REDIRECT] 
2025-09-08 19:00:50,723 [ERROR] LogOutputStream:75 - [STDERR_REDIRECT] [Fatal Error] :1:1: Premature end of file.
2025-09-08 19:00:50,723 [ERROR] LogOutputStream:75 - [STDERR_REDIRECT] 
2025-09-08 19:00:51,719 [ERROR] LogOutputStream:75 - [STDERR_REDIRECT] [Fatal Error] :1:1: Premature end of file.
2025-09-08 19:00:51,719 [ERROR] LogOutputStream:75 - [STDERR_REDIRECT] 
2025-09-08 19:00:52,718 [ERROR] LogOutputStream:75 - [STDERR_REDIRECT] [Fatal Error] :1:1: Premature end of file.
2025-09-08 19:00:52,719 [ERROR] LogOutputStream:75 - [STDERR_REDIRECT] 
2025-09-08 19:00:53,707 [ERROR] LogOutputStream:75 - [STDERR_REDIRECT] [Fatal Error] :1:1: Premature end of file.
2025-09-08 19:00:53,707 [ERROR] LogOutputStream:75 - [STDERR_REDIRECT] 
2025-09-08 19:00:54,724 [ERROR] LogOutputStream:75 - [STDERR_REDIRECT] [Fatal Error] :1:1: Premature end of file.
2025-09-08 19:00:54,724 [ERROR] LogOutputStream:75 - [STDERR_REDIRECT] 
2025-09-08 19:00:55,722 [ERROR] LogOutputStream:75 - [STDERR_REDIRECT] [Fatal Error] :1:1: Premature end of file.
2025-09-08 19:00:55,723 [ERROR] LogOutputStream:75 - [STDERR_REDIRECT] 
2025-09-08 19:00:56,728 [ERROR] LogOutputStream:75 - [STDERR_REDIRECT] [Fatal Error] :1:1: Premature end of file.
2025-09-08 19:00:56,728 [ERROR] LogOutputStream:75 - [STDERR_REDIRECT] 
2025-09-08 19:00:57,696 [ERROR] LogOutputStream:75 - [STDERR_REDIRECT] [Fatal Error] :1:1: Premature end of file.
2025-09-08 19:00:57,696 [ERROR] LogOutputStream:75 - [STDERR_REDIRECT] 
2025-09-08 19:00:58,700 [ERROR] LogOutputStream:75 - [STDERR_REDIRECT] [Fatal Error] :1:1: Premature end of file.
2025-09-08 19:00:58,701 [ERROR] LogOutputStream:75 - [STDERR_REDIRECT] 
2025-09-08 19:00:59,741 [ERROR] LogOutputStream:75 - [STDERR_REDIRECT] [Fatal Error] :1:1: Premature end of file.
2025-09-08 19:00:59,741 [ERROR] LogOutputStream:75 - [STDERR_REDIRECT] 
2025-09-08 19:01:00,723 [ERROR] LogOutputStream:75 - [STDERR_REDIRECT] [Fatal Error] :1:1: Premature end of file.
2025-09-08 19:01:00,724 [ERROR] LogOutputStream:75 - [STDERR_REDIRECT] 
2025-09-08 19:01:01,711 [ERROR] LogOutputStream:75 - [STDERR_REDIRECT] [Fatal Error] :1:1: Premature end of file.
2025-09-08 19:01:01,712 [ERROR] LogOutputStream:75 - [STDERR_REDIRECT] 
2025-09-08 19:01:02,730 [ERROR] LogOutputStream:75 - [STDERR_REDIRECT] [Fatal Error] :1:1: Premature end of file.
2025-09-08 19:01:02,730 [ERROR] LogOutputStream:75 - [STDERR_REDIRECT] 
2025-09-08 19:01:03,725 [ERROR] LogOutputStream:75 - [STDERR_REDIRECT] [Fatal Error] :1:1: Premature end of file.
2025-09-08 19:01:03,726 [ERROR] LogOutputStream:75 - [STDERR_REDIRECT] 
2025-09-08 19:01:04,726 [ERROR] LogOutputStream:75 - [STDERR_REDIRECT] [Fatal Error] :1:1: Premature end of file.
2025-09-08 19:01:04,726 [ERROR] LogOutputStream:75 - [STDERR_REDIRECT] 
2025-09-08 19:01:05,730 [ERROR] LogOutputStream:75 - [STDERR_REDIRECT] [Fatal Error] :1:1: Premature end of file.
2025-09-08 19:01:05,731 [ERROR] LogOutputStream:75 - [STDERR_REDIRECT] 
2025-09-08 19:01:06,726 [ERROR] LogOutputStream:75 - [STDERR_REDIRECT] [Fatal Error] :1:1: Premature end of file.
2025-09-08 19:01:06,726 [ERROR] LogOutputStream:75 - [STDERR_REDIRECT] 
2025-09-08 19:01:07,724 [ERROR] LogOutputStream:75 - [STDERR_REDIRECT] [Fatal Error] :1:1: Premature end of file.
2025-09-08 19:01:07,724 [ERROR] LogOutputStream:75 - [STDERR_REDIRECT] 
2025-09-08 19:01:08,692 [ERROR] LogOutputStream:75 - [STDERR_REDIRECT] [Fatal Error] :1:1: Premature end of file.
2025-09-08 19:01:08,692 [ERROR] LogOutputStream:75 - [STDERR_REDIRECT] 
2025-09-08 19:01:09,718 [ERROR] LogOutputStream:75 - [STDERR_REDIRECT] [Fatal Error] :1:1: Premature end of file.
2025-09-08 19:01:09,718 [ERROR] LogOutputStream:75 - [STDERR_REDIRECT] 
2025-09-08 19:01:10,728 [ERROR] LogOutputStream:75 - [STDERR_REDIRECT] [Fatal Error] :1:1: Premature end of file.
2025-09-08 19:01:10,728 [ERROR] LogOutputStream:75 - [STDERR_REDIRECT] 
2025-09-08 19:01:11,727 [ERROR] LogOutputStream:75 - [STDERR_REDIRECT] [Fatal Error] :1:1: Premature end of file.
2025-09-08 19:01:11,727 [ERROR] LogOutputStream:75 - [STDERR_REDIRECT] 
2025-09-08 19:01:12,730 [ERROR] LogOutputStream:75 - [STDERR_REDIRECT] [Fatal Error] :1:1: Premature end of file.
2025-09-08 19:01:12,730 [ERROR] LogOutputStream:75 - [STDERR_REDIRECT] 
2025-09-08 19:01:13,733 [ERROR] LogOutputStream:75 - [STDERR_REDIRECT] [Fatal Error] :1:1: Premature end of file.
2025-09-08 19:01:13,733 [ERROR] LogOutputStream:75 - [STDERR_REDIRECT] 
2025-09-08 19:01:14,718 [ERROR] LogOutputStream:75 - [STDERR_REDIRECT] [Fatal Error] :1:1: Premature end of file.
2025-09-08 19:01:14,718 [ERROR] LogOutputStream:75 - [STDERR_REDIRECT] 
2025-09-08 19:01:15,712 [ERROR] LogOutputStream:75 - [STDERR_REDIRECT] [Fatal Error] :1:1: Premature end of file.
2025-09-08 19:01:15,712 [ERROR] LogOutputStream:75 - [STDERR_REDIRECT] 
2025-09-08 19:01:16,726 [ERROR] LogOutputStream:75 - [STDERR_REDIRECT] [Fatal Error] :1:1: Premature end of file.
2025-09-08 19:01:16,726 [ERROR] LogOutputStream:75 - [STDERR_REDIRECT] 
2025-09-08 19:01:17,700 [ERROR] LogOutputStream:75 - [STDERR_REDIRECT] [Fatal Error] :1:1: Premature end of file.
2025-09-08 19:01:17,700 [ERROR] LogOutputStream:75 - [STDERR_REDIRECT] 
2025-09-08 19:01:18,711 [ERROR] LogOutputStream:75 - [STDERR_REDIRECT] [Fatal Error] :1:1: Premature end of file.
2025-09-08 19:01:18,711 [ERROR] LogOutputStream:75 - [STDERR_REDIRECT] 
2025-09-08 19:01:19,702 [ERROR] LogOutputStream:75 - [STDERR_REDIRECT] [Fatal Error] :1:1: Premature end of file.
2025-09-08 19:01:19,702 [ERROR] LogOutputStream:75 - [STDERR_REDIRECT] 
2025-09-08 19:01:20,726 [ERROR] LogOutputStream:75 - [STDERR_REDIRECT] [Fatal Error] :1:1: Premature end of file.
2025-09-08 19:01:20,726 [ERROR] LogOutputStream:75 - [STDERR_REDIRECT] 
2025-09-08 19:01:21,723 [ERROR] LogOutputStream:75 - [STDERR_REDIRECT] [Fatal Error] :1:1: Premature end of file.
2025-09-08 19:01:21,723 [ERROR] LogOutputStream:75 - [STDERR_REDIRECT] 
2025-09-08 19:01:22,726 [ERROR] LogOutputStream:75 - [STDERR_REDIRECT] [Fatal Error] :1:1: Premature end of file.
2025-09-08 19:01:22,726 [ERROR] LogOutputStream:75 - [STDERR_REDIRECT] 
2025-09-08 19:01:23,709 [ERROR] LogOutputStream:75 - [STDERR_REDIRECT] [Fatal Error] :1:1: Premature end of file.
2025-09-08 19:01:23,709 [ERROR] LogOutputStream:75 - [STDERR_REDIRECT] 
2025-09-08 19:01:24,725 [ERROR] LogOutputStream:75 - [STDERR_REDIRECT] [Fatal Error] :1:1: Premature end of file.
2025-09-08 19:01:24,725 [ERROR] LogOutputStream:75 - [STDERR_REDIRECT] 
2025-09-08 19:01:25,720 [ERROR] LogOutputStream:75 - [STDERR_REDIRECT] [Fatal Error] :1:1: Premature end of file.
2025-09-08 19:01:25,720 [ERROR] LogOutputStream:75 - [STDERR_REDIRECT] 
2025-09-08 19:01:26,694 [ERROR] LogOutputStream:75 - [STDERR_REDIRECT] [Fatal Error] :1:1: Premature end of file.
2025-09-08 19:01:26,694 [ERROR] LogOutputStream:75 - [STDERR_REDIRECT] 
2025-09-08 19:01:27,705 [ERROR] LogOutputStream:75 - [STDERR_REDIRECT] [Fatal Error] :1:1: Premature end of file.
2025-09-08 19:01:27,705 [ERROR] LogOutputStream:75 - [STDERR_REDIRECT] 
2025-09-08 19:01:28,728 [ERROR] LogOutputStream:75 - [STDERR_REDIRECT] [Fatal Error] :1:1: Premature end of file.
2025-09-08 19:01:28,729 [ERROR] LogOutputStream:75 - [STDERR_REDIRECT] 
2025-09-08 19:01:29,739 [ERROR] LogOutputStream:75 - [STDERR_REDIRECT] [Fatal Error] :1:1: Premature end of file.
2025-09-08 19:01:29,740 [ERROR] LogOutputStream:75 - [STDERR_REDIRECT] 
2025-09-08 19:01:30,731 [ERROR] LogOutputStream:75 - [STDERR_REDIRECT] [Fatal Error] :1:1: Premature end of file.
2025-09-08 19:01:30,731 [ERROR] LogOutputStream:75 - [STDERR_REDIRECT] 
2025-09-08 19:01:31,705 [ERROR] LogOutputStream:75 - [STDERR_REDIRECT] [Fatal Error] :1:1: Premature end of file.
2025-09-08 19:01:31,706 [ERROR] LogOutputStream:75 - [STDERR_REDIRECT] 
2025-09-08 19:01:32,731 [ERROR] LogOutputStream:75 - [STDERR_REDIRECT] [Fatal Error] :1:1: Premature end of file.
2025-09-08 19:01:32,731 [ERROR] LogOutputStream:75 - [STDERR_REDIRECT] 
2025-09-08 19:01:33,727 [ERROR] LogOutputStream:75 - [STDERR_REDIRECT] [Fatal Error] :1:1: Premature end of file.
2025-09-08 19:01:33,728 [ERROR] LogOutputStream:75 - [STDERR_REDIRECT] 
2025-09-08 19:01:34,726 [ERROR] LogOutputStream:75 - [STDERR_REDIRECT] [Fatal Error] :1:1: Premature end of file.
2025-09-08 19:01:34,726 [ERROR] LogOutputStream:75 - [STDERR_REDIRECT] 
2025-09-08 19:01:35,731 [ERROR] LogOutputStream:75 - [STDERR_REDIRECT] [Fatal Error] :1:1: Premature end of file.
2025-09-08 19:01:35,731 [ERROR] LogOutputStream:75 - [STDERR_REDIRECT] 
2025-09-08 19:01:36,723 [ERROR] LogOutputStream:75 - [STDERR_REDIRECT] [Fatal Error] :1:1: Premature end of file.
2025-09-08 19:01:36,723 [ERROR] LogOutputStream:75 - [STDERR_REDIRECT] 
2025-09-08 19:01:37,741 [ERROR] LogOutputStream:75 - [STDERR_REDIRECT] [Fatal Error] :1:1: Premature end of file.
2025-09-08 19:01:37,741 [ERROR] LogOutputStream:75 - [STDERR_REDIRECT] 
2025-09-08 19:01:38,729 [ERROR] LogOutputStream:75 - [STDERR_REDIRECT] [Fatal Error] :1:1: Premature end of file.
2025-09-08 19:01:38,730 [ERROR] LogOutputStream:75 - [STDERR_REDIRECT] 
2025-09-08 19:01:39,725 [ERROR] LogOutputStream:75 - [STDERR_REDIRECT] [Fatal Error] :1:1: Premature end of file.
2025-09-08 19:01:39,725 [ERROR] LogOutputStream:75 - [STDERR_REDIRECT] 
2025-09-08 19:01:40,731 [ERROR] LogOutputStream:75 - [STDERR_REDIRECT] [Fatal Error] :1:1: Premature end of file.
2025-09-08 19:01:40,731 [ERROR] LogOutputStream:75 - [STDERR_REDIRECT] 
2025-09-08 19:01:41,732 [ERROR] LogOutputStream:75 - [STDERR_REDIRECT] [Fatal Error] :1:1: Premature end of file.
2025-09-08 19:01:41,732 [ERROR] LogOutputStream:75 - [STDERR_REDIRECT] 
2025-09-08 19:01:42,730 [ERROR] LogOutputStream:75 - [STDERR_REDIRECT] [Fatal Error] :1:1: Premature end of file.
2025-09-08 19:01:42,730 [ERROR] LogOutputStream:75 - [STDERR_REDIRECT] 
2025-09-08 19:01:43,731 [ERROR] LogOutputStream:75 - [STDERR_REDIRECT] [Fatal Error] :1:1: Premature end of file.
2025-09-08 19:01:43,731 [ERROR] LogOutputStream:75 - [STDERR_REDIRECT] 
2025-09-08 19:01:44,721 [ERROR] LogOutputStream:75 - [STDERR_REDIRECT] [Fatal Error] :1:1: Premature end of file.
2025-09-08 19:01:44,721 [ERROR] LogOutputStream:75 - [STDERR_REDIRECT] 
2025-09-08 19:01:45,721 [ERROR] LogOutputStream:75 - [STDERR_REDIRECT] [Fatal Error] :1:1: Premature end of file.
2025-09-08 19:01:45,723 [ERROR] LogOutputStream:75 - [STDERR_REDIRECT] 
2025-09-08 19:01:46,724 [ERROR] LogOutputStream:75 - [STDERR_REDIRECT] [Fatal Error] :1:1: Premature end of file.
2025-09-08 19:01:46,725 [ERROR] LogOutputStream:75 - [STDERR_REDIRECT] 
2025-09-08 19:01:47,732 [ERROR] LogOutputStream:75 - [STDERR_REDIRECT] [Fatal Error] :1:1: Premature end of file.
2025-09-08 19:01:47,732 [ERROR] LogOutputStream:75 - [STDERR_REDIRECT] 
2025-09-08 19:01:48,727 [ERROR] LogOutputStream:75 - [STDERR_REDIRECT] [Fatal Error] :1:1: Premature end of file.
2025-09-08 19:01:48,727 [ERROR] LogOutputStream:75 - [STDERR_REDIRECT] 
2025-09-08 19:01:49,729 [ERROR] LogOutputStream:75 - [STDERR_REDIRECT] [Fatal Error] :1:1: Premature end of file.
2025-09-08 19:01:49,729 [ERROR] LogOutputStream:75 - [STDERR_REDIRECT] 
2025-09-08 19:01:50,725 [ERROR] LogOutputStream:75 - [STDERR_REDIRECT] [Fatal Error] :1:1: Premature end of file.
2025-09-08 19:01:50,725 [ERROR] LogOutputStream:75 - [STDERR_REDIRECT] 
2025-09-08 19:01:51,729 [ERROR] LogOutputStream:75 - [STDERR_REDIRECT] [Fatal Error] :1:1: Premature end of file.
2025-09-08 19:01:51,729 [ERROR] LogOutputStream:75 - [STDERR_REDIRECT] 
2025-09-08 19:01:52,699 [ERROR] LogOutputStream:75 - [STDERR_REDIRECT] [Fatal Error] :1:1: Premature end of file.
2025-09-08 19:01:52,699 [ERROR] LogOutputStream:75 - [STDERR_REDIRECT] 
2025-09-08 19:01:53,711 [ERROR] LogOutputStream:75 - [STDERR_REDIRECT] [Fatal Error] :1:1: Premature end of file.
2025-09-08 19:01:53,711 [ERROR] LogOutputStream:75 - [STDERR_REDIRECT] 
2025-09-08 19:01:54,728 [ERROR] LogOutputStream:75 - [STDERR_REDIRECT] [Fatal Error] :1:1: Premature end of file.
2025-09-08 19:01:54,728 [ERROR] LogOutputStream:75 - [STDERR_REDIRECT] 
2025-09-08 19:01:55,695 [ERROR] LogOutputStream:75 - [STDERR_REDIRECT] [Fatal Error] :1:1: Premature end of file.
2025-09-08 19:01:55,695 [ERROR] LogOutputStream:75 - [STDERR_REDIRECT] 
2025-09-08 19:01:56,707 [ERROR] LogOutputStream:75 - [STDERR_REDIRECT] [Fatal Error] :1:1: Premature end of file.
2025-09-08 19:01:56,707 [ERROR] LogOutputStream:75 - [STDERR_REDIRECT] 
2025-09-08 19:01:57,702 [ERROR] LogOutputStream:75 - [STDERR_REDIRECT] [Fatal Error] :1:1: Premature end of file.
2025-09-08 19:01:57,702 [ERROR] LogOutputStream:75 - [STDERR_REDIRECT] 
2025-09-08 19:01:58,694 [ERROR] LogOutputStream:75 - [STDERR_REDIRECT] [Fatal Error] :1:1: Premature end of file.
2025-09-08 19:01:58,694 [ERROR] LogOutputStream:75 - [STDERR_REDIRECT] 
2025-09-08 19:01:59,703 [ERROR] LogOutputStream:75 - [STDERR_REDIRECT] [Fatal Error] :1:1: Premature end of file.
2025-09-08 19:01:59,703 [ERROR] LogOutputStream:75 - [STDERR_REDIRECT] 
2025-09-08 19:02:00,708 [ERROR] LogOutputStream:75 - [STDERR_REDIRECT] [Fatal Error] :1:1: Premature end of file.
2025-09-08 19:02:00,708 [ERROR] LogOutputStream:75 - [STDERR_REDIRECT] 
2025-09-08 19:02:01,703 [ERROR] LogOutputStream:75 - [STDERR_REDIRECT] [Fatal Error] :1:1: Premature end of file.
2025-09-08 19:02:01,703 [ERROR] LogOutputStream:75 - [STDERR_REDIRECT] 
2025-09-08 19:02:02,714 [ERROR] LogOutputStream:75 - [STDERR_REDIRECT] [Fatal Error] :1:1: Premature end of file.
2025-09-08 19:02:02,714 [ERROR] LogOutputStream:75 - [STDERR_REDIRECT] 
2025-09-08 19:02:03,716 [ERROR] LogOutputStream:75 - [STDERR_REDIRECT] [Fatal Error] :1:1: Premature end of file.
2025-09-08 19:02:03,716 [ERROR] LogOutputStream:75 - [STDERR_REDIRECT] 
2025-09-08 19:02:04,707 [ERROR] LogOutputStream:75 - [STDERR_REDIRECT] [Fatal Error] :1:1: Premature end of file.
2025-09-08 19:02:04,708 [ERROR] LogOutputStream:75 - [STDERR_REDIRECT] 
2025-09-08 19:02:05,719 [ERROR] LogOutputStream:75 - [STDERR_REDIRECT] [Fatal Error] :1:1: Premature end of file.
2025-09-08 19:02:05,719 [ERROR] LogOutputStream:75 - [STDERR_REDIRECT] 
2025-09-08 19:02:06,723 [ERROR] LogOutputStream:75 - [STDERR_REDIRECT] [Fatal Error] :1:1: Premature end of file.
2025-09-08 19:02:06,724 [ERROR] LogOutputStream:75 - [STDERR_REDIRECT] 
2025-09-08 19:02:07,725 [ERROR] LogOutputStream:75 - [STDERR_REDIRECT] [Fatal Error] :1:1: Premature end of file.
2025-09-08 19:02:07,725 [ERROR] LogOutputStream:75 - [STDERR_REDIRECT] 
2025-09-08 19:02:08,726 [ERROR] LogOutputStream:75 - [STDERR_REDIRECT] [Fatal Error] :1:1: Premature end of file.
2025-09-08 19:02:08,726 [ERROR] LogOutputStream:75 - [STDERR_REDIRECT] 
2025-09-08 19:02:09,730 [ERROR] LogOutputStream:75 - [STDERR_REDIRECT] [Fatal Error] :1:1: Premature end of file.
2025-09-08 19:02:09,730 [ERROR] LogOutputStream:75 - [STDERR_REDIRECT] 
2025-09-08 19:02:10,723 [ERROR] LogOutputStream:75 - [STDERR_REDIRECT] [Fatal Error] :1:1: Premature end of file.
2025-09-08 19:02:10,725 [ERROR] LogOutputStream:75 - [STDERR_REDIRECT] 
2025-09-08 19:02:11,729 [ERROR] LogOutputStream:75 - [STDERR_REDIRECT] [Fatal Error] :1:1: Premature end of file.
2025-09-08 19:02:11,729 [ERROR] LogOutputStream:75 - [STDERR_REDIRECT] 
2025-09-08 19:02:12,728 [ERROR] LogOutputStream:75 - [STDERR_REDIRECT] [Fatal Error] :1:1: Premature end of file.
2025-09-08 19:02:12,728 [ERROR] LogOutputStream:75 - [STDERR_REDIRECT] 
2025-09-08 19:02:13,728 [ERROR] LogOutputStream:75 - [STDERR_REDIRECT] [Fatal Error] :1:1: Premature end of file.
2025-09-08 19:02:13,728 [ERROR] LogOutputStream:75 - [STDERR_REDIRECT] 
2025-09-08 19:02:14,730 [ERROR] LogOutputStream:75 - [STDERR_REDIRECT] [Fatal Error] :1:1: Premature end of file.
2025-09-08 19:02:14,730 [ERROR] LogOutputStream:75 - [STDERR_REDIRECT] 
2025-09-08 19:02:15,706 [ERROR] LogOutputStream:75 - [STDERR_REDIRECT] [Fatal Error] :1:1: Premature end of file.
2025-09-08 19:02:15,706 [ERROR] LogOutputStream:75 - [STDERR_REDIRECT] 
2025-09-08 19:02:16,697 [ERROR] LogOutputStream:75 - [STDERR_REDIRECT] [Fatal Error] :1:1: Premature end of file.
2025-09-08 19:02:16,697 [ERROR] LogOutputStream:75 - [STDERR_REDIRECT] 
2025-09-08 19:02:17,726 [ERROR] LogOutputStream:75 - [STDERR_REDIRECT] [Fatal Error] :1:1: Premature end of file.
2025-09-08 19:02:17,727 [ERROR] LogOutputStream:75 - [STDERR_REDIRECT] 
2025-09-08 19:02:18,727 [ERROR] LogOutputStream:75 - [STDERR_REDIRECT] [Fatal Error] :1:1: Premature end of file.
2025-09-08 19:02:18,727 [ERROR] LogOutputStream:75 - [STDERR_REDIRECT] 
2025-09-08 19:02:19,720 [ERROR] LogOutputStream:75 - [STDERR_REDIRECT] [Fatal Error] :1:1: Premature end of file.
2025-09-08 19:02:19,720 [ERROR] LogOutputStream:75 - [STDERR_REDIRECT] 
2025-09-08 19:02:20,721 [ERROR] LogOutputStream:75 - [STDERR_REDIRECT] [Fatal Error] :1:1: Premature end of file.
2025-09-08 19:02:20,721 [ERROR] LogOutputStream:75 - [STDERR_REDIRECT] 
2025-09-08 19:02:21,726 [ERROR] LogOutputStream:75 - [STDERR_REDIRECT] [Fatal Error] :1:1: Premature end of file.
2025-09-08 19:02:21,727 [ERROR] LogOutputStream:75 - [STDERR_REDIRECT] 
2025-09-08 19:02:22,726 [ERROR] LogOutputStream:75 - [STDERR_REDIRECT] [Fatal Error] :1:1: Premature end of file.
2025-09-08 19:02:22,726 [ERROR] LogOutputStream:75 - [STDERR_REDIRECT] 
2025-09-08 19:02:23,730 [ERROR] LogOutputStream:75 - [STDERR_REDIRECT] [Fatal Error] :1:1: Premature end of file.
2025-09-08 19:02:23,730 [ERROR] LogOutputStream:75 - [STDERR_REDIRECT] 
2025-09-08 19:02:24,738 [ERROR] LogOutputStream:75 - [STDERR_REDIRECT] [Fatal Error] :1:1: Premature end of file.
2025-09-08 19:02:24,738 [ERROR] LogOutputStream:75 - [STDERR_REDIRECT] 
2025-09-08 19:02:25,713 [ERROR] LogOutputStream:75 - [STDERR_REDIRECT] [Fatal Error] :1:1: Premature end of file.
2025-09-08 19:02:25,713 [ERROR] LogOutputStream:75 - [STDERR_REDIRECT] 
2025-09-08 19:02:26,731 [ERROR] LogOutputStream:75 - [STDERR_REDIRECT] [Fatal Error] :1:1: Premature end of file.
2025-09-08 19:02:26,731 [ERROR] LogOutputStream:75 - [STDERR_REDIRECT] 
2025-09-08 19:02:27,726 [ERROR] LogOutputStream:75 - [STDERR_REDIRECT] [Fatal Error] :1:1: Premature end of file.
2025-09-08 19:02:27,727 [ERROR] LogOutputStream:75 - [STDERR_REDIRECT] 
2025-09-08 19:02:28,721 [ERROR] LogOutputStream:75 - [STDERR_REDIRECT] [Fatal Error] :1:1: Premature end of file.
2025-09-08 19:02:28,721 [ERROR] LogOutputStream:75 - [STDERR_REDIRECT] 
2025-09-08 19:02:29,725 [ERROR] LogOutputStream:75 - [STDERR_REDIRECT] [Fatal Error] :1:1: Premature end of file.
2025-09-08 19:02:29,725 [ERROR] LogOutputStream:75 - [STDERR_REDIRECT] 
2025-09-08 19:02:30,707 [ERROR] LogOutputStream:75 - [STDERR_REDIRECT] [Fatal Error] :1:1: Premature end of file.
2025-09-08 19:02:30,707 [ERROR] LogOutputStream:75 - [STDERR_REDIRECT] 
2025-09-08 19:02:31,713 [ERROR] LogOutputStream:75 - [STDERR_REDIRECT] [Fatal Error] :1:1: Premature end of file.
2025-09-08 19:02:31,713 [ERROR] LogOutputStream:75 - [STDERR_REDIRECT] 
2025-09-08 19:02:32,724 [ERROR] LogOutputStream:75 - [STDERR_REDIRECT] [Fatal Error] :1:1: Premature end of file.
2025-09-08 19:02:32,724 [ERROR] LogOutputStream:75 - [STDERR_REDIRECT] 
2025-09-08 19:02:33,728 [ERROR] LogOutputStream:75 - [STDERR_REDIRECT] [Fatal Error] :1:1: Premature end of file.
2025-09-08 19:02:33,728 [ERROR] LogOutputStream:75 - [STDERR_REDIRECT] 
2025-09-08 19:02:34,721 [ERROR] LogOutputStream:75 - [STDERR_REDIRECT] [Fatal Error] :1:1: Premature end of file.
2025-09-08 19:02:34,721 [ERROR] LogOutputStream:75 - [STDERR_REDIRECT] 
2025-09-08 19:02:35,728 [ERROR] LogOutputStream:75 - [STDERR_REDIRECT] [Fatal Error] :1:1: Premature end of file.
2025-09-08 19:02:35,728 [ERROR] LogOutputStream:75 - [STDERR_REDIRECT] 
2025-09-08 19:02:36,719 [ERROR] LogOutputStream:75 - [STDERR_REDIRECT] [Fatal Error] :1:1: Premature end of file.
2025-09-08 19:02:36,721 [ERROR] LogOutputStream:75 - [STDERR_REDIRECT] 
2025-09-08 19:02:37,721 [ERROR] LogOutputStream:75 - [STDERR_REDIRECT] [Fatal Error] :1:1: Premature end of file.
2025-09-08 19:02:37,721 [ERROR] LogOutputStream:75 - [STDERR_REDIRECT] 
2025-09-08 19:02:38,711 [ERROR] LogOutputStream:75 - [STDERR_REDIRECT] [Fatal Error] :1:1: Premature end of file.
2025-09-08 19:02:38,711 [ERROR] LogOutputStream:75 - [STDERR_REDIRECT] 
2025-09-08 19:02:39,721 [ERROR] LogOutputStream:75 - [STDERR_REDIRECT] [Fatal Error] :1:1: Premature end of file.
2025-09-08 19:02:39,721 [ERROR] LogOutputStream:75 - [STDERR_REDIRECT] 
2025-09-08 19:02:40,731 [ERROR] LogOutputStream:75 - [STDERR_REDIRECT] [Fatal Error] :1:1: Premature end of file.
2025-09-08 19:02:40,731 [ERROR] LogOutputStream:75 - [STDERR_REDIRECT] 
2025-09-08 19:02:41,720 [ERROR] LogOutputStream:75 - [STDERR_REDIRECT] [Fatal Error] :1:1: Premature end of file.
2025-09-08 19:02:41,720 [ERROR] LogOutputStream:75 - [STDERR_REDIRECT] 
2025-09-08 19:02:42,729 [ERROR] LogOutputStream:75 - [STDERR_REDIRECT] [Fatal Error] :1:1: Premature end of file.
2025-09-08 19:02:42,729 [ERROR] LogOutputStream:75 - [STDERR_REDIRECT] 
2025-09-08 19:02:43,729 [ERROR] LogOutputStream:75 - [STDERR_REDIRECT] [Fatal Error] :1:1: Premature end of file.
2025-09-08 19:02:43,729 [ERROR] LogOutputStream:75 - [STDERR_REDIRECT] 
2025-09-08 19:02:44,733 [ERROR] LogOutputStream:75 - [STDERR_REDIRECT] [Fatal Error] :1:1: Premature end of file.
2025-09-08 19:02:44,733 [ERROR] LogOutputStream:75 - [STDERR_REDIRECT] 
2025-09-08 19:02:45,726 [ERROR] LogOutputStream:75 - [STDERR_REDIRECT] [Fatal Error] :1:1: Premature end of file.
2025-09-08 19:02:45,726 [ERROR] LogOutputStream:75 - [STDERR_REDIRECT] 
2025-09-08 19:02:46,694 [ERROR] LogOutputStream:75 - [STDERR_REDIRECT] [Fatal Error] :1:1: Premature end of file.
2025-09-08 19:02:46,694 [ERROR] LogOutputStream:75 - [STDERR_REDIRECT] 
2025-09-08 19:02:47,733 [ERROR] LogOutputStream:75 - [STDERR_REDIRECT] [Fatal Error] :1:1: Premature end of file.
2025-09-08 19:02:47,733 [ERROR] LogOutputStream:75 - [STDERR_REDIRECT] 
2025-09-08 19:02:48,728 [ERROR] LogOutputStream:75 - [STDERR_REDIRECT] [Fatal Error] :1:1: Premature end of file.
2025-09-08 19:02:48,728 [ERROR] LogOutputStream:75 - [STDERR_REDIRECT] 
2025-09-08 19:02:49,713 [ERROR] LogOutputStream:75 - [STDERR_REDIRECT] [Fatal Error] :1:1: Premature end of file.
2025-09-08 19:02:49,713 [ERROR] LogOutputStream:75 - [STDERR_REDIRECT] 
2025-09-08 19:02:50,721 [ERROR] LogOutputStream:75 - [STDERR_REDIRECT] [Fatal Error] :1:1: Premature end of file.
2025-09-08 19:02:50,721 [ERROR] LogOutputStream:75 - [STDERR_REDIRECT] 
2025-09-08 19:02:51,704 [ERROR] LogOutputStream:75 - [STDERR_REDIRECT] [Fatal Error] :1:1: Premature end of file.
2025-09-08 19:02:51,704 [ERROR] LogOutputStream:75 - [STDERR_REDIRECT] 
2025-09-08 19:02:52,720 [ERROR] LogOutputStream:75 - [STDERR_REDIRECT] [Fatal Error] :1:1: Premature end of file.
2025-09-08 19:02:52,720 [ERROR] LogOutputStream:75 - [STDERR_REDIRECT] 
2025-09-08 19:02:53,730 [ERROR] LogOutputStream:75 - [STDERR_REDIRECT] [Fatal Error] :1:1: Premature end of file.
2025-09-08 19:02:53,730 [ERROR] LogOutputStream:75 - [STDERR_REDIRECT] 
2025-09-08 19:02:54,699 [ERROR] LogOutputStream:75 - [STDERR_REDIRECT] [Fatal Error] :1:1: Premature end of file.
2025-09-08 19:02:54,699 [ERROR] LogOutputStream:75 - [STDERR_REDIRECT] 
2025-09-08 19:02:55,699 [ERROR] LogOutputStream:75 - [STDERR_REDIRECT] [Fatal Error] :1:1: Premature end of file.
2025-09-08 19:02:55,699 [ERROR] LogOutputStream:75 - [STDERR_REDIRECT] 
2025-09-08 19:02:56,730 [ERROR] LogOutputStream:75 - [STDERR_REDIRECT] [Fatal Error] :1:1: Premature end of file.
2025-09-08 19:02:56,730 [ERROR] LogOutputStream:75 - [STDERR_REDIRECT] 
2025-09-08 19:02:57,731 [ERROR] LogOutputStream:75 - [STDERR_REDIRECT] [Fatal Error] :1:1: Premature end of file.
2025-09-08 19:02:57,731 [ERROR] LogOutputStream:75 - [STDERR_REDIRECT] 
2025-09-08 19:02:58,735 [ERROR] LogOutputStream:75 - [STDERR_REDIRECT] [Fatal Error] :1:1: Premature end of file.
2025-09-08 19:02:58,735 [ERROR] LogOutputStream:75 - [STDERR_REDIRECT] 
2025-09-08 19:02:59,741 [ERROR] LogOutputStream:75 - [STDERR_REDIRECT] [Fatal Error] :1:1: Premature end of file.
2025-09-08 19:02:59,741 [ERROR] LogOutputStream:75 - [STDERR_REDIRECT] 
2025-09-08 19:03:00,728 [ERROR] LogOutputStream:75 - [STDERR_REDIRECT] [Fatal Error] :1:1: Premature end of file.
2025-09-08 19:03:00,729 [ERROR] LogOutputStream:75 - [STDERR_REDIRECT] 
2025-09-08 19:03:01,737 [ERROR] LogOutputStream:75 - [STDERR_REDIRECT] [Fatal Error] :1:1: Premature end of file.
2025-09-08 19:03:01,737 [ERROR] LogOutputStream:75 - [STDERR_REDIRECT] 
2025-09-08 19:03:02,728 [ERROR] LogOutputStream:75 - [STDERR_REDIRECT] [Fatal Error] :1:1: Premature end of file.
2025-09-08 19:03:02,728 [ERROR] LogOutputStream:75 - [STDERR_REDIRECT] 
2025-09-08 19:03:03,721 [ERROR] LogOutputStream:75 - [STDERR_REDIRECT] [Fatal Error] :1:1: Premature end of file.
2025-09-08 19:03:03,721 [ERROR] LogOutputStream:75 - [STDERR_REDIRECT] 
2025-09-08 19:03:04,693 [ERROR] LogOutputStream:75 - [STDERR_REDIRECT] [Fatal Error] :1:1: Premature end of file.
2025-09-08 19:03:04,693 [ERROR] LogOutputStream:75 - [STDERR_REDIRECT] 
2025-09-08 19:03:05,731 [ERROR] LogOutputStream:75 - [STDERR_REDIRECT] [Fatal Error] :1:1: Premature end of file.
2025-09-08 19:03:05,731 [ERROR] LogOutputStream:75 - [STDERR_REDIRECT] 
2025-09-08 19:03:06,727 [ERROR] LogOutputStream:75 - [STDERR_REDIRECT] [Fatal Error] :1:1: Premature end of file.
2025-09-08 19:03:06,728 [ERROR] LogOutputStream:75 - [STDERR_REDIRECT] 
2025-09-08 19:03:07,733 [ERROR] LogOutputStream:75 - [STDERR_REDIRECT] [Fatal Error] :1:1: Premature end of file.
2025-09-08 19:03:07,734 [ERROR] LogOutputStream:75 - [STDERR_REDIRECT] 
2025-09-08 19:03:08,729 [ERROR] LogOutputStream:75 - [STDERR_REDIRECT] [Fatal Error] :1:1: Premature end of file.
2025-09-08 19:03:08,729 [ERROR] LogOutputStream:75 - [STDERR_REDIRECT] 
2025-09-08 19:03:09,721 [ERROR] LogOutputStream:75 - [STDERR_REDIRECT] [Fatal Error] :1:1: Premature end of file.
2025-09-08 19:03:09,722 [ERROR] LogOutputStream:75 - [STDERR_REDIRECT] 
2025-09-08 19:03:10,728 [ERROR] LogOutputStream:75 - [STDERR_REDIRECT] [Fatal Error] :1:1: Premature end of file.
2025-09-08 19:03:10,728 [ERROR] LogOutputStream:75 - [STDERR_REDIRECT] 
2025-09-08 19:03:11,728 [ERROR] LogOutputStream:75 - [STDERR_REDIRECT] [Fatal Error] :1:1: Premature end of file.
2025-09-08 19:03:11,729 [ERROR] LogOutputStream:75 - [STDERR_REDIRECT] 
2025-09-08 19:03:12,703 [ERROR] LogOutputStream:75 - [STDERR_REDIRECT] [Fatal Error] :1:1: Premature end of file.
2025-09-08 19:03:12,703 [ERROR] LogOutputStream:75 - [STDERR_REDIRECT] 
2025-09-08 19:03:13,762 [ERROR] LogOutputStream:75 - [STDERR_REDIRECT] [Fatal Error] :1:1: Premature end of file.
2025-09-08 19:03:13,763 [ERROR] LogOutputStream:75 - [STDERR_REDIRECT] 
2025-09-08 19:03:14,728 [ERROR] LogOutputStream:75 - [STDERR_REDIRECT] [Fatal Error] :1:1: Premature end of file.
2025-09-08 19:03:14,728 [ERROR] LogOutputStream:75 - [STDERR_REDIRECT] 
2025-09-08 19:03:15,723 [ERROR] LogOutputStream:75 - [STDERR_REDIRECT] [Fatal Error] :1:1: Premature end of file.
2025-09-08 19:03:15,724 [ERROR] LogOutputStream:75 - [STDERR_REDIRECT] 
2025-09-08 19:03:16,728 [ERROR] LogOutputStream:75 - [STDERR_REDIRECT] [Fatal Error] :1:1: Premature end of file.
2025-09-08 19:03:16,728 [ERROR] LogOutputStream:75 - [STDERR_REDIRECT] 
2025-09-08 19:03:17,728 [ERROR] LogOutputStream:75 - [STDERR_REDIRECT] [Fatal Error] :1:1: Premature end of file.
2025-09-08 19:03:17,728 [ERROR] LogOutputStream:75 - [STDERR_REDIRECT] 
2025-09-08 19:03:18,725 [ERROR] LogOutputStream:75 - [STDERR_REDIRECT] [Fatal Error] :1:1: Premature end of file.
2025-09-08 19:03:18,725 [ERROR] LogOutputStream:75 - [STDERR_REDIRECT] 
2025-09-08 19:03:19,724 [ERROR] LogOutputStream:75 - [STDERR_REDIRECT] [Fatal Error] :1:1: Premature end of file.
2025-09-08 19:03:19,724 [ERROR] LogOutputStream:75 - [STDERR_REDIRECT] 
2025-09-08 19:03:20,727 [ERROR] LogOutputStream:75 - [STDERR_REDIRECT] [Fatal Error] :1:1: Premature end of file.
2025-09-08 19:03:20,728 [ERROR] LogOutputStream:75 - [STDERR_REDIRECT] 
2025-09-08 19:03:21,731 [ERROR] LogOutputStream:75 - [STDERR_REDIRECT] [Fatal Error] :1:1: Premature end of file.
2025-09-08 19:03:21,731 [ERROR] LogOutputStream:75 - [STDERR_REDIRECT] 
2025-09-08 19:03:22,730 [ERROR] LogOutputStream:75 - [STDERR_REDIRECT] [Fatal Error] :1:1: Premature end of file.
2025-09-08 19:03:22,730 [ERROR] LogOutputStream:75 - [STDERR_REDIRECT] 
2025-09-08 19:03:23,743 [ERROR] LogOutputStream:75 - [STDERR_REDIRECT] [Fatal Error] :1:1: Premature end of file.
2025-09-08 19:03:23,743 [ERROR] LogOutputStream:75 - [STDERR_REDIRECT] 
2025-09-08 19:03:24,719 [ERROR] LogOutputStream:75 - [STDERR_REDIRECT] [Fatal Error] :1:1: Premature end of file.
2025-09-08 19:03:24,720 [ERROR] LogOutputStream:75 - [STDERR_REDIRECT] 
2025-09-08 19:03:25,724 [ERROR] LogOutputStream:75 - [STDERR_REDIRECT] [Fatal Error] :1:1: Premature end of file.
2025-09-08 19:03:25,724 [ERROR] LogOutputStream:75 - [STDERR_REDIRECT] 
2025-09-08 19:03:26,729 [ERROR] LogOutputStream:75 - [STDERR_REDIRECT] [Fatal Error] :1:1: Premature end of file.
2025-09-08 19:03:26,729 [ERROR] LogOutputStream:75 - [STDERR_REDIRECT] 
2025-09-08 19:03:27,725 [ERROR] LogOutputStream:75 - [STDERR_REDIRECT] [Fatal Error] :1:1: Premature end of file.
2025-09-08 19:03:27,725 [ERROR] LogOutputStream:75 - [STDERR_REDIRECT] 
2025-09-08 19:03:28,728 [ERROR] LogOutputStream:75 - [STDERR_REDIRECT] [Fatal Error] :1:1: Premature end of file.
2025-09-08 19:03:28,728 [ERROR] LogOutputStream:75 - [STDERR_REDIRECT] 
2025-09-08 19:03:29,727 [ERROR] LogOutputStream:75 - [STDERR_REDIRECT] [Fatal Error] :1:1: Premature end of file.
2025-09-08 19:03:29,727 [ERROR] LogOutputStream:75 - [STDERR_REDIRECT] 
2025-09-08 19:03:30,729 [ERROR] LogOutputStream:75 - [STDERR_REDIRECT] [Fatal Error] :1:1: Premature end of file.
2025-09-08 19:03:30,729 [ERROR] LogOutputStream:75 - [STDERR_REDIRECT] 
2025-09-08 19:03:31,726 [ERROR] LogOutputStream:75 - [STDERR_REDIRECT] [Fatal Error] :1:1: Premature end of file.
2025-09-08 19:03:31,726 [ERROR] LogOutputStream:75 - [STDERR_REDIRECT] 
2025-09-08 19:03:32,727 [ERROR] LogOutputStream:75 - [STDERR_REDIRECT] [Fatal Error] :1:1: Premature end of file.
2025-09-08 19:03:32,728 [ERROR] LogOutputStream:75 - [STDERR_REDIRECT] 
2025-09-08 19:03:33,732 [ERROR] LogOutputStream:75 - [STDERR_REDIRECT] [Fatal Error] :1:1: Premature end of file.
2025-09-08 19:03:33,732 [ERROR] LogOutputStream:75 - [STDERR_REDIRECT] 
2025-09-08 19:03:34,720 [ERROR] LogOutputStream:75 - [STDERR_REDIRECT] [Fatal Error] :1:1: Premature end of file.
2025-09-08 19:03:34,721 [ERROR] LogOutputStream:75 - [STDERR_REDIRECT] 
2025-09-08 19:03:35,726 [ERROR] LogOutputStream:75 - [STDERR_REDIRECT] [Fatal Error] :1:1: Premature end of file.
2025-09-08 19:03:35,726 [ERROR] LogOutputStream:75 - [STDERR_REDIRECT] 
2025-09-08 19:03:36,728 [ERROR] LogOutputStream:75 - [STDERR_REDIRECT] [Fatal Error] :1:1: Premature end of file.
2025-09-08 19:03:36,728 [ERROR] LogOutputStream:75 - [STDERR_REDIRECT] 
2025-09-08 19:03:37,715 [ERROR] LogOutputStream:75 - [STDERR_REDIRECT] [Fatal Error] :1:1: Premature end of file.
2025-09-08 19:03:37,715 [ERROR] LogOutputStream:75 - [STDERR_REDIRECT] 
2025-09-08 19:03:38,716 [ERROR] LogOutputStream:75 - [STDERR_REDIRECT] [Fatal Error] :1:1: Premature end of file.
2025-09-08 19:03:38,716 [ERROR] LogOutputStream:75 - [STDERR_REDIRECT] 
2025-09-08 19:03:39,711 [ERROR] LogOutputStream:75 - [STDERR_REDIRECT] [Fatal Error] :1:1: Premature end of file.
2025-09-08 19:03:39,712 [ERROR] LogOutputStream:75 - [STDERR_REDIRECT] 
2025-09-08 19:03:40,712 [ERROR] LogOutputStream:75 - [STDERR_REDIRECT] [Fatal Error] :1:1: Premature end of file.
2025-09-08 19:03:40,713 [ERROR] LogOutputStream:75 - [STDERR_REDIRECT] 
2025-09-08 19:03:41,704 [ERROR] LogOutputStream:75 - [STDERR_REDIRECT] [Fatal Error] :1:1: Premature end of file.
2025-09-08 19:03:41,705 [ERROR] LogOutputStream:75 - [STDERR_REDIRECT] 
2025-09-08 19:03:42,709 [ERROR] LogOutputStream:75 - [STDERR_REDIRECT] [Fatal Error] :1:1: Premature end of file.
2025-09-08 19:03:42,709 [ERROR] LogOutputStream:75 - [STDERR_REDIRECT] 
2025-09-08 19:03:43,702 [ERROR] LogOutputStream:75 - [STDERR_REDIRECT] [Fatal Error] :1:1: Premature end of file.
2025-09-08 19:03:43,703 [ERROR] LogOutputStream:75 - [STDERR_REDIRECT] 
2025-09-08 19:03:44,700 [ERROR] LogOutputStream:75 - [STDERR_REDIRECT] [Fatal Error] :1:1: Premature end of file.
2025-09-08 19:03:44,700 [ERROR] LogOutputStream:75 - [STDERR_REDIRECT] 
2025-09-08 19:03:45,718 [ERROR] LogOutputStream:75 - [STDERR_REDIRECT] [Fatal Error] :1:1: Premature end of file.
2025-09-08 19:03:45,718 [ERROR] LogOutputStream:75 - [STDERR_REDIRECT] 
2025-09-08 19:03:46,710 [ERROR] LogOutputStream:75 - [STDERR_REDIRECT] [Fatal Error] :1:1: Premature end of file.
2025-09-08 19:03:46,710 [ERROR] LogOutputStream:75 - [STDERR_REDIRECT] 
2025-09-08 19:03:47,710 [ERROR] LogOutputStream:75 - [STDERR_REDIRECT] [Fatal Error] :1:1: Premature end of file.
2025-09-08 19:03:47,710 [ERROR] LogOutputStream:75 - [STDERR_REDIRECT] 
2025-09-08 19:03:48,720 [ERROR] LogOutputStream:75 - [STDERR_REDIRECT] [Fatal Error] :1:1: Premature end of file.
2025-09-08 19:03:48,720 [ERROR] LogOutputStream:75 - [STDERR_REDIRECT] 
2025-09-08 19:03:49,699 [ERROR] LogOutputStream:75 - [STDERR_REDIRECT] [Fatal Error] :1:1: Premature end of file.
2025-09-08 19:03:49,700 [ERROR] LogOutputStream:75 - [STDERR_REDIRECT] 
2025-09-08 19:03:50,720 [ERROR] LogOutputStream:75 - [STDERR_REDIRECT] [Fatal Error] :1:1: Premature end of file.
2025-09-08 19:03:50,720 [ERROR] LogOutputStream:75 - [STDERR_REDIRECT] 
2025-09-08 19:03:51,719 [ERROR] LogOutputStream:75 - [STDERR_REDIRECT] [Fatal Error] :1:1: Premature end of file.
2025-09-08 19:03:51,719 [ERROR] LogOutputStream:75 - [STDERR_REDIRECT] 
2025-09-08 19:03:52,725 [ERROR] LogOutputStream:75 - [STDERR_REDIRECT] [Fatal Error] :1:1: Premature end of file.
2025-09-08 19:03:52,725 [ERROR] LogOutputStream:75 - [STDERR_REDIRECT] 
2025-09-08 19:03:53,734 [ERROR] LogOutputStream:75 - [STDERR_REDIRECT] [Fatal Error] :1:1: Premature end of file.
2025-09-08 19:03:53,734 [ERROR] LogOutputStream:75 - [STDERR_REDIRECT] 
2025-09-08 19:03:54,728 [ERROR] LogOutputStream:75 - [STDERR_REDIRECT] [Fatal Error] :1:1: Premature end of file.
2025-09-08 19:03:54,728 [ERROR] LogOutputStream:75 - [STDERR_REDIRECT] 
2025-09-08 19:03:55,726 [ERROR] LogOutputStream:75 - [STDERR_REDIRECT] [Fatal Error] :1:1: Premature end of file.
2025-09-08 19:03:55,727 [ERROR] LogOutputStream:75 - [STDERR_REDIRECT] 
2025-09-08 19:03:56,733 [ERROR] LogOutputStream:75 - [STDERR_REDIRECT] [Fatal Error] :1:1: Premature end of file.
2025-09-08 19:03:56,733 [ERROR] LogOutputStream:75 - [STDERR_REDIRECT] 
2025-09-08 19:03:57,725 [ERROR] LogOutputStream:75 - [STDERR_REDIRECT] [Fatal Error] :1:1: Premature end of file.
2025-09-08 19:03:57,725 [ERROR] LogOutputStream:75 - [STDERR_REDIRECT] 
2025-09-08 19:03:58,721 [ERROR] LogOutputStream:75 - [STDERR_REDIRECT] [Fatal Error] :1:1: Premature end of file.
2025-09-08 19:03:58,721 [ERROR] LogOutputStream:75 - [STDERR_REDIRECT] 
2025-09-08 19:03:59,722 [ERROR] LogOutputStream:75 - [STDERR_REDIRECT] [Fatal Error] :1:1: Premature end of file.
2025-09-08 19:03:59,722 [ERROR] LogOutputStream:75 - [STDERR_REDIRECT] 
2025-09-08 19:04:00,725 [ERROR] LogOutputStream:75 - [STDERR_REDIRECT] [Fatal Error] :1:1: Premature end of file.
2025-09-08 19:04:00,726 [ERROR] LogOutputStream:75 - [STDERR_REDIRECT] 
2025-09-08 19:04:01,703 [ERROR] LogOutputStream:75 - [STDERR_REDIRECT] [Fatal Error] :1:1: Premature end of file.
2025-09-08 19:04:01,703 [ERROR] LogOutputStream:75 - [STDERR_REDIRECT] 
2025-09-08 19:04:02,729 [ERROR] LogOutputStream:75 - [STDERR_REDIRECT] [Fatal Error] :1:1: Premature end of file.
2025-09-08 19:04:02,730 [ERROR] LogOutputStream:75 - [STDERR_REDIRECT] 
2025-09-08 19:04:03,723 [ERROR] LogOutputStream:75 - [STDERR_REDIRECT] [Fatal Error] :1:1: Premature end of file.
2025-09-08 19:04:03,723 [ERROR] LogOutputStream:75 - [STDERR_REDIRECT] 
2025-09-08 19:04:04,723 [ERROR] LogOutputStream:75 - [STDERR_REDIRECT] [Fatal Error] :1:1: Premature end of file.
2025-09-08 19:04:04,723 [ERROR] LogOutputStream:75 - [STDERR_REDIRECT] 
2025-09-08 19:04:05,725 [ERROR] LogOutputStream:75 - [STDERR_REDIRECT] [Fatal Error] :1:1: Premature end of file.
2025-09-08 19:04:05,725 [ERROR] LogOutputStream:75 - [STDERR_REDIRECT] 
2025-09-08 19:04:06,722 [ERROR] LogOutputStream:75 - [STDERR_REDIRECT] [Fatal Error] :1:1: Premature end of file.
2025-09-08 19:04:06,722 [ERROR] LogOutputStream:75 - [STDERR_REDIRECT] 
2025-09-08 19:04:07,724 [ERROR] LogOutputStream:75 - [STDERR_REDIRECT] [Fatal Error] :1:1: Premature end of file.
2025-09-08 19:04:07,724 [ERROR] LogOutputStream:75 - [STDERR_REDIRECT] 
2025-09-08 19:04:08,726 [ERROR] LogOutputStream:75 - [STDERR_REDIRECT] [Fatal Error] :1:1: Premature end of file.
2025-09-08 19:04:08,726 [ERROR] LogOutputStream:75 - [STDERR_REDIRECT] 
2025-09-08 19:04:09,726 [ERROR] LogOutputStream:75 - [STDERR_REDIRECT] [Fatal Error] :1:1: Premature end of file.
2025-09-08 19:04:09,726 [ERROR] LogOutputStream:75 - [STDERR_REDIRECT] 
2025-09-08 19:04:10,726 [ERROR] LogOutputStream:75 - [STDERR_REDIRECT] [Fatal Error] :1:1: Premature end of file.
2025-09-08 19:04:10,726 [ERROR] LogOutputStream:75 - [STDERR_REDIRECT] 
2025-09-08 19:04:11,729 [ERROR] LogOutputStream:75 - [STDERR_REDIRECT] [Fatal Error] :1:1: Premature end of file.
2025-09-08 19:04:11,730 [ERROR] LogOutputStream:75 - [STDERR_REDIRECT] 
2025-09-08 19:04:12,728 [ERROR] LogOutputStream:75 - [STDERR_REDIRECT] [Fatal Error] :1:1: Premature end of file.
2025-09-08 19:04:12,728 [ERROR] LogOutputStream:75 - [STDERR_REDIRECT] 
2025-09-08 19:04:13,727 [ERROR] LogOutputStream:75 - [STDERR_REDIRECT] [Fatal Error] :1:1: Premature end of file.
2025-09-08 19:04:13,727 [ERROR] LogOutputStream:75 - [STDERR_REDIRECT] 
2025-09-08 19:04:14,727 [ERROR] LogOutputStream:75 - [STDERR_REDIRECT] [Fatal Error] :1:1: Premature end of file.
2025-09-08 19:04:14,728 [ERROR] LogOutputStream:75 - [STDERR_REDIRECT] 
2025-09-08 19:04:15,726 [ERROR] LogOutputStream:75 - [STDERR_REDIRECT] [Fatal Error] :1:1: Premature end of file.
2025-09-08 19:04:15,726 [ERROR] LogOutputStream:75 - [STDERR_REDIRECT] 
2025-09-08 19:04:16,725 [ERROR] LogOutputStream:75 - [STDERR_REDIRECT] [Fatal Error] :1:1: Premature end of file.
2025-09-08 19:04:16,726 [ERROR] LogOutputStream:75 - [STDERR_REDIRECT] 
2025-09-08 19:04:17,728 [ERROR] LogOutputStream:75 - [STDERR_REDIRECT] [Fatal Error] :1:1: Premature end of file.
2025-09-08 19:04:17,728 [ERROR] LogOutputStream:75 - [STDERR_REDIRECT] 
2025-09-08 19:04:18,729 [ERROR] LogOutputStream:75 - [STDERR_REDIRECT] [Fatal Error] :1:1: Premature end of file.
2025-09-08 19:04:18,730 [ERROR] LogOutputStream:75 - [STDERR_REDIRECT] 
2025-09-08 19:04:19,722 [ERROR] LogOutputStream:75 - [STDERR_REDIRECT] [Fatal Error] :1:1: Premature end of file.
2025-09-08 19:04:19,722 [ERROR] LogOutputStream:75 - [STDERR_REDIRECT] 
2025-09-08 19:04:20,719 [ERROR] LogOutputStream:75 - [STDERR_REDIRECT] [Fatal Error] :1:1: Premature end of file.
2025-09-08 19:04:20,719 [ERROR] LogOutputStream:75 - [STDERR_REDIRECT] 
2025-09-08 19:04:21,712 [ERROR] LogOutputStream:75 - [STDERR_REDIRECT] [Fatal Error] :1:1: Premature end of file.
2025-09-08 19:04:21,712 [ERROR] LogOutputStream:75 - [STDERR_REDIRECT] 
2025-09-08 19:04:22,723 [ERROR] LogOutputStream:75 - [STDERR_REDIRECT] [Fatal Error] :1:1: Premature end of file.
2025-09-08 19:04:22,723 [ERROR] LogOutputStream:75 - [STDERR_REDIRECT] 
2025-09-08 19:04:23,718 [ERROR] LogOutputStream:75 - [STDERR_REDIRECT] [Fatal Error] :1:1: Premature end of file.
2025-09-08 19:04:23,718 [ERROR] LogOutputStream:75 - [STDERR_REDIRECT] 
2025-09-08 19:04:24,717 [ERROR] LogOutputStream:75 - [STDERR_REDIRECT] [Fatal Error] :1:1: Premature end of file.
2025-09-08 19:04:24,717 [ERROR] LogOutputStream:75 - [STDERR_REDIRECT] 
2025-09-08 19:04:25,722 [ERROR] LogOutputStream:75 - [STDERR_REDIRECT] [Fatal Error] :1:1: Premature end of file.
2025-09-08 19:04:25,722 [ERROR] LogOutputStream:75 - [STDERR_REDIRECT] 
2025-09-08 19:04:26,696 [ERROR] LogOutputStream:75 - [STDERR_REDIRECT] [Fatal Error] :1:1: Premature end of file.
2025-09-08 19:04:26,696 [ERROR] LogOutputStream:75 - [STDERR_REDIRECT] 
2025-09-08 19:04:27,723 [ERROR] LogOutputStream:75 - [STDERR_REDIRECT] [Fatal Error] :1:1: Premature end of file.
2025-09-08 19:04:27,723 [ERROR] LogOutputStream:75 - [STDERR_REDIRECT] 
2025-09-08 19:04:28,722 [ERROR] LogOutputStream:75 - [STDERR_REDIRECT] [Fatal Error] :1:1: Premature end of file.
2025-09-08 19:04:28,722 [ERROR] LogOutputStream:75 - [STDERR_REDIRECT] 
2025-09-08 19:04:29,715 [ERROR] LogOutputStream:75 - [STDERR_REDIRECT] [Fatal Error] :1:1: Premature end of file.
2025-09-08 19:04:29,715 [ERROR] LogOutputStream:75 - [STDERR_REDIRECT] 
2025-09-08 19:04:30,719 [ERROR] LogOutputStream:75 - [STDERR_REDIRECT] [Fatal Error] :1:1: Premature end of file.
2025-09-08 19:04:30,719 [ERROR] LogOutputStream:75 - [STDERR_REDIRECT] 
2025-09-08 19:04:31,717 [ERROR] LogOutputStream:75 - [STDERR_REDIRECT] [Fatal Error] :1:1: Premature end of file.
2025-09-08 19:04:31,717 [ERROR] LogOutputStream:75 - [STDERR_REDIRECT] 
2025-09-08 19:04:32,697 [ERROR] LogOutputStream:75 - [STDERR_REDIRECT] [Fatal Error] :1:1: Premature end of file.
2025-09-08 19:04:32,697 [ERROR] LogOutputStream:75 - [STDERR_REDIRECT] 
2025-09-08 19:04:33,715 [ERROR] LogOutputStream:75 - [STDERR_REDIRECT] [Fatal Error] :1:1: Premature end of file.
2025-09-08 19:04:33,715 [ERROR] LogOutputStream:75 - [STDERR_REDIRECT] 
2025-09-08 19:04:34,713 [ERROR] LogOutputStream:75 - [STDERR_REDIRECT] [Fatal Error] :1:1: Premature end of file.
2025-09-08 19:04:34,713 [ERROR] LogOutputStream:75 - [STDERR_REDIRECT] 
2025-09-08 19:04:35,717 [ERROR] LogOutputStream:75 - [STDERR_REDIRECT] [Fatal Error] :1:1: Premature end of file.
2025-09-08 19:04:35,717 [ERROR] LogOutputStream:75 - [STDERR_REDIRECT] 
2025-09-08 19:04:36,715 [ERROR] LogOutputStream:75 - [STDERR_REDIRECT] [Fatal Error] :1:1: Premature end of file.
2025-09-08 19:04:36,715 [ERROR] LogOutputStream:75 - [STDERR_REDIRECT] 
2025-09-08 19:04:37,710 [ERROR] LogOutputStream:75 - [STDERR_REDIRECT] [Fatal Error] :1:1: Premature end of file.
2025-09-08 19:04:37,710 [ERROR] LogOutputStream:75 - [STDERR_REDIRECT] 
2025-09-08 19:04:38,725 [ERROR] LogOutputStream:75 - [STDERR_REDIRECT] [Fatal Error] :1:1: Premature end of file.
2025-09-08 19:04:38,726 [ERROR] LogOutputStream:75 - [STDERR_REDIRECT] 
2025-09-08 19:04:39,727 [ERROR] LogOutputStream:75 - [STDERR_REDIRECT] [Fatal Error] :1:1: Premature end of file.
2025-09-08 19:04:39,727 [ERROR] LogOutputStream:75 - [STDERR_REDIRECT] 
2025-09-08 19:04:40,727 [ERROR] LogOutputStream:75 - [STDERR_REDIRECT] [Fatal Error] :1:1: Premature end of file.
2025-09-08 19:04:40,727 [ERROR] LogOutputStream:75 - [STDERR_REDIRECT] 
2025-09-08 19:04:41,730 [ERROR] LogOutputStream:75 - [STDERR_REDIRECT] [Fatal Error] :1:1: Premature end of file.
2025-09-08 19:04:41,730 [ERROR] LogOutputStream:75 - [STDERR_REDIRECT] 
2025-09-08 19:04:42,729 [ERROR] LogOutputStream:75 - [STDERR_REDIRECT] [Fatal Error] :1:1: Premature end of file.
2025-09-08 19:04:42,729 [ERROR] LogOutputStream:75 - [STDERR_REDIRECT] 
2025-09-08 19:04:43,730 [ERROR] LogOutputStream:75 - [STDERR_REDIRECT] [Fatal Error] :1:1: Premature end of file.
2025-09-08 19:04:43,730 [ERROR] LogOutputStream:75 - [STDERR_REDIRECT] 
2025-09-08 19:04:44,730 [ERROR] LogOutputStream:75 - [STDERR_REDIRECT] [Fatal Error] :1:1: Premature end of file.
2025-09-08 19:04:44,730 [ERROR] LogOutputStream:75 - [STDERR_REDIRECT] 
2025-09-08 19:04:45,725 [ERROR] LogOutputStream:75 - [STDERR_REDIRECT] [Fatal Error] :1:1: Premature end of file.
2025-09-08 19:04:45,726 [ERROR] LogOutputStream:75 - [STDERR_REDIRECT] 
2025-09-08 19:04:46,694 [ERROR] LogOutputStream:75 - [STDERR_REDIRECT] [Fatal Error] :1:1: Premature end of file.
2025-09-08 19:04:46,694 [ERROR] LogOutputStream:75 - [STDERR_REDIRECT] 
2025-09-08 19:04:47,705 [ERROR] LogOutputStream:75 - [STDERR_REDIRECT] [Fatal Error] :1:1: Premature end of file.
2025-09-08 19:04:47,705 [ERROR] LogOutputStream:75 - [STDERR_REDIRECT] 
2025-09-08 19:04:48,728 [ERROR] LogOutputStream:75 - [STDERR_REDIRECT] [Fatal Error] :1:1: Premature end of file.
2025-09-08 19:04:48,729 [ERROR] LogOutputStream:75 - [STDERR_REDIRECT] 
2025-09-08 19:04:49,730 [ERROR] LogOutputStream:75 - [STDERR_REDIRECT] [Fatal Error] :1:1: Premature end of file.
2025-09-08 19:04:49,731 [ERROR] LogOutputStream:75 - [STDERR_REDIRECT] 
2025-09-08 19:04:50,732 [ERROR] LogOutputStream:75 - [STDERR_REDIRECT] [Fatal Error] :1:1: Premature end of file.
2025-09-08 19:04:50,733 [ERROR] LogOutputStream:75 - [STDERR_REDIRECT] 
2025-09-08 19:04:51,727 [ERROR] LogOutputStream:75 - [STDERR_REDIRECT] [Fatal Error] :1:1: Premature end of file.
2025-09-08 19:04:51,727 [ERROR] LogOutputStream:75 - [STDERR_REDIRECT] 
2025-09-08 19:04:52,723 [ERROR] LogOutputStream:75 - [STDERR_REDIRECT] [Fatal Error] :1:1: Premature end of file.
2025-09-08 19:04:52,724 [ERROR] LogOutputStream:75 - [STDERR_REDIRECT] 
2025-09-08 19:04:53,729 [ERROR] LogOutputStream:75 - [STDERR_REDIRECT] [Fatal Error] :1:1: Premature end of file.
2025-09-08 19:04:53,729 [ERROR] LogOutputStream:75 - [STDERR_REDIRECT] 
2025-09-08 19:04:54,723 [ERROR] LogOutputStream:75 - [STDERR_REDIRECT] [Fatal Error] :1:1: Premature end of file.
2025-09-08 19:04:54,723 [ERROR] LogOutputStream:75 - [STDERR_REDIRECT] 
2025-09-08 19:04:55,726 [ERROR] LogOutputStream:75 - [STDERR_REDIRECT] [Fatal Error] :1:1: Premature end of file.
2025-09-08 19:04:55,726 [ERROR] LogOutputStream:75 - [STDERR_REDIRECT] 
2025-09-08 19:04:56,725 [ERROR] LogOutputStream:75 - [STDERR_REDIRECT] [Fatal Error] :1:1: Premature end of file.
2025-09-08 19:04:56,726 [ERROR] LogOutputStream:75 - [STDERR_REDIRECT] 
2025-09-08 19:04:57,735 [ERROR] LogOutputStream:75 - [STDERR_REDIRECT] [Fatal Error] :1:1: Premature end of file.
2025-09-08 19:04:57,735 [ERROR] LogOutputStream:75 - [STDERR_REDIRECT] 
2025-09-08 19:04:58,753 [ERROR] LogOutputStream:75 - [STDERR_REDIRECT] [Fatal Error] :1:1: Premature end of file.
2025-09-08 19:04:58,753 [ERROR] LogOutputStream:75 - [STDERR_REDIRECT] 
2025-09-08 19:04:59,731 [ERROR] LogOutputStream:75 - [STDERR_REDIRECT] [Fatal Error] :1:1: Premature end of file.
2025-09-08 19:04:59,731 [ERROR] LogOutputStream:75 - [STDERR_REDIRECT] 
2025-09-08 19:05:00,738 [ERROR] LogOutputStream:75 - [STDERR_REDIRECT] [Fatal Error] :1:1: Premature end of file.
2025-09-08 19:05:00,738 [ERROR] LogOutputStream:75 - [STDERR_REDIRECT] 
2025-09-08 19:05:01,729 [ERROR] LogOutputStream:75 - [STDERR_REDIRECT] [Fatal Error] :1:1: Premature end of file.
2025-09-08 19:05:01,729 [ERROR] LogOutputStream:75 - [STDERR_REDIRECT] 
2025-09-08 19:05:02,731 [ERROR] LogOutputStream:75 - [STDERR_REDIRECT] [Fatal Error] :1:1: Premature end of file.
2025-09-08 19:05:02,731 [ERROR] LogOutputStream:75 - [STDERR_REDIRECT] 
2025-09-08 19:05:03,735 [ERROR] LogOutputStream:75 - [STDERR_REDIRECT] [Fatal Error] :1:1: Premature end of file.
2025-09-08 19:05:03,735 [ERROR] LogOutputStream:75 - [STDERR_REDIRECT] 
2025-09-08 19:05:04,702 [ERROR] LogOutputStream:75 - [STDERR_REDIRECT] [Fatal Error] :1:1: Premature end of file.
2025-09-08 19:05:04,702 [ERROR] LogOutputStream:75 - [STDERR_REDIRECT] 
2025-09-08 19:05:05,734 [ERROR] LogOutputStream:75 - [STDERR_REDIRECT] [Fatal Error] :1:1: Premature end of file.
2025-09-08 19:05:05,734 [ERROR] LogOutputStream:75 - [STDERR_REDIRECT] 
2025-09-08 19:05:06,713 [ERROR] LogOutputStream:75 - [STDERR_REDIRECT] [Fatal Error] :1:1: Premature end of file.
2025-09-08 19:05:06,713 [ERROR] LogOutputStream:75 - [STDERR_REDIRECT] 
2025-09-08 19:05:07,722 [ERROR] LogOutputStream:75 - [STDERR_REDIRECT] [Fatal Error] :1:1: Premature end of file.
2025-09-08 19:05:07,722 [ERROR] LogOutputStream:75 - [STDERR_REDIRECT] 
2025-09-08 19:05:08,731 [ERROR] LogOutputStream:75 - [STDERR_REDIRECT] [Fatal Error] :1:1: Premature end of file.
2025-09-08 19:05:08,731 [ERROR] LogOutputStream:75 - [STDERR_REDIRECT] 
2025-09-08 19:05:09,730 [ERROR] LogOutputStream:75 - [STDERR_REDIRECT] [Fatal Error] :1:1: Premature end of file.
2025-09-08 19:05:09,730 [ERROR] LogOutputStream:75 - [STDERR_REDIRECT] 
2025-09-08 19:05:10,721 [ERROR] LogOutputStream:75 - [STDERR_REDIRECT] [Fatal Error] :1:1: Premature end of file.
2025-09-08 19:05:10,721 [ERROR] LogOutputStream:75 - [STDERR_REDIRECT] 
2025-09-08 19:05:11,729 [ERROR] LogOutputStream:75 - [STDERR_REDIRECT] [Fatal Error] :1:1: Premature end of file.
2025-09-08 19:05:11,729 [ERROR] LogOutputStream:75 - [STDERR_REDIRECT] 
2025-09-08 19:05:12,726 [ERROR] LogOutputStream:75 - [STDERR_REDIRECT] [Fatal Error] :1:1: Premature end of file.
2025-09-08 19:05:12,726 [ERROR] LogOutputStream:75 - [STDERR_REDIRECT] 
2025-09-08 19:05:13,724 [ERROR] LogOutputStream:75 - [STDERR_REDIRECT] [Fatal Error] :1:1: Premature end of file.
2025-09-08 19:05:13,724 [ERROR] LogOutputStream:75 - [STDERR_REDIRECT] 
2025-09-08 19:05:14,729 [ERROR] LogOutputStream:75 - [STDERR_REDIRECT] [Fatal Error] :1:1: Premature end of file.
2025-09-08 19:05:14,729 [ERROR] LogOutputStream:75 - [STDERR_REDIRECT] 
2025-09-08 19:05:15,722 [ERROR] LogOutputStream:75 - [STDERR_REDIRECT] [Fatal Error] :1:1: Premature end of file.
2025-09-08 19:05:15,723 [ERROR] LogOutputStream:75 - [STDERR_REDIRECT] 
2025-09-08 19:05:16,721 [ERROR] LogOutputStream:75 - [STDERR_REDIRECT] [Fatal Error] :1:1: Premature end of file.
2025-09-08 19:05:16,722 [ERROR] LogOutputStream:75 - [STDERR_REDIRECT] 
2025-09-08 19:05:17,725 [ERROR] LogOutputStream:75 - [STDERR_REDIRECT] [Fatal Error] :1:1: Premature end of file.
2025-09-08 19:05:17,725 [ERROR] LogOutputStream:75 - [STDERR_REDIRECT] 
2025-09-08 19:05:18,721 [ERROR] LogOutputStream:75 - [STDERR_REDIRECT] [Fatal Error] :1:1: Premature end of file.
2025-09-08 19:05:18,721 [ERROR] LogOutputStream:75 - [STDERR_REDIRECT] 
2025-09-08 19:05:19,723 [ERROR] LogOutputStream:75 - [STDERR_REDIRECT] [Fatal Error] :1:1: Premature end of file.
2025-09-08 19:05:19,724 [ERROR] LogOutputStream:75 - [STDERR_REDIRECT] 
2025-09-08 19:05:20,730 [ERROR] LogOutputStream:75 - [STDERR_REDIRECT] [Fatal Error] :1:1: Premature end of file.
2025-09-08 19:05:20,730 [ERROR] LogOutputStream:75 - [STDERR_REDIRECT] 
2025-09-08 19:05:21,730 [ERROR] LogOutputStream:75 - [STDERR_REDIRECT] [Fatal Error] :1:1: Premature end of file.
2025-09-08 19:05:21,731 [ERROR] LogOutputStream:75 - [STDERR_REDIRECT] 
2025-09-08 19:05:22,707 [ERROR] LogOutputStream:75 - [STDERR_REDIRECT] [Fatal Error] :1:1: Premature end of file.
2025-09-08 19:05:22,707 [ERROR] LogOutputStream:75 - [STDERR_REDIRECT] 
2025-09-08 19:05:23,732 [ERROR] LogOutputStream:75 - [STDERR_REDIRECT] [Fatal Error] :1:1: Premature end of file.
2025-09-08 19:05:23,732 [ERROR] LogOutputStream:75 - [STDERR_REDIRECT] 
2025-09-08 19:05:24,733 [ERROR] LogOutputStream:75 - [STDERR_REDIRECT] [Fatal Error] :1:1: Premature end of file.
2025-09-08 19:05:24,733 [ERROR] LogOutputStream:75 - [STDERR_REDIRECT] 
2025-09-08 19:05:25,765 [ERROR] LogOutputStream:75 - [STDERR_REDIRECT] [Fatal Error] :1:1: Premature end of file.
2025-09-08 19:05:25,767 [ERROR] LogOutputStream:75 - [STDERR_REDIRECT] 
2025-09-08 19:05:26,702 [ERROR] LogOutputStream:75 - [STDERR_REDIRECT] [Fatal Error] :1:1: Premature end of file.
2025-09-08 19:05:26,702 [ERROR] LogOutputStream:75 - [STDERR_REDIRECT] 
2025-09-08 19:05:27,730 [ERROR] LogOutputStream:75 - [STDERR_REDIRECT] [Fatal Error] :1:1: Premature end of file.
2025-09-08 19:05:27,730 [ERROR] LogOutputStream:75 - [STDERR_REDIRECT] 
2025-09-08 19:05:28,727 [ERROR] LogOutputStream:75 - [STDERR_REDIRECT] [Fatal Error] :1:1: Premature end of file.
2025-09-08 19:05:28,727 [ERROR] LogOutputStream:75 - [STDERR_REDIRECT] 
2025-09-08 19:05:29,724 [ERROR] LogOutputStream:75 - [STDERR_REDIRECT] [Fatal Error] :1:1: Premature end of file.
2025-09-08 19:05:29,724 [ERROR] LogOutputStream:75 - [STDERR_REDIRECT] 
2025-09-08 19:05:30,704 [ERROR] LogOutputStream:75 - [STDERR_REDIRECT] [Fatal Error] :1:1: Premature end of file.
2025-09-08 19:05:30,704 [ERROR] LogOutputStream:75 - [STDERR_REDIRECT] 
2025-09-08 19:05:31,707 [ERROR] LogOutputStream:75 - [STDERR_REDIRECT] [Fatal Error] :1:1: Premature end of file.
2025-09-08 19:05:31,707 [ERROR] LogOutputStream:75 - [STDERR_REDIRECT] 
2025-09-08 19:05:32,701 [ERROR] LogOutputStream:75 - [STDERR_REDIRECT] [Fatal Error] :1:1: Premature end of file.
2025-09-08 19:05:32,701 [ERROR] LogOutputStream:75 - [STDERR_REDIRECT] 
2025-09-08 19:05:33,720 [ERROR] LogOutputStream:75 - [STDERR_REDIRECT] [Fatal Error] :1:1: Premature end of file.
2025-09-08 19:05:33,720 [ERROR] LogOutputStream:75 - [STDERR_REDIRECT] 
2025-09-08 19:05:34,693 [ERROR] LogOutputStream:75 - [STDERR_REDIRECT] [Fatal Error] :1:1: Premature end of file.
2025-09-08 19:05:34,693 [ERROR] LogOutputStream:75 - [STDERR_REDIRECT] 
2025-09-08 19:05:35,706 [ERROR] LogOutputStream:75 - [STDERR_REDIRECT] [Fatal Error] :1:1: Premature end of file.
2025-09-08 19:05:35,706 [ERROR] LogOutputStream:75 - [STDERR_REDIRECT] 
2025-09-08 19:05:36,701 [ERROR] LogOutputStream:75 - [STDERR_REDIRECT] [Fatal Error] :1:1: Premature end of file.
2025-09-08 19:05:36,701 [ERROR] LogOutputStream:75 - [STDERR_REDIRECT] 
2025-09-08 19:05:37,711 [ERROR] LogOutputStream:75 - [STDERR_REDIRECT] [Fatal Error] :1:1: Premature end of file.
2025-09-08 19:05:37,711 [ERROR] LogOutputStream:75 - [STDERR_REDIRECT] 
2025-09-08 19:05:38,713 [ERROR] LogOutputStream:75 - [STDERR_REDIRECT] [Fatal Error] :1:1: Premature end of file.
2025-09-08 19:05:38,713 [ERROR] LogOutputStream:75 - [STDERR_REDIRECT] 
2025-09-08 19:05:39,721 [ERROR] LogOutputStream:75 - [STDERR_REDIRECT] [Fatal Error] :1:1: Premature end of file.
2025-09-08 19:05:39,722 [ERROR] LogOutputStream:75 - [STDERR_REDIRECT] 
2025-09-08 19:05:40,717 [ERROR] LogOutputStream:75 - [STDERR_REDIRECT] [Fatal Error] :1:1: Premature end of file.
2025-09-08 19:05:40,717 [ERROR] LogOutputStream:75 - [STDERR_REDIRECT] 
2025-09-08 19:05:41,724 [ERROR] LogOutputStream:75 - [STDERR_REDIRECT] [Fatal Error] :1:1: Premature end of file.
2025-09-08 19:05:41,724 [ERROR] LogOutputStream:75 - [STDERR_REDIRECT] 
2025-09-08 19:05:42,718 [ERROR] LogOutputStream:75 - [STDERR_REDIRECT] [Fatal Error] :1:1: Premature end of file.
2025-09-08 19:05:42,718 [ERROR] LogOutputStream:75 - [STDERR_REDIRECT] 
2025-09-08 19:05:43,723 [ERROR] LogOutputStream:75 - [STDERR_REDIRECT] [Fatal Error] :1:1: Premature end of file.
2025-09-08 19:05:43,724 [ERROR] LogOutputStream:75 - [STDERR_REDIRECT] 
2025-09-08 19:05:44,725 [ERROR] LogOutputStream:75 - [STDERR_REDIRECT] [Fatal Error] :1:1: Premature end of file.
2025-09-08 19:05:44,725 [ERROR] LogOutputStream:75 - [STDERR_REDIRECT] 
2025-09-08 19:05:45,729 [ERROR] LogOutputStream:75 - [STDERR_REDIRECT] [Fatal Error] :1:1: Premature end of file.
2025-09-08 19:05:45,729 [ERROR] LogOutputStream:75 - [STDERR_REDIRECT] 
2025-09-08 19:05:46,734 [ERROR] LogOutputStream:75 - [STDERR_REDIRECT] [Fatal Error] :1:1: Premature end of file.
2025-09-08 19:05:46,735 [ERROR] LogOutputStream:75 - [STDERR_REDIRECT] 
2025-09-08 19:05:47,727 [ERROR] LogOutputStream:75 - [STDERR_REDIRECT] [Fatal Error] :1:1: Premature end of file.
2025-09-08 19:05:47,727 [ERROR] LogOutputStream:75 - [STDERR_REDIRECT] 
2025-09-08 19:05:48,719 [ERROR] LogOutputStream:75 - [STDERR_REDIRECT] [Fatal Error] :1:1: Premature end of file.
2025-09-08 19:05:48,720 [ERROR] LogOutputStream:75 - [STDERR_REDIRECT] 
2025-09-08 19:05:49,725 [ERROR] LogOutputStream:75 - [STDERR_REDIRECT] [Fatal Error] :1:1: Premature end of file.
2025-09-08 19:05:49,725 [ERROR] LogOutputStream:75 - [STDERR_REDIRECT] 
2025-09-08 19:05:50,718 [ERROR] LogOutputStream:75 - [STDERR_REDIRECT] [Fatal Error] :1:1: Premature end of file.
2025-09-08 19:05:50,719 [ERROR] LogOutputStream:75 - [STDERR_REDIRECT] 
2025-09-08 19:05:51,707 [ERROR] LogOutputStream:75 - [STDERR_REDIRECT] [Fatal Error] :1:1: Premature end of file.
2025-09-08 19:05:51,707 [ERROR] LogOutputStream:75 - [STDERR_REDIRECT] 
2025-09-08 19:05:52,724 [ERROR] LogOutputStream:75 - [STDERR_REDIRECT] [Fatal Error] :1:1: Premature end of file.
2025-09-08 19:05:52,724 [ERROR] LogOutputStream:75 - [STDERR_REDIRECT] 
2025-09-08 19:05:53,728 [ERROR] LogOutputStream:75 - [STDERR_REDIRECT] [Fatal Error] :1:1: Premature end of file.
2025-09-08 19:05:53,728 [ERROR] LogOutputStream:75 - [STDERR_REDIRECT] 
2025-09-08 19:05:54,797 [ERROR] LogOutputStream:75 - [STDERR_REDIRECT] [Fatal Error] :1:1: Premature end of file.
2025-09-08 19:05:54,797 [ERROR] LogOutputStream:75 - [STDERR_REDIRECT] 
2025-09-08 19:05:55,444 [ERROR] LogOutputStream:75 - [STDERR_REDIRECT] 
2025-09-08 19:05:55,446 [ERROR] LogOutputStream:75 - [STDERR_REDIRECT] 
