2025-08-31 10:18:02,633 [INFO] Activator:176 - 


2025-08-31 10:18:02,638 [INFO] Activator:177 - !SESSION log4j initialized
2025-08-31 10:18:08,519 [INFO] LogOutputStream:77 - [STDOUT_REDIRECT] 
2025-08-31 10:18:09,521 [INFO] ApplicationProperties:184 - Using Application install path: C:\ST\STM32CubeIDE_1.19.0\STM32CubeIDE\plugins\com.st.stm32cube.common.mx_6.15.0.202507011659
2025-08-31 10:18:09,543 [INFO] DbMcusXml:78 - Set database path to: C:\ST\STM32CubeIDE_1.19.0\STM32CubeIDE\plugins\com.st.stm32cube.common.mx_6.15.0.202507011659\\db\/mcu/
2025-08-31 10:18:09,543 [INFO] ApiDb:274 - Set plugin database path to: C:\ST\STM32CubeIDE_1.19.0\STM32CubeIDE\plugins\com.st.stm32cube.common.mx_6.15.0.202507011659\\db\/plugins/boardmanager/
2025-08-31 10:18:09,544 [WARN] ApiDb:259 - Overriding images path with different value:  => C:\ST\STM32CubeIDE_1.19.0\STM32CubeIDE\plugins\com.st.stm32cube.common.mx_6.15.0.202507011659\\db\/plugins/mcufinder/images/
2025-08-31 10:18:09,555 [INFO] ApiDb:250 - Set database path to: C:\Users\VINOD\.stmcufinder\plugins\mcufinder//mcu/
2025-08-31 10:18:09,556 [INFO] DbMcusAds:125 - Set database path to: C:\Users\VINOD\.stmcufinder\plugins\mcufinder//mcu/
2025-08-31 10:18:09,561 [INFO] CrossReferenceDbSqlite:203 - Set database path to: C:\Users\VINOD\.stmcufinder\plugins\mcufinder//mcu/cs/
2025-08-31 10:18:09,688 [INFO] RulesReader:64 - Compatibility file has been processed (317 Rules)
2025-08-31 10:18:09,759 [INFO] DbMcusXml:78 - Set database path to: C:\ST\STM32CubeIDE_1.19.0\STM32CubeIDE\plugins\com.st.stm32cube.common.mx_6.15.0.202507011659\\db\/mcu/
2025-08-31 10:18:09,759 [INFO] ApiDb:274 - Set plugin database path to: C:\ST\STM32CubeIDE_1.19.0\STM32CubeIDE\plugins\com.st.stm32cube.common.mx_6.15.0.202507011659\\db\/plugins/boardmanager/
2025-08-31 10:18:09,760 [INFO] ApiDb:261 - Set plugin images path to: C:\ST\STM32CubeIDE_1.19.0\STM32CubeIDE\plugins\com.st.stm32cube.common.mx_6.15.0.202507011659\\db\/plugins/mcufinder/images/
2025-08-31 10:18:09,760 [WARN] DbFile:41 - Overriding database path with different value: C:\Users\VINOD\.stmcufinder\plugins\mcufinder/ => C:\Users\VINOD\.stmcufinder\plugins\mcufinder
2025-08-31 10:18:09,760 [INFO] ApiDb:250 - Set database path to: C:\Users\VINOD\.stmcufinder\plugins\mcufinder//mcu/
2025-08-31 10:18:09,760 [WARN] DbFile:41 - Overriding database path with different value: C:\Users\VINOD\.stmcufinder\plugins\mcufinder/ => C:\Users\VINOD\.stmcufinder\plugins\mcufinder
2025-08-31 10:18:09,760 [INFO] DbMcusAds:125 - Set database path to: C:\Users\VINOD\.stmcufinder\plugins\mcufinder//mcu/
2025-08-31 10:18:09,760 [WARN] DbFile:41 - Overriding database path with different value: C:\Users\VINOD\.stmcufinder\plugins\mcufinder/ => C:\Users\VINOD\.stmcufinder\plugins\mcufinder
2025-08-31 10:18:09,760 [WARN] DbFile:41 - Overriding database path with different value: C:\Users\VINOD\.stmcufinder\plugins\mcufinder/ => C:\Users\VINOD\.stmcufinder\plugins\mcufinder
2025-08-31 10:18:09,760 [INFO] CrossReferenceDbSqlite:203 - Set database path to: C:\Users\VINOD\.stmcufinder\plugins\mcufinder//mcu/cs/
2025-08-31 10:18:09,846 [INFO] MainPanel:274 - HeapMemory: 268435456
2025-08-31 10:18:09,963 [INFO] DbMcusXml:78 - Set database path to: C:\ST\STM32CubeIDE_1.19.0\STM32CubeIDE\plugins\com.st.stm32cube.common.mx_6.15.0.202507011659\\db\/mcu/
2025-08-31 10:18:09,963 [INFO] ApiDb:274 - Set plugin database path to: C:\ST\STM32CubeIDE_1.19.0\STM32CubeIDE\plugins\com.st.stm32cube.common.mx_6.15.0.202507011659\\db\/plugins/boardmanager/
2025-08-31 10:18:09,963 [INFO] ApiDb:261 - Set plugin images path to: C:\ST\STM32CubeIDE_1.19.0\STM32CubeIDE\plugins\com.st.stm32cube.common.mx_6.15.0.202507011659\\db\/plugins/mcufinder/images/
2025-08-31 10:18:09,964 [WARN] DbFile:41 - Overriding database path with different value: C:\Users\VINOD\.stmcufinder\plugins\mcufinder/ => C:\Users\VINOD\.stmcufinder\plugins\mcufinder
2025-08-31 10:18:09,964 [INFO] ApiDb:250 - Set database path to: C:\Users\VINOD\.stmcufinder\plugins\mcufinder//mcu/
2025-08-31 10:18:09,964 [WARN] DbFile:41 - Overriding database path with different value: C:\Users\VINOD\.stmcufinder\plugins\mcufinder/ => C:\Users\VINOD\.stmcufinder\plugins\mcufinder
2025-08-31 10:18:09,965 [INFO] DbMcusAds:125 - Set database path to: C:\Users\VINOD\.stmcufinder\plugins\mcufinder//mcu/
2025-08-31 10:18:09,965 [WARN] DbFile:41 - Overriding database path with different value: C:\Users\VINOD\.stmcufinder\plugins\mcufinder/ => C:\Users\VINOD\.stmcufinder\plugins\mcufinder
2025-08-31 10:18:09,965 [WARN] DbFile:41 - Overriding database path with different value: C:\Users\VINOD\.stmcufinder\plugins\mcufinder/ => C:\Users\VINOD\.stmcufinder\plugins\mcufinder
2025-08-31 10:18:09,965 [INFO] CrossReferenceDbSqlite:203 - Set database path to: C:\Users\VINOD\.stmcufinder\plugins\mcufinder//mcu/cs/
2025-08-31 10:18:09,985 [INFO] ApplicationProperties:184 - Using Application install path: C:\ST\STM32CubeIDE_1.19.0\STM32CubeIDE\plugins\com.st.stm32cube.common.mx_6.15.0.202507011659
2025-08-31 10:18:09,986 [INFO] PluginManage:196 - Search for loadable plugins [exclusion list=, ]
2025-08-31 10:18:09,988 [INFO] PluginManage:310 - Check plugin analytics
2025-08-31 10:18:10,217 [INFO] AnalyticsPlugin:253 - Accepted Software Licenses: 
2025-08-31 10:18:10,219 [INFO] AnalyticsPlugin:255 - Accepted CMSIS Pack Licenses: 
2025-08-31 10:18:10,219 [INFO] AnalyticsPlugin:257 - Accepted Firmware Licenses: FW.F4.1.28.0,FW.L4.1.18.0
2025-08-31 10:18:10,222 [INFO] PluginManage:359 - Loaded plugin analytics (category:tool,tabindex:-1)
2025-08-31 10:18:10,222 [INFO] PluginManage:310 - Check plugin cadmodel
2025-08-31 10:18:10,229 [INFO] CADModel:105 - Init CAD model plugin
2025-08-31 10:18:10,230 [INFO] PluginManage:359 - Loaded plugin cadmodel (category:power,tabindex:5)
2025-08-31 10:18:10,230 [INFO] PluginManage:310 - Check plugin clock
2025-08-31 10:18:10,242 [INFO] PluginManage:359 - Loaded plugin clock (category:base,tabindex:2)
2025-08-31 10:18:10,242 [INFO] PluginManage:310 - Check plugin ddr
2025-08-31 10:18:10,245 [INFO] PluginManage:359 - Loaded plugin ddr (category:tool,tabindex:6)
2025-08-31 10:18:10,245 [INFO] PluginManage:310 - Check plugin filemanager
2025-08-31 10:18:10,397 [INFO] PluginManage:359 - Loaded plugin filemanager (category:base,tabindex:10)
2025-08-31 10:18:10,397 [INFO] PluginManage:310 - Check plugin ipmanager
2025-08-31 10:18:10,404 [INFO] PluginManage:359 - Loaded plugin ipmanager (category:base,tabindex:5)
2025-08-31 10:18:10,404 [INFO] PluginManage:310 - Check plugin lpbam
2025-08-31 10:18:10,413 [INFO] PluginManage:359 - Loaded plugin lpbam (category:base,tabindex:0)
2025-08-31 10:18:10,413 [INFO] PluginManage:310 - Check plugin memorymap
2025-08-31 10:18:10,431 [INFO] PluginManage:359 - Loaded plugin memorymap (category:base,tabindex:4)
2025-08-31 10:18:10,432 [INFO] PluginManage:310 - Check plugin pinoutandconfiguration
2025-08-31 10:18:10,444 [INFO] PluginManage:359 - Loaded plugin pinoutandconfiguration (category:base,tabindex:1)
2025-08-31 10:18:10,445 [INFO] PluginManage:310 - Check plugin pinoutconfig
2025-08-31 10:18:10,535 [WARN] SupportedApi:132 - Cannot load RTOS API schema: s4s-elt-must-match.1: The content of 'definitions' must match (annotation?, (simpleType | complexType)?, (unique | key | keyref)*)). A problem was found starting at: attribute.
2025-08-31 10:18:10,693 [INFO] PluginManage:359 - Loaded plugin pinoutconfig (category:base,tabindex:0)
2025-08-31 10:18:10,694 [INFO] PluginManage:310 - Check plugin power
2025-08-31 10:18:10,710 [INFO] PluginManage:359 - Loaded plugin power (category:power,tabindex:4)
2025-08-31 10:18:10,710 [INFO] PluginManage:310 - Check plugin projectmanager
2025-08-31 10:18:10,736 [INFO] PluginManage:359 - Loaded plugin projectmanager (category:projectmanager,tabindex:4)
2025-08-31 10:18:10,736 [INFO] PluginManage:310 - Check plugin rif
2025-08-31 10:18:10,757 [INFO] PluginManage:359 - Loaded plugin rif (category:base,tabindex:3)
2025-08-31 10:18:10,757 [INFO] PluginManage:310 - Check plugin thirdparty
2025-08-31 10:18:10,908 [INFO] PluginManage:359 - Loaded plugin thirdparty (category:base,tabindex:-1)
2025-08-31 10:18:10,908 [WARN] IntegrityCheckThread:84 - waiting for thirdparty lock release [integrity check]
2025-08-31 10:18:10,909 [INFO] PluginManage:310 - Check plugin tools
2025-08-31 10:18:10,909 [INFO] IntegrityCheckThread:86 - entering critical section [integrity check]
2025-08-31 10:18:10,909 [INFO] ThirdPartyUpdaterWithRetryManager:70 - Updater plugin not ready yet. [1/15]
2025-08-31 10:18:10,911 [INFO] PluginManage:359 - Loaded plugin tools (category:base,tabindex:7)
2025-08-31 10:18:10,911 [INFO] PluginManage:310 - Check plugin tutovideos
2025-08-31 10:18:11,188 [INFO] PluginManage:359 - Loaded plugin tutovideos (category:base,tabindex:-1)
2025-08-31 10:18:11,188 [INFO] PluginManage:310 - Check plugin updater
2025-08-31 10:18:11,209 [INFO] PluginManage:359 - Loaded plugin updater (category:base,tabindex:12)
2025-08-31 10:18:11,209 [INFO] PluginManage:310 - Check plugin userauth
2025-08-31 10:18:11,215 [INFO] UserAuth:118 - Init User Auth plugin
2025-08-31 10:18:11,215 [INFO] PluginManage:359 - Loaded plugin userauth (category:base,tabindex:14)
2025-08-31 10:18:11,216 [INFO] PluginManage:283 - PluginManage : Loaded plugins [18]
2025-08-31 10:18:11,421 [INFO] PinOutPanel:1589 - setPackage(No Configuration,No Configuration)
2025-08-31 10:18:11,502 [INFO] CADModel:165 - CPN selected for project level
2025-08-31 10:18:11,502 [INFO] CADModel:114 - Register for checkConnection events
2025-08-31 10:18:11,524 [INFO] IPUIPlugin:80 - create IPUIPlugin
2025-08-31 10:18:11,524 [INFO] PluginManager:220 - loadIPPluginJar : add adc
2025-08-31 10:18:11,527 [INFO] IPUIPlugin:80 - create IPUIPlugin
2025-08-31 10:18:11,527 [INFO] PluginManager:220 - loadIPPluginJar : add aes
2025-08-31 10:18:11,531 [INFO] IPUIPlugin:80 - create IPUIPlugin
2025-08-31 10:18:11,531 [INFO] PluginManager:220 - loadIPPluginJar : add can
2025-08-31 10:18:11,533 [INFO] IPUIPlugin:80 - create IPUIPlugin
2025-08-31 10:18:11,533 [INFO] PluginManager:220 - loadIPPluginJar : add comp
2025-08-31 10:18:11,536 [INFO] IPUIPlugin:80 - create IPUIPlugin
2025-08-31 10:18:11,536 [INFO] PluginManager:220 - loadIPPluginJar : add cryp
2025-08-31 10:18:11,539 [INFO] IPUIPlugin:80 - create IPUIPlugin
2025-08-31 10:18:11,539 [INFO] PluginManager:220 - loadIPPluginJar : add ddr_ctrl_phy
2025-08-31 10:18:11,541 [INFO] IPUIPlugin:80 - create IPUIPlugin
2025-08-31 10:18:11,541 [INFO] PluginManager:220 - loadIPPluginJar : add dfsdm
2025-08-31 10:18:11,546 [INFO] IPUIPlugin:80 - create IPUIPlugin
2025-08-31 10:18:11,547 [INFO] PluginManager:220 - loadIPPluginJar : add dma
2025-08-31 10:18:11,549 [INFO] IPUIPlugin:80 - create IPUIPlugin
2025-08-31 10:18:11,549 [INFO] PluginManager:220 - loadIPPluginJar : add dma3
2025-08-31 10:18:11,552 [INFO] IPUIPlugin:80 - create IPUIPlugin
2025-08-31 10:18:11,552 [INFO] PluginManager:220 - loadIPPluginJar : add extmemmanager
2025-08-31 10:18:11,553 [INFO] IPUIPlugin:80 - create IPUIPlugin
2025-08-31 10:18:11,553 [INFO] PluginManager:220 - loadIPPluginJar : add fatfs
2025-08-31 10:18:11,558 [INFO] IPUIPlugin:80 - create IPUIPlugin
2025-08-31 10:18:11,558 [INFO] PluginManager:220 - loadIPPluginJar : add fmc
2025-08-31 10:18:11,562 [INFO] IPUIPlugin:80 - create IPUIPlugin
2025-08-31 10:18:11,562 [INFO] PluginManager:220 - loadIPPluginJar : add freertos
2025-08-31 10:18:11,565 [INFO] IPUIPlugin:80 - create IPUIPlugin
2025-08-31 10:18:11,565 [INFO] PluginManager:220 - loadIPPluginJar : add genericplugin
2025-08-31 10:18:11,567 [INFO] IPUIPlugin:80 - create IPUIPlugin
2025-08-31 10:18:11,567 [INFO] PluginManager:220 - loadIPPluginJar : add gfxmmu
2025-08-31 10:18:11,571 [INFO] IPUIPlugin:80 - create IPUIPlugin
2025-08-31 10:18:11,571 [INFO] PluginManager:220 - loadIPPluginJar : add gic
2025-08-31 10:18:11,575 [INFO] IPUIPlugin:80 - create IPUIPlugin
2025-08-31 10:18:11,575 [INFO] PluginManager:220 - loadIPPluginJar : add gpio
2025-08-31 10:18:11,577 [INFO] IPUIPlugin:80 - create IPUIPlugin
2025-08-31 10:18:11,577 [INFO] PluginManager:220 - loadIPPluginJar : add gtzc
2025-08-31 10:18:11,579 [INFO] IPUIPlugin:80 - create IPUIPlugin
2025-08-31 10:18:11,579 [INFO] PluginManager:220 - loadIPPluginJar : add hash
2025-08-31 10:18:11,583 [INFO] IPUIPlugin:80 - create IPUIPlugin
2025-08-31 10:18:11,583 [INFO] PluginManager:220 - loadIPPluginJar : add i2c
2025-08-31 10:18:11,585 [INFO] IPUIPlugin:80 - create IPUIPlugin
2025-08-31 10:18:11,585 [INFO] PluginManager:220 - loadIPPluginJar : add i2s
2025-08-31 10:18:11,589 [INFO] IPUIPlugin:80 - create IPUIPlugin
2025-08-31 10:18:11,590 [INFO] PluginManager:220 - loadIPPluginJar : add i3c
2025-08-31 10:18:11,593 [INFO] IPUIPlugin:80 - create IPUIPlugin
2025-08-31 10:18:11,593 [INFO] PluginManager:220 - loadIPPluginJar : add ipddr
2025-08-31 10:18:11,601 [INFO] IPUIPlugin:80 - create IPUIPlugin
2025-08-31 10:18:11,601 [INFO] PluginManager:220 - loadIPPluginJar : add linkedlist
2025-08-31 10:18:11,604 [INFO] IPUIPlugin:80 - create IPUIPlugin
2025-08-31 10:18:11,604 [INFO] PluginManager:220 - loadIPPluginJar : add lorawan
2025-08-31 10:18:11,607 [INFO] IPUIPlugin:80 - create IPUIPlugin
2025-08-31 10:18:11,607 [INFO] PluginManager:220 - loadIPPluginJar : add ltdc
2025-08-31 10:18:11,612 [INFO] IPUIPlugin:80 - create IPUIPlugin
2025-08-31 10:18:11,612 [INFO] PluginManager:220 - loadIPPluginJar : add mdma
2025-08-31 10:18:11,616 [INFO] IPUIPlugin:80 - create IPUIPlugin
2025-08-31 10:18:11,616 [INFO] PluginManager:220 - loadIPPluginJar : add nvic
2025-08-31 10:18:11,620 [INFO] IPUIPlugin:80 - create IPUIPlugin
2025-08-31 10:18:11,620 [INFO] PluginManager:220 - loadIPPluginJar : add opamp
2025-08-31 10:18:11,624 [INFO] IPUIPlugin:80 - create IPUIPlugin
2025-08-31 10:18:11,624 [INFO] PluginManager:220 - loadIPPluginJar : add openamp
2025-08-31 10:18:11,627 [INFO] IPUIPlugin:80 - create IPUIPlugin
2025-08-31 10:18:11,627 [INFO] PluginManager:220 - loadIPPluginJar : add pdm2pcm
2025-08-31 10:18:11,633 [INFO] IPUIPlugin:80 - create IPUIPlugin
2025-08-31 10:18:11,635 [INFO] PluginManager:220 - loadIPPluginJar : add plateformsettings
2025-08-31 10:18:11,637 [INFO] IPUIPlugin:80 - create IPUIPlugin
2025-08-31 10:18:11,637 [INFO] PluginManager:220 - loadIPPluginJar : add quadspi
2025-08-31 10:18:11,639 [INFO] IPUIPlugin:80 - create IPUIPlugin
2025-08-31 10:18:11,639 [INFO] PluginManager:220 - loadIPPluginJar : add radio
2025-08-31 10:18:11,642 [INFO] IPUIPlugin:80 - create IPUIPlugin
2025-08-31 10:18:11,642 [INFO] PluginManager:220 - loadIPPluginJar : add resmgrutility
2025-08-31 10:18:11,646 [INFO] IPUIPlugin:80 - create IPUIPlugin
2025-08-31 10:18:11,646 [INFO] PluginManager:220 - loadIPPluginJar : add sai
2025-08-31 10:18:11,648 [INFO] IPUIPlugin:80 - create IPUIPlugin
2025-08-31 10:18:11,648 [INFO] PluginManager:220 - loadIPPluginJar : add spi
2025-08-31 10:18:11,656 [INFO] IPUIPlugin:80 - create IPUIPlugin
2025-08-31 10:18:11,657 [INFO] PluginManager:220 - loadIPPluginJar : add stm32_wpan
2025-08-31 10:18:11,659 [INFO] IPUIPlugin:80 - create IPUIPlugin
2025-08-31 10:18:11,659 [INFO] PluginManager:220 - loadIPPluginJar : add tim
2025-08-31 10:18:11,661 [INFO] IPUIPlugin:80 - create IPUIPlugin
2025-08-31 10:18:11,662 [INFO] PluginManager:220 - loadIPPluginJar : add touchsensing
2025-08-31 10:18:11,664 [INFO] IPUIPlugin:80 - create IPUIPlugin
2025-08-31 10:18:11,664 [INFO] PluginManager:220 - loadIPPluginJar : add tracer_emb
2025-08-31 10:18:11,666 [INFO] IPUIPlugin:80 - create IPUIPlugin
2025-08-31 10:18:11,666 [INFO] PluginManager:220 - loadIPPluginJar : add ts
2025-08-31 10:18:11,668 [INFO] IPUIPlugin:80 - create IPUIPlugin
2025-08-31 10:18:11,669 [INFO] PluginManager:220 - loadIPPluginJar : add tsc
2025-08-31 10:18:11,670 [INFO] IPUIPlugin:80 - create IPUIPlugin
2025-08-31 10:18:11,670 [INFO] PluginManager:220 - loadIPPluginJar : add ucpd
2025-08-31 10:18:11,672 [INFO] IPUIPlugin:80 - create IPUIPlugin
2025-08-31 10:18:11,672 [INFO] PluginManager:220 - loadIPPluginJar : add usart
2025-08-31 10:18:11,675 [INFO] IPUIPlugin:80 - create IPUIPlugin
2025-08-31 10:18:11,675 [INFO] PluginManager:220 - loadIPPluginJar : add usbx
2025-08-31 10:18:11,800 [FATAL] Updater:351 - Updater called before beeing initialized
2025-08-31 10:18:11,841 [INFO] RulesReader:64 - Compatibility file has been processed (317 Rules)
2025-08-31 10:18:11,855 [INFO] RulesReader:64 - Compatibility file has been processed (317 Rules)
2025-08-31 10:18:11,871 [INFO] CADModel:165 - CPN selected for project level
2025-08-31 10:18:11,871 [INFO] CADModel:114 - Register for checkConnection events
2025-08-31 10:18:11,872 [FATAL] Updater:351 - Updater called before beeing initialized
2025-08-31 10:18:11,872 [ERROR] CADModel:125 - Updater not yet initialized, retry later 
2025-08-31 10:18:12,042 [FATAL] Updater:351 - Updater called before beeing initialized
2025-08-31 10:18:12,045 [INFO] CADModel:165 - CPN selected for project level
2025-08-31 10:18:12,045 [INFO] CADModel:114 - Register for checkConnection events
2025-08-31 10:18:12,045 [FATAL] Updater:351 - Updater called before beeing initialized
2025-08-31 10:18:12,045 [ERROR] CADModel:125 - Updater not yet initialized, retry later 
2025-08-31 10:18:12,048 [FATAL] Updater:351 - Updater called before beeing initialized
2025-08-31 10:18:12,137 [FATAL] Updater:351 - Updater called before beeing initialized
2025-08-31 10:18:12,140 [INFO] DbMcusAds:53 - JSON generation date=Tue Jul 08 13:44:23 IST 2025 (1751962463582)
2025-08-31 10:18:12,140 [FATAL] Updater:351 - Updater called before beeing initialized
2025-08-31 10:18:12,172 [WARN] DetailPanel:346 - Failed to get advertising image, set to default
2025-08-31 10:18:12,247 [FATAL] Updater:351 - Updater called before beeing initialized
2025-08-31 10:18:12,248 [FATAL] Updater:351 - Updater called before beeing initialized
2025-08-31 10:18:12,248 [FATAL] Updater:351 - Updater called before beeing initialized
2025-08-31 10:18:12,248 [WARN] DetailPanel:346 - Failed to get advertising image, set to default
2025-08-31 10:18:12,249 [FATAL] Updater:351 - Updater called before beeing initialized
2025-08-31 10:18:12,296 [ERROR] Updater:1198 - MainUpdater not yet initialized. External WinMGr cannot be set.
2025-08-31 10:18:12,298 [INFO] Updater:1134 - Updater Version found : 6.15.0
2025-08-31 10:18:12,317 [INFO] ApplicationProperties:184 - Using Application install path: C:\ST\STM32CubeIDE_1.19.0\STM32CubeIDE\plugins\com.st.stm32cube.common.mx_6.15.0.202507011659
2025-08-31 10:18:13,910 [INFO] ThirdPartyUpdaterWithRetryManager:70 - Updater plugin not ready yet. [2/15]
2025-08-31 10:18:13,913 [ERROR] LogOutputStream:75 - [STDERR_REDIRECT] Aug 31, 2025 10:18:13 AM java.util.prefs.WindowsPreferences <init>
2025-08-31 10:18:13,916 [ERROR] LogOutputStream:75 - [STDERR_REDIRECT] WARNING: Could not open/create prefs root node Software\JavaSoft\Prefs at root 0xffffffff80000002. Windows RegCreateKeyEx(...) returned error code 5.
2025-08-31 10:18:13,917 [ERROR] LogOutputStream:75 - [STDERR_REDIRECT] 
2025-08-31 10:18:14,208 [INFO] MainUpdater:2872 - connection check result : 10
2025-08-31 10:18:14,209 [INFO] MainUpdater:3604 - Updater definition file requires update
2025-08-31 10:18:14,210 [INFO] MainUpdater:289 - Updater Check For Update Now.
2025-08-31 10:18:14,210 [INFO] MicroXplorer:498 - Change Database Version : DB.6.0.150
2025-08-31 10:18:14,216 [INFO] McuFinderGlobals:63 - Set McuFinder mode to 2 (CubeIDE integrated)
2025-08-31 10:18:14,218 [INFO] UserAuth:487 - Internet connection configuration mode: 1
2025-08-31 10:18:14,251 [INFO] JxBrowserEngine:152 - Initiate JxBrowser Engine with user profile folder
2025-08-31 10:18:14,419 [INFO] ServerAccessManage:452 - Complete download http(s) 200
2025-08-31 10:18:14,420 [INFO] ServerAccessManage:509 - Download File updaters.zip
2025-08-31 10:18:14,503 [INFO] FileExtend:248 - Unzip File : updaters.zip
2025-08-31 10:18:14,504 [INFO] FileExtend:263 - Standard Zip Deflate
2025-08-31 10:18:14,936 [INFO] ServerAccessManage:452 - Complete download http(s) 200
2025-08-31 10:18:14,936 [INFO] ServerAccessManage:509 - Download File PacksControlFlags.xml
2025-08-31 10:18:15,068 [INFO] ServerAccessManage:452 - Complete download http(s) 200
2025-08-31 10:18:15,068 [INFO] ServerAccessManage:509 - Download File cubemx.pidx
2025-08-31 10:18:15,204 [INFO] LoadServerUpdatesThread:375 - End of LoadServerUpdate Thread
2025-08-31 10:18:15,389 [INFO] CheckServerUpdateThread:120 - End of CheckServer Thread
2025-08-31 10:18:15,527 [INFO] WebApp:169 - Instantiating new browser for Auth
2025-08-31 10:18:16,391 [INFO] WebApp:463 - Apply proxy settings
2025-08-31 10:18:16,391 [INFO] WebApp:548 - Chromium requires no authentication
2025-08-31 10:18:16,406 [INFO] WebApp:491 - Direct internet connection detected
2025-08-31 10:18:16,482 [INFO] WebApp:900 - Register for checkConnection events
2025-08-31 10:18:16,482 [INFO] WebApp:463 - Apply proxy settings
2025-08-31 10:18:16,482 [INFO] WebApp:548 - Chromium requires no authentication
2025-08-31 10:18:16,484 [INFO] WebApp:491 - Direct internet connection detected
2025-08-31 10:18:16,815 [INFO] WebApp:191 - Connection restablished
2025-08-31 10:18:16,821 [INFO] WebApp:225 - Starting web application
2025-08-31 10:18:16,822 [INFO] WebApp:593 - Web application path used C:\ST\STM32CubeIDE_1.19.0\STM32CubeIDE\plugins\com.st.stm32cube.common.mx_6.15.0.202507011659\db\plugins\mcufinder\reactClient1\index.html
2025-08-31 10:18:16,988 [INFO] UserAuth:487 - Internet connection configuration mode: 1
2025-08-31 10:18:17,163 [ERROR] LogOutputStream:75 - [STDERR_REDIRECT] [Fatal Error] :1:1: Premature end of file.
2025-08-31 10:18:17,164 [ERROR] LogOutputStream:75 - [STDERR_REDIRECT] 
2025-08-31 10:18:17,350 [WARN] PackLoader:240 - Cannot read IP mode file for STMicroelectronics.FP-SNS-MOTENVWB1.1.4.0
2025-08-31 10:18:17,362 [WARN] PackLoader:240 - Cannot read IP mode file for STMicroelectronics.FP-ATR-ASTRA1.2.0.2
2025-08-31 10:18:17,373 [WARN] PackLoader:240 - Cannot read IP mode file for STMicroelectronics.X-CUBE-SMBUS.2.1.0
2025-08-31 10:18:17,381 [WARN] PackLoader:240 - Cannot read IP mode file for STMicroelectronics.X-CUBE-ST60.1.0.0
2025-08-31 10:18:17,417 [WARN] PackLoader:240 - Cannot read IP mode file for STMicroelectronics.X-CUBE-AZRTOS-F7.1.1.0
2025-08-31 10:18:17,456 [WARN] PackLoader:240 - Cannot read IP mode file for Infineon.AIROC-Wi-Fi-Bluetooth-STM32.1.7.1
2025-08-31 10:18:17,491 [WARN] PackLoader:240 - Cannot read IP mode file for STMicroelectronics.X-CUBE-AZRTOS-H7.3.4.0
2025-08-31 10:18:17,507 [WARN] PackLoader:240 - Cannot read IP mode file for STMicroelectronics.X-CUBE-DISPLAY.3.0.0
2025-08-31 10:18:17,523 [WARN] PackLoader:240 - Cannot read IP mode file for STMicroelectronics.X-CUBE-NFC10.1.0.0
2025-08-31 10:18:17,531 [WARN] PackLoader:240 - Cannot read IP mode file for emotas.I-CUBE-CANOPEN.1.3.0
2025-08-31 10:18:17,540 [WARN] PackLoader:240 - Cannot read IP mode file for STMicroelectronics.FP-SNS-STBOX1.2.1.0
2025-08-31 10:18:17,551 [WARN] PackLoader:240 - Cannot read IP mode file for STMicroelectronics.FP-SNS-SMARTAG2.1.2.0
2025-08-31 10:18:17,557 [WARN] PackLoader:240 - Cannot read IP mode file for STMicroelectronics.FP-SNS-FLIGHT1.5.1.0
2025-08-31 10:18:17,565 [INFO] LogOutputStream:77 - [STDOUT_REDIRECT] 1 : Invalid condition id : UX_CORESTACK_Condition cause : null
2025-08-31 10:18:17,567 [INFO] LogOutputStream:77 - [STDOUT_REDIRECT] 1 : Invalid condition id : UX_CORESTACK_Condition cause : null
2025-08-31 10:18:17,569 [INFO] LogOutputStream:77 - [STDOUT_REDIRECT] 1 : Invalid condition id : UX_CORESTACK_Condition cause : null
2025-08-31 10:18:17,570 [INFO] LogOutputStream:77 - [STDOUT_REDIRECT] 1 : Invalid condition id : UX_CORESTACK_Condition cause : null
2025-08-31 10:18:17,572 [INFO] LogOutputStream:77 - [STDOUT_REDIRECT] 1 : Invalid condition id : UX_CORESTACK_Condition cause : null
2025-08-31 10:18:17,576 [WARN] PackLoader:240 - Cannot read IP mode file for STMicroelectronics.X-CUBE-AZRTOS-WL.2.0.0
2025-08-31 10:18:17,584 [WARN] PackLoader:240 - Cannot read IP mode file for STMicroelectronics.FP-SNS-MOTENV1.5.0.0
2025-08-31 10:18:17,594 [WARN] PackLoader:240 - Cannot read IP mode file for WES.I-CUBE-Cesium.1.3.0
2025-08-31 10:18:17,603 [WARN] PackLoader:240 - Cannot read IP mode file for STMicroelectronics.X-CUBE-BLE2.3.3.0
2025-08-31 10:18:17,613 [WARN] PackLoader:240 - Cannot read IP mode file for STMicroelectronics.X-CUBE-NFC9.1.0.0
2025-08-31 10:18:17,621 [WARN] PackLoader:240 - Cannot read IP mode file for wolfSSL.I-CUBE-wolfSSL.5.8.2
2025-08-31 10:18:17,627 [WARN] PackLoader:240 - Cannot read IP mode file for STMicroelectronics.X-CUBE-BLE1.7.1.0
2025-08-31 10:18:17,632 [WARN] PackLoader:240 - Cannot read IP mode file for wolfSSL.I-CUBE-wolfMQTT.1.19.2
2025-08-31 10:18:17,638 [WARN] PackLoader:240 - Cannot read IP mode file for STMicroelectronics.X-CUBE-EEPRMA1.5.2.0
2025-08-31 10:18:17,649 [WARN] PackLoader:240 - Cannot read IP mode file for STMicroelectronics.X-CUBE-AZRTOS-G0.1.1.0
2025-08-31 10:18:17,658 [WARN] PackLoader:240 - Cannot read IP mode file for STMicroelectronics.X-CUBE-SAFEA1.1.2.2
2025-08-31 10:18:17,667 [WARN] PackLoader:240 - Cannot read IP mode file for STMicroelectronics.X-CUBE-NFC4.3.0.0
2025-08-31 10:18:17,674 [WARN] PackLoader:240 - Cannot read IP mode file for STMicroelectronics.X-CUBE-WB05N.2.0.0
2025-08-31 10:18:17,681 [WARN] PackLoader:240 - Cannot read IP mode file for wolfSSL.I-CUBE-wolfTPM.3.8.0
2025-08-31 10:18:17,688 [WARN] PackLoader:240 - Cannot read IP mode file for STMicroelectronics.X-CUBE-TCPP.4.2.0
2025-08-31 10:18:17,697 [WARN] PackLoader:240 - Cannot read IP mode file for RealThread.X-CUBE-RT-Thread_Nano.4.1.1
2025-08-31 10:18:17,700 [WARN] PackLoader:240 - Cannot read IP mode file for STMicroelectronics.FP-ATR-SIGFOX1.3.2.0
2025-08-31 10:18:17,706 [WARN] PackLoader:240 - Cannot read IP mode file for ITTIA_DB.I-CUBE-ITTIADB.8.9.0
2025-08-31 10:18:17,715 [WARN] PackLoader:240 - Cannot read IP mode file for STMicroelectronics.X-CUBE-ST67W61.1.0.0
2025-08-31 10:18:17,719 [WARN] PackLoader:240 - Cannot read IP mode file for STMicroelectronics.X-CUBE-AI.10.2.0
2025-08-31 10:18:17,745 [WARN] PackLoader:240 - Cannot read IP mode file for SEGGER.I-CUBE-embOS.1.3.1
2025-08-31 10:18:17,772 [WARN] PackLoader:240 - Cannot read IP mode file for STMicroelectronics.X-CUBE-ALGOBUILD.1.4.0
2025-08-31 10:18:17,807 [WARN] PackLoader:240 - Cannot read IP mode file for STMicroelectronics.X-CUBE-MEMS1.11.3.0
2025-08-31 10:18:17,890 [WARN] PackLoader:240 - Cannot read IP mode file for STMicroelectronics.X-CUBE-PM33A1.1.0.0
2025-08-31 10:18:17,900 [WARN] PackLoader:240 - Cannot read IP mode file for STMicroelectronics.X-CUBE-AZRTOS-F4.1.1.0
2025-08-31 10:18:17,905 [WARN] PackLoader:240 - Cannot read IP mode file for Avnet-IotConnect.X-CUBE-IoTC-DA16k-PMOD.1.0.0
2025-08-31 10:18:17,909 [WARN] PackLoader:240 - Cannot read IP mode file for STMicroelectronics.X-CUBE-ISPU.2.1.0
2025-08-31 10:18:17,916 [WARN] PackLoader:240 - Cannot read IP mode file for STMicroelectronics.X-CUBE-NFC12.1.0.0
2025-08-31 10:18:17,928 [WARN] PackLoader:240 - Cannot read IP mode file for STMicroelectronics.X-CUBE-AZRTOS-L5.2.0.0
2025-08-31 10:18:17,937 [WARN] PackLoader:240 - Cannot read IP mode file for STMicroelectronics.X-CUBE-NFC6.3.1.0
2025-08-31 10:18:17,946 [WARN] PackLoader:240 - Cannot read IP mode file for STMicroelectronics.X-CUBE-FREERTOS.1.3.1
2025-08-31 10:18:17,952 [WARN] PackLoader:240 - Cannot read IP mode file for STMicroelectronics.FP-SNS-STAIOTCFT.1.0.0
2025-08-31 10:18:17,957 [WARN] PackLoader:240 - Cannot read IP mode file for STMicroelectronics.X-CUBE-DPower.1.3.0
2025-08-31 10:18:17,968 [WARN] ConditionMgr:438 - getConditionDescription Invalid condition id : LAN8742 Phy interface Condition cause : null
2025-08-31 10:18:17,969 [WARN] PackLoader:240 - Cannot read IP mode file for STMicroelectronics.X-CUBE-AZRTOS-L4.2.0.0
2025-08-31 10:18:17,969 [WARN] ConditionMgr:1044 - genDependencies : Invalid condition id : LAN8742 Phy interface Condition cause : null
2025-08-31 10:18:17,969 [WARN] ConditionMgr:1044 - genDependencies : Invalid condition id : LAN8742 Phy interface Condition cause : null
2025-08-31 10:18:17,969 [WARN] ConditionMgr:1044 - genDependencies : Invalid condition id : LAN8742 Phy interface Condition cause : null
2025-08-31 10:18:17,978 [WARN] PackLoader:240 - Cannot read IP mode file for STMicroelectronics.X-CUBE-SFXS2LP1.4.0.0
2025-08-31 10:18:17,987 [WARN] PackLoader:240 - Cannot read IP mode file for STMicroelectronics.X-CUBE-BLEMGR.4.1.0
2025-08-31 10:18:17,997 [WARN] ConditionMgr:438 - getConditionDescription Invalid condition id : UX DEVICE CLASS RTOS Condition cause : null
2025-08-31 10:18:17,997 [WARN] ConditionMgr:438 - getConditionDescription Invalid condition id : UX DEVICE CLASS RTOS Condition cause : null
2025-08-31 10:18:17,999 [WARN] PackLoader:240 - Cannot read IP mode file for STMicroelectronics.X-CUBE-AZRTOS-WB.2.0.0
2025-08-31 10:18:17,999 [WARN] ConditionMgr:1044 - genDependencies : Invalid condition id : UX DEVICE CLASS RTOS Condition cause : null
2025-08-31 10:18:17,999 [WARN] ConditionMgr:1044 - genDependencies : Invalid condition id : UX DEVICE CLASS RTOS Condition cause : null
2025-08-31 10:18:17,999 [WARN] ConditionMgr:1044 - genDependencies : Invalid condition id : UX DEVICE CLASS RTOS Condition cause : null
2025-08-31 10:18:17,999 [WARN] ConditionMgr:1044 - genDependencies : Invalid condition id : UX DEVICE CLASS RTOS Condition cause : null
2025-08-31 10:18:17,999 [WARN] ConditionMgr:1044 - genDependencies : Invalid condition id : UX DEVICE CLASS RTOS Condition cause : null
2025-08-31 10:18:18,003 [WARN] PackLoader:240 - Cannot read IP mode file for STMicroelectronics.X-CUBE-GNSS1.7.0.1
2025-08-31 10:18:18,013 [WARN] PackLoader:240 - Cannot read IP mode file for STMicroelectronics.X-CUBE-TOUCHGFX.4.25.0
2025-08-31 10:18:18,017 [WARN] ConditionMgr:438 - getConditionDescription Invalid condition id : Cortex-A Device cause : null
2025-08-31 10:18:18,036 [WARN] ConditionMgr:1044 - genDependencies : Invalid condition id : Cortex-A Device cause : null
2025-08-31 10:18:18,036 [WARN] ConditionMgr:1044 - genDependencies : Invalid condition id : Cortex-A Device cause : null
2025-08-31 10:18:18,036 [WARN] ConditionMgr:1044 - genDependencies : Invalid condition id : Cortex-A Device cause : null
2025-08-31 10:18:18,046 [WARN] PackLoader:240 - Cannot read IP mode file for STMicroelectronics.X-CUBE-SUBG2.5.0.0
2025-08-31 10:18:18,069 [WARN] PackLoader:240 - Cannot read IP mode file for STMicroelectronics.X-CUBE-AZRTOS-H7RS.1.1.0
2025-08-31 10:18:18,078 [WARN] PackLoader:240 - Cannot read IP mode file for Cesanta.I-CUBE-Mongoose.7.13.0
2025-08-31 10:18:18,098 [WARN] PackLoader:240 - Cannot read IP mode file for STMicroelectronics.X-CUBE-AZRTOS-G4.2.0.0
2025-08-31 10:18:18,106 [WARN] PackLoader:240 - Cannot read IP mode file for wolfSSL.I-CUBE-wolfSSH.1.4.20
2025-08-31 10:18:18,114 [WARN] PackLoader:240 - Cannot read IP mode file for STMicroelectronics.X-CUBE-NFC7.2.0.0
2025-08-31 10:18:18,124 [WARN] PackLoader:240 - Cannot read IP mode file for STMicroelectronics.X-CUBE-IPS.3.1.0
2025-08-31 10:18:18,131 [ERROR] LogOutputStream:75 - [STDERR_REDIRECT] [Fatal Error] :1:1: Premature end of file.
2025-08-31 10:18:18,133 [ERROR] LogOutputStream:75 - [STDERR_REDIRECT] 
2025-08-31 10:18:18,139 [WARN] PackLoader:240 - Cannot read IP mode file for STMicroelectronics.X-CUBE-ALS.1.0.2
2025-08-31 10:18:18,148 [WARN] PackLoader:240 - Cannot read IP mode file for portGmbH.I-Cube-SoM-uGOAL.1.1.0
2025-08-31 10:18:18,156 [WARN] PackLoader:240 - Cannot read IP mode file for STMicroelectronics.X-CUBE-TOF1.3.4.3
2025-08-31 10:18:18,165 [INFO] ThirdParty:978 - Integrity check success = true
2025-08-31 10:18:18,165 [INFO] IntegrityCheckThread:100 - exiting critical section [integrity check]
2025-08-31 10:18:18,165 [INFO] IntegrityCheckThread:103 - End integrity checks thread
2025-08-31 10:18:19,160 [ERROR] LogOutputStream:75 - [STDERR_REDIRECT] [Fatal Error] :1:1: Premature end of file.
2025-08-31 10:18:19,161 [ERROR] LogOutputStream:75 - [STDERR_REDIRECT] 
2025-08-31 10:18:20,117 [ERROR] LogOutputStream:75 - [STDERR_REDIRECT] [Fatal Error] :1:1: Premature end of file.
2025-08-31 10:18:20,117 [ERROR] LogOutputStream:75 - [STDERR_REDIRECT] 
2025-08-31 10:18:21,111 [ERROR] LogOutputStream:75 - [STDERR_REDIRECT] [Fatal Error] :1:1: Premature end of file.
2025-08-31 10:18:21,112 [ERROR] LogOutputStream:75 - [STDERR_REDIRECT] 
2025-08-31 10:18:22,127 [ERROR] LogOutputStream:75 - [STDERR_REDIRECT] [Fatal Error] :1:1: Premature end of file.
2025-08-31 10:18:22,128 [ERROR] LogOutputStream:75 - [STDERR_REDIRECT] 
2025-08-31 10:18:23,126 [ERROR] LogOutputStream:75 - [STDERR_REDIRECT] [Fatal Error] :1:1: Premature end of file.
2025-08-31 10:18:23,126 [ERROR] LogOutputStream:75 - [STDERR_REDIRECT] 
2025-08-31 10:18:24,129 [ERROR] LogOutputStream:75 - [STDERR_REDIRECT] [Fatal Error] :1:1: Premature end of file.
2025-08-31 10:18:24,129 [ERROR] LogOutputStream:75 - [STDERR_REDIRECT] 
2025-08-31 10:18:25,153 [ERROR] LogOutputStream:75 - [STDERR_REDIRECT] [Fatal Error] :1:1: Premature end of file.
2025-08-31 10:18:25,154 [ERROR] LogOutputStream:75 - [STDERR_REDIRECT] 
2025-08-31 10:18:26,138 [ERROR] LogOutputStream:75 - [STDERR_REDIRECT] [Fatal Error] :1:1: Premature end of file.
2025-08-31 10:18:26,138 [ERROR] LogOutputStream:75 - [STDERR_REDIRECT] 
2025-08-31 10:18:27,110 [ERROR] LogOutputStream:75 - [STDERR_REDIRECT] [Fatal Error] :1:1: Premature end of file.
2025-08-31 10:18:27,111 [ERROR] LogOutputStream:75 - [STDERR_REDIRECT] 
2025-08-31 10:18:28,136 [ERROR] LogOutputStream:75 - [STDERR_REDIRECT] [Fatal Error] :1:1: Premature end of file.
2025-08-31 10:18:28,137 [ERROR] LogOutputStream:75 - [STDERR_REDIRECT] 
2025-08-31 10:18:29,125 [ERROR] LogOutputStream:75 - [STDERR_REDIRECT] [Fatal Error] :1:1: Premature end of file.
2025-08-31 10:18:29,125 [ERROR] LogOutputStream:75 - [STDERR_REDIRECT] 
2025-08-31 10:18:30,109 [ERROR] LogOutputStream:75 - [STDERR_REDIRECT] [Fatal Error] :1:1: Premature end of file.
2025-08-31 10:18:30,110 [ERROR] LogOutputStream:75 - [STDERR_REDIRECT] 
2025-08-31 10:18:31,134 [ERROR] LogOutputStream:75 - [STDERR_REDIRECT] [Fatal Error] :1:1: Premature end of file.
2025-08-31 10:18:31,135 [ERROR] LogOutputStream:75 - [STDERR_REDIRECT] 
2025-08-31 10:18:32,130 [ERROR] LogOutputStream:75 - [STDERR_REDIRECT] [Fatal Error] :1:1: Premature end of file.
2025-08-31 10:18:32,130 [ERROR] LogOutputStream:75 - [STDERR_REDIRECT] 
2025-08-31 10:18:33,127 [ERROR] LogOutputStream:75 - [STDERR_REDIRECT] [Fatal Error] :1:1: Premature end of file.
2025-08-31 10:18:33,128 [ERROR] LogOutputStream:75 - [STDERR_REDIRECT] 
2025-08-31 10:18:34,124 [ERROR] LogOutputStream:75 - [STDERR_REDIRECT] [Fatal Error] :1:1: Premature end of file.
2025-08-31 10:18:34,124 [ERROR] LogOutputStream:75 - [STDERR_REDIRECT] 
2025-08-31 10:18:35,105 [ERROR] LogOutputStream:75 - [STDERR_REDIRECT] [Fatal Error] :1:1: Premature end of file.
2025-08-31 10:18:35,105 [ERROR] LogOutputStream:75 - [STDERR_REDIRECT] 
2025-08-31 10:18:36,122 [ERROR] LogOutputStream:75 - [STDERR_REDIRECT] [Fatal Error] :1:1: Premature end of file.
2025-08-31 10:18:36,122 [ERROR] LogOutputStream:75 - [STDERR_REDIRECT] 
2025-08-31 10:18:37,136 [ERROR] LogOutputStream:75 - [STDERR_REDIRECT] [Fatal Error] :1:1: Premature end of file.
2025-08-31 10:18:37,136 [ERROR] LogOutputStream:75 - [STDERR_REDIRECT] 
2025-08-31 10:18:38,098 [ERROR] LogOutputStream:75 - [STDERR_REDIRECT] [Fatal Error] :1:1: Premature end of file.
2025-08-31 10:18:38,098 [ERROR] LogOutputStream:75 - [STDERR_REDIRECT] 
2025-08-31 10:18:39,109 [ERROR] LogOutputStream:75 - [STDERR_REDIRECT] [Fatal Error] :1:1: Premature end of file.
2025-08-31 10:18:39,111 [ERROR] LogOutputStream:75 - [STDERR_REDIRECT] 
2025-08-31 10:18:40,098 [ERROR] LogOutputStream:75 - [STDERR_REDIRECT] [Fatal Error] :1:1: Premature end of file.
2025-08-31 10:18:40,099 [ERROR] LogOutputStream:75 - [STDERR_REDIRECT] 
2025-08-31 10:18:41,133 [ERROR] LogOutputStream:75 - [STDERR_REDIRECT] [Fatal Error] :1:1: Premature end of file.
2025-08-31 10:18:41,133 [ERROR] LogOutputStream:75 - [STDERR_REDIRECT] 
2025-08-31 10:18:42,130 [ERROR] LogOutputStream:75 - [STDERR_REDIRECT] [Fatal Error] :1:1: Premature end of file.
2025-08-31 10:18:42,131 [ERROR] LogOutputStream:75 - [STDERR_REDIRECT] 
2025-08-31 10:18:43,110 [ERROR] LogOutputStream:75 - [STDERR_REDIRECT] [Fatal Error] :1:1: Premature end of file.
2025-08-31 10:18:43,111 [ERROR] LogOutputStream:75 - [STDERR_REDIRECT] 
2025-08-31 10:18:44,103 [ERROR] LogOutputStream:75 - [STDERR_REDIRECT] [Fatal Error] :1:1: Premature end of file.
2025-08-31 10:18:44,104 [ERROR] LogOutputStream:75 - [STDERR_REDIRECT] 
2025-08-31 10:18:45,120 [ERROR] LogOutputStream:75 - [STDERR_REDIRECT] [Fatal Error] :1:1: Premature end of file.
2025-08-31 10:18:45,120 [ERROR] LogOutputStream:75 - [STDERR_REDIRECT] 
2025-08-31 10:18:46,116 [ERROR] LogOutputStream:75 - [STDERR_REDIRECT] [Fatal Error] :1:1: Premature end of file.
2025-08-31 10:18:46,117 [ERROR] LogOutputStream:75 - [STDERR_REDIRECT] 
2025-08-31 10:18:47,091 [ERROR] LogOutputStream:75 - [STDERR_REDIRECT] [Fatal Error] :1:1: Premature end of file.
2025-08-31 10:18:47,092 [ERROR] LogOutputStream:75 - [STDERR_REDIRECT] 
2025-08-31 10:18:48,105 [ERROR] LogOutputStream:75 - [STDERR_REDIRECT] [Fatal Error] :1:1: Premature end of file.
2025-08-31 10:18:48,105 [ERROR] LogOutputStream:75 - [STDERR_REDIRECT] 
2025-08-31 10:18:49,119 [ERROR] LogOutputStream:75 - [STDERR_REDIRECT] [Fatal Error] :1:1: Premature end of file.
2025-08-31 10:18:49,120 [ERROR] LogOutputStream:75 - [STDERR_REDIRECT] 
2025-08-31 10:18:50,096 [ERROR] LogOutputStream:75 - [STDERR_REDIRECT] [Fatal Error] :1:1: Premature end of file.
2025-08-31 10:18:50,096 [ERROR] LogOutputStream:75 - [STDERR_REDIRECT] 
2025-08-31 10:18:51,106 [ERROR] LogOutputStream:75 - [STDERR_REDIRECT] [Fatal Error] :1:1: Premature end of file.
2025-08-31 10:18:51,108 [ERROR] LogOutputStream:75 - [STDERR_REDIRECT] 
2025-08-31 10:18:52,116 [ERROR] LogOutputStream:75 - [STDERR_REDIRECT] [Fatal Error] :1:1: Premature end of file.
2025-08-31 10:18:52,116 [ERROR] LogOutputStream:75 - [STDERR_REDIRECT] 
2025-08-31 10:18:53,102 [ERROR] LogOutputStream:75 - [STDERR_REDIRECT] [Fatal Error] :1:1: Premature end of file.
2025-08-31 10:18:53,104 [ERROR] LogOutputStream:75 - [STDERR_REDIRECT] 
2025-08-31 10:18:54,099 [ERROR] LogOutputStream:75 - [STDERR_REDIRECT] [Fatal Error] :1:1: Premature end of file.
2025-08-31 10:18:54,099 [ERROR] LogOutputStream:75 - [STDERR_REDIRECT] 
2025-08-31 10:18:55,102 [ERROR] LogOutputStream:75 - [STDERR_REDIRECT] [Fatal Error] :1:1: Premature end of file.
2025-08-31 10:18:55,102 [ERROR] LogOutputStream:75 - [STDERR_REDIRECT] 
2025-08-31 10:18:56,115 [ERROR] LogOutputStream:75 - [STDERR_REDIRECT] [Fatal Error] :1:1: Premature end of file.
2025-08-31 10:18:56,115 [ERROR] LogOutputStream:75 - [STDERR_REDIRECT] 
2025-08-31 10:18:57,098 [ERROR] LogOutputStream:75 - [STDERR_REDIRECT] [Fatal Error] :1:1: Premature end of file.
2025-08-31 10:18:57,098 [ERROR] LogOutputStream:75 - [STDERR_REDIRECT] 
2025-08-31 10:18:58,102 [ERROR] LogOutputStream:75 - [STDERR_REDIRECT] [Fatal Error] :1:1: Premature end of file.
2025-08-31 10:18:58,102 [ERROR] LogOutputStream:75 - [STDERR_REDIRECT] 
2025-08-31 10:18:59,134 [ERROR] LogOutputStream:75 - [STDERR_REDIRECT] [Fatal Error] :1:1: Premature end of file.
2025-08-31 10:18:59,134 [ERROR] LogOutputStream:75 - [STDERR_REDIRECT] 
2025-08-31 10:19:00,127 [ERROR] LogOutputStream:75 - [STDERR_REDIRECT] [Fatal Error] :1:1: Premature end of file.
2025-08-31 10:19:00,127 [ERROR] LogOutputStream:75 - [STDERR_REDIRECT] 
2025-08-31 10:19:01,115 [ERROR] LogOutputStream:75 - [STDERR_REDIRECT] [Fatal Error] :1:1: Premature end of file.
2025-08-31 10:19:01,115 [ERROR] LogOutputStream:75 - [STDERR_REDIRECT] 
2025-08-31 10:19:02,117 [ERROR] LogOutputStream:75 - [STDERR_REDIRECT] [Fatal Error] :1:1: Premature end of file.
2025-08-31 10:19:02,117 [ERROR] LogOutputStream:75 - [STDERR_REDIRECT] 
2025-08-31 10:19:03,109 [ERROR] LogOutputStream:75 - [STDERR_REDIRECT] [Fatal Error] :1:1: Premature end of file.
2025-08-31 10:19:03,109 [ERROR] LogOutputStream:75 - [STDERR_REDIRECT] 
2025-08-31 10:19:04,138 [ERROR] LogOutputStream:75 - [STDERR_REDIRECT] [Fatal Error] :1:1: Premature end of file.
2025-08-31 10:19:04,139 [ERROR] LogOutputStream:75 - [STDERR_REDIRECT] 
2025-08-31 10:19:05,130 [ERROR] LogOutputStream:75 - [STDERR_REDIRECT] [Fatal Error] :1:1: Premature end of file.
2025-08-31 10:19:05,130 [ERROR] LogOutputStream:75 - [STDERR_REDIRECT] 
2025-08-31 10:19:06,108 [ERROR] LogOutputStream:75 - [STDERR_REDIRECT] [Fatal Error] :1:1: Premature end of file.
2025-08-31 10:19:06,109 [ERROR] LogOutputStream:75 - [STDERR_REDIRECT] 
2025-08-31 10:19:07,116 [ERROR] LogOutputStream:75 - [STDERR_REDIRECT] [Fatal Error] :1:1: Premature end of file.
2025-08-31 10:19:07,116 [ERROR] LogOutputStream:75 - [STDERR_REDIRECT] 
2025-08-31 10:19:08,131 [ERROR] LogOutputStream:75 - [STDERR_REDIRECT] [Fatal Error] :1:1: Premature end of file.
2025-08-31 10:19:08,131 [ERROR] LogOutputStream:75 - [STDERR_REDIRECT] 
2025-08-31 10:19:09,102 [ERROR] LogOutputStream:75 - [STDERR_REDIRECT] [Fatal Error] :1:1: Premature end of file.
2025-08-31 10:19:09,103 [ERROR] LogOutputStream:75 - [STDERR_REDIRECT] 
2025-08-31 10:19:10,130 [ERROR] LogOutputStream:75 - [STDERR_REDIRECT] [Fatal Error] :1:1: Premature end of file.
2025-08-31 10:19:10,130 [ERROR] LogOutputStream:75 - [STDERR_REDIRECT] 
2025-08-31 10:19:11,122 [ERROR] LogOutputStream:75 - [STDERR_REDIRECT] [Fatal Error] :1:1: Premature end of file.
2025-08-31 10:19:11,123 [ERROR] LogOutputStream:75 - [STDERR_REDIRECT] 
2025-08-31 10:19:12,117 [ERROR] LogOutputStream:75 - [STDERR_REDIRECT] [Fatal Error] :1:1: Premature end of file.
2025-08-31 10:19:12,119 [ERROR] LogOutputStream:75 - [STDERR_REDIRECT] 
2025-08-31 10:19:13,125 [ERROR] LogOutputStream:75 - [STDERR_REDIRECT] [Fatal Error] :1:1: Premature end of file.
2025-08-31 10:19:13,126 [ERROR] LogOutputStream:75 - [STDERR_REDIRECT] 
2025-08-31 10:19:14,108 [ERROR] LogOutputStream:75 - [STDERR_REDIRECT] [Fatal Error] :1:1: Premature end of file.
2025-08-31 10:19:14,108 [ERROR] LogOutputStream:75 - [STDERR_REDIRECT] 
2025-08-31 10:19:15,124 [ERROR] LogOutputStream:75 - [STDERR_REDIRECT] [Fatal Error] :1:1: Premature end of file.
2025-08-31 10:19:15,124 [ERROR] LogOutputStream:75 - [STDERR_REDIRECT] 
2025-08-31 10:19:16,123 [ERROR] LogOutputStream:75 - [STDERR_REDIRECT] [Fatal Error] :1:1: Premature end of file.
2025-08-31 10:19:16,123 [ERROR] LogOutputStream:75 - [STDERR_REDIRECT] 
2025-08-31 10:19:17,093 [ERROR] LogOutputStream:75 - [STDERR_REDIRECT] [Fatal Error] :1:1: Premature end of file.
2025-08-31 10:19:17,093 [ERROR] LogOutputStream:75 - [STDERR_REDIRECT] 
2025-08-31 10:19:18,132 [ERROR] LogOutputStream:75 - [STDERR_REDIRECT] [Fatal Error] :1:1: Premature end of file.
2025-08-31 10:19:18,132 [ERROR] LogOutputStream:75 - [STDERR_REDIRECT] 
2025-08-31 10:19:19,115 [ERROR] LogOutputStream:75 - [STDERR_REDIRECT] [Fatal Error] :1:1: Premature end of file.
2025-08-31 10:19:19,116 [ERROR] LogOutputStream:75 - [STDERR_REDIRECT] 
2025-08-31 10:19:20,130 [ERROR] LogOutputStream:75 - [STDERR_REDIRECT] [Fatal Error] :1:1: Premature end of file.
2025-08-31 10:19:20,130 [ERROR] LogOutputStream:75 - [STDERR_REDIRECT] 
2025-08-31 10:19:21,129 [ERROR] LogOutputStream:75 - [STDERR_REDIRECT] [Fatal Error] :1:1: Premature end of file.
2025-08-31 10:19:21,130 [ERROR] LogOutputStream:75 - [STDERR_REDIRECT] 
2025-08-31 10:19:22,125 [ERROR] LogOutputStream:75 - [STDERR_REDIRECT] [Fatal Error] :1:1: Premature end of file.
2025-08-31 10:19:22,125 [ERROR] LogOutputStream:75 - [STDERR_REDIRECT] 
2025-08-31 10:19:23,093 [ERROR] LogOutputStream:75 - [STDERR_REDIRECT] [Fatal Error] :1:1: Premature end of file.
2025-08-31 10:19:23,093 [ERROR] LogOutputStream:75 - [STDERR_REDIRECT] 
2025-08-31 10:19:24,119 [ERROR] LogOutputStream:75 - [STDERR_REDIRECT] [Fatal Error] :1:1: Premature end of file.
2025-08-31 10:19:24,119 [ERROR] LogOutputStream:75 - [STDERR_REDIRECT] 
2025-08-31 10:19:25,125 [ERROR] LogOutputStream:75 - [STDERR_REDIRECT] [Fatal Error] :1:1: Premature end of file.
2025-08-31 10:19:25,125 [ERROR] LogOutputStream:75 - [STDERR_REDIRECT] 
2025-08-31 10:19:26,110 [ERROR] LogOutputStream:75 - [STDERR_REDIRECT] [Fatal Error] :1:1: Premature end of file.
2025-08-31 10:19:26,110 [ERROR] LogOutputStream:75 - [STDERR_REDIRECT] 
2025-08-31 10:19:27,120 [ERROR] LogOutputStream:75 - [STDERR_REDIRECT] [Fatal Error] :1:1: Premature end of file.
2025-08-31 10:19:27,121 [ERROR] LogOutputStream:75 - [STDERR_REDIRECT] 
2025-08-31 10:19:28,121 [ERROR] LogOutputStream:75 - [STDERR_REDIRECT] [Fatal Error] :1:1: Premature end of file.
2025-08-31 10:19:28,122 [ERROR] LogOutputStream:75 - [STDERR_REDIRECT] 
2025-08-31 10:19:29,091 [ERROR] LogOutputStream:75 - [STDERR_REDIRECT] [Fatal Error] :1:1: Premature end of file.
2025-08-31 10:19:29,091 [ERROR] LogOutputStream:75 - [STDERR_REDIRECT] 
2025-08-31 10:19:30,117 [ERROR] LogOutputStream:75 - [STDERR_REDIRECT] [Fatal Error] :1:1: Premature end of file.
2025-08-31 10:19:30,117 [ERROR] LogOutputStream:75 - [STDERR_REDIRECT] 
2025-08-31 10:19:31,130 [ERROR] LogOutputStream:75 - [STDERR_REDIRECT] [Fatal Error] :1:1: Premature end of file.
2025-08-31 10:19:31,130 [ERROR] LogOutputStream:75 - [STDERR_REDIRECT] 
2025-08-31 10:19:32,101 [ERROR] LogOutputStream:75 - [STDERR_REDIRECT] [Fatal Error] :1:1: Premature end of file.
2025-08-31 10:19:32,103 [ERROR] LogOutputStream:75 - [STDERR_REDIRECT] 
2025-08-31 10:19:33,124 [ERROR] LogOutputStream:75 - [STDERR_REDIRECT] [Fatal Error] :1:1: Premature end of file.
2025-08-31 10:19:33,124 [ERROR] LogOutputStream:75 - [STDERR_REDIRECT] 
2025-08-31 10:19:34,113 [ERROR] LogOutputStream:75 - [STDERR_REDIRECT] [Fatal Error] :1:1: Premature end of file.
2025-08-31 10:19:34,113 [ERROR] LogOutputStream:75 - [STDERR_REDIRECT] 
2025-08-31 10:19:35,107 [ERROR] LogOutputStream:75 - [STDERR_REDIRECT] [Fatal Error] :1:1: Premature end of file.
2025-08-31 10:19:35,107 [ERROR] LogOutputStream:75 - [STDERR_REDIRECT] 
2025-08-31 10:19:36,106 [ERROR] LogOutputStream:75 - [STDERR_REDIRECT] [Fatal Error] :1:1: Premature end of file.
2025-08-31 10:19:36,106 [ERROR] LogOutputStream:75 - [STDERR_REDIRECT] 
2025-08-31 10:19:37,131 [ERROR] LogOutputStream:75 - [STDERR_REDIRECT] [Fatal Error] :1:1: Premature end of file.
2025-08-31 10:19:37,131 [ERROR] LogOutputStream:75 - [STDERR_REDIRECT] 
2025-08-31 10:19:38,093 [ERROR] LogOutputStream:75 - [STDERR_REDIRECT] [Fatal Error] :1:1: Premature end of file.
2025-08-31 10:19:38,093 [ERROR] LogOutputStream:75 - [STDERR_REDIRECT] 
2025-08-31 10:19:39,123 [ERROR] LogOutputStream:75 - [STDERR_REDIRECT] [Fatal Error] :1:1: Premature end of file.
2025-08-31 10:19:39,124 [ERROR] LogOutputStream:75 - [STDERR_REDIRECT] 
2025-08-31 10:19:40,106 [ERROR] LogOutputStream:75 - [STDERR_REDIRECT] [Fatal Error] :1:1: Premature end of file.
2025-08-31 10:19:40,107 [ERROR] LogOutputStream:75 - [STDERR_REDIRECT] 
2025-08-31 10:19:41,132 [ERROR] LogOutputStream:75 - [STDERR_REDIRECT] [Fatal Error] :1:1: Premature end of file.
2025-08-31 10:19:41,133 [ERROR] LogOutputStream:75 - [STDERR_REDIRECT] 
2025-08-31 10:19:42,134 [ERROR] LogOutputStream:75 - [STDERR_REDIRECT] [Fatal Error] :1:1: Premature end of file.
2025-08-31 10:19:42,134 [ERROR] LogOutputStream:75 - [STDERR_REDIRECT] 
2025-08-31 10:19:43,135 [ERROR] LogOutputStream:75 - [STDERR_REDIRECT] [Fatal Error] :1:1: Premature end of file.
2025-08-31 10:19:43,136 [ERROR] LogOutputStream:75 - [STDERR_REDIRECT] 
2025-08-31 10:19:44,132 [ERROR] LogOutputStream:75 - [STDERR_REDIRECT] [Fatal Error] :1:1: Premature end of file.
2025-08-31 10:19:44,133 [ERROR] LogOutputStream:75 - [STDERR_REDIRECT] 
2025-08-31 10:19:45,129 [ERROR] LogOutputStream:75 - [STDERR_REDIRECT] [Fatal Error] :1:1: Premature end of file.
2025-08-31 10:19:45,130 [ERROR] LogOutputStream:75 - [STDERR_REDIRECT] 
2025-08-31 10:19:46,123 [ERROR] LogOutputStream:75 - [STDERR_REDIRECT] [Fatal Error] :1:1: Premature end of file.
2025-08-31 10:19:46,125 [ERROR] LogOutputStream:75 - [STDERR_REDIRECT] 
2025-08-31 10:19:47,118 [ERROR] LogOutputStream:75 - [STDERR_REDIRECT] [Fatal Error] :1:1: Premature end of file.
2025-08-31 10:19:47,118 [ERROR] LogOutputStream:75 - [STDERR_REDIRECT] 
2025-08-31 10:19:48,120 [ERROR] LogOutputStream:75 - [STDERR_REDIRECT] [Fatal Error] :1:1: Premature end of file.
2025-08-31 10:19:48,120 [ERROR] LogOutputStream:75 - [STDERR_REDIRECT] 
2025-08-31 10:19:49,119 [ERROR] LogOutputStream:75 - [STDERR_REDIRECT] [Fatal Error] :1:1: Premature end of file.
2025-08-31 10:19:49,119 [ERROR] LogOutputStream:75 - [STDERR_REDIRECT] 
2025-08-31 10:19:50,129 [ERROR] LogOutputStream:75 - [STDERR_REDIRECT] [Fatal Error] :1:1: Premature end of file.
2025-08-31 10:19:50,130 [ERROR] LogOutputStream:75 - [STDERR_REDIRECT] 
2025-08-31 10:19:51,127 [ERROR] LogOutputStream:75 - [STDERR_REDIRECT] [Fatal Error] :1:1: Premature end of file.
2025-08-31 10:19:51,128 [ERROR] LogOutputStream:75 - [STDERR_REDIRECT] 
2025-08-31 10:19:52,127 [ERROR] LogOutputStream:75 - [STDERR_REDIRECT] [Fatal Error] :1:1: Premature end of file.
2025-08-31 10:19:52,127 [ERROR] LogOutputStream:75 - [STDERR_REDIRECT] 
2025-08-31 10:19:53,118 [ERROR] LogOutputStream:75 - [STDERR_REDIRECT] [Fatal Error] :1:1: Premature end of file.
2025-08-31 10:19:53,119 [ERROR] LogOutputStream:75 - [STDERR_REDIRECT] 
2025-08-31 10:19:54,130 [ERROR] LogOutputStream:75 - [STDERR_REDIRECT] [Fatal Error] :1:1: Premature end of file.
2025-08-31 10:19:54,130 [ERROR] LogOutputStream:75 - [STDERR_REDIRECT] 
2025-08-31 10:19:55,130 [ERROR] LogOutputStream:75 - [STDERR_REDIRECT] [Fatal Error] :1:1: Premature end of file.
2025-08-31 10:19:55,130 [ERROR] LogOutputStream:75 - [STDERR_REDIRECT] 
2025-08-31 10:19:56,123 [ERROR] LogOutputStream:75 - [STDERR_REDIRECT] [Fatal Error] :1:1: Premature end of file.
2025-08-31 10:19:56,123 [ERROR] LogOutputStream:75 - [STDERR_REDIRECT] 
2025-08-31 10:19:57,131 [ERROR] LogOutputStream:75 - [STDERR_REDIRECT] [Fatal Error] :1:1: Premature end of file.
2025-08-31 10:19:57,131 [ERROR] LogOutputStream:75 - [STDERR_REDIRECT] 
2025-08-31 10:19:58,129 [ERROR] LogOutputStream:75 - [STDERR_REDIRECT] [Fatal Error] :1:1: Premature end of file.
2025-08-31 10:19:58,129 [ERROR] LogOutputStream:75 - [STDERR_REDIRECT] 
2025-08-31 10:19:59,132 [ERROR] LogOutputStream:75 - [STDERR_REDIRECT] [Fatal Error] :1:1: Premature end of file.
2025-08-31 10:19:59,133 [ERROR] LogOutputStream:75 - [STDERR_REDIRECT] 
2025-08-31 10:20:00,118 [ERROR] LogOutputStream:75 - [STDERR_REDIRECT] [Fatal Error] :1:1: Premature end of file.
2025-08-31 10:20:00,118 [ERROR] LogOutputStream:75 - [STDERR_REDIRECT] 
2025-08-31 10:20:01,137 [ERROR] LogOutputStream:75 - [STDERR_REDIRECT] [Fatal Error] :1:1: Premature end of file.
2025-08-31 10:20:01,137 [ERROR] LogOutputStream:75 - [STDERR_REDIRECT] 
2025-08-31 10:20:02,132 [ERROR] LogOutputStream:75 - [STDERR_REDIRECT] [Fatal Error] :1:1: Premature end of file.
2025-08-31 10:20:02,132 [ERROR] LogOutputStream:75 - [STDERR_REDIRECT] 
2025-08-31 10:20:03,140 [ERROR] LogOutputStream:75 - [STDERR_REDIRECT] [Fatal Error] :1:1: Premature end of file.
2025-08-31 10:20:03,140 [ERROR] LogOutputStream:75 - [STDERR_REDIRECT] 
2025-08-31 10:20:04,127 [ERROR] LogOutputStream:75 - [STDERR_REDIRECT] [Fatal Error] :1:1: Premature end of file.
2025-08-31 10:20:04,128 [ERROR] LogOutputStream:75 - [STDERR_REDIRECT] 
2025-08-31 10:20:05,133 [ERROR] LogOutputStream:75 - [STDERR_REDIRECT] [Fatal Error] :1:1: Premature end of file.
2025-08-31 10:20:05,133 [ERROR] LogOutputStream:75 - [STDERR_REDIRECT] 
2025-08-31 10:20:06,116 [ERROR] LogOutputStream:75 - [STDERR_REDIRECT] [Fatal Error] :1:1: Premature end of file.
2025-08-31 10:20:06,116 [ERROR] LogOutputStream:75 - [STDERR_REDIRECT] 
2025-08-31 10:20:07,119 [ERROR] LogOutputStream:75 - [STDERR_REDIRECT] [Fatal Error] :1:1: Premature end of file.
2025-08-31 10:20:07,119 [ERROR] LogOutputStream:75 - [STDERR_REDIRECT] 
2025-08-31 10:20:08,120 [ERROR] LogOutputStream:75 - [STDERR_REDIRECT] [Fatal Error] :1:1: Premature end of file.
2025-08-31 10:20:08,120 [ERROR] LogOutputStream:75 - [STDERR_REDIRECT] 
2025-08-31 10:20:09,129 [ERROR] LogOutputStream:75 - [STDERR_REDIRECT] [Fatal Error] :1:1: Premature end of file.
2025-08-31 10:20:09,129 [ERROR] LogOutputStream:75 - [STDERR_REDIRECT] 
2025-08-31 10:20:10,135 [ERROR] LogOutputStream:75 - [STDERR_REDIRECT] [Fatal Error] :1:1: Premature end of file.
2025-08-31 10:20:10,136 [ERROR] LogOutputStream:75 - [STDERR_REDIRECT] 
2025-08-31 10:20:11,123 [ERROR] LogOutputStream:75 - [STDERR_REDIRECT] [Fatal Error] :1:1: Premature end of file.
2025-08-31 10:20:11,124 [ERROR] LogOutputStream:75 - [STDERR_REDIRECT] 
2025-08-31 10:20:12,131 [ERROR] LogOutputStream:75 - [STDERR_REDIRECT] [Fatal Error] :1:1: Premature end of file.
2025-08-31 10:20:12,131 [ERROR] LogOutputStream:75 - [STDERR_REDIRECT] 
2025-08-31 10:20:13,124 [ERROR] LogOutputStream:75 - [STDERR_REDIRECT] [Fatal Error] :1:1: Premature end of file.
2025-08-31 10:20:13,124 [ERROR] LogOutputStream:75 - [STDERR_REDIRECT] 
2025-08-31 10:20:14,129 [ERROR] LogOutputStream:75 - [STDERR_REDIRECT] [Fatal Error] :1:1: Premature end of file.
2025-08-31 10:20:14,130 [ERROR] LogOutputStream:75 - [STDERR_REDIRECT] 
2025-08-31 10:20:15,124 [ERROR] LogOutputStream:75 - [STDERR_REDIRECT] [Fatal Error] :1:1: Premature end of file.
2025-08-31 10:20:15,125 [ERROR] LogOutputStream:75 - [STDERR_REDIRECT] 
2025-08-31 10:20:16,090 [ERROR] LogOutputStream:75 - [STDERR_REDIRECT] [Fatal Error] :1:1: Premature end of file.
2025-08-31 10:20:16,090 [ERROR] LogOutputStream:75 - [STDERR_REDIRECT] 
2025-08-31 10:20:17,120 [ERROR] LogOutputStream:75 - [STDERR_REDIRECT] [Fatal Error] :1:1: Premature end of file.
2025-08-31 10:20:17,120 [ERROR] LogOutputStream:75 - [STDERR_REDIRECT] 
2025-08-31 10:20:18,096 [ERROR] LogOutputStream:75 - [STDERR_REDIRECT] [Fatal Error] :1:1: Premature end of file.
2025-08-31 10:20:18,097 [ERROR] LogOutputStream:75 - [STDERR_REDIRECT] 
2025-08-31 10:20:19,175 [ERROR] LogOutputStream:75 - [STDERR_REDIRECT] [Fatal Error] :1:1: Premature end of file.
2025-08-31 10:20:19,176 [ERROR] LogOutputStream:75 - [STDERR_REDIRECT] 
2025-08-31 10:20:20,129 [ERROR] LogOutputStream:75 - [STDERR_REDIRECT] [Fatal Error] :1:1: Premature end of file.
2025-08-31 10:20:20,130 [ERROR] LogOutputStream:75 - [STDERR_REDIRECT] 
2025-08-31 10:20:21,125 [ERROR] LogOutputStream:75 - [STDERR_REDIRECT] [Fatal Error] :1:1: Premature end of file.
2025-08-31 10:20:21,125 [ERROR] LogOutputStream:75 - [STDERR_REDIRECT] 
2025-08-31 10:20:22,115 [ERROR] LogOutputStream:75 - [STDERR_REDIRECT] [Fatal Error] :1:1: Premature end of file.
2025-08-31 10:20:22,115 [ERROR] LogOutputStream:75 - [STDERR_REDIRECT] 
2025-08-31 10:20:23,129 [ERROR] LogOutputStream:75 - [STDERR_REDIRECT] [Fatal Error] :1:1: Premature end of file.
2025-08-31 10:20:23,129 [ERROR] LogOutputStream:75 - [STDERR_REDIRECT] 
2025-08-31 10:20:24,128 [ERROR] LogOutputStream:75 - [STDERR_REDIRECT] [Fatal Error] :1:1: Premature end of file.
2025-08-31 10:20:24,128 [ERROR] LogOutputStream:75 - [STDERR_REDIRECT] 
2025-08-31 10:20:25,124 [ERROR] LogOutputStream:75 - [STDERR_REDIRECT] [Fatal Error] :1:1: Premature end of file.
2025-08-31 10:20:25,125 [ERROR] LogOutputStream:75 - [STDERR_REDIRECT] 
2025-08-31 10:20:26,128 [ERROR] LogOutputStream:75 - [STDERR_REDIRECT] [Fatal Error] :1:1: Premature end of file.
2025-08-31 10:20:26,128 [ERROR] LogOutputStream:75 - [STDERR_REDIRECT] 
2025-08-31 10:20:27,137 [ERROR] LogOutputStream:75 - [STDERR_REDIRECT] [Fatal Error] :1:1: Premature end of file.
2025-08-31 10:20:27,138 [ERROR] LogOutputStream:75 - [STDERR_REDIRECT] 
2025-08-31 10:20:28,119 [ERROR] LogOutputStream:75 - [STDERR_REDIRECT] [Fatal Error] :1:1: Premature end of file.
2025-08-31 10:20:28,119 [ERROR] LogOutputStream:75 - [STDERR_REDIRECT] 
2025-08-31 10:20:29,131 [ERROR] LogOutputStream:75 - [STDERR_REDIRECT] [Fatal Error] :1:1: Premature end of file.
2025-08-31 10:20:29,131 [ERROR] LogOutputStream:75 - [STDERR_REDIRECT] 
2025-08-31 10:20:30,133 [ERROR] LogOutputStream:75 - [STDERR_REDIRECT] [Fatal Error] :1:1: Premature end of file.
2025-08-31 10:20:30,134 [ERROR] LogOutputStream:75 - [STDERR_REDIRECT] 
2025-08-31 10:20:31,128 [ERROR] LogOutputStream:75 - [STDERR_REDIRECT] [Fatal Error] :1:1: Premature end of file.
2025-08-31 10:20:31,129 [ERROR] LogOutputStream:75 - [STDERR_REDIRECT] 
2025-08-31 10:20:32,126 [ERROR] LogOutputStream:75 - [STDERR_REDIRECT] [Fatal Error] :1:1: Premature end of file.
2025-08-31 10:20:32,126 [ERROR] LogOutputStream:75 - [STDERR_REDIRECT] 
2025-08-31 10:20:33,132 [ERROR] LogOutputStream:75 - [STDERR_REDIRECT] [Fatal Error] :1:1: Premature end of file.
2025-08-31 10:20:33,132 [ERROR] LogOutputStream:75 - [STDERR_REDIRECT] 
2025-08-31 10:20:34,110 [ERROR] LogOutputStream:75 - [STDERR_REDIRECT] [Fatal Error] :1:1: Premature end of file.
2025-08-31 10:20:34,110 [ERROR] LogOutputStream:75 - [STDERR_REDIRECT] 
2025-08-31 10:20:35,121 [ERROR] LogOutputStream:75 - [STDERR_REDIRECT] [Fatal Error] :1:1: Premature end of file.
2025-08-31 10:20:35,121 [ERROR] LogOutputStream:75 - [STDERR_REDIRECT] 
2025-08-31 10:20:36,121 [ERROR] LogOutputStream:75 - [STDERR_REDIRECT] [Fatal Error] :1:1: Premature end of file.
2025-08-31 10:20:36,122 [ERROR] LogOutputStream:75 - [STDERR_REDIRECT] 
2025-08-31 10:20:37,121 [ERROR] LogOutputStream:75 - [STDERR_REDIRECT] [Fatal Error] :1:1: Premature end of file.
2025-08-31 10:20:37,123 [ERROR] LogOutputStream:75 - [STDERR_REDIRECT] 
2025-08-31 10:20:38,120 [ERROR] LogOutputStream:75 - [STDERR_REDIRECT] [Fatal Error] :1:1: Premature end of file.
2025-08-31 10:20:38,121 [ERROR] LogOutputStream:75 - [STDERR_REDIRECT] 
2025-08-31 10:20:39,125 [ERROR] LogOutputStream:75 - [STDERR_REDIRECT] [Fatal Error] :1:1: Premature end of file.
2025-08-31 10:20:39,125 [ERROR] LogOutputStream:75 - [STDERR_REDIRECT] 
2025-08-31 10:20:40,128 [ERROR] LogOutputStream:75 - [STDERR_REDIRECT] [Fatal Error] :1:1: Premature end of file.
2025-08-31 10:20:40,128 [ERROR] LogOutputStream:75 - [STDERR_REDIRECT] 
2025-08-31 10:20:41,123 [ERROR] LogOutputStream:75 - [STDERR_REDIRECT] [Fatal Error] :1:1: Premature end of file.
2025-08-31 10:20:41,123 [ERROR] LogOutputStream:75 - [STDERR_REDIRECT] 
2025-08-31 10:20:42,111 [ERROR] LogOutputStream:75 - [STDERR_REDIRECT] [Fatal Error] :1:1: Premature end of file.
2025-08-31 10:20:42,111 [ERROR] LogOutputStream:75 - [STDERR_REDIRECT] 
2025-08-31 10:20:43,132 [ERROR] LogOutputStream:75 - [STDERR_REDIRECT] [Fatal Error] :1:1: Premature end of file.
2025-08-31 10:20:43,132 [ERROR] LogOutputStream:75 - [STDERR_REDIRECT] 
2025-08-31 10:20:44,108 [ERROR] LogOutputStream:75 - [STDERR_REDIRECT] [Fatal Error] :1:1: Premature end of file.
2025-08-31 10:20:44,108 [ERROR] LogOutputStream:75 - [STDERR_REDIRECT] 
2025-08-31 10:20:45,112 [ERROR] LogOutputStream:75 - [STDERR_REDIRECT] [Fatal Error] :1:1: Premature end of file.
2025-08-31 10:20:45,114 [ERROR] LogOutputStream:75 - [STDERR_REDIRECT] 
2025-08-31 10:20:46,111 [ERROR] LogOutputStream:75 - [STDERR_REDIRECT] [Fatal Error] :1:1: Premature end of file.
2025-08-31 10:20:46,113 [ERROR] LogOutputStream:75 - [STDERR_REDIRECT] 
2025-08-31 10:20:47,131 [ERROR] LogOutputStream:75 - [STDERR_REDIRECT] [Fatal Error] :1:1: Premature end of file.
2025-08-31 10:20:47,131 [ERROR] LogOutputStream:75 - [STDERR_REDIRECT] 
2025-08-31 10:20:48,130 [ERROR] LogOutputStream:75 - [STDERR_REDIRECT] [Fatal Error] :1:1: Premature end of file.
2025-08-31 10:20:48,130 [ERROR] LogOutputStream:75 - [STDERR_REDIRECT] 
2025-08-31 10:20:49,132 [ERROR] LogOutputStream:75 - [STDERR_REDIRECT] [Fatal Error] :1:1: Premature end of file.
2025-08-31 10:20:49,132 [ERROR] LogOutputStream:75 - [STDERR_REDIRECT] 
2025-08-31 10:20:50,135 [ERROR] LogOutputStream:75 - [STDERR_REDIRECT] [Fatal Error] :1:1: Premature end of file.
2025-08-31 10:20:50,135 [ERROR] LogOutputStream:75 - [STDERR_REDIRECT] 
2025-08-31 10:20:51,134 [ERROR] LogOutputStream:75 - [STDERR_REDIRECT] [Fatal Error] :1:1: Premature end of file.
2025-08-31 10:20:51,134 [ERROR] LogOutputStream:75 - [STDERR_REDIRECT] 
2025-08-31 10:20:52,136 [ERROR] LogOutputStream:75 - [STDERR_REDIRECT] [Fatal Error] :1:1: Premature end of file.
2025-08-31 10:20:52,136 [ERROR] LogOutputStream:75 - [STDERR_REDIRECT] 
2025-08-31 10:20:53,140 [ERROR] LogOutputStream:75 - [STDERR_REDIRECT] [Fatal Error] :1:1: Premature end of file.
2025-08-31 10:20:53,140 [ERROR] LogOutputStream:75 - [STDERR_REDIRECT] 
2025-08-31 10:20:54,127 [ERROR] LogOutputStream:75 - [STDERR_REDIRECT] [Fatal Error] :1:1: Premature end of file.
2025-08-31 10:20:54,127 [ERROR] LogOutputStream:75 - [STDERR_REDIRECT] 
2025-08-31 10:20:55,131 [ERROR] LogOutputStream:75 - [STDERR_REDIRECT] [Fatal Error] :1:1: Premature end of file.
2025-08-31 10:20:55,132 [ERROR] LogOutputStream:75 - [STDERR_REDIRECT] 
2025-08-31 10:20:56,133 [ERROR] LogOutputStream:75 - [STDERR_REDIRECT] [Fatal Error] :1:1: Premature end of file.
2025-08-31 10:20:56,133 [ERROR] LogOutputStream:75 - [STDERR_REDIRECT] 
2025-08-31 10:20:57,138 [ERROR] LogOutputStream:75 - [STDERR_REDIRECT] [Fatal Error] :1:1: Premature end of file.
2025-08-31 10:20:57,138 [ERROR] LogOutputStream:75 - [STDERR_REDIRECT] 
2025-08-31 10:20:58,111 [ERROR] LogOutputStream:75 - [STDERR_REDIRECT] [Fatal Error] :1:1: Premature end of file.
2025-08-31 10:20:58,111 [ERROR] LogOutputStream:75 - [STDERR_REDIRECT] 
2025-08-31 10:20:59,130 [ERROR] LogOutputStream:75 - [STDERR_REDIRECT] [Fatal Error] :1:1: Premature end of file.
2025-08-31 10:20:59,131 [ERROR] LogOutputStream:75 - [STDERR_REDIRECT] 
2025-08-31 10:21:00,120 [ERROR] LogOutputStream:75 - [STDERR_REDIRECT] [Fatal Error] :1:1: Premature end of file.
2025-08-31 10:21:00,120 [ERROR] LogOutputStream:75 - [STDERR_REDIRECT] 
2025-08-31 10:21:01,130 [ERROR] LogOutputStream:75 - [STDERR_REDIRECT] [Fatal Error] :1:1: Premature end of file.
2025-08-31 10:21:01,130 [ERROR] LogOutputStream:75 - [STDERR_REDIRECT] 
2025-08-31 10:21:02,135 [ERROR] LogOutputStream:75 - [STDERR_REDIRECT] [Fatal Error] :1:1: Premature end of file.
2025-08-31 10:21:02,135 [ERROR] LogOutputStream:75 - [STDERR_REDIRECT] 
2025-08-31 10:21:03,097 [ERROR] LogOutputStream:75 - [STDERR_REDIRECT] [Fatal Error] :1:1: Premature end of file.
2025-08-31 10:21:03,097 [ERROR] LogOutputStream:75 - [STDERR_REDIRECT] 
2025-08-31 10:21:04,119 [ERROR] LogOutputStream:75 - [STDERR_REDIRECT] [Fatal Error] :1:1: Premature end of file.
2025-08-31 10:21:04,119 [ERROR] LogOutputStream:75 - [STDERR_REDIRECT] 
2025-08-31 10:21:05,108 [ERROR] LogOutputStream:75 - [STDERR_REDIRECT] [Fatal Error] :1:1: Premature end of file.
2025-08-31 10:21:05,109 [ERROR] LogOutputStream:75 - [STDERR_REDIRECT] 
2025-08-31 10:21:06,125 [ERROR] LogOutputStream:75 - [STDERR_REDIRECT] [Fatal Error] :1:1: Premature end of file.
2025-08-31 10:21:06,125 [ERROR] LogOutputStream:75 - [STDERR_REDIRECT] 
2025-08-31 10:21:07,131 [ERROR] LogOutputStream:75 - [STDERR_REDIRECT] [Fatal Error] :1:1: Premature end of file.
2025-08-31 10:21:07,131 [ERROR] LogOutputStream:75 - [STDERR_REDIRECT] 
2025-08-31 10:21:08,120 [ERROR] LogOutputStream:75 - [STDERR_REDIRECT] [Fatal Error] :1:1: Premature end of file.
2025-08-31 10:21:08,120 [ERROR] LogOutputStream:75 - [STDERR_REDIRECT] 
2025-08-31 10:21:09,118 [ERROR] LogOutputStream:75 - [STDERR_REDIRECT] [Fatal Error] :1:1: Premature end of file.
2025-08-31 10:21:09,118 [ERROR] LogOutputStream:75 - [STDERR_REDIRECT] 
2025-08-31 10:21:10,131 [ERROR] LogOutputStream:75 - [STDERR_REDIRECT] [Fatal Error] :1:1: Premature end of file.
2025-08-31 10:21:10,132 [ERROR] LogOutputStream:75 - [STDERR_REDIRECT] 
2025-08-31 10:21:11,138 [ERROR] LogOutputStream:75 - [STDERR_REDIRECT] [Fatal Error] :1:1: Premature end of file.
2025-08-31 10:21:11,139 [ERROR] LogOutputStream:75 - [STDERR_REDIRECT] 
2025-08-31 10:21:12,128 [ERROR] LogOutputStream:75 - [STDERR_REDIRECT] [Fatal Error] :1:1: Premature end of file.
2025-08-31 10:21:12,129 [ERROR] LogOutputStream:75 - [STDERR_REDIRECT] 
2025-08-31 10:21:13,118 [ERROR] LogOutputStream:75 - [STDERR_REDIRECT] [Fatal Error] :1:1: Premature end of file.
2025-08-31 10:21:13,119 [ERROR] LogOutputStream:75 - [STDERR_REDIRECT] 
2025-08-31 10:21:14,112 [ERROR] LogOutputStream:75 - [STDERR_REDIRECT] [Fatal Error] :1:1: Premature end of file.
2025-08-31 10:21:14,113 [ERROR] LogOutputStream:75 - [STDERR_REDIRECT] 
2025-08-31 10:21:15,128 [ERROR] LogOutputStream:75 - [STDERR_REDIRECT] [Fatal Error] :1:1: Premature end of file.
2025-08-31 10:21:15,130 [ERROR] LogOutputStream:75 - [STDERR_REDIRECT] 
2025-08-31 10:21:16,121 [ERROR] LogOutputStream:75 - [STDERR_REDIRECT] [Fatal Error] :1:1: Premature end of file.
2025-08-31 10:21:16,122 [ERROR] LogOutputStream:75 - [STDERR_REDIRECT] 
2025-08-31 10:21:17,123 [ERROR] LogOutputStream:75 - [STDERR_REDIRECT] [Fatal Error] :1:1: Premature end of file.
2025-08-31 10:21:17,123 [ERROR] LogOutputStream:75 - [STDERR_REDIRECT] 
2025-08-31 10:21:18,118 [ERROR] LogOutputStream:75 - [STDERR_REDIRECT] [Fatal Error] :1:1: Premature end of file.
2025-08-31 10:21:18,119 [ERROR] LogOutputStream:75 - [STDERR_REDIRECT] 
2025-08-31 10:21:19,116 [ERROR] LogOutputStream:75 - [STDERR_REDIRECT] [Fatal Error] :1:1: Premature end of file.
2025-08-31 10:21:19,116 [ERROR] LogOutputStream:75 - [STDERR_REDIRECT] 
2025-08-31 10:21:20,114 [ERROR] LogOutputStream:75 - [STDERR_REDIRECT] [Fatal Error] :1:1: Premature end of file.
2025-08-31 10:21:20,114 [ERROR] LogOutputStream:75 - [STDERR_REDIRECT] 
2025-08-31 10:21:21,153 [ERROR] LogOutputStream:75 - [STDERR_REDIRECT] [Fatal Error] :1:1: Premature end of file.
2025-08-31 10:21:21,153 [ERROR] LogOutputStream:75 - [STDERR_REDIRECT] 
2025-08-31 10:21:22,149 [ERROR] LogOutputStream:75 - [STDERR_REDIRECT] [Fatal Error] :1:1: Premature end of file.
2025-08-31 10:21:22,149 [ERROR] LogOutputStream:75 - [STDERR_REDIRECT] 
2025-08-31 10:21:23,121 [ERROR] LogOutputStream:75 - [STDERR_REDIRECT] [Fatal Error] :1:1: Premature end of file.
2025-08-31 10:21:23,122 [ERROR] LogOutputStream:75 - [STDERR_REDIRECT] 
2025-08-31 10:21:24,126 [ERROR] LogOutputStream:75 - [STDERR_REDIRECT] [Fatal Error] :1:1: Premature end of file.
2025-08-31 10:21:24,126 [ERROR] LogOutputStream:75 - [STDERR_REDIRECT] 
2025-08-31 10:21:25,932 [ERROR] LogOutputStream:75 - [STDERR_REDIRECT] [Fatal Error] :1:1: Premature end of file.
2025-08-31 10:21:25,933 [ERROR] LogOutputStream:75 - [STDERR_REDIRECT] 
2025-08-31 10:21:26,904 [ERROR] LogOutputStream:75 - [STDERR_REDIRECT] [Fatal Error] :1:1: Premature end of file.
2025-08-31 10:21:26,905 [ERROR] LogOutputStream:75 - [STDERR_REDIRECT] 
2025-08-31 10:21:27,935 [ERROR] LogOutputStream:75 - [STDERR_REDIRECT] [Fatal Error] :1:1: Premature end of file.
2025-08-31 10:21:27,935 [ERROR] LogOutputStream:75 - [STDERR_REDIRECT] 
2025-08-31 10:50:11,507 [ERROR] LogOutputStream:75 - [STDERR_REDIRECT] [Fatal Error] :1:1: Premature end of file.
2025-08-31 10:50:11,507 [ERROR] LogOutputStream:75 - [STDERR_REDIRECT] 
2025-08-31 10:50:11,631 [ERROR] LogOutputStream:75 - [STDERR_REDIRECT] [Fatal Error] :1:1: Premature end of file.
2025-08-31 10:50:11,631 [ERROR] LogOutputStream:75 - [STDERR_REDIRECT] 
2025-08-31 10:50:11,763 [ERROR] LogOutputStream:75 - [STDERR_REDIRECT] [Fatal Error] :1:1: Premature end of file.
2025-08-31 10:50:11,763 [ERROR] LogOutputStream:75 - [STDERR_REDIRECT] 
2025-08-31 10:50:11,905 [ERROR] LogOutputStream:75 - [STDERR_REDIRECT] [Fatal Error] :1:1: Premature end of file.
2025-08-31 10:50:11,906 [ERROR] LogOutputStream:75 - [STDERR_REDIRECT] 
2025-08-31 10:50:11,989 [ERROR] LogOutputStream:75 - [STDERR_REDIRECT] [Fatal Error] :1:1: Premature end of file.
2025-08-31 10:50:11,990 [ERROR] LogOutputStream:75 - [STDERR_REDIRECT] 
2025-08-31 10:50:12,062 [ERROR] LogOutputStream:75 - [STDERR_REDIRECT] [Fatal Error] :1:1: Premature end of file.
2025-08-31 10:50:12,062 [ERROR] LogOutputStream:75 - [STDERR_REDIRECT] 
2025-08-31 10:50:12,133 [ERROR] LogOutputStream:75 - [STDERR_REDIRECT] [Fatal Error] :1:1: Premature end of file.
2025-08-31 10:50:12,133 [ERROR] LogOutputStream:75 - [STDERR_REDIRECT] 
2025-08-31 10:50:12,200 [ERROR] LogOutputStream:75 - [STDERR_REDIRECT] [Fatal Error] :1:1: Premature end of file.
2025-08-31 10:50:12,201 [ERROR] LogOutputStream:75 - [STDERR_REDIRECT] 
2025-08-31 10:50:12,256 [ERROR] LogOutputStream:75 - [STDERR_REDIRECT] [Fatal Error] :1:1: Premature end of file.
2025-08-31 10:50:12,257 [ERROR] LogOutputStream:75 - [STDERR_REDIRECT] 
2025-08-31 10:50:12,314 [ERROR] LogOutputStream:75 - [STDERR_REDIRECT] [Fatal Error] :1:1: Premature end of file.
2025-08-31 10:50:12,314 [ERROR] LogOutputStream:75 - [STDERR_REDIRECT] 
2025-08-31 10:50:12,375 [ERROR] LogOutputStream:75 - [STDERR_REDIRECT] [Fatal Error] :1:1: Premature end of file.
2025-08-31 10:50:12,375 [ERROR] LogOutputStream:75 - [STDERR_REDIRECT] 
2025-08-31 10:50:12,421 [ERROR] LogOutputStream:75 - [STDERR_REDIRECT] [Fatal Error] :1:1: Premature end of file.
2025-08-31 10:50:12,421 [ERROR] LogOutputStream:75 - [STDERR_REDIRECT] 
2025-08-31 10:50:12,468 [ERROR] LogOutputStream:75 - [STDERR_REDIRECT] [Fatal Error] :1:1: Premature end of file.
2025-08-31 10:50:12,468 [ERROR] LogOutputStream:75 - [STDERR_REDIRECT] 
2025-08-31 10:50:12,509 [ERROR] LogOutputStream:75 - [STDERR_REDIRECT] [Fatal Error] :1:1: Premature end of file.
2025-08-31 10:50:12,510 [ERROR] LogOutputStream:75 - [STDERR_REDIRECT] 
2025-08-31 10:50:12,548 [ERROR] LogOutputStream:75 - [STDERR_REDIRECT] [Fatal Error] :1:1: Premature end of file.
2025-08-31 10:50:12,549 [ERROR] LogOutputStream:75 - [STDERR_REDIRECT] 
2025-08-31 10:50:12,585 [ERROR] LogOutputStream:75 - [STDERR_REDIRECT] [Fatal Error] :1:1: Premature end of file.
2025-08-31 10:50:12,585 [ERROR] LogOutputStream:75 - [STDERR_REDIRECT] 
2025-08-31 10:50:12,622 [ERROR] LogOutputStream:75 - [STDERR_REDIRECT] [Fatal Error] :1:1: Premature end of file.
2025-08-31 10:50:12,622 [ERROR] LogOutputStream:75 - [STDERR_REDIRECT] 
2025-08-31 10:50:12,673 [ERROR] LogOutputStream:75 - [STDERR_REDIRECT] [Fatal Error] :1:1: Premature end of file.
2025-08-31 10:50:12,674 [ERROR] LogOutputStream:75 - [STDERR_REDIRECT] 
2025-08-31 10:50:12,729 [ERROR] LogOutputStream:75 - [STDERR_REDIRECT] [Fatal Error] :1:1: Premature end of file.
2025-08-31 10:50:12,730 [ERROR] LogOutputStream:75 - [STDERR_REDIRECT] 
2025-08-31 10:50:12,776 [ERROR] LogOutputStream:75 - [STDERR_REDIRECT] [Fatal Error] :1:1: Premature end of file.
2025-08-31 10:50:12,777 [ERROR] LogOutputStream:75 - [STDERR_REDIRECT] 
2025-08-31 10:50:12,819 [ERROR] LogOutputStream:75 - [STDERR_REDIRECT] [Fatal Error] :1:1: Premature end of file.
2025-08-31 10:50:12,820 [ERROR] LogOutputStream:75 - [STDERR_REDIRECT] 
2025-08-31 10:50:12,862 [ERROR] LogOutputStream:75 - [STDERR_REDIRECT] [Fatal Error] :1:1: Premature end of file.
2025-08-31 10:50:12,862 [ERROR] LogOutputStream:75 - [STDERR_REDIRECT] 
2025-08-31 10:50:12,900 [ERROR] LogOutputStream:75 - [STDERR_REDIRECT] [Fatal Error] :1:1: Premature end of file.
2025-08-31 10:50:12,900 [ERROR] LogOutputStream:75 - [STDERR_REDIRECT] 
2025-08-31 10:50:12,939 [ERROR] LogOutputStream:75 - [STDERR_REDIRECT] [Fatal Error] :1:1: Premature end of file.
2025-08-31 10:50:12,939 [ERROR] LogOutputStream:75 - [STDERR_REDIRECT] 
2025-08-31 10:50:12,980 [ERROR] LogOutputStream:75 - [STDERR_REDIRECT] [Fatal Error] :1:1: Premature end of file.
2025-08-31 10:50:12,980 [ERROR] LogOutputStream:75 - [STDERR_REDIRECT] 
2025-08-31 10:50:13,025 [ERROR] LogOutputStream:75 - [STDERR_REDIRECT] [Fatal Error] :1:1: Premature end of file.
2025-08-31 10:50:13,026 [ERROR] LogOutputStream:75 - [STDERR_REDIRECT] 
2025-08-31 10:50:13,079 [ERROR] LogOutputStream:75 - [STDERR_REDIRECT] [Fatal Error] :1:1: Premature end of file.
2025-08-31 10:50:13,079 [ERROR] LogOutputStream:75 - [STDERR_REDIRECT] 
2025-08-31 10:50:13,131 [ERROR] LogOutputStream:75 - [STDERR_REDIRECT] [Fatal Error] :1:1: Premature end of file.
2025-08-31 10:50:13,131 [ERROR] LogOutputStream:75 - [STDERR_REDIRECT] 
2025-08-31 10:50:13,182 [ERROR] LogOutputStream:75 - [STDERR_REDIRECT] [Fatal Error] :1:1: Premature end of file.
2025-08-31 10:50:13,182 [ERROR] LogOutputStream:75 - [STDERR_REDIRECT] 
2025-08-31 10:50:13,225 [ERROR] LogOutputStream:75 - [STDERR_REDIRECT] [Fatal Error] :1:1: Premature end of file.
2025-08-31 10:50:13,225 [ERROR] LogOutputStream:75 - [STDERR_REDIRECT] 
2025-08-31 10:50:13,274 [ERROR] LogOutputStream:75 - [STDERR_REDIRECT] [Fatal Error] :1:1: Premature end of file.
2025-08-31 10:50:13,274 [ERROR] LogOutputStream:75 - [STDERR_REDIRECT] 
2025-08-31 10:50:13,318 [ERROR] LogOutputStream:75 - [STDERR_REDIRECT] [Fatal Error] :1:1: Premature end of file.
2025-08-31 10:50:13,318 [ERROR] LogOutputStream:75 - [STDERR_REDIRECT] 
2025-08-31 10:50:13,360 [ERROR] LogOutputStream:75 - [STDERR_REDIRECT] [Fatal Error] :1:1: Premature end of file.
2025-08-31 10:50:13,360 [ERROR] LogOutputStream:75 - [STDERR_REDIRECT] 
2025-08-31 10:50:13,400 [ERROR] LogOutputStream:75 - [STDERR_REDIRECT] [Fatal Error] :1:1: Premature end of file.
2025-08-31 10:50:13,400 [ERROR] LogOutputStream:75 - [STDERR_REDIRECT] 
2025-08-31 10:50:13,447 [ERROR] LogOutputStream:75 - [STDERR_REDIRECT] [Fatal Error] :1:1: Premature end of file.
2025-08-31 10:50:13,447 [ERROR] LogOutputStream:75 - [STDERR_REDIRECT] 
2025-08-31 10:50:13,493 [ERROR] LogOutputStream:75 - [STDERR_REDIRECT] [Fatal Error] :1:1: Premature end of file.
2025-08-31 10:50:13,493 [ERROR] LogOutputStream:75 - [STDERR_REDIRECT] 
2025-08-31 10:50:13,532 [ERROR] LogOutputStream:75 - [STDERR_REDIRECT] [Fatal Error] :1:1: Premature end of file.
2025-08-31 10:50:13,532 [ERROR] LogOutputStream:75 - [STDERR_REDIRECT] 
2025-08-31 10:50:13,579 [ERROR] LogOutputStream:75 - [STDERR_REDIRECT] [Fatal Error] :1:1: Premature end of file.
2025-08-31 10:50:13,579 [ERROR] LogOutputStream:75 - [STDERR_REDIRECT] 
2025-08-31 10:50:13,622 [ERROR] LogOutputStream:75 - [STDERR_REDIRECT] [Fatal Error] :1:1: Premature end of file.
2025-08-31 10:50:13,622 [ERROR] LogOutputStream:75 - [STDERR_REDIRECT] 
2025-08-31 10:50:13,663 [ERROR] LogOutputStream:75 - [STDERR_REDIRECT] [Fatal Error] :1:1: Premature end of file.
2025-08-31 10:50:13,663 [ERROR] LogOutputStream:75 - [STDERR_REDIRECT] 
2025-08-31 10:50:13,723 [ERROR] LogOutputStream:75 - [STDERR_REDIRECT] [Fatal Error] :1:1: Premature end of file.
2025-08-31 10:50:13,723 [ERROR] LogOutputStream:75 - [STDERR_REDIRECT] 
2025-08-31 10:50:13,787 [ERROR] LogOutputStream:75 - [STDERR_REDIRECT] [Fatal Error] :1:1: Premature end of file.
2025-08-31 10:50:13,787 [ERROR] LogOutputStream:75 - [STDERR_REDIRECT] 
2025-08-31 10:50:13,853 [ERROR] LogOutputStream:75 - [STDERR_REDIRECT] [Fatal Error] :1:1: Premature end of file.
2025-08-31 10:50:13,853 [ERROR] LogOutputStream:75 - [STDERR_REDIRECT] 
2025-08-31 10:50:13,919 [ERROR] LogOutputStream:75 - [STDERR_REDIRECT] [Fatal Error] :1:1: Premature end of file.
2025-08-31 10:50:13,919 [ERROR] LogOutputStream:75 - [STDERR_REDIRECT] 
2025-08-31 10:50:14,011 [ERROR] LogOutputStream:75 - [STDERR_REDIRECT] [Fatal Error] :1:1: Premature end of file.
2025-08-31 10:50:14,011 [ERROR] LogOutputStream:75 - [STDERR_REDIRECT] 
2025-08-31 10:50:14,067 [ERROR] LogOutputStream:75 - [STDERR_REDIRECT] [Fatal Error] :1:1: Premature end of file.
2025-08-31 10:50:14,067 [ERROR] LogOutputStream:75 - [STDERR_REDIRECT] 
2025-08-31 10:50:14,130 [ERROR] LogOutputStream:75 - [STDERR_REDIRECT] [Fatal Error] :1:1: Premature end of file.
2025-08-31 10:50:14,130 [ERROR] LogOutputStream:75 - [STDERR_REDIRECT] 
2025-08-31 10:50:14,179 [ERROR] LogOutputStream:75 - [STDERR_REDIRECT] [Fatal Error] :1:1: Premature end of file.
2025-08-31 10:50:14,179 [ERROR] LogOutputStream:75 - [STDERR_REDIRECT] 
2025-08-31 10:50:14,220 [ERROR] LogOutputStream:75 - [STDERR_REDIRECT] [Fatal Error] :1:1: Premature end of file.
2025-08-31 10:50:14,220 [ERROR] LogOutputStream:75 - [STDERR_REDIRECT] 
2025-08-31 10:50:14,260 [ERROR] LogOutputStream:75 - [STDERR_REDIRECT] [Fatal Error] :1:1: Premature end of file.
2025-08-31 10:50:14,260 [ERROR] LogOutputStream:75 - [STDERR_REDIRECT] 
2025-08-31 10:50:14,301 [ERROR] LogOutputStream:75 - [STDERR_REDIRECT] [Fatal Error] :1:1: Premature end of file.
2025-08-31 10:50:14,301 [ERROR] LogOutputStream:75 - [STDERR_REDIRECT] 
2025-08-31 10:50:14,342 [ERROR] LogOutputStream:75 - [STDERR_REDIRECT] [Fatal Error] :1:1: Premature end of file.
2025-08-31 10:50:14,342 [ERROR] LogOutputStream:75 - [STDERR_REDIRECT] 
2025-08-31 10:50:14,380 [ERROR] LogOutputStream:75 - [STDERR_REDIRECT] [Fatal Error] :1:1: Premature end of file.
2025-08-31 10:50:14,380 [ERROR] LogOutputStream:75 - [STDERR_REDIRECT] 
2025-08-31 10:50:14,417 [ERROR] LogOutputStream:75 - [STDERR_REDIRECT] [Fatal Error] :1:1: Premature end of file.
2025-08-31 10:50:14,417 [ERROR] LogOutputStream:75 - [STDERR_REDIRECT] 
2025-08-31 10:50:14,460 [ERROR] LogOutputStream:75 - [STDERR_REDIRECT] [Fatal Error] :1:1: Premature end of file.
2025-08-31 10:50:14,460 [ERROR] LogOutputStream:75 - [STDERR_REDIRECT] 
2025-08-31 10:50:14,500 [ERROR] LogOutputStream:75 - [STDERR_REDIRECT] [Fatal Error] :1:1: Premature end of file.
2025-08-31 10:50:14,500 [ERROR] LogOutputStream:75 - [STDERR_REDIRECT] 
2025-08-31 10:50:14,539 [ERROR] LogOutputStream:75 - [STDERR_REDIRECT] [Fatal Error] :1:1: Premature end of file.
2025-08-31 10:50:14,539 [ERROR] LogOutputStream:75 - [STDERR_REDIRECT] 
2025-08-31 10:50:14,580 [ERROR] LogOutputStream:75 - [STDERR_REDIRECT] [Fatal Error] :1:1: Premature end of file.
2025-08-31 10:50:14,581 [ERROR] LogOutputStream:75 - [STDERR_REDIRECT] 
2025-08-31 10:50:14,624 [ERROR] LogOutputStream:75 - [STDERR_REDIRECT] [Fatal Error] :1:1: Premature end of file.
2025-08-31 10:50:14,624 [ERROR] LogOutputStream:75 - [STDERR_REDIRECT] 
2025-08-31 10:50:14,663 [ERROR] LogOutputStream:75 - [STDERR_REDIRECT] [Fatal Error] :1:1: Premature end of file.
2025-08-31 10:50:14,663 [ERROR] LogOutputStream:75 - [STDERR_REDIRECT] 
2025-08-31 10:50:14,700 [ERROR] LogOutputStream:75 - [STDERR_REDIRECT] [Fatal Error] :1:1: Premature end of file.
2025-08-31 10:50:14,700 [ERROR] LogOutputStream:75 - [STDERR_REDIRECT] 
2025-08-31 10:50:14,740 [ERROR] LogOutputStream:75 - [STDERR_REDIRECT] [Fatal Error] :1:1: Premature end of file.
2025-08-31 10:50:14,740 [ERROR] LogOutputStream:75 - [STDERR_REDIRECT] 
2025-08-31 10:50:14,782 [ERROR] LogOutputStream:75 - [STDERR_REDIRECT] [Fatal Error] :1:1: Premature end of file.
2025-08-31 10:50:14,782 [ERROR] LogOutputStream:75 - [STDERR_REDIRECT] 
2025-08-31 10:50:14,820 [ERROR] LogOutputStream:75 - [STDERR_REDIRECT] [Fatal Error] :1:1: Premature end of file.
2025-08-31 10:50:14,820 [ERROR] LogOutputStream:75 - [STDERR_REDIRECT] 
2025-08-31 10:50:14,856 [ERROR] LogOutputStream:75 - [STDERR_REDIRECT] [Fatal Error] :1:1: Premature end of file.
2025-08-31 10:50:14,857 [ERROR] LogOutputStream:75 - [STDERR_REDIRECT] 
2025-08-31 10:50:14,893 [ERROR] LogOutputStream:75 - [STDERR_REDIRECT] [Fatal Error] :1:1: Premature end of file.
2025-08-31 10:50:14,893 [ERROR] LogOutputStream:75 - [STDERR_REDIRECT] 
2025-08-31 10:50:14,930 [ERROR] LogOutputStream:75 - [STDERR_REDIRECT] [Fatal Error] :1:1: Premature end of file.
2025-08-31 10:50:14,930 [ERROR] LogOutputStream:75 - [STDERR_REDIRECT] 
2025-08-31 10:50:14,971 [ERROR] LogOutputStream:75 - [STDERR_REDIRECT] [Fatal Error] :1:1: Premature end of file.
2025-08-31 10:50:14,971 [ERROR] LogOutputStream:75 - [STDERR_REDIRECT] 
2025-08-31 10:50:15,009 [ERROR] LogOutputStream:75 - [STDERR_REDIRECT] [Fatal Error] :1:1: Premature end of file.
2025-08-31 10:50:15,009 [ERROR] LogOutputStream:75 - [STDERR_REDIRECT] 
2025-08-31 10:50:15,046 [ERROR] LogOutputStream:75 - [STDERR_REDIRECT] [Fatal Error] :1:1: Premature end of file.
2025-08-31 10:50:15,047 [ERROR] LogOutputStream:75 - [STDERR_REDIRECT] 
2025-08-31 10:50:15,084 [ERROR] LogOutputStream:75 - [STDERR_REDIRECT] [Fatal Error] :1:1: Premature end of file.
2025-08-31 10:50:15,084 [ERROR] LogOutputStream:75 - [STDERR_REDIRECT] 
2025-08-31 10:50:15,127 [ERROR] LogOutputStream:75 - [STDERR_REDIRECT] [Fatal Error] :1:1: Premature end of file.
2025-08-31 10:50:15,127 [ERROR] LogOutputStream:75 - [STDERR_REDIRECT] 
2025-08-31 10:50:15,166 [ERROR] LogOutputStream:75 - [STDERR_REDIRECT] [Fatal Error] :1:1: Premature end of file.
2025-08-31 10:50:15,166 [ERROR] LogOutputStream:75 - [STDERR_REDIRECT] 
2025-08-31 10:50:15,205 [ERROR] LogOutputStream:75 - [STDERR_REDIRECT] [Fatal Error] :1:1: Premature end of file.
2025-08-31 10:50:15,205 [ERROR] LogOutputStream:75 - [STDERR_REDIRECT] 
2025-08-31 10:50:15,243 [ERROR] LogOutputStream:75 - [STDERR_REDIRECT] [Fatal Error] :1:1: Premature end of file.
2025-08-31 10:50:15,243 [ERROR] LogOutputStream:75 - [STDERR_REDIRECT] 
2025-08-31 10:50:15,279 [ERROR] LogOutputStream:75 - [STDERR_REDIRECT] [Fatal Error] :1:1: Premature end of file.
2025-08-31 10:50:15,279 [ERROR] LogOutputStream:75 - [STDERR_REDIRECT] 
2025-08-31 10:50:15,317 [ERROR] LogOutputStream:75 - [STDERR_REDIRECT] [Fatal Error] :1:1: Premature end of file.
2025-08-31 10:50:15,318 [ERROR] LogOutputStream:75 - [STDERR_REDIRECT] 
2025-08-31 10:50:15,357 [ERROR] LogOutputStream:75 - [STDERR_REDIRECT] [Fatal Error] :1:1: Premature end of file.
2025-08-31 10:50:15,357 [ERROR] LogOutputStream:75 - [STDERR_REDIRECT] 
2025-08-31 10:50:15,394 [ERROR] LogOutputStream:75 - [STDERR_REDIRECT] [Fatal Error] :1:1: Premature end of file.
2025-08-31 10:50:15,394 [ERROR] LogOutputStream:75 - [STDERR_REDIRECT] 
2025-08-31 10:50:15,430 [ERROR] LogOutputStream:75 - [STDERR_REDIRECT] [Fatal Error] :1:1: Premature end of file.
2025-08-31 10:50:15,430 [ERROR] LogOutputStream:75 - [STDERR_REDIRECT] 
2025-08-31 10:50:15,469 [ERROR] LogOutputStream:75 - [STDERR_REDIRECT] [Fatal Error] :1:1: Premature end of file.
2025-08-31 10:50:15,470 [ERROR] LogOutputStream:75 - [STDERR_REDIRECT] 
2025-08-31 10:50:15,507 [ERROR] LogOutputStream:75 - [STDERR_REDIRECT] [Fatal Error] :1:1: Premature end of file.
2025-08-31 10:50:15,507 [ERROR] LogOutputStream:75 - [STDERR_REDIRECT] 
2025-08-31 10:50:15,543 [ERROR] LogOutputStream:75 - [STDERR_REDIRECT] [Fatal Error] :1:1: Premature end of file.
2025-08-31 10:50:15,544 [ERROR] LogOutputStream:75 - [STDERR_REDIRECT] 
2025-08-31 10:50:15,581 [ERROR] LogOutputStream:75 - [STDERR_REDIRECT] [Fatal Error] :1:1: Premature end of file.
2025-08-31 10:50:15,581 [ERROR] LogOutputStream:75 - [STDERR_REDIRECT] 
2025-08-31 10:50:15,617 [ERROR] LogOutputStream:75 - [STDERR_REDIRECT] [Fatal Error] :1:1: Premature end of file.
2025-08-31 10:50:15,617 [ERROR] LogOutputStream:75 - [STDERR_REDIRECT] 
2025-08-31 10:50:15,654 [ERROR] LogOutputStream:75 - [STDERR_REDIRECT] [Fatal Error] :1:1: Premature end of file.
2025-08-31 10:50:15,654 [ERROR] LogOutputStream:75 - [STDERR_REDIRECT] 
2025-08-31 10:50:15,691 [ERROR] LogOutputStream:75 - [STDERR_REDIRECT] [Fatal Error] :1:1: Premature end of file.
2025-08-31 10:50:15,691 [ERROR] LogOutputStream:75 - [STDERR_REDIRECT] 
2025-08-31 10:50:15,732 [ERROR] LogOutputStream:75 - [STDERR_REDIRECT] [Fatal Error] :1:1: Premature end of file.
2025-08-31 10:50:15,732 [ERROR] LogOutputStream:75 - [STDERR_REDIRECT] 
2025-08-31 10:50:15,770 [ERROR] LogOutputStream:75 - [STDERR_REDIRECT] [Fatal Error] :1:1: Premature end of file.
2025-08-31 10:50:15,770 [ERROR] LogOutputStream:75 - [STDERR_REDIRECT] 
2025-08-31 10:50:15,808 [ERROR] LogOutputStream:75 - [STDERR_REDIRECT] [Fatal Error] :1:1: Premature end of file.
2025-08-31 10:50:15,809 [ERROR] LogOutputStream:75 - [STDERR_REDIRECT] 
2025-08-31 10:50:15,848 [ERROR] LogOutputStream:75 - [STDERR_REDIRECT] [Fatal Error] :1:1: Premature end of file.
2025-08-31 10:50:15,848 [ERROR] LogOutputStream:75 - [STDERR_REDIRECT] 
2025-08-31 10:50:15,886 [ERROR] LogOutputStream:75 - [STDERR_REDIRECT] [Fatal Error] :1:1: Premature end of file.
2025-08-31 10:50:15,886 [ERROR] LogOutputStream:75 - [STDERR_REDIRECT] 
2025-08-31 10:50:15,924 [ERROR] LogOutputStream:75 - [STDERR_REDIRECT] [Fatal Error] :1:1: Premature end of file.
2025-08-31 10:50:15,924 [ERROR] LogOutputStream:75 - [STDERR_REDIRECT] 
2025-08-31 10:50:15,965 [ERROR] LogOutputStream:75 - [STDERR_REDIRECT] [Fatal Error] :1:1: Premature end of file.
2025-08-31 10:50:15,965 [ERROR] LogOutputStream:75 - [STDERR_REDIRECT] 
2025-08-31 10:50:16,004 [ERROR] LogOutputStream:75 - [STDERR_REDIRECT] [Fatal Error] :1:1: Premature end of file.
2025-08-31 10:50:16,004 [ERROR] LogOutputStream:75 - [STDERR_REDIRECT] 
2025-08-31 10:50:16,048 [ERROR] LogOutputStream:75 - [STDERR_REDIRECT] [Fatal Error] :1:1: Premature end of file.
2025-08-31 10:50:16,049 [ERROR] LogOutputStream:75 - [STDERR_REDIRECT] 
2025-08-31 10:50:16,109 [ERROR] LogOutputStream:75 - [STDERR_REDIRECT] [Fatal Error] :1:1: Premature end of file.
2025-08-31 10:50:16,109 [ERROR] LogOutputStream:75 - [STDERR_REDIRECT] 
2025-08-31 10:50:16,275 [ERROR] LogOutputStream:75 - [STDERR_REDIRECT] [Fatal Error] :1:1: Premature end of file.
2025-08-31 10:50:16,275 [ERROR] LogOutputStream:75 - [STDERR_REDIRECT] 
2025-08-31 10:50:16,393 [ERROR] LogOutputStream:75 - [STDERR_REDIRECT] [Fatal Error] :1:1: Premature end of file.
2025-08-31 10:50:16,394 [ERROR] LogOutputStream:75 - [STDERR_REDIRECT] 
2025-08-31 10:50:16,505 [ERROR] LogOutputStream:75 - [STDERR_REDIRECT] [Fatal Error] :1:1: Premature end of file.
2025-08-31 10:50:16,505 [ERROR] LogOutputStream:75 - [STDERR_REDIRECT] 
2025-08-31 10:50:16,612 [ERROR] LogOutputStream:75 - [STDERR_REDIRECT] [Fatal Error] :1:1: Premature end of file.
2025-08-31 10:50:16,612 [ERROR] LogOutputStream:75 - [STDERR_REDIRECT] 
2025-08-31 10:50:16,693 [ERROR] LogOutputStream:75 - [STDERR_REDIRECT] [Fatal Error] :1:1: Premature end of file.
2025-08-31 10:50:16,693 [ERROR] LogOutputStream:75 - [STDERR_REDIRECT] 
2025-08-31 10:50:16,771 [ERROR] LogOutputStream:75 - [STDERR_REDIRECT] [Fatal Error] :1:1: Premature end of file.
2025-08-31 10:50:16,772 [ERROR] LogOutputStream:75 - [STDERR_REDIRECT] 
2025-08-31 10:50:16,840 [ERROR] LogOutputStream:75 - [STDERR_REDIRECT] [Fatal Error] :1:1: Premature end of file.
2025-08-31 10:50:16,840 [ERROR] LogOutputStream:75 - [STDERR_REDIRECT] 
2025-08-31 10:50:16,903 [ERROR] LogOutputStream:75 - [STDERR_REDIRECT] [Fatal Error] :1:1: Premature end of file.
2025-08-31 10:50:16,903 [ERROR] LogOutputStream:75 - [STDERR_REDIRECT] 
2025-08-31 10:50:16,963 [ERROR] LogOutputStream:75 - [STDERR_REDIRECT] [Fatal Error] :1:1: Premature end of file.
2025-08-31 10:50:16,963 [ERROR] LogOutputStream:75 - [STDERR_REDIRECT] 
2025-08-31 10:50:17,020 [ERROR] LogOutputStream:75 - [STDERR_REDIRECT] [Fatal Error] :1:1: Premature end of file.
2025-08-31 10:50:17,020 [ERROR] LogOutputStream:75 - [STDERR_REDIRECT] 
2025-08-31 10:50:17,075 [ERROR] LogOutputStream:75 - [STDERR_REDIRECT] [Fatal Error] :1:1: Premature end of file.
2025-08-31 10:50:17,075 [ERROR] LogOutputStream:75 - [STDERR_REDIRECT] 
2025-08-31 10:50:17,115 [ERROR] LogOutputStream:75 - [STDERR_REDIRECT] [Fatal Error] :1:1: Premature end of file.
2025-08-31 10:50:17,115 [ERROR] LogOutputStream:75 - [STDERR_REDIRECT] 
2025-08-31 10:50:17,170 [ERROR] LogOutputStream:75 - [STDERR_REDIRECT] [Fatal Error] :1:1: Premature end of file.
2025-08-31 10:50:17,170 [ERROR] LogOutputStream:75 - [STDERR_REDIRECT] 
2025-08-31 10:50:17,255 [ERROR] LogOutputStream:75 - [STDERR_REDIRECT] [Fatal Error] :1:1: Premature end of file.
2025-08-31 10:50:17,256 [ERROR] LogOutputStream:75 - [STDERR_REDIRECT] 
2025-08-31 10:50:17,326 [ERROR] LogOutputStream:75 - [STDERR_REDIRECT] [Fatal Error] :1:1: Premature end of file.
2025-08-31 10:50:17,327 [ERROR] LogOutputStream:75 - [STDERR_REDIRECT] 
2025-08-31 10:50:17,397 [ERROR] LogOutputStream:75 - [STDERR_REDIRECT] [Fatal Error] :1:1: Premature end of file.
2025-08-31 10:50:17,397 [ERROR] LogOutputStream:75 - [STDERR_REDIRECT] 
2025-08-31 10:50:17,467 [ERROR] LogOutputStream:75 - [STDERR_REDIRECT] [Fatal Error] :1:1: Premature end of file.
2025-08-31 10:50:17,468 [ERROR] LogOutputStream:75 - [STDERR_REDIRECT] 
2025-08-31 10:50:17,539 [ERROR] LogOutputStream:75 - [STDERR_REDIRECT] [Fatal Error] :1:1: Premature end of file.
2025-08-31 10:50:17,539 [ERROR] LogOutputStream:75 - [STDERR_REDIRECT] 
2025-08-31 10:50:17,636 [ERROR] LogOutputStream:75 - [STDERR_REDIRECT] [Fatal Error] :1:1: Premature end of file.
2025-08-31 10:50:17,637 [ERROR] LogOutputStream:75 - [STDERR_REDIRECT] 
2025-08-31 10:50:17,726 [ERROR] LogOutputStream:75 - [STDERR_REDIRECT] [Fatal Error] :1:1: Premature end of file.
2025-08-31 10:50:17,727 [ERROR] LogOutputStream:75 - [STDERR_REDIRECT] 
2025-08-31 10:50:17,788 [ERROR] LogOutputStream:75 - [STDERR_REDIRECT] [Fatal Error] :1:1: Premature end of file.
2025-08-31 10:50:17,788 [ERROR] LogOutputStream:75 - [STDERR_REDIRECT] 
2025-08-31 10:50:17,856 [ERROR] LogOutputStream:75 - [STDERR_REDIRECT] [Fatal Error] :1:1: Premature end of file.
2025-08-31 10:50:17,857 [ERROR] LogOutputStream:75 - [STDERR_REDIRECT] 
2025-08-31 10:50:17,921 [ERROR] LogOutputStream:75 - [STDERR_REDIRECT] [Fatal Error] :1:1: Premature end of file.
2025-08-31 10:50:17,921 [ERROR] LogOutputStream:75 - [STDERR_REDIRECT] 
2025-08-31 10:50:17,993 [ERROR] LogOutputStream:75 - [STDERR_REDIRECT] [Fatal Error] :1:1: Premature end of file.
2025-08-31 10:50:17,994 [ERROR] LogOutputStream:75 - [STDERR_REDIRECT] 
2025-08-31 10:50:18,064 [ERROR] LogOutputStream:75 - [STDERR_REDIRECT] [Fatal Error] :1:1: Premature end of file.
2025-08-31 10:50:18,064 [ERROR] LogOutputStream:75 - [STDERR_REDIRECT] 
2025-08-31 10:50:18,128 [ERROR] LogOutputStream:75 - [STDERR_REDIRECT] [Fatal Error] :1:1: Premature end of file.
2025-08-31 10:50:18,128 [ERROR] LogOutputStream:75 - [STDERR_REDIRECT] 
2025-08-31 10:50:18,193 [ERROR] LogOutputStream:75 - [STDERR_REDIRECT] [Fatal Error] :1:1: Premature end of file.
2025-08-31 10:50:18,193 [ERROR] LogOutputStream:75 - [STDERR_REDIRECT] 
2025-08-31 10:50:18,259 [ERROR] LogOutputStream:75 - [STDERR_REDIRECT] [Fatal Error] :1:1: Premature end of file.
2025-08-31 10:50:18,259 [ERROR] LogOutputStream:75 - [STDERR_REDIRECT] 
2025-08-31 10:50:18,325 [ERROR] LogOutputStream:75 - [STDERR_REDIRECT] [Fatal Error] :1:1: Premature end of file.
2025-08-31 10:50:18,326 [ERROR] LogOutputStream:75 - [STDERR_REDIRECT] 
2025-08-31 10:50:18,393 [ERROR] LogOutputStream:75 - [STDERR_REDIRECT] [Fatal Error] :1:1: Premature end of file.
2025-08-31 10:50:18,394 [ERROR] LogOutputStream:75 - [STDERR_REDIRECT] 
2025-08-31 10:50:18,458 [ERROR] LogOutputStream:75 - [STDERR_REDIRECT] [Fatal Error] :1:1: Premature end of file.
2025-08-31 10:50:18,458 [ERROR] LogOutputStream:75 - [STDERR_REDIRECT] 
2025-08-31 10:50:18,518 [ERROR] LogOutputStream:75 - [STDERR_REDIRECT] [Fatal Error] :1:1: Premature end of file.
2025-08-31 10:50:18,519 [ERROR] LogOutputStream:75 - [STDERR_REDIRECT] 
2025-08-31 10:50:18,574 [ERROR] LogOutputStream:75 - [STDERR_REDIRECT] [Fatal Error] :1:1: Premature end of file.
2025-08-31 10:50:18,574 [ERROR] LogOutputStream:75 - [STDERR_REDIRECT] 
2025-08-31 10:50:18,638 [ERROR] LogOutputStream:75 - [STDERR_REDIRECT] [Fatal Error] :1:1: Premature end of file.
2025-08-31 10:50:18,639 [ERROR] LogOutputStream:75 - [STDERR_REDIRECT] 
2025-08-31 10:50:18,698 [ERROR] LogOutputStream:75 - [STDERR_REDIRECT] [Fatal Error] :1:1: Premature end of file.
2025-08-31 10:50:18,699 [ERROR] LogOutputStream:75 - [STDERR_REDIRECT] 
2025-08-31 10:50:18,756 [ERROR] LogOutputStream:75 - [STDERR_REDIRECT] [Fatal Error] :1:1: Premature end of file.
2025-08-31 10:50:18,756 [ERROR] LogOutputStream:75 - [STDERR_REDIRECT] 
2025-08-31 10:50:18,815 [ERROR] LogOutputStream:75 - [STDERR_REDIRECT] [Fatal Error] :1:1: Premature end of file.
2025-08-31 10:50:18,815 [ERROR] LogOutputStream:75 - [STDERR_REDIRECT] 
2025-08-31 10:50:18,883 [ERROR] LogOutputStream:75 - [STDERR_REDIRECT] [Fatal Error] :1:1: Premature end of file.
2025-08-31 10:50:18,883 [ERROR] LogOutputStream:75 - [STDERR_REDIRECT] 
2025-08-31 10:50:18,947 [ERROR] LogOutputStream:75 - [STDERR_REDIRECT] [Fatal Error] :1:1: Premature end of file.
2025-08-31 10:50:18,947 [ERROR] LogOutputStream:75 - [STDERR_REDIRECT] 
2025-08-31 10:50:18,992 [ERROR] LogOutputStream:75 - [STDERR_REDIRECT] [Fatal Error] :1:1: Premature end of file.
2025-08-31 10:50:18,992 [ERROR] LogOutputStream:75 - [STDERR_REDIRECT] 
2025-08-31 10:50:19,050 [ERROR] LogOutputStream:75 - [STDERR_REDIRECT] [Fatal Error] :1:1: Premature end of file.
2025-08-31 10:50:19,051 [ERROR] LogOutputStream:75 - [STDERR_REDIRECT] 
2025-08-31 10:50:19,120 [ERROR] LogOutputStream:75 - [STDERR_REDIRECT] [Fatal Error] :1:1: Premature end of file.
2025-08-31 10:50:19,120 [ERROR] LogOutputStream:75 - [STDERR_REDIRECT] 
2025-08-31 10:50:19,182 [ERROR] LogOutputStream:75 - [STDERR_REDIRECT] [Fatal Error] :1:1: Premature end of file.
2025-08-31 10:50:19,183 [ERROR] LogOutputStream:75 - [STDERR_REDIRECT] 
2025-08-31 10:50:19,245 [ERROR] LogOutputStream:75 - [STDERR_REDIRECT] [Fatal Error] :1:1: Premature end of file.
2025-08-31 10:50:19,245 [ERROR] LogOutputStream:75 - [STDERR_REDIRECT] 
2025-08-31 10:50:19,312 [ERROR] LogOutputStream:75 - [STDERR_REDIRECT] [Fatal Error] :1:1: Premature end of file.
2025-08-31 10:50:19,312 [ERROR] LogOutputStream:75 - [STDERR_REDIRECT] 
2025-08-31 10:50:19,402 [ERROR] LogOutputStream:75 - [STDERR_REDIRECT] [Fatal Error] :1:1: Premature end of file.
2025-08-31 10:50:19,402 [ERROR] LogOutputStream:75 - [STDERR_REDIRECT] 
2025-08-31 10:50:19,466 [ERROR] LogOutputStream:75 - [STDERR_REDIRECT] [Fatal Error] :1:1: Premature end of file.
2025-08-31 10:50:19,466 [ERROR] LogOutputStream:75 - [STDERR_REDIRECT] 
2025-08-31 10:50:19,516 [ERROR] LogOutputStream:75 - [STDERR_REDIRECT] [Fatal Error] :1:1: Premature end of file.
2025-08-31 10:50:19,516 [ERROR] LogOutputStream:75 - [STDERR_REDIRECT] 
2025-08-31 10:50:19,577 [ERROR] LogOutputStream:75 - [STDERR_REDIRECT] [Fatal Error] :1:1: Premature end of file.
2025-08-31 10:50:19,578 [ERROR] LogOutputStream:75 - [STDERR_REDIRECT] 
2025-08-31 10:50:19,634 [ERROR] LogOutputStream:75 - [STDERR_REDIRECT] [Fatal Error] :1:1: Premature end of file.
2025-08-31 10:50:19,634 [ERROR] LogOutputStream:75 - [STDERR_REDIRECT] 
2025-08-31 10:50:19,703 [ERROR] LogOutputStream:75 - [STDERR_REDIRECT] [Fatal Error] :1:1: Premature end of file.
2025-08-31 10:50:19,704 [ERROR] LogOutputStream:75 - [STDERR_REDIRECT] 
2025-08-31 10:50:19,782 [ERROR] LogOutputStream:75 - [STDERR_REDIRECT] [Fatal Error] :1:1: Premature end of file.
2025-08-31 10:50:19,782 [ERROR] LogOutputStream:75 - [STDERR_REDIRECT] 
2025-08-31 10:50:19,845 [ERROR] LogOutputStream:75 - [STDERR_REDIRECT] [Fatal Error] :1:1: Premature end of file.
2025-08-31 10:50:19,846 [ERROR] LogOutputStream:75 - [STDERR_REDIRECT] 
2025-08-31 10:50:19,909 [ERROR] LogOutputStream:75 - [STDERR_REDIRECT] [Fatal Error] :1:1: Premature end of file.
2025-08-31 10:50:19,910 [ERROR] LogOutputStream:75 - [STDERR_REDIRECT] 
2025-08-31 10:50:19,970 [ERROR] LogOutputStream:75 - [STDERR_REDIRECT] [Fatal Error] :1:1: Premature end of file.
2025-08-31 10:50:19,970 [ERROR] LogOutputStream:75 - [STDERR_REDIRECT] 
2025-08-31 10:50:20,067 [ERROR] LogOutputStream:75 - [STDERR_REDIRECT] [Fatal Error] :1:1: Premature end of file.
2025-08-31 10:50:20,067 [ERROR] LogOutputStream:75 - [STDERR_REDIRECT] 
2025-08-31 10:50:20,139 [ERROR] LogOutputStream:75 - [STDERR_REDIRECT] [Fatal Error] :1:1: Premature end of file.
2025-08-31 10:50:20,139 [ERROR] LogOutputStream:75 - [STDERR_REDIRECT] 
2025-08-31 10:50:20,194 [ERROR] LogOutputStream:75 - [STDERR_REDIRECT] [Fatal Error] :1:1: Premature end of file.
2025-08-31 10:50:20,195 [ERROR] LogOutputStream:75 - [STDERR_REDIRECT] 
2025-08-31 10:50:20,245 [ERROR] LogOutputStream:75 - [STDERR_REDIRECT] [Fatal Error] :1:1: Premature end of file.
2025-08-31 10:50:20,245 [ERROR] LogOutputStream:75 - [STDERR_REDIRECT] 
2025-08-31 10:50:20,303 [ERROR] LogOutputStream:75 - [STDERR_REDIRECT] [Fatal Error] :1:1: Premature end of file.
2025-08-31 10:50:20,303 [ERROR] LogOutputStream:75 - [STDERR_REDIRECT] 
2025-08-31 10:50:20,369 [ERROR] LogOutputStream:75 - [STDERR_REDIRECT] [Fatal Error] :1:1: Premature end of file.
2025-08-31 10:50:20,369 [ERROR] LogOutputStream:75 - [STDERR_REDIRECT] 
2025-08-31 10:50:20,432 [ERROR] LogOutputStream:75 - [STDERR_REDIRECT] [Fatal Error] :1:1: Premature end of file.
2025-08-31 10:50:20,432 [ERROR] LogOutputStream:75 - [STDERR_REDIRECT] 
2025-08-31 10:50:20,492 [ERROR] LogOutputStream:75 - [STDERR_REDIRECT] [Fatal Error] :1:1: Premature end of file.
2025-08-31 10:50:20,492 [ERROR] LogOutputStream:75 - [STDERR_REDIRECT] 
2025-08-31 10:50:20,545 [ERROR] LogOutputStream:75 - [STDERR_REDIRECT] [Fatal Error] :1:1: Premature end of file.
2025-08-31 10:50:20,545 [ERROR] LogOutputStream:75 - [STDERR_REDIRECT] 
2025-08-31 10:50:20,600 [ERROR] LogOutputStream:75 - [STDERR_REDIRECT] [Fatal Error] :1:1: Premature end of file.
2025-08-31 10:50:20,600 [ERROR] LogOutputStream:75 - [STDERR_REDIRECT] 
2025-08-31 10:50:20,652 [ERROR] LogOutputStream:75 - [STDERR_REDIRECT] [Fatal Error] :1:1: Premature end of file.
2025-08-31 10:50:20,652 [ERROR] LogOutputStream:75 - [STDERR_REDIRECT] 
2025-08-31 10:50:20,711 [ERROR] LogOutputStream:75 - [STDERR_REDIRECT] [Fatal Error] :1:1: Premature end of file.
2025-08-31 10:50:20,712 [ERROR] LogOutputStream:75 - [STDERR_REDIRECT] 
2025-08-31 10:50:20,764 [ERROR] LogOutputStream:75 - [STDERR_REDIRECT] [Fatal Error] :1:1: Premature end of file.
2025-08-31 10:50:20,764 [ERROR] LogOutputStream:75 - [STDERR_REDIRECT] 
2025-08-31 10:50:20,818 [ERROR] LogOutputStream:75 - [STDERR_REDIRECT] [Fatal Error] :1:1: Premature end of file.
2025-08-31 10:50:20,819 [ERROR] LogOutputStream:75 - [STDERR_REDIRECT] 
2025-08-31 10:50:20,872 [ERROR] LogOutputStream:75 - [STDERR_REDIRECT] [Fatal Error] :1:1: Premature end of file.
2025-08-31 10:50:20,872 [ERROR] LogOutputStream:75 - [STDERR_REDIRECT] 
2025-08-31 10:50:20,928 [ERROR] LogOutputStream:75 - [STDERR_REDIRECT] [Fatal Error] :1:1: Premature end of file.
2025-08-31 10:50:20,928 [ERROR] LogOutputStream:75 - [STDERR_REDIRECT] 
2025-08-31 10:50:20,988 [ERROR] LogOutputStream:75 - [STDERR_REDIRECT] [Fatal Error] :1:1: Premature end of file.
2025-08-31 10:50:20,988 [ERROR] LogOutputStream:75 - [STDERR_REDIRECT] 
2025-08-31 10:50:21,053 [ERROR] LogOutputStream:75 - [STDERR_REDIRECT] [Fatal Error] :1:1: Premature end of file.
2025-08-31 10:50:21,054 [ERROR] LogOutputStream:75 - [STDERR_REDIRECT] 
2025-08-31 10:50:21,113 [ERROR] LogOutputStream:75 - [STDERR_REDIRECT] [Fatal Error] :1:1: Premature end of file.
2025-08-31 10:50:21,113 [ERROR] LogOutputStream:75 - [STDERR_REDIRECT] 
2025-08-31 10:50:21,180 [ERROR] LogOutputStream:75 - [STDERR_REDIRECT] [Fatal Error] :1:1: Premature end of file.
2025-08-31 10:50:21,181 [ERROR] LogOutputStream:75 - [STDERR_REDIRECT] 
2025-08-31 10:50:21,247 [ERROR] LogOutputStream:75 - [STDERR_REDIRECT] [Fatal Error] :1:1: Premature end of file.
2025-08-31 10:50:21,247 [ERROR] LogOutputStream:75 - [STDERR_REDIRECT] 
2025-08-31 10:50:21,310 [ERROR] LogOutputStream:75 - [STDERR_REDIRECT] [Fatal Error] :1:1: Premature end of file.
2025-08-31 10:50:21,311 [ERROR] LogOutputStream:75 - [STDERR_REDIRECT] 
2025-08-31 10:50:21,386 [ERROR] LogOutputStream:75 - [STDERR_REDIRECT] [Fatal Error] :1:1: Premature end of file.
2025-08-31 10:50:21,386 [ERROR] LogOutputStream:75 - [STDERR_REDIRECT] 
2025-08-31 10:50:21,464 [ERROR] LogOutputStream:75 - [STDERR_REDIRECT] [Fatal Error] :1:1: Premature end of file.
2025-08-31 10:50:21,464 [ERROR] LogOutputStream:75 - [STDERR_REDIRECT] 
2025-08-31 10:50:21,554 [ERROR] LogOutputStream:75 - [STDERR_REDIRECT] [Fatal Error] :1:1: Premature end of file.
2025-08-31 10:50:21,554 [ERROR] LogOutputStream:75 - [STDERR_REDIRECT] 
2025-08-31 10:50:21,631 [ERROR] LogOutputStream:75 - [STDERR_REDIRECT] [Fatal Error] :1:1: Premature end of file.
2025-08-31 10:50:21,631 [ERROR] LogOutputStream:75 - [STDERR_REDIRECT] 
2025-08-31 10:50:21,739 [ERROR] LogOutputStream:75 - [STDERR_REDIRECT] [Fatal Error] :1:1: Premature end of file.
2025-08-31 10:50:21,739 [ERROR] LogOutputStream:75 - [STDERR_REDIRECT] 
2025-08-31 10:50:21,816 [ERROR] LogOutputStream:75 - [STDERR_REDIRECT] [Fatal Error] :1:1: Premature end of file.
2025-08-31 10:50:21,817 [ERROR] LogOutputStream:75 - [STDERR_REDIRECT] 
2025-08-31 10:50:21,913 [ERROR] LogOutputStream:75 - [STDERR_REDIRECT] [Fatal Error] :1:1: Premature end of file.
2025-08-31 10:50:21,914 [ERROR] LogOutputStream:75 - [STDERR_REDIRECT] 
2025-08-31 10:50:21,971 [ERROR] LogOutputStream:75 - [STDERR_REDIRECT] [Fatal Error] :1:1: Premature end of file.
2025-08-31 10:50:21,971 [ERROR] LogOutputStream:75 - [STDERR_REDIRECT] 
2025-08-31 10:50:22,061 [ERROR] LogOutputStream:75 - [STDERR_REDIRECT] [Fatal Error] :1:1: Premature end of file.
2025-08-31 10:50:22,061 [ERROR] LogOutputStream:75 - [STDERR_REDIRECT] 
2025-08-31 10:50:22,166 [ERROR] LogOutputStream:75 - [STDERR_REDIRECT] [Fatal Error] :1:1: Premature end of file.
2025-08-31 10:50:22,166 [ERROR] LogOutputStream:75 - [STDERR_REDIRECT] 
2025-08-31 10:50:22,234 [ERROR] LogOutputStream:75 - [STDERR_REDIRECT] [Fatal Error] :1:1: Premature end of file.
2025-08-31 10:50:22,234 [ERROR] LogOutputStream:75 - [STDERR_REDIRECT] 
2025-08-31 10:50:22,303 [ERROR] LogOutputStream:75 - [STDERR_REDIRECT] [Fatal Error] :1:1: Premature end of file.
2025-08-31 10:50:22,304 [ERROR] LogOutputStream:75 - [STDERR_REDIRECT] 
2025-08-31 10:50:22,374 [ERROR] LogOutputStream:75 - [STDERR_REDIRECT] [Fatal Error] :1:1: Premature end of file.
2025-08-31 10:50:22,375 [ERROR] LogOutputStream:75 - [STDERR_REDIRECT] 
2025-08-31 10:50:22,442 [ERROR] LogOutputStream:75 - [STDERR_REDIRECT] [Fatal Error] :1:1: Premature end of file.
2025-08-31 10:50:22,442 [ERROR] LogOutputStream:75 - [STDERR_REDIRECT] 
2025-08-31 10:50:22,513 [ERROR] LogOutputStream:75 - [STDERR_REDIRECT] [Fatal Error] :1:1: Premature end of file.
2025-08-31 10:50:22,513 [ERROR] LogOutputStream:75 - [STDERR_REDIRECT] 
2025-08-31 10:50:22,583 [ERROR] LogOutputStream:75 - [STDERR_REDIRECT] [Fatal Error] :1:1: Premature end of file.
2025-08-31 10:50:22,584 [ERROR] LogOutputStream:75 - [STDERR_REDIRECT] 
2025-08-31 10:50:22,651 [ERROR] LogOutputStream:75 - [STDERR_REDIRECT] [Fatal Error] :1:1: Premature end of file.
2025-08-31 10:50:22,651 [ERROR] LogOutputStream:75 - [STDERR_REDIRECT] 
2025-08-31 10:50:22,709 [ERROR] LogOutputStream:75 - [STDERR_REDIRECT] [Fatal Error] :1:1: Premature end of file.
2025-08-31 10:50:22,710 [ERROR] LogOutputStream:75 - [STDERR_REDIRECT] 
2025-08-31 10:50:22,772 [ERROR] LogOutputStream:75 - [STDERR_REDIRECT] [Fatal Error] :1:1: Premature end of file.
2025-08-31 10:50:22,773 [ERROR] LogOutputStream:75 - [STDERR_REDIRECT] 
2025-08-31 10:50:22,839 [ERROR] LogOutputStream:75 - [STDERR_REDIRECT] [Fatal Error] :1:1: Premature end of file.
2025-08-31 10:50:22,840 [ERROR] LogOutputStream:75 - [STDERR_REDIRECT] 
2025-08-31 10:50:22,891 [ERROR] LogOutputStream:75 - [STDERR_REDIRECT] [Fatal Error] :1:1: Premature end of file.
2025-08-31 10:50:22,891 [ERROR] LogOutputStream:75 - [STDERR_REDIRECT] 
2025-08-31 10:50:22,952 [ERROR] LogOutputStream:75 - [STDERR_REDIRECT] [Fatal Error] :1:1: Premature end of file.
2025-08-31 10:50:22,952 [ERROR] LogOutputStream:75 - [STDERR_REDIRECT] 
2025-08-31 10:50:23,022 [ERROR] LogOutputStream:75 - [STDERR_REDIRECT] [Fatal Error] :1:1: Premature end of file.
2025-08-31 10:50:23,022 [ERROR] LogOutputStream:75 - [STDERR_REDIRECT] 
2025-08-31 10:50:23,102 [ERROR] LogOutputStream:75 - [STDERR_REDIRECT] [Fatal Error] :1:1: Premature end of file.
2025-08-31 10:50:23,102 [ERROR] LogOutputStream:75 - [STDERR_REDIRECT] 
2025-08-31 10:50:23,188 [ERROR] LogOutputStream:75 - [STDERR_REDIRECT] [Fatal Error] :1:1: Premature end of file.
2025-08-31 10:50:23,189 [ERROR] LogOutputStream:75 - [STDERR_REDIRECT] 
2025-08-31 10:50:23,265 [ERROR] LogOutputStream:75 - [STDERR_REDIRECT] [Fatal Error] :1:1: Premature end of file.
2025-08-31 10:50:23,266 [ERROR] LogOutputStream:75 - [STDERR_REDIRECT] 
2025-08-31 10:50:23,334 [ERROR] LogOutputStream:75 - [STDERR_REDIRECT] [Fatal Error] :1:1: Premature end of file.
2025-08-31 10:50:23,334 [ERROR] LogOutputStream:75 - [STDERR_REDIRECT] 
2025-08-31 10:50:23,402 [ERROR] LogOutputStream:75 - [STDERR_REDIRECT] [Fatal Error] :1:1: Premature end of file.
2025-08-31 10:50:23,402 [ERROR] LogOutputStream:75 - [STDERR_REDIRECT] 
2025-08-31 10:50:23,469 [ERROR] LogOutputStream:75 - [STDERR_REDIRECT] [Fatal Error] :1:1: Premature end of file.
2025-08-31 10:50:23,469 [ERROR] LogOutputStream:75 - [STDERR_REDIRECT] 
2025-08-31 10:50:23,534 [ERROR] LogOutputStream:75 - [STDERR_REDIRECT] [Fatal Error] :1:1: Premature end of file.
2025-08-31 10:50:23,535 [ERROR] LogOutputStream:75 - [STDERR_REDIRECT] 
2025-08-31 10:50:23,595 [ERROR] LogOutputStream:75 - [STDERR_REDIRECT] [Fatal Error] :1:1: Premature end of file.
2025-08-31 10:50:23,595 [ERROR] LogOutputStream:75 - [STDERR_REDIRECT] 
2025-08-31 10:50:23,665 [ERROR] LogOutputStream:75 - [STDERR_REDIRECT] [Fatal Error] :1:1: Premature end of file.
2025-08-31 10:50:23,665 [ERROR] LogOutputStream:75 - [STDERR_REDIRECT] 
2025-08-31 10:50:23,734 [ERROR] LogOutputStream:75 - [STDERR_REDIRECT] [Fatal Error] :1:1: Premature end of file.
2025-08-31 10:50:23,734 [ERROR] LogOutputStream:75 - [STDERR_REDIRECT] 
2025-08-31 10:50:23,807 [ERROR] LogOutputStream:75 - [STDERR_REDIRECT] [Fatal Error] :1:1: Premature end of file.
2025-08-31 10:50:23,807 [ERROR] LogOutputStream:75 - [STDERR_REDIRECT] 
2025-08-31 10:50:23,880 [ERROR] LogOutputStream:75 - [STDERR_REDIRECT] [Fatal Error] :1:1: Premature end of file.
2025-08-31 10:50:23,880 [ERROR] LogOutputStream:75 - [STDERR_REDIRECT] 
2025-08-31 10:50:23,959 [ERROR] LogOutputStream:75 - [STDERR_REDIRECT] [Fatal Error] :1:1: Premature end of file.
2025-08-31 10:50:23,959 [ERROR] LogOutputStream:75 - [STDERR_REDIRECT] 
2025-08-31 10:50:24,028 [ERROR] LogOutputStream:75 - [STDERR_REDIRECT] [Fatal Error] :1:1: Premature end of file.
2025-08-31 10:50:24,029 [ERROR] LogOutputStream:75 - [STDERR_REDIRECT] 
2025-08-31 10:50:24,101 [ERROR] LogOutputStream:75 - [STDERR_REDIRECT] [Fatal Error] :1:1: Premature end of file.
2025-08-31 10:50:24,101 [ERROR] LogOutputStream:75 - [STDERR_REDIRECT] 
2025-08-31 10:50:24,178 [ERROR] LogOutputStream:75 - [STDERR_REDIRECT] [Fatal Error] :1:1: Premature end of file.
2025-08-31 10:50:24,178 [ERROR] LogOutputStream:75 - [STDERR_REDIRECT] 
2025-08-31 10:50:24,250 [ERROR] LogOutputStream:75 - [STDERR_REDIRECT] [Fatal Error] :1:1: Premature end of file.
2025-08-31 10:50:24,250 [ERROR] LogOutputStream:75 - [STDERR_REDIRECT] 
2025-08-31 10:50:24,324 [ERROR] LogOutputStream:75 - [STDERR_REDIRECT] [Fatal Error] :1:1: Premature end of file.
2025-08-31 10:50:24,324 [ERROR] LogOutputStream:75 - [STDERR_REDIRECT] 
2025-08-31 10:50:24,400 [ERROR] LogOutputStream:75 - [STDERR_REDIRECT] [Fatal Error] :1:1: Premature end of file.
2025-08-31 10:50:24,400 [ERROR] LogOutputStream:75 - [STDERR_REDIRECT] 
2025-08-31 10:50:24,475 [ERROR] LogOutputStream:75 - [STDERR_REDIRECT] [Fatal Error] :1:1: Premature end of file.
2025-08-31 10:50:24,476 [ERROR] LogOutputStream:75 - [STDERR_REDIRECT] 
2025-08-31 10:50:24,540 [ERROR] LogOutputStream:75 - [STDERR_REDIRECT] [Fatal Error] :1:1: Premature end of file.
2025-08-31 10:50:24,540 [ERROR] LogOutputStream:75 - [STDERR_REDIRECT] 
2025-08-31 10:50:24,603 [ERROR] LogOutputStream:75 - [STDERR_REDIRECT] [Fatal Error] :1:1: Premature end of file.
2025-08-31 10:50:24,603 [ERROR] LogOutputStream:75 - [STDERR_REDIRECT] 
2025-08-31 10:50:24,668 [ERROR] LogOutputStream:75 - [STDERR_REDIRECT] [Fatal Error] :1:1: Premature end of file.
2025-08-31 10:50:24,668 [ERROR] LogOutputStream:75 - [STDERR_REDIRECT] 
2025-08-31 10:50:24,734 [ERROR] LogOutputStream:75 - [STDERR_REDIRECT] [Fatal Error] :1:1: Premature end of file.
2025-08-31 10:50:24,734 [ERROR] LogOutputStream:75 - [STDERR_REDIRECT] 
2025-08-31 10:50:24,798 [ERROR] LogOutputStream:75 - [STDERR_REDIRECT] [Fatal Error] :1:1: Premature end of file.
2025-08-31 10:50:24,798 [ERROR] LogOutputStream:75 - [STDERR_REDIRECT] 
2025-08-31 10:50:24,864 [ERROR] LogOutputStream:75 - [STDERR_REDIRECT] [Fatal Error] :1:1: Premature end of file.
2025-08-31 10:50:24,864 [ERROR] LogOutputStream:75 - [STDERR_REDIRECT] 
2025-08-31 10:50:24,926 [ERROR] LogOutputStream:75 - [STDERR_REDIRECT] [Fatal Error] :1:1: Premature end of file.
2025-08-31 10:50:24,926 [ERROR] LogOutputStream:75 - [STDERR_REDIRECT] 
2025-08-31 10:50:24,978 [ERROR] LogOutputStream:75 - [STDERR_REDIRECT] [Fatal Error] :1:1: Premature end of file.
2025-08-31 10:50:24,978 [ERROR] LogOutputStream:75 - [STDERR_REDIRECT] 
2025-08-31 10:50:25,024 [ERROR] LogOutputStream:75 - [STDERR_REDIRECT] [Fatal Error] :1:1: Premature end of file.
2025-08-31 10:50:25,024 [ERROR] LogOutputStream:75 - [STDERR_REDIRECT] 
2025-08-31 10:50:25,086 [ERROR] LogOutputStream:75 - [STDERR_REDIRECT] [Fatal Error] :1:1: Premature end of file.
2025-08-31 10:50:25,087 [ERROR] LogOutputStream:75 - [STDERR_REDIRECT] 
2025-08-31 10:50:25,156 [ERROR] LogOutputStream:75 - [STDERR_REDIRECT] [Fatal Error] :1:1: Premature end of file.
2025-08-31 10:50:25,156 [ERROR] LogOutputStream:75 - [STDERR_REDIRECT] 
2025-08-31 10:50:25,216 [ERROR] LogOutputStream:75 - [STDERR_REDIRECT] [Fatal Error] :1:1: Premature end of file.
2025-08-31 10:50:25,216 [ERROR] LogOutputStream:75 - [STDERR_REDIRECT] 
2025-08-31 10:50:25,294 [ERROR] LogOutputStream:75 - [STDERR_REDIRECT] [Fatal Error] :1:1: Premature end of file.
2025-08-31 10:50:25,294 [ERROR] LogOutputStream:75 - [STDERR_REDIRECT] 
2025-08-31 10:50:25,357 [ERROR] LogOutputStream:75 - [STDERR_REDIRECT] [Fatal Error] :1:1: Premature end of file.
2025-08-31 10:50:25,357 [ERROR] LogOutputStream:75 - [STDERR_REDIRECT] 
2025-08-31 10:50:25,410 [ERROR] LogOutputStream:75 - [STDERR_REDIRECT] [Fatal Error] :1:1: Premature end of file.
2025-08-31 10:50:25,411 [ERROR] LogOutputStream:75 - [STDERR_REDIRECT] 
2025-08-31 10:50:25,493 [ERROR] LogOutputStream:75 - [STDERR_REDIRECT] [Fatal Error] :1:1: Premature end of file.
2025-08-31 10:50:25,494 [ERROR] LogOutputStream:75 - [STDERR_REDIRECT] 
2025-08-31 10:50:25,571 [ERROR] LogOutputStream:75 - [STDERR_REDIRECT] [Fatal Error] :1:1: Premature end of file.
2025-08-31 10:50:25,572 [ERROR] LogOutputStream:75 - [STDERR_REDIRECT] 
2025-08-31 10:50:25,634 [ERROR] LogOutputStream:75 - [STDERR_REDIRECT] [Fatal Error] :1:1: Premature end of file.
2025-08-31 10:50:25,634 [ERROR] LogOutputStream:75 - [STDERR_REDIRECT] 
2025-08-31 10:50:25,700 [ERROR] LogOutputStream:75 - [STDERR_REDIRECT] [Fatal Error] :1:1: Premature end of file.
2025-08-31 10:50:25,700 [ERROR] LogOutputStream:75 - [STDERR_REDIRECT] 
2025-08-31 10:50:25,772 [ERROR] LogOutputStream:75 - [STDERR_REDIRECT] [Fatal Error] :1:1: Premature end of file.
2025-08-31 10:50:25,772 [ERROR] LogOutputStream:75 - [STDERR_REDIRECT] 
2025-08-31 10:50:25,845 [ERROR] LogOutputStream:75 - [STDERR_REDIRECT] [Fatal Error] :1:1: Premature end of file.
2025-08-31 10:50:25,845 [ERROR] LogOutputStream:75 - [STDERR_REDIRECT] 
2025-08-31 10:50:25,914 [ERROR] LogOutputStream:75 - [STDERR_REDIRECT] [Fatal Error] :1:1: Premature end of file.
2025-08-31 10:50:25,914 [ERROR] LogOutputStream:75 - [STDERR_REDIRECT] 
2025-08-31 10:50:25,985 [ERROR] LogOutputStream:75 - [STDERR_REDIRECT] [Fatal Error] :1:1: Premature end of file.
2025-08-31 10:50:25,985 [ERROR] LogOutputStream:75 - [STDERR_REDIRECT] 
2025-08-31 10:50:26,052 [ERROR] LogOutputStream:75 - [STDERR_REDIRECT] [Fatal Error] :1:1: Premature end of file.
2025-08-31 10:50:26,052 [ERROR] LogOutputStream:75 - [STDERR_REDIRECT] 
2025-08-31 10:50:26,113 [ERROR] LogOutputStream:75 - [STDERR_REDIRECT] [Fatal Error] :1:1: Premature end of file.
2025-08-31 10:50:26,113 [ERROR] LogOutputStream:75 - [STDERR_REDIRECT] 
2025-08-31 10:50:26,181 [ERROR] LogOutputStream:75 - [STDERR_REDIRECT] [Fatal Error] :1:1: Premature end of file.
2025-08-31 10:50:26,181 [ERROR] LogOutputStream:75 - [STDERR_REDIRECT] 
2025-08-31 10:50:26,232 [ERROR] LogOutputStream:75 - [STDERR_REDIRECT] [Fatal Error] :1:1: Premature end of file.
2025-08-31 10:50:26,232 [ERROR] LogOutputStream:75 - [STDERR_REDIRECT] 
2025-08-31 10:50:26,300 [ERROR] LogOutputStream:75 - [STDERR_REDIRECT] [Fatal Error] :1:1: Premature end of file.
2025-08-31 10:50:26,301 [ERROR] LogOutputStream:75 - [STDERR_REDIRECT] 
2025-08-31 10:50:26,370 [ERROR] LogOutputStream:75 - [STDERR_REDIRECT] [Fatal Error] :1:1: Premature end of file.
2025-08-31 10:50:26,370 [ERROR] LogOutputStream:75 - [STDERR_REDIRECT] 
2025-08-31 10:50:26,424 [ERROR] LogOutputStream:75 - [STDERR_REDIRECT] [Fatal Error] :1:1: Premature end of file.
2025-08-31 10:50:26,425 [ERROR] LogOutputStream:75 - [STDERR_REDIRECT] 
2025-08-31 10:50:26,487 [ERROR] LogOutputStream:75 - [STDERR_REDIRECT] [Fatal Error] :1:1: Premature end of file.
2025-08-31 10:50:26,487 [ERROR] LogOutputStream:75 - [STDERR_REDIRECT] 
2025-08-31 10:50:26,536 [ERROR] LogOutputStream:75 - [STDERR_REDIRECT] [Fatal Error] :1:1: Premature end of file.
2025-08-31 10:50:26,536 [ERROR] LogOutputStream:75 - [STDERR_REDIRECT] 
2025-08-31 10:50:26,597 [ERROR] LogOutputStream:75 - [STDERR_REDIRECT] [Fatal Error] :1:1: Premature end of file.
2025-08-31 10:50:26,598 [ERROR] LogOutputStream:75 - [STDERR_REDIRECT] 
2025-08-31 10:50:26,664 [ERROR] LogOutputStream:75 - [STDERR_REDIRECT] [Fatal Error] :1:1: Premature end of file.
2025-08-31 10:50:26,665 [ERROR] LogOutputStream:75 - [STDERR_REDIRECT] 
2025-08-31 10:50:26,733 [ERROR] LogOutputStream:75 - [STDERR_REDIRECT] [Fatal Error] :1:1: Premature end of file.
2025-08-31 10:50:26,733 [ERROR] LogOutputStream:75 - [STDERR_REDIRECT] 
2025-08-31 10:50:26,799 [ERROR] LogOutputStream:75 - [STDERR_REDIRECT] [Fatal Error] :1:1: Premature end of file.
2025-08-31 10:50:26,799 [ERROR] LogOutputStream:75 - [STDERR_REDIRECT] 
2025-08-31 10:50:26,867 [ERROR] LogOutputStream:75 - [STDERR_REDIRECT] [Fatal Error] :1:1: Premature end of file.
2025-08-31 10:50:26,867 [ERROR] LogOutputStream:75 - [STDERR_REDIRECT] 
2025-08-31 10:50:26,932 [ERROR] LogOutputStream:75 - [STDERR_REDIRECT] [Fatal Error] :1:1: Premature end of file.
2025-08-31 10:50:26,932 [ERROR] LogOutputStream:75 - [STDERR_REDIRECT] 
2025-08-31 10:50:26,997 [ERROR] LogOutputStream:75 - [STDERR_REDIRECT] [Fatal Error] :1:1: Premature end of file.
2025-08-31 10:50:26,997 [ERROR] LogOutputStream:75 - [STDERR_REDIRECT] 
2025-08-31 10:50:27,064 [ERROR] LogOutputStream:75 - [STDERR_REDIRECT] [Fatal Error] :1:1: Premature end of file.
2025-08-31 10:50:27,064 [ERROR] LogOutputStream:75 - [STDERR_REDIRECT] 
2025-08-31 10:50:27,121 [ERROR] LogOutputStream:75 - [STDERR_REDIRECT] [Fatal Error] :1:1: Premature end of file.
2025-08-31 10:50:27,121 [ERROR] LogOutputStream:75 - [STDERR_REDIRECT] 
2025-08-31 10:50:27,183 [ERROR] LogOutputStream:75 - [STDERR_REDIRECT] [Fatal Error] :1:1: Premature end of file.
2025-08-31 10:50:27,183 [ERROR] LogOutputStream:75 - [STDERR_REDIRECT] 
2025-08-31 10:50:27,252 [ERROR] LogOutputStream:75 - [STDERR_REDIRECT] [Fatal Error] :1:1: Premature end of file.
2025-08-31 10:50:27,252 [ERROR] LogOutputStream:75 - [STDERR_REDIRECT] 
2025-08-31 10:50:27,316 [ERROR] LogOutputStream:75 - [STDERR_REDIRECT] [Fatal Error] :1:1: Premature end of file.
2025-08-31 10:50:27,316 [ERROR] LogOutputStream:75 - [STDERR_REDIRECT] 
2025-08-31 10:50:27,385 [ERROR] LogOutputStream:75 - [STDERR_REDIRECT] [Fatal Error] :1:1: Premature end of file.
2025-08-31 10:50:27,385 [ERROR] LogOutputStream:75 - [STDERR_REDIRECT] 
2025-08-31 10:50:27,437 [ERROR] LogOutputStream:75 - [STDERR_REDIRECT] [Fatal Error] :1:1: Premature end of file.
2025-08-31 10:50:27,438 [ERROR] LogOutputStream:75 - [STDERR_REDIRECT] 
2025-08-31 10:50:27,501 [ERROR] LogOutputStream:75 - [STDERR_REDIRECT] [Fatal Error] :1:1: Premature end of file.
2025-08-31 10:50:27,501 [ERROR] LogOutputStream:75 - [STDERR_REDIRECT] 
2025-08-31 10:50:27,567 [ERROR] LogOutputStream:75 - [STDERR_REDIRECT] [Fatal Error] :1:1: Premature end of file.
2025-08-31 10:50:27,568 [ERROR] LogOutputStream:75 - [STDERR_REDIRECT] 
2025-08-31 10:50:27,629 [ERROR] LogOutputStream:75 - [STDERR_REDIRECT] [Fatal Error] :1:1: Premature end of file.
2025-08-31 10:50:27,629 [ERROR] LogOutputStream:75 - [STDERR_REDIRECT] 
2025-08-31 10:50:27,691 [ERROR] LogOutputStream:75 - [STDERR_REDIRECT] [Fatal Error] :1:1: Premature end of file.
2025-08-31 10:50:27,692 [ERROR] LogOutputStream:75 - [STDERR_REDIRECT] 
2025-08-31 10:50:27,764 [ERROR] LogOutputStream:75 - [STDERR_REDIRECT] [Fatal Error] :1:1: Premature end of file.
2025-08-31 10:50:27,764 [ERROR] LogOutputStream:75 - [STDERR_REDIRECT] 
2025-08-31 10:50:27,836 [ERROR] LogOutputStream:75 - [STDERR_REDIRECT] [Fatal Error] :1:1: Premature end of file.
2025-08-31 10:50:27,836 [ERROR] LogOutputStream:75 - [STDERR_REDIRECT] 
2025-08-31 10:50:27,900 [ERROR] LogOutputStream:75 - [STDERR_REDIRECT] [Fatal Error] :1:1: Premature end of file.
2025-08-31 10:50:27,900 [ERROR] LogOutputStream:75 - [STDERR_REDIRECT] 
2025-08-31 10:50:27,948 [ERROR] LogOutputStream:75 - [STDERR_REDIRECT] [Fatal Error] :1:1: Premature end of file.
2025-08-31 10:50:27,949 [ERROR] LogOutputStream:75 - [STDERR_REDIRECT] 
2025-08-31 10:50:28,003 [ERROR] LogOutputStream:75 - [STDERR_REDIRECT] [Fatal Error] :1:1: Premature end of file.
2025-08-31 10:50:28,003 [ERROR] LogOutputStream:75 - [STDERR_REDIRECT] 
2025-08-31 10:50:28,067 [ERROR] LogOutputStream:75 - [STDERR_REDIRECT] [Fatal Error] :1:1: Premature end of file.
2025-08-31 10:50:28,067 [ERROR] LogOutputStream:75 - [STDERR_REDIRECT] 
2025-08-31 10:50:28,115 [ERROR] LogOutputStream:75 - [STDERR_REDIRECT] [Fatal Error] :1:1: Premature end of file.
2025-08-31 10:50:28,116 [ERROR] LogOutputStream:75 - [STDERR_REDIRECT] 
2025-08-31 10:50:28,164 [ERROR] LogOutputStream:75 - [STDERR_REDIRECT] [Fatal Error] :1:1: Premature end of file.
2025-08-31 10:50:28,164 [ERROR] LogOutputStream:75 - [STDERR_REDIRECT] 
2025-08-31 10:50:28,213 [ERROR] LogOutputStream:75 - [STDERR_REDIRECT] [Fatal Error] :1:1: Premature end of file.
2025-08-31 10:50:28,213 [ERROR] LogOutputStream:75 - [STDERR_REDIRECT] 
2025-08-31 10:50:28,278 [ERROR] LogOutputStream:75 - [STDERR_REDIRECT] [Fatal Error] :1:1: Premature end of file.
2025-08-31 10:50:28,278 [ERROR] LogOutputStream:75 - [STDERR_REDIRECT] 
2025-08-31 10:50:28,333 [ERROR] LogOutputStream:75 - [STDERR_REDIRECT] [Fatal Error] :1:1: Premature end of file.
2025-08-31 10:50:28,333 [ERROR] LogOutputStream:75 - [STDERR_REDIRECT] 
2025-08-31 10:50:28,391 [ERROR] LogOutputStream:75 - [STDERR_REDIRECT] [Fatal Error] :1:1: Premature end of file.
2025-08-31 10:50:28,391 [ERROR] LogOutputStream:75 - [STDERR_REDIRECT] 
2025-08-31 10:50:28,463 [ERROR] LogOutputStream:75 - [STDERR_REDIRECT] [Fatal Error] :1:1: Premature end of file.
2025-08-31 10:50:28,463 [ERROR] LogOutputStream:75 - [STDERR_REDIRECT] 
2025-08-31 10:50:28,530 [ERROR] LogOutputStream:75 - [STDERR_REDIRECT] [Fatal Error] :1:1: Premature end of file.
2025-08-31 10:50:28,531 [ERROR] LogOutputStream:75 - [STDERR_REDIRECT] 
2025-08-31 10:50:28,599 [ERROR] LogOutputStream:75 - [STDERR_REDIRECT] [Fatal Error] :1:1: Premature end of file.
2025-08-31 10:50:28,599 [ERROR] LogOutputStream:75 - [STDERR_REDIRECT] 
2025-08-31 10:50:28,668 [ERROR] LogOutputStream:75 - [STDERR_REDIRECT] [Fatal Error] :1:1: Premature end of file.
2025-08-31 10:50:28,668 [ERROR] LogOutputStream:75 - [STDERR_REDIRECT] 
2025-08-31 10:50:28,727 [ERROR] LogOutputStream:75 - [STDERR_REDIRECT] [Fatal Error] :1:1: Premature end of file.
2025-08-31 10:50:28,727 [ERROR] LogOutputStream:75 - [STDERR_REDIRECT] 
2025-08-31 10:50:28,790 [ERROR] LogOutputStream:75 - [STDERR_REDIRECT] [Fatal Error] :1:1: Premature end of file.
2025-08-31 10:50:28,791 [ERROR] LogOutputStream:75 - [STDERR_REDIRECT] 
2025-08-31 10:50:28,840 [ERROR] LogOutputStream:75 - [STDERR_REDIRECT] [Fatal Error] :1:1: Premature end of file.
2025-08-31 10:50:28,840 [ERROR] LogOutputStream:75 - [STDERR_REDIRECT] 
2025-08-31 10:50:28,896 [ERROR] LogOutputStream:75 - [STDERR_REDIRECT] [Fatal Error] :1:1: Premature end of file.
2025-08-31 10:50:28,896 [ERROR] LogOutputStream:75 - [STDERR_REDIRECT] 
2025-08-31 10:50:28,956 [ERROR] LogOutputStream:75 - [STDERR_REDIRECT] [Fatal Error] :1:1: Premature end of file.
2025-08-31 10:50:28,956 [ERROR] LogOutputStream:75 - [STDERR_REDIRECT] 
2025-08-31 10:50:29,028 [ERROR] LogOutputStream:75 - [STDERR_REDIRECT] [Fatal Error] :1:1: Premature end of file.
2025-08-31 10:50:29,028 [ERROR] LogOutputStream:75 - [STDERR_REDIRECT] 
2025-08-31 10:50:29,092 [ERROR] LogOutputStream:75 - [STDERR_REDIRECT] [Fatal Error] :1:1: Premature end of file.
2025-08-31 10:50:29,092 [ERROR] LogOutputStream:75 - [STDERR_REDIRECT] 
2025-08-31 10:50:29,151 [ERROR] LogOutputStream:75 - [STDERR_REDIRECT] [Fatal Error] :1:1: Premature end of file.
2025-08-31 10:50:29,151 [ERROR] LogOutputStream:75 - [STDERR_REDIRECT] 
2025-08-31 10:50:29,224 [ERROR] LogOutputStream:75 - [STDERR_REDIRECT] [Fatal Error] :1:1: Premature end of file.
2025-08-31 10:50:29,225 [ERROR] LogOutputStream:75 - [STDERR_REDIRECT] 
2025-08-31 10:50:29,291 [ERROR] LogOutputStream:75 - [STDERR_REDIRECT] [Fatal Error] :1:1: Premature end of file.
2025-08-31 10:50:29,291 [ERROR] LogOutputStream:75 - [STDERR_REDIRECT] 
2025-08-31 10:50:29,367 [ERROR] LogOutputStream:75 - [STDERR_REDIRECT] [Fatal Error] :1:1: Premature end of file.
2025-08-31 10:50:29,367 [ERROR] LogOutputStream:75 - [STDERR_REDIRECT] 
2025-08-31 10:50:29,427 [ERROR] LogOutputStream:75 - [STDERR_REDIRECT] [Fatal Error] :1:1: Premature end of file.
2025-08-31 10:50:29,427 [ERROR] LogOutputStream:75 - [STDERR_REDIRECT] 
2025-08-31 10:50:29,490 [ERROR] LogOutputStream:75 - [STDERR_REDIRECT] [Fatal Error] :1:1: Premature end of file.
2025-08-31 10:50:29,490 [ERROR] LogOutputStream:75 - [STDERR_REDIRECT] 
2025-08-31 10:50:29,562 [ERROR] LogOutputStream:75 - [STDERR_REDIRECT] [Fatal Error] :1:1: Premature end of file.
2025-08-31 10:50:29,562 [ERROR] LogOutputStream:75 - [STDERR_REDIRECT] 
2025-08-31 10:50:29,627 [ERROR] LogOutputStream:75 - [STDERR_REDIRECT] [Fatal Error] :1:1: Premature end of file.
2025-08-31 10:50:29,627 [ERROR] LogOutputStream:75 - [STDERR_REDIRECT] 
2025-08-31 10:50:29,691 [ERROR] LogOutputStream:75 - [STDERR_REDIRECT] [Fatal Error] :1:1: Premature end of file.
2025-08-31 10:50:29,691 [ERROR] LogOutputStream:75 - [STDERR_REDIRECT] 
2025-08-31 10:50:29,755 [ERROR] LogOutputStream:75 - [STDERR_REDIRECT] [Fatal Error] :1:1: Premature end of file.
2025-08-31 10:50:29,755 [ERROR] LogOutputStream:75 - [STDERR_REDIRECT] 
2025-08-31 10:50:29,817 [ERROR] LogOutputStream:75 - [STDERR_REDIRECT] [Fatal Error] :1:1: Premature end of file.
2025-08-31 10:50:29,817 [ERROR] LogOutputStream:75 - [STDERR_REDIRECT] 
2025-08-31 10:50:29,884 [ERROR] LogOutputStream:75 - [STDERR_REDIRECT] [Fatal Error] :1:1: Premature end of file.
2025-08-31 10:50:29,885 [ERROR] LogOutputStream:75 - [STDERR_REDIRECT] 
2025-08-31 10:50:29,957 [ERROR] LogOutputStream:75 - [STDERR_REDIRECT] [Fatal Error] :1:1: Premature end of file.
2025-08-31 10:50:29,957 [ERROR] LogOutputStream:75 - [STDERR_REDIRECT] 
2025-08-31 10:50:30,031 [ERROR] LogOutputStream:75 - [STDERR_REDIRECT] [Fatal Error] :1:1: Premature end of file.
2025-08-31 10:50:30,031 [ERROR] LogOutputStream:75 - [STDERR_REDIRECT] 
2025-08-31 10:50:30,093 [ERROR] LogOutputStream:75 - [STDERR_REDIRECT] [Fatal Error] :1:1: Premature end of file.
2025-08-31 10:50:30,093 [ERROR] LogOutputStream:75 - [STDERR_REDIRECT] 
2025-08-31 10:50:30,156 [ERROR] LogOutputStream:75 - [STDERR_REDIRECT] [Fatal Error] :1:1: Premature end of file.
2025-08-31 10:50:30,156 [ERROR] LogOutputStream:75 - [STDERR_REDIRECT] 
2025-08-31 10:50:30,206 [ERROR] LogOutputStream:75 - [STDERR_REDIRECT] [Fatal Error] :1:1: Premature end of file.
2025-08-31 10:50:30,206 [ERROR] LogOutputStream:75 - [STDERR_REDIRECT] 
2025-08-31 10:50:30,247 [ERROR] LogOutputStream:75 - [STDERR_REDIRECT] [Fatal Error] :1:1: Premature end of file.
2025-08-31 10:50:30,248 [ERROR] LogOutputStream:75 - [STDERR_REDIRECT] 
2025-08-31 10:50:30,292 [ERROR] LogOutputStream:75 - [STDERR_REDIRECT] [Fatal Error] :1:1: Premature end of file.
2025-08-31 10:50:30,293 [ERROR] LogOutputStream:75 - [STDERR_REDIRECT] 
2025-08-31 10:50:30,335 [ERROR] LogOutputStream:75 - [STDERR_REDIRECT] [Fatal Error] :1:1: Premature end of file.
2025-08-31 10:50:30,335 [ERROR] LogOutputStream:75 - [STDERR_REDIRECT] 
2025-08-31 10:50:30,379 [ERROR] LogOutputStream:75 - [STDERR_REDIRECT] [Fatal Error] :1:1: Premature end of file.
2025-08-31 10:50:30,379 [ERROR] LogOutputStream:75 - [STDERR_REDIRECT] 
2025-08-31 10:50:30,434 [ERROR] LogOutputStream:75 - [STDERR_REDIRECT] [Fatal Error] :1:1: Premature end of file.
2025-08-31 10:50:30,434 [ERROR] LogOutputStream:75 - [STDERR_REDIRECT] 
2025-08-31 10:50:30,491 [ERROR] LogOutputStream:75 - [STDERR_REDIRECT] [Fatal Error] :1:1: Premature end of file.
2025-08-31 10:50:30,491 [ERROR] LogOutputStream:75 - [STDERR_REDIRECT] 
2025-08-31 10:50:30,532 [ERROR] LogOutputStream:75 - [STDERR_REDIRECT] [Fatal Error] :1:1: Premature end of file.
2025-08-31 10:50:30,532 [ERROR] LogOutputStream:75 - [STDERR_REDIRECT] 
2025-08-31 10:50:30,579 [ERROR] LogOutputStream:75 - [STDERR_REDIRECT] [Fatal Error] :1:1: Premature end of file.
2025-08-31 10:50:30,579 [ERROR] LogOutputStream:75 - [STDERR_REDIRECT] 
2025-08-31 10:50:30,632 [ERROR] LogOutputStream:75 - [STDERR_REDIRECT] [Fatal Error] :1:1: Premature end of file.
2025-08-31 10:50:30,633 [ERROR] LogOutputStream:75 - [STDERR_REDIRECT] 
2025-08-31 10:50:30,696 [ERROR] LogOutputStream:75 - [STDERR_REDIRECT] [Fatal Error] :1:1: Premature end of file.
2025-08-31 10:50:30,697 [ERROR] LogOutputStream:75 - [STDERR_REDIRECT] 
2025-08-31 10:50:30,768 [ERROR] LogOutputStream:75 - [STDERR_REDIRECT] [Fatal Error] :1:1: Premature end of file.
2025-08-31 10:50:30,768 [ERROR] LogOutputStream:75 - [STDERR_REDIRECT] 
2025-08-31 10:50:30,831 [ERROR] LogOutputStream:75 - [STDERR_REDIRECT] [Fatal Error] :1:1: Premature end of file.
2025-08-31 10:50:30,831 [ERROR] LogOutputStream:75 - [STDERR_REDIRECT] 
2025-08-31 10:50:30,890 [ERROR] LogOutputStream:75 - [STDERR_REDIRECT] [Fatal Error] :1:1: Premature end of file.
2025-08-31 10:50:30,890 [ERROR] LogOutputStream:75 - [STDERR_REDIRECT] 
2025-08-31 10:50:30,950 [ERROR] LogOutputStream:75 - [STDERR_REDIRECT] [Fatal Error] :1:1: Premature end of file.
2025-08-31 10:50:30,950 [ERROR] LogOutputStream:75 - [STDERR_REDIRECT] 
2025-08-31 10:50:31,005 [ERROR] LogOutputStream:75 - [STDERR_REDIRECT] [Fatal Error] :1:1: Premature end of file.
2025-08-31 10:50:31,005 [ERROR] LogOutputStream:75 - [STDERR_REDIRECT] 
2025-08-31 10:50:31,077 [ERROR] LogOutputStream:75 - [STDERR_REDIRECT] [Fatal Error] :1:1: Premature end of file.
2025-08-31 10:50:31,077 [ERROR] LogOutputStream:75 - [STDERR_REDIRECT] 
2025-08-31 10:50:31,134 [ERROR] LogOutputStream:75 - [STDERR_REDIRECT] [Fatal Error] :1:1: Premature end of file.
2025-08-31 10:50:31,134 [ERROR] LogOutputStream:75 - [STDERR_REDIRECT] 
2025-08-31 10:50:31,193 [ERROR] LogOutputStream:75 - [STDERR_REDIRECT] [Fatal Error] :1:1: Premature end of file.
2025-08-31 10:50:31,193 [ERROR] LogOutputStream:75 - [STDERR_REDIRECT] 
2025-08-31 10:50:31,259 [ERROR] LogOutputStream:75 - [STDERR_REDIRECT] [Fatal Error] :1:1: Premature end of file.
2025-08-31 10:50:31,259 [ERROR] LogOutputStream:75 - [STDERR_REDIRECT] 
2025-08-31 10:50:31,325 [ERROR] LogOutputStream:75 - [STDERR_REDIRECT] [Fatal Error] :1:1: Premature end of file.
2025-08-31 10:50:31,326 [ERROR] LogOutputStream:75 - [STDERR_REDIRECT] 
2025-08-31 10:50:31,394 [ERROR] LogOutputStream:75 - [STDERR_REDIRECT] [Fatal Error] :1:1: Premature end of file.
2025-08-31 10:50:31,394 [ERROR] LogOutputStream:75 - [STDERR_REDIRECT] 
2025-08-31 10:50:31,448 [ERROR] LogOutputStream:75 - [STDERR_REDIRECT] [Fatal Error] :1:1: Premature end of file.
2025-08-31 10:50:31,448 [ERROR] LogOutputStream:75 - [STDERR_REDIRECT] 
2025-08-31 10:50:31,510 [ERROR] LogOutputStream:75 - [STDERR_REDIRECT] [Fatal Error] :1:1: Premature end of file.
2025-08-31 10:50:31,511 [ERROR] LogOutputStream:75 - [STDERR_REDIRECT] 
2025-08-31 10:50:31,569 [ERROR] LogOutputStream:75 - [STDERR_REDIRECT] [Fatal Error] :1:1: Premature end of file.
2025-08-31 10:50:31,569 [ERROR] LogOutputStream:75 - [STDERR_REDIRECT] 
2025-08-31 10:50:31,632 [ERROR] LogOutputStream:75 - [STDERR_REDIRECT] [Fatal Error] :1:1: Premature end of file.
2025-08-31 10:50:31,632 [ERROR] LogOutputStream:75 - [STDERR_REDIRECT] 
2025-08-31 10:50:31,698 [ERROR] LogOutputStream:75 - [STDERR_REDIRECT] [Fatal Error] :1:1: Premature end of file.
2025-08-31 10:50:31,699 [ERROR] LogOutputStream:75 - [STDERR_REDIRECT] 
2025-08-31 10:50:31,759 [ERROR] LogOutputStream:75 - [STDERR_REDIRECT] [Fatal Error] :1:1: Premature end of file.
2025-08-31 10:50:31,759 [ERROR] LogOutputStream:75 - [STDERR_REDIRECT] 
2025-08-31 10:50:31,824 [ERROR] LogOutputStream:75 - [STDERR_REDIRECT] [Fatal Error] :1:1: Premature end of file.
2025-08-31 10:50:31,825 [ERROR] LogOutputStream:75 - [STDERR_REDIRECT] 
2025-08-31 10:50:31,887 [ERROR] LogOutputStream:75 - [STDERR_REDIRECT] [Fatal Error] :1:1: Premature end of file.
2025-08-31 10:50:31,887 [ERROR] LogOutputStream:75 - [STDERR_REDIRECT] 
2025-08-31 10:50:31,946 [ERROR] LogOutputStream:75 - [STDERR_REDIRECT] [Fatal Error] :1:1: Premature end of file.
2025-08-31 10:50:31,946 [ERROR] LogOutputStream:75 - [STDERR_REDIRECT] 
2025-08-31 10:50:32,012 [ERROR] LogOutputStream:75 - [STDERR_REDIRECT] [Fatal Error] :1:1: Premature end of file.
2025-08-31 10:50:32,012 [ERROR] LogOutputStream:75 - [STDERR_REDIRECT] 
2025-08-31 10:50:32,064 [ERROR] LogOutputStream:75 - [STDERR_REDIRECT] [Fatal Error] :1:1: Premature end of file.
2025-08-31 10:50:32,064 [ERROR] LogOutputStream:75 - [STDERR_REDIRECT] 
2025-08-31 10:50:32,129 [ERROR] LogOutputStream:75 - [STDERR_REDIRECT] [Fatal Error] :1:1: Premature end of file.
2025-08-31 10:50:32,129 [ERROR] LogOutputStream:75 - [STDERR_REDIRECT] 
2025-08-31 10:50:32,199 [ERROR] LogOutputStream:75 - [STDERR_REDIRECT] [Fatal Error] :1:1: Premature end of file.
2025-08-31 10:50:32,199 [ERROR] LogOutputStream:75 - [STDERR_REDIRECT] 
2025-08-31 10:50:32,258 [ERROR] LogOutputStream:75 - [STDERR_REDIRECT] [Fatal Error] :1:1: Premature end of file.
2025-08-31 10:50:32,258 [ERROR] LogOutputStream:75 - [STDERR_REDIRECT] 
2025-08-31 10:50:32,323 [ERROR] LogOutputStream:75 - [STDERR_REDIRECT] [Fatal Error] :1:1: Premature end of file.
2025-08-31 10:50:32,323 [ERROR] LogOutputStream:75 - [STDERR_REDIRECT] 
2025-08-31 10:50:32,396 [ERROR] LogOutputStream:75 - [STDERR_REDIRECT] [Fatal Error] :1:1: Premature end of file.
2025-08-31 10:50:32,396 [ERROR] LogOutputStream:75 - [STDERR_REDIRECT] 
2025-08-31 10:50:32,466 [ERROR] LogOutputStream:75 - [STDERR_REDIRECT] [Fatal Error] :1:1: Premature end of file.
2025-08-31 10:50:32,466 [ERROR] LogOutputStream:75 - [STDERR_REDIRECT] 
2025-08-31 10:50:32,537 [ERROR] LogOutputStream:75 - [STDERR_REDIRECT] [Fatal Error] :1:1: Premature end of file.
2025-08-31 10:50:32,538 [ERROR] LogOutputStream:75 - [STDERR_REDIRECT] 
2025-08-31 10:50:32,604 [ERROR] LogOutputStream:75 - [STDERR_REDIRECT] [Fatal Error] :1:1: Premature end of file.
2025-08-31 10:50:32,604 [ERROR] LogOutputStream:75 - [STDERR_REDIRECT] 
2025-08-31 10:50:32,665 [ERROR] LogOutputStream:75 - [STDERR_REDIRECT] [Fatal Error] :1:1: Premature end of file.
2025-08-31 10:50:32,665 [ERROR] LogOutputStream:75 - [STDERR_REDIRECT] 
2025-08-31 10:50:32,727 [ERROR] LogOutputStream:75 - [STDERR_REDIRECT] [Fatal Error] :1:1: Premature end of file.
2025-08-31 10:50:32,727 [ERROR] LogOutputStream:75 - [STDERR_REDIRECT] 
2025-08-31 10:50:32,795 [ERROR] LogOutputStream:75 - [STDERR_REDIRECT] [Fatal Error] :1:1: Premature end of file.
2025-08-31 10:50:32,795 [ERROR] LogOutputStream:75 - [STDERR_REDIRECT] 
2025-08-31 10:50:32,867 [ERROR] LogOutputStream:75 - [STDERR_REDIRECT] [Fatal Error] :1:1: Premature end of file.
2025-08-31 10:50:32,867 [ERROR] LogOutputStream:75 - [STDERR_REDIRECT] 
2025-08-31 10:50:32,931 [ERROR] LogOutputStream:75 - [STDERR_REDIRECT] [Fatal Error] :1:1: Premature end of file.
2025-08-31 10:50:32,931 [ERROR] LogOutputStream:75 - [STDERR_REDIRECT] 
2025-08-31 10:50:32,998 [ERROR] LogOutputStream:75 - [STDERR_REDIRECT] [Fatal Error] :1:1: Premature end of file.
2025-08-31 10:50:32,998 [ERROR] LogOutputStream:75 - [STDERR_REDIRECT] 
2025-08-31 10:50:33,062 [ERROR] LogOutputStream:75 - [STDERR_REDIRECT] [Fatal Error] :1:1: Premature end of file.
2025-08-31 10:50:33,062 [ERROR] LogOutputStream:75 - [STDERR_REDIRECT] 
2025-08-31 10:50:33,129 [ERROR] LogOutputStream:75 - [STDERR_REDIRECT] [Fatal Error] :1:1: Premature end of file.
2025-08-31 10:50:33,129 [ERROR] LogOutputStream:75 - [STDERR_REDIRECT] 
2025-08-31 10:50:33,196 [ERROR] LogOutputStream:75 - [STDERR_REDIRECT] [Fatal Error] :1:1: Premature end of file.
2025-08-31 10:50:33,196 [ERROR] LogOutputStream:75 - [STDERR_REDIRECT] 
2025-08-31 10:50:33,271 [ERROR] LogOutputStream:75 - [STDERR_REDIRECT] [Fatal Error] :1:1: Premature end of file.
2025-08-31 10:50:33,271 [ERROR] LogOutputStream:75 - [STDERR_REDIRECT] 
2025-08-31 10:50:33,350 [ERROR] LogOutputStream:75 - [STDERR_REDIRECT] [Fatal Error] :1:1: Premature end of file.
2025-08-31 10:50:33,350 [ERROR] LogOutputStream:75 - [STDERR_REDIRECT] 
2025-08-31 10:50:33,424 [ERROR] LogOutputStream:75 - [STDERR_REDIRECT] [Fatal Error] :1:1: Premature end of file.
2025-08-31 10:50:33,424 [ERROR] LogOutputStream:75 - [STDERR_REDIRECT] 
2025-08-31 10:50:33,497 [ERROR] LogOutputStream:75 - [STDERR_REDIRECT] [Fatal Error] :1:1: Premature end of file.
2025-08-31 10:50:33,497 [ERROR] LogOutputStream:75 - [STDERR_REDIRECT] 
2025-08-31 10:50:33,571 [ERROR] LogOutputStream:75 - [STDERR_REDIRECT] [Fatal Error] :1:1: Premature end of file.
2025-08-31 10:50:33,571 [ERROR] LogOutputStream:75 - [STDERR_REDIRECT] 
2025-08-31 10:50:33,644 [ERROR] LogOutputStream:75 - [STDERR_REDIRECT] [Fatal Error] :1:1: Premature end of file.
2025-08-31 10:50:33,644 [ERROR] LogOutputStream:75 - [STDERR_REDIRECT] 
2025-08-31 10:50:33,710 [ERROR] LogOutputStream:75 - [STDERR_REDIRECT] [Fatal Error] :1:1: Premature end of file.
2025-08-31 10:50:33,710 [ERROR] LogOutputStream:75 - [STDERR_REDIRECT] 
2025-08-31 10:50:33,786 [ERROR] LogOutputStream:75 - [STDERR_REDIRECT] [Fatal Error] :1:1: Premature end of file.
2025-08-31 10:50:33,786 [ERROR] LogOutputStream:75 - [STDERR_REDIRECT] 
2025-08-31 10:50:33,858 [ERROR] LogOutputStream:75 - [STDERR_REDIRECT] [Fatal Error] :1:1: Premature end of file.
2025-08-31 10:50:33,858 [ERROR] LogOutputStream:75 - [STDERR_REDIRECT] 
2025-08-31 10:50:33,922 [ERROR] LogOutputStream:75 - [STDERR_REDIRECT] [Fatal Error] :1:1: Premature end of file.
2025-08-31 10:50:33,922 [ERROR] LogOutputStream:75 - [STDERR_REDIRECT] 
2025-08-31 10:50:33,999 [ERROR] LogOutputStream:75 - [STDERR_REDIRECT] [Fatal Error] :1:1: Premature end of file.
2025-08-31 10:50:33,999 [ERROR] LogOutputStream:75 - [STDERR_REDIRECT] 
2025-08-31 10:50:34,077 [ERROR] LogOutputStream:75 - [STDERR_REDIRECT] [Fatal Error] :1:1: Premature end of file.
2025-08-31 10:50:34,077 [ERROR] LogOutputStream:75 - [STDERR_REDIRECT] 
2025-08-31 10:50:34,150 [ERROR] LogOutputStream:75 - [STDERR_REDIRECT] [Fatal Error] :1:1: Premature end of file.
2025-08-31 10:50:34,150 [ERROR] LogOutputStream:75 - [STDERR_REDIRECT] 
2025-08-31 10:50:34,218 [ERROR] LogOutputStream:75 - [STDERR_REDIRECT] [Fatal Error] :1:1: Premature end of file.
2025-08-31 10:50:34,218 [ERROR] LogOutputStream:75 - [STDERR_REDIRECT] 
2025-08-31 10:50:34,296 [ERROR] LogOutputStream:75 - [STDERR_REDIRECT] [Fatal Error] :1:1: Premature end of file.
2025-08-31 10:50:34,296 [ERROR] LogOutputStream:75 - [STDERR_REDIRECT] 
2025-08-31 10:50:34,372 [ERROR] LogOutputStream:75 - [STDERR_REDIRECT] [Fatal Error] :1:1: Premature end of file.
2025-08-31 10:50:34,372 [ERROR] LogOutputStream:75 - [STDERR_REDIRECT] 
2025-08-31 10:50:34,443 [ERROR] LogOutputStream:75 - [STDERR_REDIRECT] [Fatal Error] :1:1: Premature end of file.
2025-08-31 10:50:34,443 [ERROR] LogOutputStream:75 - [STDERR_REDIRECT] 
2025-08-31 10:50:34,515 [ERROR] LogOutputStream:75 - [STDERR_REDIRECT] [Fatal Error] :1:1: Premature end of file.
2025-08-31 10:50:34,515 [ERROR] LogOutputStream:75 - [STDERR_REDIRECT] 
2025-08-31 10:50:34,591 [ERROR] LogOutputStream:75 - [STDERR_REDIRECT] [Fatal Error] :1:1: Premature end of file.
2025-08-31 10:50:34,591 [ERROR] LogOutputStream:75 - [STDERR_REDIRECT] 
2025-08-31 10:50:34,668 [ERROR] LogOutputStream:75 - [STDERR_REDIRECT] [Fatal Error] :1:1: Premature end of file.
2025-08-31 10:50:34,668 [ERROR] LogOutputStream:75 - [STDERR_REDIRECT] 
2025-08-31 10:50:34,745 [ERROR] LogOutputStream:75 - [STDERR_REDIRECT] [Fatal Error] :1:1: Premature end of file.
2025-08-31 10:50:34,745 [ERROR] LogOutputStream:75 - [STDERR_REDIRECT] 
2025-08-31 10:50:34,818 [ERROR] LogOutputStream:75 - [STDERR_REDIRECT] [Fatal Error] :1:1: Premature end of file.
2025-08-31 10:50:34,818 [ERROR] LogOutputStream:75 - [STDERR_REDIRECT] 
2025-08-31 10:50:34,892 [ERROR] LogOutputStream:75 - [STDERR_REDIRECT] [Fatal Error] :1:1: Premature end of file.
2025-08-31 10:50:34,892 [ERROR] LogOutputStream:75 - [STDERR_REDIRECT] 
2025-08-31 10:50:34,967 [ERROR] LogOutputStream:75 - [STDERR_REDIRECT] [Fatal Error] :1:1: Premature end of file.
2025-08-31 10:50:34,968 [ERROR] LogOutputStream:75 - [STDERR_REDIRECT] 
2025-08-31 10:50:35,047 [ERROR] LogOutputStream:75 - [STDERR_REDIRECT] [Fatal Error] :1:1: Premature end of file.
2025-08-31 10:50:35,047 [ERROR] LogOutputStream:75 - [STDERR_REDIRECT] 
2025-08-31 10:50:35,126 [ERROR] LogOutputStream:75 - [STDERR_REDIRECT] [Fatal Error] :1:1: Premature end of file.
2025-08-31 10:50:35,126 [ERROR] LogOutputStream:75 - [STDERR_REDIRECT] 
2025-08-31 10:50:35,189 [ERROR] LogOutputStream:75 - [STDERR_REDIRECT] [Fatal Error] :1:1: Premature end of file.
2025-08-31 10:50:35,189 [ERROR] LogOutputStream:75 - [STDERR_REDIRECT] 
2025-08-31 10:50:35,267 [ERROR] LogOutputStream:75 - [STDERR_REDIRECT] [Fatal Error] :1:1: Premature end of file.
2025-08-31 10:50:35,267 [ERROR] LogOutputStream:75 - [STDERR_REDIRECT] 
2025-08-31 10:50:35,342 [ERROR] LogOutputStream:75 - [STDERR_REDIRECT] [Fatal Error] :1:1: Premature end of file.
2025-08-31 10:50:35,343 [ERROR] LogOutputStream:75 - [STDERR_REDIRECT] 
2025-08-31 10:50:35,425 [ERROR] LogOutputStream:75 - [STDERR_REDIRECT] [Fatal Error] :1:1: Premature end of file.
2025-08-31 10:50:35,425 [ERROR] LogOutputStream:75 - [STDERR_REDIRECT] 
2025-08-31 10:50:35,503 [ERROR] LogOutputStream:75 - [STDERR_REDIRECT] [Fatal Error] :1:1: Premature end of file.
2025-08-31 10:50:35,504 [ERROR] LogOutputStream:75 - [STDERR_REDIRECT] 
2025-08-31 10:50:35,584 [ERROR] LogOutputStream:75 - [STDERR_REDIRECT] [Fatal Error] :1:1: Premature end of file.
2025-08-31 10:50:35,584 [ERROR] LogOutputStream:75 - [STDERR_REDIRECT] 
2025-08-31 10:50:35,666 [ERROR] LogOutputStream:75 - [STDERR_REDIRECT] [Fatal Error] :1:1: Premature end of file.
2025-08-31 10:50:35,666 [ERROR] LogOutputStream:75 - [STDERR_REDIRECT] 
2025-08-31 10:50:35,735 [ERROR] LogOutputStream:75 - [STDERR_REDIRECT] [Fatal Error] :1:1: Premature end of file.
2025-08-31 10:50:35,736 [ERROR] LogOutputStream:75 - [STDERR_REDIRECT] 
2025-08-31 10:50:35,809 [ERROR] LogOutputStream:75 - [STDERR_REDIRECT] [Fatal Error] :1:1: Premature end of file.
2025-08-31 10:50:35,809 [ERROR] LogOutputStream:75 - [STDERR_REDIRECT] 
2025-08-31 10:50:35,884 [ERROR] LogOutputStream:75 - [STDERR_REDIRECT] [Fatal Error] :1:1: Premature end of file.
2025-08-31 10:50:35,884 [ERROR] LogOutputStream:75 - [STDERR_REDIRECT] 
2025-08-31 10:50:35,960 [ERROR] LogOutputStream:75 - [STDERR_REDIRECT] [Fatal Error] :1:1: Premature end of file.
2025-08-31 10:50:35,960 [ERROR] LogOutputStream:75 - [STDERR_REDIRECT] 
2025-08-31 10:50:36,034 [ERROR] LogOutputStream:75 - [STDERR_REDIRECT] [Fatal Error] :1:1: Premature end of file.
2025-08-31 10:50:36,034 [ERROR] LogOutputStream:75 - [STDERR_REDIRECT] 
2025-08-31 10:50:36,107 [ERROR] LogOutputStream:75 - [STDERR_REDIRECT] [Fatal Error] :1:1: Premature end of file.
2025-08-31 10:50:36,107 [ERROR] LogOutputStream:75 - [STDERR_REDIRECT] 
2025-08-31 10:50:36,195 [ERROR] LogOutputStream:75 - [STDERR_REDIRECT] [Fatal Error] :1:1: Premature end of file.
2025-08-31 10:50:36,195 [ERROR] LogOutputStream:75 - [STDERR_REDIRECT] 
2025-08-31 10:50:36,279 [ERROR] LogOutputStream:75 - [STDERR_REDIRECT] [Fatal Error] :1:1: Premature end of file.
2025-08-31 10:50:36,279 [ERROR] LogOutputStream:75 - [STDERR_REDIRECT] 
2025-08-31 10:50:36,358 [ERROR] LogOutputStream:75 - [STDERR_REDIRECT] [Fatal Error] :1:1: Premature end of file.
2025-08-31 10:50:36,358 [ERROR] LogOutputStream:75 - [STDERR_REDIRECT] 
2025-08-31 10:50:36,435 [ERROR] LogOutputStream:75 - [STDERR_REDIRECT] [Fatal Error] :1:1: Premature end of file.
2025-08-31 10:50:36,435 [ERROR] LogOutputStream:75 - [STDERR_REDIRECT] 
2025-08-31 10:50:36,508 [ERROR] LogOutputStream:75 - [STDERR_REDIRECT] [Fatal Error] :1:1: Premature end of file.
2025-08-31 10:50:36,508 [ERROR] LogOutputStream:75 - [STDERR_REDIRECT] 
2025-08-31 10:50:36,579 [ERROR] LogOutputStream:75 - [STDERR_REDIRECT] [Fatal Error] :1:1: Premature end of file.
2025-08-31 10:50:36,580 [ERROR] LogOutputStream:75 - [STDERR_REDIRECT] 
2025-08-31 10:50:36,652 [ERROR] LogOutputStream:75 - [STDERR_REDIRECT] [Fatal Error] :1:1: Premature end of file.
2025-08-31 10:50:36,652 [ERROR] LogOutputStream:75 - [STDERR_REDIRECT] 
2025-08-31 10:50:36,727 [ERROR] LogOutputStream:75 - [STDERR_REDIRECT] [Fatal Error] :1:1: Premature end of file.
2025-08-31 10:50:36,727 [ERROR] LogOutputStream:75 - [STDERR_REDIRECT] 
2025-08-31 10:50:36,806 [ERROR] LogOutputStream:75 - [STDERR_REDIRECT] [Fatal Error] :1:1: Premature end of file.
2025-08-31 10:50:36,806 [ERROR] LogOutputStream:75 - [STDERR_REDIRECT] 
2025-08-31 10:50:36,884 [ERROR] LogOutputStream:75 - [STDERR_REDIRECT] [Fatal Error] :1:1: Premature end of file.
2025-08-31 10:50:36,885 [ERROR] LogOutputStream:75 - [STDERR_REDIRECT] 
2025-08-31 10:50:36,961 [ERROR] LogOutputStream:75 - [STDERR_REDIRECT] [Fatal Error] :1:1: Premature end of file.
2025-08-31 10:50:36,962 [ERROR] LogOutputStream:75 - [STDERR_REDIRECT] 
2025-08-31 10:50:37,036 [ERROR] LogOutputStream:75 - [STDERR_REDIRECT] [Fatal Error] :1:1: Premature end of file.
2025-08-31 10:50:37,036 [ERROR] LogOutputStream:75 - [STDERR_REDIRECT] 
2025-08-31 10:50:37,108 [ERROR] LogOutputStream:75 - [STDERR_REDIRECT] [Fatal Error] :1:1: Premature end of file.
2025-08-31 10:50:37,108 [ERROR] LogOutputStream:75 - [STDERR_REDIRECT] 
2025-08-31 10:50:37,183 [ERROR] LogOutputStream:75 - [STDERR_REDIRECT] [Fatal Error] :1:1: Premature end of file.
2025-08-31 10:50:37,183 [ERROR] LogOutputStream:75 - [STDERR_REDIRECT] 
2025-08-31 10:50:37,258 [ERROR] LogOutputStream:75 - [STDERR_REDIRECT] [Fatal Error] :1:1: Premature end of file.
2025-08-31 10:50:37,258 [ERROR] LogOutputStream:75 - [STDERR_REDIRECT] 
2025-08-31 10:50:37,336 [ERROR] LogOutputStream:75 - [STDERR_REDIRECT] [Fatal Error] :1:1: Premature end of file.
2025-08-31 10:50:37,336 [ERROR] LogOutputStream:75 - [STDERR_REDIRECT] 
2025-08-31 10:50:37,384 [ERROR] LogOutputStream:75 - [STDERR_REDIRECT] [Fatal Error] :1:1: Premature end of file.
2025-08-31 10:50:37,384 [ERROR] LogOutputStream:75 - [STDERR_REDIRECT] 
2025-08-31 10:50:37,454 [ERROR] LogOutputStream:75 - [STDERR_REDIRECT] [Fatal Error] :1:1: Premature end of file.
2025-08-31 10:50:37,455 [ERROR] LogOutputStream:75 - [STDERR_REDIRECT] 
2025-08-31 10:50:37,527 [ERROR] LogOutputStream:75 - [STDERR_REDIRECT] [Fatal Error] :1:1: Premature end of file.
2025-08-31 10:50:37,527 [ERROR] LogOutputStream:75 - [STDERR_REDIRECT] 
2025-08-31 10:50:37,605 [ERROR] LogOutputStream:75 - [STDERR_REDIRECT] [Fatal Error] :1:1: Premature end of file.
2025-08-31 10:50:37,605 [ERROR] LogOutputStream:75 - [STDERR_REDIRECT] 
2025-08-31 10:50:37,676 [ERROR] LogOutputStream:75 - [STDERR_REDIRECT] [Fatal Error] :1:1: Premature end of file.
2025-08-31 10:50:37,676 [ERROR] LogOutputStream:75 - [STDERR_REDIRECT] 
2025-08-31 10:50:37,752 [ERROR] LogOutputStream:75 - [STDERR_REDIRECT] [Fatal Error] :1:1: Premature end of file.
2025-08-31 10:50:37,752 [ERROR] LogOutputStream:75 - [STDERR_REDIRECT] 
2025-08-31 10:50:37,830 [ERROR] LogOutputStream:75 - [STDERR_REDIRECT] [Fatal Error] :1:1: Premature end of file.
2025-08-31 10:50:37,831 [ERROR] LogOutputStream:75 - [STDERR_REDIRECT] 
2025-08-31 10:50:37,906 [ERROR] LogOutputStream:75 - [STDERR_REDIRECT] [Fatal Error] :1:1: Premature end of file.
2025-08-31 10:50:37,906 [ERROR] LogOutputStream:75 - [STDERR_REDIRECT] 
2025-08-31 10:50:37,976 [ERROR] LogOutputStream:75 - [STDERR_REDIRECT] [Fatal Error] :1:1: Premature end of file.
2025-08-31 10:50:37,977 [ERROR] LogOutputStream:75 - [STDERR_REDIRECT] 
2025-08-31 10:50:38,052 [ERROR] LogOutputStream:75 - [STDERR_REDIRECT] [Fatal Error] :1:1: Premature end of file.
2025-08-31 10:50:38,052 [ERROR] LogOutputStream:75 - [STDERR_REDIRECT] 
2025-08-31 10:50:38,132 [ERROR] LogOutputStream:75 - [STDERR_REDIRECT] [Fatal Error] :1:1: Premature end of file.
2025-08-31 10:50:38,133 [ERROR] LogOutputStream:75 - [STDERR_REDIRECT] 
2025-08-31 10:50:38,207 [ERROR] LogOutputStream:75 - [STDERR_REDIRECT] [Fatal Error] :1:1: Premature end of file.
2025-08-31 10:50:38,207 [ERROR] LogOutputStream:75 - [STDERR_REDIRECT] 
2025-08-31 10:50:38,271 [ERROR] LogOutputStream:75 - [STDERR_REDIRECT] [Fatal Error] :1:1: Premature end of file.
2025-08-31 10:50:38,271 [ERROR] LogOutputStream:75 - [STDERR_REDIRECT] 
2025-08-31 10:50:38,344 [ERROR] LogOutputStream:75 - [STDERR_REDIRECT] [Fatal Error] :1:1: Premature end of file.
2025-08-31 10:50:38,344 [ERROR] LogOutputStream:75 - [STDERR_REDIRECT] 
2025-08-31 10:50:38,419 [ERROR] LogOutputStream:75 - [STDERR_REDIRECT] [Fatal Error] :1:1: Premature end of file.
2025-08-31 10:50:38,420 [ERROR] LogOutputStream:75 - [STDERR_REDIRECT] 
2025-08-31 10:50:38,491 [ERROR] LogOutputStream:75 - [STDERR_REDIRECT] [Fatal Error] :1:1: Premature end of file.
2025-08-31 10:50:38,492 [ERROR] LogOutputStream:75 - [STDERR_REDIRECT] 
2025-08-31 10:50:38,566 [ERROR] LogOutputStream:75 - [STDERR_REDIRECT] [Fatal Error] :1:1: Premature end of file.
2025-08-31 10:50:38,566 [ERROR] LogOutputStream:75 - [STDERR_REDIRECT] 
2025-08-31 10:50:38,641 [ERROR] LogOutputStream:75 - [STDERR_REDIRECT] [Fatal Error] :1:1: Premature end of file.
2025-08-31 10:50:38,641 [ERROR] LogOutputStream:75 - [STDERR_REDIRECT] 
2025-08-31 10:50:38,711 [ERROR] LogOutputStream:75 - [STDERR_REDIRECT] [Fatal Error] :1:1: Premature end of file.
2025-08-31 10:50:38,711 [ERROR] LogOutputStream:75 - [STDERR_REDIRECT] 
2025-08-31 10:50:38,789 [ERROR] LogOutputStream:75 - [STDERR_REDIRECT] [Fatal Error] :1:1: Premature end of file.
2025-08-31 10:50:38,789 [ERROR] LogOutputStream:75 - [STDERR_REDIRECT] 
2025-08-31 10:50:38,871 [ERROR] LogOutputStream:75 - [STDERR_REDIRECT] [Fatal Error] :1:1: Premature end of file.
2025-08-31 10:50:38,871 [ERROR] LogOutputStream:75 - [STDERR_REDIRECT] 
2025-08-31 10:50:38,951 [ERROR] LogOutputStream:75 - [STDERR_REDIRECT] [Fatal Error] :1:1: Premature end of file.
2025-08-31 10:50:38,951 [ERROR] LogOutputStream:75 - [STDERR_REDIRECT] 
2025-08-31 10:50:39,027 [ERROR] LogOutputStream:75 - [STDERR_REDIRECT] [Fatal Error] :1:1: Premature end of file.
2025-08-31 10:50:39,028 [ERROR] LogOutputStream:75 - [STDERR_REDIRECT] 
2025-08-31 10:50:39,098 [ERROR] LogOutputStream:75 - [STDERR_REDIRECT] [Fatal Error] :1:1: Premature end of file.
2025-08-31 10:50:39,098 [ERROR] LogOutputStream:75 - [STDERR_REDIRECT] 
2025-08-31 10:50:39,175 [ERROR] LogOutputStream:75 - [STDERR_REDIRECT] [Fatal Error] :1:1: Premature end of file.
2025-08-31 10:50:39,175 [ERROR] LogOutputStream:75 - [STDERR_REDIRECT] 
2025-08-31 10:50:39,250 [ERROR] LogOutputStream:75 - [STDERR_REDIRECT] [Fatal Error] :1:1: Premature end of file.
2025-08-31 10:50:39,250 [ERROR] LogOutputStream:75 - [STDERR_REDIRECT] 
2025-08-31 10:50:39,328 [ERROR] LogOutputStream:75 - [STDERR_REDIRECT] [Fatal Error] :1:1: Premature end of file.
2025-08-31 10:50:39,328 [ERROR] LogOutputStream:75 - [STDERR_REDIRECT] 
2025-08-31 10:50:39,403 [ERROR] LogOutputStream:75 - [STDERR_REDIRECT] [Fatal Error] :1:1: Premature end of file.
2025-08-31 10:50:39,403 [ERROR] LogOutputStream:75 - [STDERR_REDIRECT] 
2025-08-31 10:50:39,481 [ERROR] LogOutputStream:75 - [STDERR_REDIRECT] [Fatal Error] :1:1: Premature end of file.
2025-08-31 10:50:39,481 [ERROR] LogOutputStream:75 - [STDERR_REDIRECT] 
2025-08-31 10:50:39,557 [ERROR] LogOutputStream:75 - [STDERR_REDIRECT] [Fatal Error] :1:1: Premature end of file.
2025-08-31 10:50:39,558 [ERROR] LogOutputStream:75 - [STDERR_REDIRECT] 
2025-08-31 10:50:39,627 [ERROR] LogOutputStream:75 - [STDERR_REDIRECT] [Fatal Error] :1:1: Premature end of file.
2025-08-31 10:50:39,627 [ERROR] LogOutputStream:75 - [STDERR_REDIRECT] 
2025-08-31 10:50:39,703 [ERROR] LogOutputStream:75 - [STDERR_REDIRECT] [Fatal Error] :1:1: Premature end of file.
2025-08-31 10:50:39,703 [ERROR] LogOutputStream:75 - [STDERR_REDIRECT] 
2025-08-31 10:50:39,781 [ERROR] LogOutputStream:75 - [STDERR_REDIRECT] [Fatal Error] :1:1: Premature end of file.
2025-08-31 10:50:39,781 [ERROR] LogOutputStream:75 - [STDERR_REDIRECT] 
2025-08-31 10:50:39,860 [ERROR] LogOutputStream:75 - [STDERR_REDIRECT] [Fatal Error] :1:1: Premature end of file.
2025-08-31 10:50:39,860 [ERROR] LogOutputStream:75 - [STDERR_REDIRECT] 
2025-08-31 10:50:39,934 [ERROR] LogOutputStream:75 - [STDERR_REDIRECT] [Fatal Error] :1:1: Premature end of file.
2025-08-31 10:50:39,935 [ERROR] LogOutputStream:75 - [STDERR_REDIRECT] 
2025-08-31 10:50:40,054 [ERROR] LogOutputStream:75 - [STDERR_REDIRECT] [Fatal Error] :1:1: Premature end of file.
2025-08-31 10:50:40,054 [ERROR] LogOutputStream:75 - [STDERR_REDIRECT] 
2025-08-31 10:50:40,174 [ERROR] LogOutputStream:75 - [STDERR_REDIRECT] [Fatal Error] :1:1: Premature end of file.
2025-08-31 10:50:40,174 [ERROR] LogOutputStream:75 - [STDERR_REDIRECT] 
2025-08-31 10:50:40,275 [ERROR] LogOutputStream:75 - [STDERR_REDIRECT] [Fatal Error] :1:1: Premature end of file.
2025-08-31 10:50:40,276 [ERROR] LogOutputStream:75 - [STDERR_REDIRECT] 
2025-08-31 10:50:40,393 [ERROR] LogOutputStream:75 - [STDERR_REDIRECT] [Fatal Error] :1:1: Premature end of file.
2025-08-31 10:50:40,394 [ERROR] LogOutputStream:75 - [STDERR_REDIRECT] 
2025-08-31 10:50:40,508 [ERROR] LogOutputStream:75 - [STDERR_REDIRECT] [Fatal Error] :1:1: Premature end of file.
2025-08-31 10:50:40,508 [ERROR] LogOutputStream:75 - [STDERR_REDIRECT] 
2025-08-31 10:50:40,571 [ERROR] LogOutputStream:75 - [STDERR_REDIRECT] [Fatal Error] :1:1: Premature end of file.
2025-08-31 10:50:40,571 [ERROR] LogOutputStream:75 - [STDERR_REDIRECT] 
2025-08-31 10:50:40,707 [ERROR] LogOutputStream:75 - [STDERR_REDIRECT] [Fatal Error] :1:1: Premature end of file.
2025-08-31 10:50:40,707 [ERROR] LogOutputStream:75 - [STDERR_REDIRECT] 
2025-08-31 10:50:40,808 [ERROR] LogOutputStream:75 - [STDERR_REDIRECT] [Fatal Error] :1:1: Premature end of file.
2025-08-31 10:50:40,808 [ERROR] LogOutputStream:75 - [STDERR_REDIRECT] 
2025-08-31 10:50:40,885 [ERROR] LogOutputStream:75 - [STDERR_REDIRECT] [Fatal Error] :1:1: Premature end of file.
2025-08-31 10:50:40,885 [ERROR] LogOutputStream:75 - [STDERR_REDIRECT] 
2025-08-31 10:50:40,962 [ERROR] LogOutputStream:75 - [STDERR_REDIRECT] [Fatal Error] :1:1: Premature end of file.
2025-08-31 10:50:40,963 [ERROR] LogOutputStream:75 - [STDERR_REDIRECT] 
2025-08-31 10:50:41,051 [ERROR] LogOutputStream:75 - [STDERR_REDIRECT] [Fatal Error] :1:1: Premature end of file.
2025-08-31 10:50:41,051 [ERROR] LogOutputStream:75 - [STDERR_REDIRECT] 
2025-08-31 10:50:41,143 [ERROR] LogOutputStream:75 - [STDERR_REDIRECT] [Fatal Error] :1:1: Premature end of file.
2025-08-31 10:50:41,144 [ERROR] LogOutputStream:75 - [STDERR_REDIRECT] 
2025-08-31 10:50:41,225 [ERROR] LogOutputStream:75 - [STDERR_REDIRECT] [Fatal Error] :1:1: Premature end of file.
2025-08-31 10:50:41,225 [ERROR] LogOutputStream:75 - [STDERR_REDIRECT] 
2025-08-31 10:50:41,293 [ERROR] LogOutputStream:75 - [STDERR_REDIRECT] [Fatal Error] :1:1: Premature end of file.
2025-08-31 10:50:41,294 [ERROR] LogOutputStream:75 - [STDERR_REDIRECT] 
2025-08-31 10:50:41,371 [ERROR] LogOutputStream:75 - [STDERR_REDIRECT] [Fatal Error] :1:1: Premature end of file.
2025-08-31 10:50:41,371 [ERROR] LogOutputStream:75 - [STDERR_REDIRECT] 
2025-08-31 10:50:41,485 [ERROR] LogOutputStream:75 - [STDERR_REDIRECT] [Fatal Error] :1:1: Premature end of file.
2025-08-31 10:50:41,486 [ERROR] LogOutputStream:75 - [STDERR_REDIRECT] 
2025-08-31 10:50:41,556 [ERROR] LogOutputStream:75 - [STDERR_REDIRECT] [Fatal Error] :1:1: Premature end of file.
2025-08-31 10:50:41,557 [ERROR] LogOutputStream:75 - [STDERR_REDIRECT] 
2025-08-31 10:50:41,619 [ERROR] LogOutputStream:75 - [STDERR_REDIRECT] [Fatal Error] :1:1: Premature end of file.
2025-08-31 10:50:41,619 [ERROR] LogOutputStream:75 - [STDERR_REDIRECT] 
2025-08-31 10:50:41,673 [ERROR] LogOutputStream:75 - [STDERR_REDIRECT] [Fatal Error] :1:1: Premature end of file.
2025-08-31 10:50:41,673 [ERROR] LogOutputStream:75 - [STDERR_REDIRECT] 
2025-08-31 10:50:41,740 [ERROR] LogOutputStream:75 - [STDERR_REDIRECT] [Fatal Error] :1:1: Premature end of file.
2025-08-31 10:50:41,740 [ERROR] LogOutputStream:75 - [STDERR_REDIRECT] 
2025-08-31 10:50:41,798 [ERROR] LogOutputStream:75 - [STDERR_REDIRECT] [Fatal Error] :1:1: Premature end of file.
2025-08-31 10:50:41,798 [ERROR] LogOutputStream:75 - [STDERR_REDIRECT] 
2025-08-31 10:50:41,864 [ERROR] LogOutputStream:75 - [STDERR_REDIRECT] [Fatal Error] :1:1: Premature end of file.
2025-08-31 10:50:41,864 [ERROR] LogOutputStream:75 - [STDERR_REDIRECT] 
2025-08-31 10:50:41,942 [ERROR] LogOutputStream:75 - [STDERR_REDIRECT] [Fatal Error] :1:1: Premature end of file.
2025-08-31 10:50:41,942 [ERROR] LogOutputStream:75 - [STDERR_REDIRECT] 
2025-08-31 10:50:41,990 [ERROR] LogOutputStream:75 - [STDERR_REDIRECT] [Fatal Error] :1:1: Premature end of file.
2025-08-31 10:50:41,990 [ERROR] LogOutputStream:75 - [STDERR_REDIRECT] 
2025-08-31 10:50:42,029 [ERROR] LogOutputStream:75 - [STDERR_REDIRECT] [Fatal Error] :1:1: Premature end of file.
2025-08-31 10:50:42,029 [ERROR] LogOutputStream:75 - [STDERR_REDIRECT] 
2025-08-31 10:50:42,077 [ERROR] LogOutputStream:75 - [STDERR_REDIRECT] [Fatal Error] :1:1: Premature end of file.
2025-08-31 10:50:42,077 [ERROR] LogOutputStream:75 - [STDERR_REDIRECT] 
2025-08-31 10:50:42,123 [ERROR] LogOutputStream:75 - [STDERR_REDIRECT] [Fatal Error] :1:1: Premature end of file.
2025-08-31 10:50:42,123 [ERROR] LogOutputStream:75 - [STDERR_REDIRECT] 
2025-08-31 10:50:42,167 [ERROR] LogOutputStream:75 - [STDERR_REDIRECT] [Fatal Error] :1:1: Premature end of file.
2025-08-31 10:50:42,167 [ERROR] LogOutputStream:75 - [STDERR_REDIRECT] 
2025-08-31 10:50:42,213 [ERROR] LogOutputStream:75 - [STDERR_REDIRECT] [Fatal Error] :1:1: Premature end of file.
2025-08-31 10:50:42,213 [ERROR] LogOutputStream:75 - [STDERR_REDIRECT] 
2025-08-31 10:50:42,255 [ERROR] LogOutputStream:75 - [STDERR_REDIRECT] [Fatal Error] :1:1: Premature end of file.
2025-08-31 10:50:42,256 [ERROR] LogOutputStream:75 - [STDERR_REDIRECT] 
2025-08-31 10:50:42,294 [ERROR] LogOutputStream:75 - [STDERR_REDIRECT] [Fatal Error] :1:1: Premature end of file.
2025-08-31 10:50:42,294 [ERROR] LogOutputStream:75 - [STDERR_REDIRECT] 
2025-08-31 10:50:42,334 [ERROR] LogOutputStream:75 - [STDERR_REDIRECT] [Fatal Error] :1:1: Premature end of file.
2025-08-31 10:50:42,334 [ERROR] LogOutputStream:75 - [STDERR_REDIRECT] 
2025-08-31 10:50:42,381 [ERROR] LogOutputStream:75 - [STDERR_REDIRECT] [Fatal Error] :1:1: Premature end of file.
2025-08-31 10:50:42,381 [ERROR] LogOutputStream:75 - [STDERR_REDIRECT] 
2025-08-31 10:50:42,424 [ERROR] LogOutputStream:75 - [STDERR_REDIRECT] [Fatal Error] :1:1: Premature end of file.
2025-08-31 10:50:42,424 [ERROR] LogOutputStream:75 - [STDERR_REDIRECT] 
2025-08-31 10:50:42,464 [ERROR] LogOutputStream:75 - [STDERR_REDIRECT] [Fatal Error] :1:1: Premature end of file.
2025-08-31 10:50:42,464 [ERROR] LogOutputStream:75 - [STDERR_REDIRECT] 
2025-08-31 10:50:42,503 [ERROR] LogOutputStream:75 - [STDERR_REDIRECT] [Fatal Error] :1:1: Premature end of file.
2025-08-31 10:50:42,503 [ERROR] LogOutputStream:75 - [STDERR_REDIRECT] 
2025-08-31 10:50:42,546 [ERROR] LogOutputStream:75 - [STDERR_REDIRECT] [Fatal Error] :1:1: Premature end of file.
2025-08-31 10:50:42,546 [ERROR] LogOutputStream:75 - [STDERR_REDIRECT] 
2025-08-31 10:50:42,585 [ERROR] LogOutputStream:75 - [STDERR_REDIRECT] [Fatal Error] :1:1: Premature end of file.
2025-08-31 10:50:42,585 [ERROR] LogOutputStream:75 - [STDERR_REDIRECT] 
2025-08-31 10:50:42,624 [ERROR] LogOutputStream:75 - [STDERR_REDIRECT] [Fatal Error] :1:1: Premature end of file.
2025-08-31 10:50:42,624 [ERROR] LogOutputStream:75 - [STDERR_REDIRECT] 
2025-08-31 10:50:42,663 [ERROR] LogOutputStream:75 - [STDERR_REDIRECT] [Fatal Error] :1:1: Premature end of file.
2025-08-31 10:50:42,663 [ERROR] LogOutputStream:75 - [STDERR_REDIRECT] 
2025-08-31 10:50:42,700 [ERROR] LogOutputStream:75 - [STDERR_REDIRECT] [Fatal Error] :1:1: Premature end of file.
2025-08-31 10:50:42,700 [ERROR] LogOutputStream:75 - [STDERR_REDIRECT] 
2025-08-31 10:50:42,741 [ERROR] LogOutputStream:75 - [STDERR_REDIRECT] [Fatal Error] :1:1: Premature end of file.
2025-08-31 10:50:42,741 [ERROR] LogOutputStream:75 - [STDERR_REDIRECT] 
2025-08-31 10:50:42,781 [ERROR] LogOutputStream:75 - [STDERR_REDIRECT] [Fatal Error] :1:1: Premature end of file.
2025-08-31 10:50:42,781 [ERROR] LogOutputStream:75 - [STDERR_REDIRECT] 
2025-08-31 10:50:42,821 [ERROR] LogOutputStream:75 - [STDERR_REDIRECT] [Fatal Error] :1:1: Premature end of file.
2025-08-31 10:50:42,821 [ERROR] LogOutputStream:75 - [STDERR_REDIRECT] 
2025-08-31 10:50:42,862 [ERROR] LogOutputStream:75 - [STDERR_REDIRECT] [Fatal Error] :1:1: Premature end of file.
2025-08-31 10:50:42,862 [ERROR] LogOutputStream:75 - [STDERR_REDIRECT] 
2025-08-31 10:50:42,901 [ERROR] LogOutputStream:75 - [STDERR_REDIRECT] [Fatal Error] :1:1: Premature end of file.
2025-08-31 10:50:42,901 [ERROR] LogOutputStream:75 - [STDERR_REDIRECT] 
2025-08-31 10:50:42,940 [ERROR] LogOutputStream:75 - [STDERR_REDIRECT] [Fatal Error] :1:1: Premature end of file.
2025-08-31 10:50:42,940 [ERROR] LogOutputStream:75 - [STDERR_REDIRECT] 
2025-08-31 10:50:42,979 [ERROR] LogOutputStream:75 - [STDERR_REDIRECT] [Fatal Error] :1:1: Premature end of file.
2025-08-31 10:50:42,979 [ERROR] LogOutputStream:75 - [STDERR_REDIRECT] 
2025-08-31 10:50:43,017 [ERROR] LogOutputStream:75 - [STDERR_REDIRECT] [Fatal Error] :1:1: Premature end of file.
2025-08-31 10:50:43,017 [ERROR] LogOutputStream:75 - [STDERR_REDIRECT] 
2025-08-31 10:50:43,056 [ERROR] LogOutputStream:75 - [STDERR_REDIRECT] [Fatal Error] :1:1: Premature end of file.
2025-08-31 10:50:43,056 [ERROR] LogOutputStream:75 - [STDERR_REDIRECT] 
2025-08-31 10:50:43,099 [ERROR] LogOutputStream:75 - [STDERR_REDIRECT] [Fatal Error] :1:1: Premature end of file.
2025-08-31 10:50:43,099 [ERROR] LogOutputStream:75 - [STDERR_REDIRECT] 
2025-08-31 10:50:43,138 [ERROR] LogOutputStream:75 - [STDERR_REDIRECT] [Fatal Error] :1:1: Premature end of file.
2025-08-31 10:50:43,138 [ERROR] LogOutputStream:75 - [STDERR_REDIRECT] 
2025-08-31 10:50:43,180 [ERROR] LogOutputStream:75 - [STDERR_REDIRECT] [Fatal Error] :1:1: Premature end of file.
2025-08-31 10:50:43,180 [ERROR] LogOutputStream:75 - [STDERR_REDIRECT] 
2025-08-31 10:50:43,217 [ERROR] LogOutputStream:75 - [STDERR_REDIRECT] [Fatal Error] :1:1: Premature end of file.
2025-08-31 10:50:43,217 [ERROR] LogOutputStream:75 - [STDERR_REDIRECT] 
2025-08-31 10:50:43,259 [ERROR] LogOutputStream:75 - [STDERR_REDIRECT] [Fatal Error] :1:1: Premature end of file.
2025-08-31 10:50:43,259 [ERROR] LogOutputStream:75 - [STDERR_REDIRECT] 
2025-08-31 10:50:43,297 [ERROR] LogOutputStream:75 - [STDERR_REDIRECT] [Fatal Error] :1:1: Premature end of file.
2025-08-31 10:50:43,297 [ERROR] LogOutputStream:75 - [STDERR_REDIRECT] 
2025-08-31 10:50:43,334 [ERROR] LogOutputStream:75 - [STDERR_REDIRECT] [Fatal Error] :1:1: Premature end of file.
2025-08-31 10:50:43,334 [ERROR] LogOutputStream:75 - [STDERR_REDIRECT] 
2025-08-31 10:50:43,375 [ERROR] LogOutputStream:75 - [STDERR_REDIRECT] [Fatal Error] :1:1: Premature end of file.
2025-08-31 10:50:43,376 [ERROR] LogOutputStream:75 - [STDERR_REDIRECT] 
2025-08-31 10:50:43,415 [ERROR] LogOutputStream:75 - [STDERR_REDIRECT] [Fatal Error] :1:1: Premature end of file.
2025-08-31 10:50:43,415 [ERROR] LogOutputStream:75 - [STDERR_REDIRECT] 
2025-08-31 10:50:43,459 [ERROR] LogOutputStream:75 - [STDERR_REDIRECT] [Fatal Error] :1:1: Premature end of file.
2025-08-31 10:50:43,459 [ERROR] LogOutputStream:75 - [STDERR_REDIRECT] 
2025-08-31 10:50:43,498 [ERROR] LogOutputStream:75 - [STDERR_REDIRECT] [Fatal Error] :1:1: Premature end of file.
2025-08-31 10:50:43,499 [ERROR] LogOutputStream:75 - [STDERR_REDIRECT] 
2025-08-31 10:50:43,538 [ERROR] LogOutputStream:75 - [STDERR_REDIRECT] [Fatal Error] :1:1: Premature end of file.
2025-08-31 10:50:43,538 [ERROR] LogOutputStream:75 - [STDERR_REDIRECT] 
2025-08-31 10:50:43,577 [ERROR] LogOutputStream:75 - [STDERR_REDIRECT] [Fatal Error] :1:1: Premature end of file.
2025-08-31 10:50:43,577 [ERROR] LogOutputStream:75 - [STDERR_REDIRECT] 
2025-08-31 10:50:43,615 [ERROR] LogOutputStream:75 - [STDERR_REDIRECT] [Fatal Error] :1:1: Premature end of file.
2025-08-31 10:50:43,615 [ERROR] LogOutputStream:75 - [STDERR_REDIRECT] 
2025-08-31 10:50:43,652 [ERROR] LogOutputStream:75 - [STDERR_REDIRECT] [Fatal Error] :1:1: Premature end of file.
2025-08-31 10:50:43,652 [ERROR] LogOutputStream:75 - [STDERR_REDIRECT] 
2025-08-31 10:50:43,693 [ERROR] LogOutputStream:75 - [STDERR_REDIRECT] [Fatal Error] :1:1: Premature end of file.
2025-08-31 10:50:43,693 [ERROR] LogOutputStream:75 - [STDERR_REDIRECT] 
2025-08-31 10:50:43,732 [ERROR] LogOutputStream:75 - [STDERR_REDIRECT] [Fatal Error] :1:1: Premature end of file.
2025-08-31 10:50:43,732 [ERROR] LogOutputStream:75 - [STDERR_REDIRECT] 
2025-08-31 10:50:43,771 [ERROR] LogOutputStream:75 - [STDERR_REDIRECT] [Fatal Error] :1:1: Premature end of file.
2025-08-31 10:50:43,771 [ERROR] LogOutputStream:75 - [STDERR_REDIRECT] 
2025-08-31 10:50:43,813 [ERROR] LogOutputStream:75 - [STDERR_REDIRECT] [Fatal Error] :1:1: Premature end of file.
2025-08-31 10:50:43,813 [ERROR] LogOutputStream:75 - [STDERR_REDIRECT] 
2025-08-31 10:50:43,852 [ERROR] LogOutputStream:75 - [STDERR_REDIRECT] [Fatal Error] :1:1: Premature end of file.
2025-08-31 10:50:43,852 [ERROR] LogOutputStream:75 - [STDERR_REDIRECT] 
2025-08-31 10:50:43,889 [ERROR] LogOutputStream:75 - [STDERR_REDIRECT] [Fatal Error] :1:1: Premature end of file.
2025-08-31 10:50:43,890 [ERROR] LogOutputStream:75 - [STDERR_REDIRECT] 
2025-08-31 10:50:43,931 [ERROR] LogOutputStream:75 - [STDERR_REDIRECT] [Fatal Error] :1:1: Premature end of file.
2025-08-31 10:50:43,931 [ERROR] LogOutputStream:75 - [STDERR_REDIRECT] 
2025-08-31 10:50:43,971 [ERROR] LogOutputStream:75 - [STDERR_REDIRECT] [Fatal Error] :1:1: Premature end of file.
2025-08-31 10:50:43,971 [ERROR] LogOutputStream:75 - [STDERR_REDIRECT] 
2025-08-31 10:50:44,014 [ERROR] LogOutputStream:75 - [STDERR_REDIRECT] [Fatal Error] :1:1: Premature end of file.
2025-08-31 10:50:44,015 [ERROR] LogOutputStream:75 - [STDERR_REDIRECT] 
2025-08-31 10:50:44,053 [ERROR] LogOutputStream:75 - [STDERR_REDIRECT] [Fatal Error] :1:1: Premature end of file.
2025-08-31 10:50:44,053 [ERROR] LogOutputStream:75 - [STDERR_REDIRECT] 
2025-08-31 10:50:44,094 [ERROR] LogOutputStream:75 - [STDERR_REDIRECT] [Fatal Error] :1:1: Premature end of file.
2025-08-31 10:50:44,095 [ERROR] LogOutputStream:75 - [STDERR_REDIRECT] 
2025-08-31 10:50:44,136 [ERROR] LogOutputStream:75 - [STDERR_REDIRECT] [Fatal Error] :1:1: Premature end of file.
2025-08-31 10:50:44,137 [ERROR] LogOutputStream:75 - [STDERR_REDIRECT] 
2025-08-31 10:50:44,192 [ERROR] LogOutputStream:75 - [STDERR_REDIRECT] [Fatal Error] :1:1: Premature end of file.
2025-08-31 10:50:44,192 [ERROR] LogOutputStream:75 - [STDERR_REDIRECT] 
2025-08-31 10:50:44,260 [ERROR] LogOutputStream:75 - [STDERR_REDIRECT] [Fatal Error] :1:1: Premature end of file.
2025-08-31 10:50:44,260 [ERROR] LogOutputStream:75 - [STDERR_REDIRECT] 
2025-08-31 10:50:44,330 [ERROR] LogOutputStream:75 - [STDERR_REDIRECT] [Fatal Error] :1:1: Premature end of file.
2025-08-31 10:50:44,330 [ERROR] LogOutputStream:75 - [STDERR_REDIRECT] 
2025-08-31 10:50:44,392 [ERROR] LogOutputStream:75 - [STDERR_REDIRECT] [Fatal Error] :1:1: Premature end of file.
2025-08-31 10:50:44,392 [ERROR] LogOutputStream:75 - [STDERR_REDIRECT] 
2025-08-31 10:50:44,456 [ERROR] LogOutputStream:75 - [STDERR_REDIRECT] [Fatal Error] :1:1: Premature end of file.
2025-08-31 10:50:44,456 [ERROR] LogOutputStream:75 - [STDERR_REDIRECT] 
2025-08-31 10:50:44,516 [ERROR] LogOutputStream:75 - [STDERR_REDIRECT] [Fatal Error] :1:1: Premature end of file.
2025-08-31 10:50:44,516 [ERROR] LogOutputStream:75 - [STDERR_REDIRECT] 
2025-08-31 10:50:44,579 [ERROR] LogOutputStream:75 - [STDERR_REDIRECT] [Fatal Error] :1:1: Premature end of file.
2025-08-31 10:50:44,579 [ERROR] LogOutputStream:75 - [STDERR_REDIRECT] 
2025-08-31 10:50:44,641 [ERROR] LogOutputStream:75 - [STDERR_REDIRECT] [Fatal Error] :1:1: Premature end of file.
2025-08-31 10:50:44,641 [ERROR] LogOutputStream:75 - [STDERR_REDIRECT] 
2025-08-31 10:50:44,704 [ERROR] LogOutputStream:75 - [STDERR_REDIRECT] [Fatal Error] :1:1: Premature end of file.
2025-08-31 10:50:44,704 [ERROR] LogOutputStream:75 - [STDERR_REDIRECT] 
2025-08-31 10:50:44,765 [ERROR] LogOutputStream:75 - [STDERR_REDIRECT] [Fatal Error] :1:1: Premature end of file.
2025-08-31 10:50:44,766 [ERROR] LogOutputStream:75 - [STDERR_REDIRECT] 
2025-08-31 10:50:44,832 [ERROR] LogOutputStream:75 - [STDERR_REDIRECT] [Fatal Error] :1:1: Premature end of file.
2025-08-31 10:50:44,832 [ERROR] LogOutputStream:75 - [STDERR_REDIRECT] 
2025-08-31 10:50:44,901 [ERROR] LogOutputStream:75 - [STDERR_REDIRECT] [Fatal Error] :1:1: Premature end of file.
2025-08-31 10:50:44,901 [ERROR] LogOutputStream:75 - [STDERR_REDIRECT] 
2025-08-31 10:50:44,961 [ERROR] LogOutputStream:75 - [STDERR_REDIRECT] [Fatal Error] :1:1: Premature end of file.
2025-08-31 10:50:44,962 [ERROR] LogOutputStream:75 - [STDERR_REDIRECT] 
2025-08-31 10:50:45,021 [ERROR] LogOutputStream:75 - [STDERR_REDIRECT] [Fatal Error] :1:1: Premature end of file.
2025-08-31 10:50:45,022 [ERROR] LogOutputStream:75 - [STDERR_REDIRECT] 
2025-08-31 10:50:45,091 [ERROR] LogOutputStream:75 - [STDERR_REDIRECT] [Fatal Error] :1:1: Premature end of file.
2025-08-31 10:50:45,092 [ERROR] LogOutputStream:75 - [STDERR_REDIRECT] 
2025-08-31 10:50:45,155 [ERROR] LogOutputStream:75 - [STDERR_REDIRECT] [Fatal Error] :1:1: Premature end of file.
2025-08-31 10:50:45,155 [ERROR] LogOutputStream:75 - [STDERR_REDIRECT] 
2025-08-31 10:50:45,221 [ERROR] LogOutputStream:75 - [STDERR_REDIRECT] [Fatal Error] :1:1: Premature end of file.
2025-08-31 10:50:45,221 [ERROR] LogOutputStream:75 - [STDERR_REDIRECT] 
2025-08-31 10:50:45,287 [ERROR] LogOutputStream:75 - [STDERR_REDIRECT] [Fatal Error] :1:1: Premature end of file.
2025-08-31 10:50:45,287 [ERROR] LogOutputStream:75 - [STDERR_REDIRECT] 
2025-08-31 10:50:45,355 [ERROR] LogOutputStream:75 - [STDERR_REDIRECT] [Fatal Error] :1:1: Premature end of file.
2025-08-31 10:50:45,356 [ERROR] LogOutputStream:75 - [STDERR_REDIRECT] 
2025-08-31 10:50:45,430 [ERROR] LogOutputStream:75 - [STDERR_REDIRECT] [Fatal Error] :1:1: Premature end of file.
2025-08-31 10:50:45,430 [ERROR] LogOutputStream:75 - [STDERR_REDIRECT] 
2025-08-31 10:50:45,500 [ERROR] LogOutputStream:75 - [STDERR_REDIRECT] [Fatal Error] :1:1: Premature end of file.
2025-08-31 10:50:45,500 [ERROR] LogOutputStream:75 - [STDERR_REDIRECT] 
2025-08-31 10:50:45,571 [ERROR] LogOutputStream:75 - [STDERR_REDIRECT] [Fatal Error] :1:1: Premature end of file.
2025-08-31 10:50:45,571 [ERROR] LogOutputStream:75 - [STDERR_REDIRECT] 
2025-08-31 10:50:45,631 [ERROR] LogOutputStream:75 - [STDERR_REDIRECT] [Fatal Error] :1:1: Premature end of file.
2025-08-31 10:50:45,631 [ERROR] LogOutputStream:75 - [STDERR_REDIRECT] 
2025-08-31 10:50:45,701 [ERROR] LogOutputStream:75 - [STDERR_REDIRECT] [Fatal Error] :1:1: Premature end of file.
2025-08-31 10:50:45,701 [ERROR] LogOutputStream:75 - [STDERR_REDIRECT] 
2025-08-31 10:50:45,769 [ERROR] LogOutputStream:75 - [STDERR_REDIRECT] [Fatal Error] :1:1: Premature end of file.
2025-08-31 10:50:45,770 [ERROR] LogOutputStream:75 - [STDERR_REDIRECT] 
2025-08-31 10:50:45,832 [ERROR] LogOutputStream:75 - [STDERR_REDIRECT] [Fatal Error] :1:1: Premature end of file.
2025-08-31 10:50:45,832 [ERROR] LogOutputStream:75 - [STDERR_REDIRECT] 
2025-08-31 10:50:45,893 [ERROR] LogOutputStream:75 - [STDERR_REDIRECT] [Fatal Error] :1:1: Premature end of file.
2025-08-31 10:50:45,893 [ERROR] LogOutputStream:75 - [STDERR_REDIRECT] 
2025-08-31 10:50:45,951 [ERROR] LogOutputStream:75 - [STDERR_REDIRECT] [Fatal Error] :1:1: Premature end of file.
2025-08-31 10:50:45,952 [ERROR] LogOutputStream:75 - [STDERR_REDIRECT] 
2025-08-31 10:50:46,019 [ERROR] LogOutputStream:75 - [STDERR_REDIRECT] [Fatal Error] :1:1: Premature end of file.
2025-08-31 10:50:46,020 [ERROR] LogOutputStream:75 - [STDERR_REDIRECT] 
2025-08-31 10:50:46,082 [ERROR] LogOutputStream:75 - [STDERR_REDIRECT] [Fatal Error] :1:1: Premature end of file.
2025-08-31 10:50:46,082 [ERROR] LogOutputStream:75 - [STDERR_REDIRECT] 
2025-08-31 10:50:46,154 [ERROR] LogOutputStream:75 - [STDERR_REDIRECT] [Fatal Error] :1:1: Premature end of file.
2025-08-31 10:50:46,154 [ERROR] LogOutputStream:75 - [STDERR_REDIRECT] 
2025-08-31 10:50:46,229 [ERROR] LogOutputStream:75 - [STDERR_REDIRECT] [Fatal Error] :1:1: Premature end of file.
2025-08-31 10:50:46,229 [ERROR] LogOutputStream:75 - [STDERR_REDIRECT] 
2025-08-31 10:50:46,291 [ERROR] LogOutputStream:75 - [STDERR_REDIRECT] [Fatal Error] :1:1: Premature end of file.
2025-08-31 10:50:46,291 [ERROR] LogOutputStream:75 - [STDERR_REDIRECT] 
2025-08-31 10:50:46,353 [ERROR] LogOutputStream:75 - [STDERR_REDIRECT] [Fatal Error] :1:1: Premature end of file.
2025-08-31 10:50:46,353 [ERROR] LogOutputStream:75 - [STDERR_REDIRECT] 
2025-08-31 10:50:46,419 [ERROR] LogOutputStream:75 - [STDERR_REDIRECT] [Fatal Error] :1:1: Premature end of file.
2025-08-31 10:50:46,419 [ERROR] LogOutputStream:75 - [STDERR_REDIRECT] 
2025-08-31 10:50:46,481 [ERROR] LogOutputStream:75 - [STDERR_REDIRECT] [Fatal Error] :1:1: Premature end of file.
2025-08-31 10:50:46,481 [ERROR] LogOutputStream:75 - [STDERR_REDIRECT] 
2025-08-31 10:50:46,544 [ERROR] LogOutputStream:75 - [STDERR_REDIRECT] [Fatal Error] :1:1: Premature end of file.
2025-08-31 10:50:46,544 [ERROR] LogOutputStream:75 - [STDERR_REDIRECT] 
2025-08-31 10:50:46,609 [ERROR] LogOutputStream:75 - [STDERR_REDIRECT] [Fatal Error] :1:1: Premature end of file.
2025-08-31 10:50:46,609 [ERROR] LogOutputStream:75 - [STDERR_REDIRECT] 
2025-08-31 10:50:46,668 [ERROR] LogOutputStream:75 - [STDERR_REDIRECT] [Fatal Error] :1:1: Premature end of file.
2025-08-31 10:50:46,668 [ERROR] LogOutputStream:75 - [STDERR_REDIRECT] 
2025-08-31 10:50:46,722 [ERROR] LogOutputStream:75 - [STDERR_REDIRECT] [Fatal Error] :1:1: Premature end of file.
2025-08-31 10:50:46,723 [ERROR] LogOutputStream:75 - [STDERR_REDIRECT] 
2025-08-31 10:50:46,774 [ERROR] LogOutputStream:75 - [STDERR_REDIRECT] [Fatal Error] :1:1: Premature end of file.
2025-08-31 10:50:46,774 [ERROR] LogOutputStream:75 - [STDERR_REDIRECT] 
2025-08-31 10:50:46,832 [ERROR] LogOutputStream:75 - [STDERR_REDIRECT] [Fatal Error] :1:1: Premature end of file.
2025-08-31 10:50:46,832 [ERROR] LogOutputStream:75 - [STDERR_REDIRECT] 
2025-08-31 10:50:46,890 [ERROR] LogOutputStream:75 - [STDERR_REDIRECT] [Fatal Error] :1:1: Premature end of file.
2025-08-31 10:50:46,890 [ERROR] LogOutputStream:75 - [STDERR_REDIRECT] 
2025-08-31 10:50:47,087 [ERROR] LogOutputStream:75 - [STDERR_REDIRECT] [Fatal Error] :1:1: Premature end of file.
2025-08-31 10:50:47,087 [ERROR] LogOutputStream:75 - [STDERR_REDIRECT] 
2025-08-31 10:50:47,162 [ERROR] LogOutputStream:75 - [STDERR_REDIRECT] [Fatal Error] :1:1: Premature end of file.
2025-08-31 10:50:47,162 [ERROR] LogOutputStream:75 - [STDERR_REDIRECT] 
2025-08-31 10:50:47,227 [ERROR] LogOutputStream:75 - [STDERR_REDIRECT] [Fatal Error] :1:1: Premature end of file.
2025-08-31 10:50:47,227 [ERROR] LogOutputStream:75 - [STDERR_REDIRECT] 
2025-08-31 10:50:47,284 [ERROR] LogOutputStream:75 - [STDERR_REDIRECT] [Fatal Error] :1:1: Premature end of file.
2025-08-31 10:50:47,285 [ERROR] LogOutputStream:75 - [STDERR_REDIRECT] 
2025-08-31 10:50:47,359 [ERROR] LogOutputStream:75 - [STDERR_REDIRECT] [Fatal Error] :1:1: Premature end of file.
2025-08-31 10:50:47,359 [ERROR] LogOutputStream:75 - [STDERR_REDIRECT] 
2025-08-31 10:50:47,465 [ERROR] LogOutputStream:75 - [STDERR_REDIRECT] [Fatal Error] :1:1: Premature end of file.
2025-08-31 10:50:47,465 [ERROR] LogOutputStream:75 - [STDERR_REDIRECT] 
2025-08-31 10:50:47,530 [ERROR] LogOutputStream:75 - [STDERR_REDIRECT] [Fatal Error] :1:1: Premature end of file.
2025-08-31 10:50:47,530 [ERROR] LogOutputStream:75 - [STDERR_REDIRECT] 
2025-08-31 10:50:47,596 [ERROR] LogOutputStream:75 - [STDERR_REDIRECT] [Fatal Error] :1:1: Premature end of file.
2025-08-31 10:50:47,596 [ERROR] LogOutputStream:75 - [STDERR_REDIRECT] 
2025-08-31 10:50:47,665 [ERROR] LogOutputStream:75 - [STDERR_REDIRECT] [Fatal Error] :1:1: Premature end of file.
2025-08-31 10:50:47,665 [ERROR] LogOutputStream:75 - [STDERR_REDIRECT] 
2025-08-31 10:50:47,727 [ERROR] LogOutputStream:75 - [STDERR_REDIRECT] [Fatal Error] :1:1: Premature end of file.
2025-08-31 10:50:47,727 [ERROR] LogOutputStream:75 - [STDERR_REDIRECT] 
2025-08-31 10:50:47,794 [ERROR] LogOutputStream:75 - [STDERR_REDIRECT] [Fatal Error] :1:1: Premature end of file.
2025-08-31 10:50:47,794 [ERROR] LogOutputStream:75 - [STDERR_REDIRECT] 
2025-08-31 10:50:47,860 [ERROR] LogOutputStream:75 - [STDERR_REDIRECT] [Fatal Error] :1:1: Premature end of file.
2025-08-31 10:50:47,860 [ERROR] LogOutputStream:75 - [STDERR_REDIRECT] 
2025-08-31 10:50:47,917 [ERROR] LogOutputStream:75 - [STDERR_REDIRECT] [Fatal Error] :1:1: Premature end of file.
2025-08-31 10:50:47,917 [ERROR] LogOutputStream:75 - [STDERR_REDIRECT] 
2025-08-31 10:50:47,976 [ERROR] LogOutputStream:75 - [STDERR_REDIRECT] [Fatal Error] :1:1: Premature end of file.
2025-08-31 10:50:47,976 [ERROR] LogOutputStream:75 - [STDERR_REDIRECT] 
2025-08-31 10:50:48,046 [ERROR] LogOutputStream:75 - [STDERR_REDIRECT] [Fatal Error] :1:1: Premature end of file.
2025-08-31 10:50:48,046 [ERROR] LogOutputStream:75 - [STDERR_REDIRECT] 
2025-08-31 10:50:48,108 [ERROR] LogOutputStream:75 - [STDERR_REDIRECT] [Fatal Error] :1:1: Premature end of file.
2025-08-31 10:50:48,109 [ERROR] LogOutputStream:75 - [STDERR_REDIRECT] 
2025-08-31 10:50:48,167 [ERROR] LogOutputStream:75 - [STDERR_REDIRECT] [Fatal Error] :1:1: Premature end of file.
2025-08-31 10:50:48,167 [ERROR] LogOutputStream:75 - [STDERR_REDIRECT] 
2025-08-31 10:50:48,228 [ERROR] LogOutputStream:75 - [STDERR_REDIRECT] [Fatal Error] :1:1: Premature end of file.
2025-08-31 10:50:48,228 [ERROR] LogOutputStream:75 - [STDERR_REDIRECT] 
2025-08-31 10:50:48,290 [ERROR] LogOutputStream:75 - [STDERR_REDIRECT] [Fatal Error] :1:1: Premature end of file.
2025-08-31 10:50:48,290 [ERROR] LogOutputStream:75 - [STDERR_REDIRECT] 
2025-08-31 10:50:48,351 [ERROR] LogOutputStream:75 - [STDERR_REDIRECT] [Fatal Error] :1:1: Premature end of file.
2025-08-31 10:50:48,351 [ERROR] LogOutputStream:75 - [STDERR_REDIRECT] 
2025-08-31 10:50:48,406 [ERROR] LogOutputStream:75 - [STDERR_REDIRECT] [Fatal Error] :1:1: Premature end of file.
2025-08-31 10:50:48,406 [ERROR] LogOutputStream:75 - [STDERR_REDIRECT] 
2025-08-31 10:50:48,464 [ERROR] LogOutputStream:75 - [STDERR_REDIRECT] [Fatal Error] :1:1: Premature end of file.
2025-08-31 10:50:48,464 [ERROR] LogOutputStream:75 - [STDERR_REDIRECT] 
2025-08-31 10:50:48,528 [ERROR] LogOutputStream:75 - [STDERR_REDIRECT] [Fatal Error] :1:1: Premature end of file.
2025-08-31 10:50:48,528 [ERROR] LogOutputStream:75 - [STDERR_REDIRECT] 
2025-08-31 10:50:48,593 [ERROR] LogOutputStream:75 - [STDERR_REDIRECT] [Fatal Error] :1:1: Premature end of file.
2025-08-31 10:50:48,593 [ERROR] LogOutputStream:75 - [STDERR_REDIRECT] 
2025-08-31 10:50:48,651 [ERROR] LogOutputStream:75 - [STDERR_REDIRECT] [Fatal Error] :1:1: Premature end of file.
2025-08-31 10:50:48,651 [ERROR] LogOutputStream:75 - [STDERR_REDIRECT] 
2025-08-31 10:50:48,707 [ERROR] LogOutputStream:75 - [STDERR_REDIRECT] [Fatal Error] :1:1: Premature end of file.
2025-08-31 10:50:48,707 [ERROR] LogOutputStream:75 - [STDERR_REDIRECT] 
2025-08-31 10:50:48,755 [ERROR] LogOutputStream:75 - [STDERR_REDIRECT] [Fatal Error] :1:1: Premature end of file.
2025-08-31 10:50:48,756 [ERROR] LogOutputStream:75 - [STDERR_REDIRECT] 
2025-08-31 10:50:48,800 [ERROR] LogOutputStream:75 - [STDERR_REDIRECT] [Fatal Error] :1:1: Premature end of file.
2025-08-31 10:50:48,800 [ERROR] LogOutputStream:75 - [STDERR_REDIRECT] 
2025-08-31 10:50:48,857 [ERROR] LogOutputStream:75 - [STDERR_REDIRECT] [Fatal Error] :1:1: Premature end of file.
2025-08-31 10:50:48,857 [ERROR] LogOutputStream:75 - [STDERR_REDIRECT] 
2025-08-31 10:50:48,915 [ERROR] LogOutputStream:75 - [STDERR_REDIRECT] [Fatal Error] :1:1: Premature end of file.
2025-08-31 10:50:48,915 [ERROR] LogOutputStream:75 - [STDERR_REDIRECT] 
2025-08-31 10:50:48,967 [ERROR] LogOutputStream:75 - [STDERR_REDIRECT] [Fatal Error] :1:1: Premature end of file.
2025-08-31 10:50:48,967 [ERROR] LogOutputStream:75 - [STDERR_REDIRECT] 
2025-08-31 10:50:49,017 [ERROR] LogOutputStream:75 - [STDERR_REDIRECT] [Fatal Error] :1:1: Premature end of file.
2025-08-31 10:50:49,017 [ERROR] LogOutputStream:75 - [STDERR_REDIRECT] 
2025-08-31 10:50:49,081 [ERROR] LogOutputStream:75 - [STDERR_REDIRECT] [Fatal Error] :1:1: Premature end of file.
2025-08-31 10:50:49,081 [ERROR] LogOutputStream:75 - [STDERR_REDIRECT] 
2025-08-31 10:50:49,148 [ERROR] LogOutputStream:75 - [STDERR_REDIRECT] [Fatal Error] :1:1: Premature end of file.
2025-08-31 10:50:49,148 [ERROR] LogOutputStream:75 - [STDERR_REDIRECT] 
2025-08-31 10:50:49,204 [ERROR] LogOutputStream:75 - [STDERR_REDIRECT] [Fatal Error] :1:1: Premature end of file.
2025-08-31 10:50:49,205 [ERROR] LogOutputStream:75 - [STDERR_REDIRECT] 
2025-08-31 10:50:49,256 [ERROR] LogOutputStream:75 - [STDERR_REDIRECT] [Fatal Error] :1:1: Premature end of file.
2025-08-31 10:50:49,256 [ERROR] LogOutputStream:75 - [STDERR_REDIRECT] 
2025-08-31 10:50:49,302 [ERROR] LogOutputStream:75 - [STDERR_REDIRECT] [Fatal Error] :1:1: Premature end of file.
2025-08-31 10:50:49,302 [ERROR] LogOutputStream:75 - [STDERR_REDIRECT] 
2025-08-31 10:50:49,367 [ERROR] LogOutputStream:75 - [STDERR_REDIRECT] [Fatal Error] :1:1: Premature end of file.
2025-08-31 10:50:49,368 [ERROR] LogOutputStream:75 - [STDERR_REDIRECT] 
2025-08-31 10:50:49,446 [ERROR] LogOutputStream:75 - [STDERR_REDIRECT] [Fatal Error] :1:1: Premature end of file.
2025-08-31 10:50:49,446 [ERROR] LogOutputStream:75 - [STDERR_REDIRECT] 
2025-08-31 10:50:49,510 [ERROR] LogOutputStream:75 - [STDERR_REDIRECT] [Fatal Error] :1:1: Premature end of file.
2025-08-31 10:50:49,511 [ERROR] LogOutputStream:75 - [STDERR_REDIRECT] 
2025-08-31 10:50:49,555 [ERROR] LogOutputStream:75 - [STDERR_REDIRECT] [Fatal Error] :1:1: Premature end of file.
2025-08-31 10:50:49,555 [ERROR] LogOutputStream:75 - [STDERR_REDIRECT] 
2025-08-31 10:50:49,599 [ERROR] LogOutputStream:75 - [STDERR_REDIRECT] [Fatal Error] :1:1: Premature end of file.
2025-08-31 10:50:49,599 [ERROR] LogOutputStream:75 - [STDERR_REDIRECT] 
2025-08-31 10:50:49,642 [ERROR] LogOutputStream:75 - [STDERR_REDIRECT] [Fatal Error] :1:1: Premature end of file.
2025-08-31 10:50:49,642 [ERROR] LogOutputStream:75 - [STDERR_REDIRECT] 
2025-08-31 10:50:49,689 [ERROR] LogOutputStream:75 - [STDERR_REDIRECT] [Fatal Error] :1:1: Premature end of file.
2025-08-31 10:50:49,689 [ERROR] LogOutputStream:75 - [STDERR_REDIRECT] 
2025-08-31 10:50:49,730 [ERROR] LogOutputStream:75 - [STDERR_REDIRECT] [Fatal Error] :1:1: Premature end of file.
2025-08-31 10:50:49,732 [ERROR] LogOutputStream:75 - [STDERR_REDIRECT] 
2025-08-31 10:50:49,776 [ERROR] LogOutputStream:75 - [STDERR_REDIRECT] [Fatal Error] :1:1: Premature end of file.
2025-08-31 10:50:49,777 [ERROR] LogOutputStream:75 - [STDERR_REDIRECT] 
2025-08-31 10:50:49,824 [ERROR] LogOutputStream:75 - [STDERR_REDIRECT] [Fatal Error] :1:1: Premature end of file.
2025-08-31 10:50:49,824 [ERROR] LogOutputStream:75 - [STDERR_REDIRECT] 
2025-08-31 10:50:49,863 [ERROR] LogOutputStream:75 - [STDERR_REDIRECT] [Fatal Error] :1:1: Premature end of file.
2025-08-31 10:50:49,863 [ERROR] LogOutputStream:75 - [STDERR_REDIRECT] 
2025-08-31 10:50:49,907 [ERROR] LogOutputStream:75 - [STDERR_REDIRECT] [Fatal Error] :1:1: Premature end of file.
2025-08-31 10:50:49,908 [ERROR] LogOutputStream:75 - [STDERR_REDIRECT] 
2025-08-31 10:50:49,951 [ERROR] LogOutputStream:75 - [STDERR_REDIRECT] [Fatal Error] :1:1: Premature end of file.
2025-08-31 10:50:49,951 [ERROR] LogOutputStream:75 - [STDERR_REDIRECT] 
2025-08-31 10:50:49,991 [ERROR] LogOutputStream:75 - [STDERR_REDIRECT] [Fatal Error] :1:1: Premature end of file.
2025-08-31 10:50:49,991 [ERROR] LogOutputStream:75 - [STDERR_REDIRECT] 
2025-08-31 10:50:50,035 [ERROR] LogOutputStream:75 - [STDERR_REDIRECT] [Fatal Error] :1:1: Premature end of file.
2025-08-31 10:50:50,035 [ERROR] LogOutputStream:75 - [STDERR_REDIRECT] 
2025-08-31 10:50:50,099 [ERROR] LogOutputStream:75 - [STDERR_REDIRECT] [Fatal Error] :1:1: Premature end of file.
2025-08-31 10:50:50,099 [ERROR] LogOutputStream:75 - [STDERR_REDIRECT] 
2025-08-31 10:50:50,161 [ERROR] LogOutputStream:75 - [STDERR_REDIRECT] [Fatal Error] :1:1: Premature end of file.
2025-08-31 10:50:50,161 [ERROR] LogOutputStream:75 - [STDERR_REDIRECT] 
2025-08-31 10:50:50,214 [ERROR] LogOutputStream:75 - [STDERR_REDIRECT] [Fatal Error] :1:1: Premature end of file.
2025-08-31 10:50:50,214 [ERROR] LogOutputStream:75 - [STDERR_REDIRECT] 
2025-08-31 10:50:50,273 [ERROR] LogOutputStream:75 - [STDERR_REDIRECT] [Fatal Error] :1:1: Premature end of file.
2025-08-31 10:50:50,273 [ERROR] LogOutputStream:75 - [STDERR_REDIRECT] 
2025-08-31 10:50:50,339 [ERROR] LogOutputStream:75 - [STDERR_REDIRECT] [Fatal Error] :1:1: Premature end of file.
2025-08-31 10:50:50,340 [ERROR] LogOutputStream:75 - [STDERR_REDIRECT] 
2025-08-31 10:50:50,421 [ERROR] LogOutputStream:75 - [STDERR_REDIRECT] [Fatal Error] :1:1: Premature end of file.
2025-08-31 10:50:50,423 [ERROR] LogOutputStream:75 - [STDERR_REDIRECT] 
2025-08-31 10:50:50,479 [ERROR] LogOutputStream:75 - [STDERR_REDIRECT] [Fatal Error] :1:1: Premature end of file.
2025-08-31 10:50:50,479 [ERROR] LogOutputStream:75 - [STDERR_REDIRECT] 
2025-08-31 10:50:50,538 [ERROR] LogOutputStream:75 - [STDERR_REDIRECT] [Fatal Error] :1:1: Premature end of file.
2025-08-31 10:50:50,538 [ERROR] LogOutputStream:75 - [STDERR_REDIRECT] 
2025-08-31 10:50:50,586 [ERROR] LogOutputStream:75 - [STDERR_REDIRECT] [Fatal Error] :1:1: Premature end of file.
2025-08-31 10:50:50,586 [ERROR] LogOutputStream:75 - [STDERR_REDIRECT] 
2025-08-31 10:50:50,646 [ERROR] LogOutputStream:75 - [STDERR_REDIRECT] [Fatal Error] :1:1: Premature end of file.
2025-08-31 10:50:50,646 [ERROR] LogOutputStream:75 - [STDERR_REDIRECT] 
2025-08-31 10:50:50,711 [ERROR] LogOutputStream:75 - [STDERR_REDIRECT] [Fatal Error] :1:1: Premature end of file.
2025-08-31 10:50:50,711 [ERROR] LogOutputStream:75 - [STDERR_REDIRECT] 
2025-08-31 10:50:50,783 [ERROR] LogOutputStream:75 - [STDERR_REDIRECT] [Fatal Error] :1:1: Premature end of file.
2025-08-31 10:50:50,783 [ERROR] LogOutputStream:75 - [STDERR_REDIRECT] 
2025-08-31 10:50:50,849 [ERROR] LogOutputStream:75 - [STDERR_REDIRECT] [Fatal Error] :1:1: Premature end of file.
2025-08-31 10:50:50,849 [ERROR] LogOutputStream:75 - [STDERR_REDIRECT] 
2025-08-31 10:50:50,918 [ERROR] LogOutputStream:75 - [STDERR_REDIRECT] [Fatal Error] :1:1: Premature end of file.
2025-08-31 10:50:50,919 [ERROR] LogOutputStream:75 - [STDERR_REDIRECT] 
2025-08-31 10:50:50,992 [ERROR] LogOutputStream:75 - [STDERR_REDIRECT] [Fatal Error] :1:1: Premature end of file.
2025-08-31 10:50:50,992 [ERROR] LogOutputStream:75 - [STDERR_REDIRECT] 
2025-08-31 10:50:51,060 [ERROR] LogOutputStream:75 - [STDERR_REDIRECT] [Fatal Error] :1:1: Premature end of file.
2025-08-31 10:50:51,061 [ERROR] LogOutputStream:75 - [STDERR_REDIRECT] 
2025-08-31 10:50:51,134 [ERROR] LogOutputStream:75 - [STDERR_REDIRECT] [Fatal Error] :1:1: Premature end of file.
2025-08-31 10:50:51,135 [ERROR] LogOutputStream:75 - [STDERR_REDIRECT] 
2025-08-31 10:50:51,205 [ERROR] LogOutputStream:75 - [STDERR_REDIRECT] [Fatal Error] :1:1: Premature end of file.
2025-08-31 10:50:51,205 [ERROR] LogOutputStream:75 - [STDERR_REDIRECT] 
2025-08-31 10:50:51,273 [ERROR] LogOutputStream:75 - [STDERR_REDIRECT] [Fatal Error] :1:1: Premature end of file.
2025-08-31 10:50:51,273 [ERROR] LogOutputStream:75 - [STDERR_REDIRECT] 
2025-08-31 10:50:51,337 [ERROR] LogOutputStream:75 - [STDERR_REDIRECT] [Fatal Error] :1:1: Premature end of file.
2025-08-31 10:50:51,338 [ERROR] LogOutputStream:75 - [STDERR_REDIRECT] 
2025-08-31 10:50:51,409 [ERROR] LogOutputStream:75 - [STDERR_REDIRECT] [Fatal Error] :1:1: Premature end of file.
2025-08-31 10:50:51,409 [ERROR] LogOutputStream:75 - [STDERR_REDIRECT] 
2025-08-31 10:50:51,463 [ERROR] LogOutputStream:75 - [STDERR_REDIRECT] [Fatal Error] :1:1: Premature end of file.
2025-08-31 10:50:51,464 [ERROR] LogOutputStream:75 - [STDERR_REDIRECT] 
2025-08-31 10:50:51,530 [ERROR] LogOutputStream:75 - [STDERR_REDIRECT] [Fatal Error] :1:1: Premature end of file.
2025-08-31 10:50:51,530 [ERROR] LogOutputStream:75 - [STDERR_REDIRECT] 
2025-08-31 10:50:51,582 [ERROR] LogOutputStream:75 - [STDERR_REDIRECT] [Fatal Error] :1:1: Premature end of file.
2025-08-31 10:50:51,583 [ERROR] LogOutputStream:75 - [STDERR_REDIRECT] 
2025-08-31 10:50:51,638 [ERROR] LogOutputStream:75 - [STDERR_REDIRECT] [Fatal Error] :1:1: Premature end of file.
2025-08-31 10:50:51,638 [ERROR] LogOutputStream:75 - [STDERR_REDIRECT] 
2025-08-31 10:50:51,689 [ERROR] LogOutputStream:75 - [STDERR_REDIRECT] [Fatal Error] :1:1: Premature end of file.
2025-08-31 10:50:51,689 [ERROR] LogOutputStream:75 - [STDERR_REDIRECT] 
2025-08-31 10:50:51,756 [ERROR] LogOutputStream:75 - [STDERR_REDIRECT] [Fatal Error] :1:1: Premature end of file.
2025-08-31 10:50:51,756 [ERROR] LogOutputStream:75 - [STDERR_REDIRECT] 
2025-08-31 10:50:51,831 [ERROR] LogOutputStream:75 - [STDERR_REDIRECT] [Fatal Error] :1:1: Premature end of file.
2025-08-31 10:50:51,832 [ERROR] LogOutputStream:75 - [STDERR_REDIRECT] 
2025-08-31 10:50:51,886 [ERROR] LogOutputStream:75 - [STDERR_REDIRECT] [Fatal Error] :1:1: Premature end of file.
2025-08-31 10:50:51,886 [ERROR] LogOutputStream:75 - [STDERR_REDIRECT] 
2025-08-31 10:50:51,935 [ERROR] LogOutputStream:75 - [STDERR_REDIRECT] [Fatal Error] :1:1: Premature end of file.
2025-08-31 10:50:51,936 [ERROR] LogOutputStream:75 - [STDERR_REDIRECT] 
2025-08-31 10:50:51,990 [ERROR] LogOutputStream:75 - [STDERR_REDIRECT] [Fatal Error] :1:1: Premature end of file.
2025-08-31 10:50:51,990 [ERROR] LogOutputStream:75 - [STDERR_REDIRECT] 
2025-08-31 10:50:52,057 [ERROR] LogOutputStream:75 - [STDERR_REDIRECT] [Fatal Error] :1:1: Premature end of file.
2025-08-31 10:50:52,057 [ERROR] LogOutputStream:75 - [STDERR_REDIRECT] 
2025-08-31 10:50:52,113 [ERROR] LogOutputStream:75 - [STDERR_REDIRECT] [Fatal Error] :1:1: Premature end of file.
2025-08-31 10:50:52,113 [ERROR] LogOutputStream:75 - [STDERR_REDIRECT] 
2025-08-31 10:50:52,174 [ERROR] LogOutputStream:75 - [STDERR_REDIRECT] [Fatal Error] :1:1: Premature end of file.
2025-08-31 10:50:52,174 [ERROR] LogOutputStream:75 - [STDERR_REDIRECT] 
2025-08-31 10:50:52,240 [ERROR] LogOutputStream:75 - [STDERR_REDIRECT] [Fatal Error] :1:1: Premature end of file.
2025-08-31 10:50:52,240 [ERROR] LogOutputStream:75 - [STDERR_REDIRECT] 
2025-08-31 10:50:52,296 [ERROR] LogOutputStream:75 - [STDERR_REDIRECT] [Fatal Error] :1:1: Premature end of file.
2025-08-31 10:50:52,296 [ERROR] LogOutputStream:75 - [STDERR_REDIRECT] 
2025-08-31 10:50:52,364 [ERROR] LogOutputStream:75 - [STDERR_REDIRECT] [Fatal Error] :1:1: Premature end of file.
2025-08-31 10:50:52,364 [ERROR] LogOutputStream:75 - [STDERR_REDIRECT] 
2025-08-31 10:50:52,435 [ERROR] LogOutputStream:75 - [STDERR_REDIRECT] [Fatal Error] :1:1: Premature end of file.
2025-08-31 10:50:52,436 [ERROR] LogOutputStream:75 - [STDERR_REDIRECT] 
2025-08-31 10:50:52,507 [ERROR] LogOutputStream:75 - [STDERR_REDIRECT] [Fatal Error] :1:1: Premature end of file.
2025-08-31 10:50:52,508 [ERROR] LogOutputStream:75 - [STDERR_REDIRECT] 
2025-08-31 10:50:52,578 [ERROR] LogOutputStream:75 - [STDERR_REDIRECT] [Fatal Error] :1:1: Premature end of file.
2025-08-31 10:50:52,578 [ERROR] LogOutputStream:75 - [STDERR_REDIRECT] 
2025-08-31 10:50:52,646 [ERROR] LogOutputStream:75 - [STDERR_REDIRECT] [Fatal Error] :1:1: Premature end of file.
2025-08-31 10:50:52,646 [ERROR] LogOutputStream:75 - [STDERR_REDIRECT] 
2025-08-31 10:50:52,723 [ERROR] LogOutputStream:75 - [STDERR_REDIRECT] [Fatal Error] :1:1: Premature end of file.
2025-08-31 10:50:52,723 [ERROR] LogOutputStream:75 - [STDERR_REDIRECT] 
2025-08-31 10:50:52,792 [ERROR] LogOutputStream:75 - [STDERR_REDIRECT] [Fatal Error] :1:1: Premature end of file.
2025-08-31 10:50:52,792 [ERROR] LogOutputStream:75 - [STDERR_REDIRECT] 
2025-08-31 10:50:52,859 [ERROR] LogOutputStream:75 - [STDERR_REDIRECT] [Fatal Error] :1:1: Premature end of file.
2025-08-31 10:50:52,859 [ERROR] LogOutputStream:75 - [STDERR_REDIRECT] 
2025-08-31 10:50:52,928 [ERROR] LogOutputStream:75 - [STDERR_REDIRECT] [Fatal Error] :1:1: Premature end of file.
2025-08-31 10:50:52,929 [ERROR] LogOutputStream:75 - [STDERR_REDIRECT] 
2025-08-31 10:50:52,988 [ERROR] LogOutputStream:75 - [STDERR_REDIRECT] [Fatal Error] :1:1: Premature end of file.
2025-08-31 10:50:52,989 [ERROR] LogOutputStream:75 - [STDERR_REDIRECT] 
2025-08-31 10:50:53,055 [ERROR] LogOutputStream:75 - [STDERR_REDIRECT] [Fatal Error] :1:1: Premature end of file.
2025-08-31 10:50:53,056 [ERROR] LogOutputStream:75 - [STDERR_REDIRECT] 
2025-08-31 10:50:53,124 [ERROR] LogOutputStream:75 - [STDERR_REDIRECT] [Fatal Error] :1:1: Premature end of file.
2025-08-31 10:50:53,124 [ERROR] LogOutputStream:75 - [STDERR_REDIRECT] 
2025-08-31 10:50:53,191 [ERROR] LogOutputStream:75 - [STDERR_REDIRECT] [Fatal Error] :1:1: Premature end of file.
2025-08-31 10:50:53,191 [ERROR] LogOutputStream:75 - [STDERR_REDIRECT] 
2025-08-31 10:50:53,257 [ERROR] LogOutputStream:75 - [STDERR_REDIRECT] [Fatal Error] :1:1: Premature end of file.
2025-08-31 10:50:53,257 [ERROR] LogOutputStream:75 - [STDERR_REDIRECT] 
2025-08-31 10:50:53,326 [ERROR] LogOutputStream:75 - [STDERR_REDIRECT] [Fatal Error] :1:1: Premature end of file.
2025-08-31 10:50:53,326 [ERROR] LogOutputStream:75 - [STDERR_REDIRECT] 
2025-08-31 10:50:53,394 [ERROR] LogOutputStream:75 - [STDERR_REDIRECT] [Fatal Error] :1:1: Premature end of file.
2025-08-31 10:50:53,394 [ERROR] LogOutputStream:75 - [STDERR_REDIRECT] 
2025-08-31 10:50:53,462 [ERROR] LogOutputStream:75 - [STDERR_REDIRECT] [Fatal Error] :1:1: Premature end of file.
2025-08-31 10:50:53,462 [ERROR] LogOutputStream:75 - [STDERR_REDIRECT] 
2025-08-31 10:50:53,526 [ERROR] LogOutputStream:75 - [STDERR_REDIRECT] [Fatal Error] :1:1: Premature end of file.
2025-08-31 10:50:53,526 [ERROR] LogOutputStream:75 - [STDERR_REDIRECT] 
2025-08-31 10:50:53,600 [ERROR] LogOutputStream:75 - [STDERR_REDIRECT] [Fatal Error] :1:1: Premature end of file.
2025-08-31 10:50:53,601 [ERROR] LogOutputStream:75 - [STDERR_REDIRECT] 
2025-08-31 10:50:53,669 [ERROR] LogOutputStream:75 - [STDERR_REDIRECT] [Fatal Error] :1:1: Premature end of file.
2025-08-31 10:50:53,669 [ERROR] LogOutputStream:75 - [STDERR_REDIRECT] 
2025-08-31 10:50:53,733 [ERROR] LogOutputStream:75 - [STDERR_REDIRECT] [Fatal Error] :1:1: Premature end of file.
2025-08-31 10:50:53,733 [ERROR] LogOutputStream:75 - [STDERR_REDIRECT] 
2025-08-31 10:50:53,797 [ERROR] LogOutputStream:75 - [STDERR_REDIRECT] [Fatal Error] :1:1: Premature end of file.
2025-08-31 10:50:53,797 [ERROR] LogOutputStream:75 - [STDERR_REDIRECT] 
2025-08-31 10:50:53,869 [ERROR] LogOutputStream:75 - [STDERR_REDIRECT] [Fatal Error] :1:1: Premature end of file.
2025-08-31 10:50:53,869 [ERROR] LogOutputStream:75 - [STDERR_REDIRECT] 
2025-08-31 10:50:53,937 [ERROR] LogOutputStream:75 - [STDERR_REDIRECT] [Fatal Error] :1:1: Premature end of file.
2025-08-31 10:50:53,937 [ERROR] LogOutputStream:75 - [STDERR_REDIRECT] 
2025-08-31 10:50:54,002 [ERROR] LogOutputStream:75 - [STDERR_REDIRECT] [Fatal Error] :1:1: Premature end of file.
2025-08-31 10:50:54,002 [ERROR] LogOutputStream:75 - [STDERR_REDIRECT] 
2025-08-31 10:50:54,066 [ERROR] LogOutputStream:75 - [STDERR_REDIRECT] [Fatal Error] :1:1: Premature end of file.
2025-08-31 10:50:54,066 [ERROR] LogOutputStream:75 - [STDERR_REDIRECT] 
2025-08-31 10:50:54,140 [ERROR] LogOutputStream:75 - [STDERR_REDIRECT] [Fatal Error] :1:1: Premature end of file.
2025-08-31 10:50:54,141 [ERROR] LogOutputStream:75 - [STDERR_REDIRECT] 
2025-08-31 10:50:54,205 [ERROR] LogOutputStream:75 - [STDERR_REDIRECT] [Fatal Error] :1:1: Premature end of file.
2025-08-31 10:50:54,205 [ERROR] LogOutputStream:75 - [STDERR_REDIRECT] 
2025-08-31 10:50:54,267 [ERROR] LogOutputStream:75 - [STDERR_REDIRECT] [Fatal Error] :1:1: Premature end of file.
2025-08-31 10:50:54,267 [ERROR] LogOutputStream:75 - [STDERR_REDIRECT] 
2025-08-31 10:50:54,326 [ERROR] LogOutputStream:75 - [STDERR_REDIRECT] [Fatal Error] :1:1: Premature end of file.
2025-08-31 10:50:54,326 [ERROR] LogOutputStream:75 - [STDERR_REDIRECT] 
2025-08-31 10:50:54,393 [ERROR] LogOutputStream:75 - [STDERR_REDIRECT] [Fatal Error] :1:1: Premature end of file.
2025-08-31 10:50:54,393 [ERROR] LogOutputStream:75 - [STDERR_REDIRECT] 
2025-08-31 10:50:54,462 [ERROR] LogOutputStream:75 - [STDERR_REDIRECT] [Fatal Error] :1:1: Premature end of file.
2025-08-31 10:50:54,462 [ERROR] LogOutputStream:75 - [STDERR_REDIRECT] 
2025-08-31 10:50:54,521 [ERROR] LogOutputStream:75 - [STDERR_REDIRECT] [Fatal Error] :1:1: Premature end of file.
2025-08-31 10:50:54,521 [ERROR] LogOutputStream:75 - [STDERR_REDIRECT] 
2025-08-31 10:50:54,584 [ERROR] LogOutputStream:75 - [STDERR_REDIRECT] [Fatal Error] :1:1: Premature end of file.
2025-08-31 10:50:54,584 [ERROR] LogOutputStream:75 - [STDERR_REDIRECT] 
2025-08-31 10:50:54,653 [ERROR] LogOutputStream:75 - [STDERR_REDIRECT] [Fatal Error] :1:1: Premature end of file.
2025-08-31 10:50:54,654 [ERROR] LogOutputStream:75 - [STDERR_REDIRECT] 
2025-08-31 10:50:54,722 [ERROR] LogOutputStream:75 - [STDERR_REDIRECT] [Fatal Error] :1:1: Premature end of file.
2025-08-31 10:50:54,722 [ERROR] LogOutputStream:75 - [STDERR_REDIRECT] 
2025-08-31 10:50:54,793 [ERROR] LogOutputStream:75 - [STDERR_REDIRECT] [Fatal Error] :1:1: Premature end of file.
2025-08-31 10:50:54,793 [ERROR] LogOutputStream:75 - [STDERR_REDIRECT] 
2025-08-31 10:50:54,862 [ERROR] LogOutputStream:75 - [STDERR_REDIRECT] [Fatal Error] :1:1: Premature end of file.
2025-08-31 10:50:54,862 [ERROR] LogOutputStream:75 - [STDERR_REDIRECT] 
2025-08-31 10:50:54,930 [ERROR] LogOutputStream:75 - [STDERR_REDIRECT] [Fatal Error] :1:1: Premature end of file.
2025-08-31 10:50:54,931 [ERROR] LogOutputStream:75 - [STDERR_REDIRECT] 
2025-08-31 10:50:55,008 [ERROR] LogOutputStream:75 - [STDERR_REDIRECT] [Fatal Error] :1:1: Premature end of file.
2025-08-31 10:50:55,008 [ERROR] LogOutputStream:75 - [STDERR_REDIRECT] 
2025-08-31 10:50:55,075 [ERROR] LogOutputStream:75 - [STDERR_REDIRECT] [Fatal Error] :1:1: Premature end of file.
2025-08-31 10:50:55,075 [ERROR] LogOutputStream:75 - [STDERR_REDIRECT] 
2025-08-31 10:50:55,123 [ERROR] LogOutputStream:75 - [STDERR_REDIRECT] [Fatal Error] :1:1: Premature end of file.
2025-08-31 10:50:55,123 [ERROR] LogOutputStream:75 - [STDERR_REDIRECT] 
2025-08-31 10:50:55,183 [ERROR] LogOutputStream:75 - [STDERR_REDIRECT] [Fatal Error] :1:1: Premature end of file.
2025-08-31 10:50:55,184 [ERROR] LogOutputStream:75 - [STDERR_REDIRECT] 
2025-08-31 10:50:55,243 [ERROR] LogOutputStream:75 - [STDERR_REDIRECT] [Fatal Error] :1:1: Premature end of file.
2025-08-31 10:50:55,243 [ERROR] LogOutputStream:75 - [STDERR_REDIRECT] 
2025-08-31 10:50:55,293 [ERROR] LogOutputStream:75 - [STDERR_REDIRECT] [Fatal Error] :1:1: Premature end of file.
2025-08-31 10:50:55,293 [ERROR] LogOutputStream:75 - [STDERR_REDIRECT] 
2025-08-31 10:50:55,346 [ERROR] LogOutputStream:75 - [STDERR_REDIRECT] [Fatal Error] :1:1: Premature end of file.
2025-08-31 10:50:55,346 [ERROR] LogOutputStream:75 - [STDERR_REDIRECT] 
2025-08-31 10:50:55,394 [ERROR] LogOutputStream:75 - [STDERR_REDIRECT] [Fatal Error] :1:1: Premature end of file.
2025-08-31 10:50:55,395 [ERROR] LogOutputStream:75 - [STDERR_REDIRECT] 
2025-08-31 10:50:55,454 [ERROR] LogOutputStream:75 - [STDERR_REDIRECT] [Fatal Error] :1:1: Premature end of file.
2025-08-31 10:50:55,454 [ERROR] LogOutputStream:75 - [STDERR_REDIRECT] 
2025-08-31 10:50:55,510 [ERROR] LogOutputStream:75 - [STDERR_REDIRECT] [Fatal Error] :1:1: Premature end of file.
2025-08-31 10:50:55,510 [ERROR] LogOutputStream:75 - [STDERR_REDIRECT] 
2025-08-31 10:50:55,563 [ERROR] LogOutputStream:75 - [STDERR_REDIRECT] [Fatal Error] :1:1: Premature end of file.
2025-08-31 10:50:55,564 [ERROR] LogOutputStream:75 - [STDERR_REDIRECT] 
2025-08-31 10:50:55,624 [ERROR] LogOutputStream:75 - [STDERR_REDIRECT] [Fatal Error] :1:1: Premature end of file.
2025-08-31 10:50:55,624 [ERROR] LogOutputStream:75 - [STDERR_REDIRECT] 
2025-08-31 10:50:55,671 [ERROR] LogOutputStream:75 - [STDERR_REDIRECT] [Fatal Error] :1:1: Premature end of file.
2025-08-31 10:50:55,671 [ERROR] LogOutputStream:75 - [STDERR_REDIRECT] 
2025-08-31 10:50:55,716 [ERROR] LogOutputStream:75 - [STDERR_REDIRECT] [Fatal Error] :1:1: Premature end of file.
2025-08-31 10:50:55,716 [ERROR] LogOutputStream:75 - [STDERR_REDIRECT] 
2025-08-31 10:50:55,762 [ERROR] LogOutputStream:75 - [STDERR_REDIRECT] [Fatal Error] :1:1: Premature end of file.
2025-08-31 10:50:55,762 [ERROR] LogOutputStream:75 - [STDERR_REDIRECT] 
2025-08-31 10:50:55,811 [ERROR] LogOutputStream:75 - [STDERR_REDIRECT] [Fatal Error] :1:1: Premature end of file.
2025-08-31 10:50:55,812 [ERROR] LogOutputStream:75 - [STDERR_REDIRECT] 
2025-08-31 10:50:55,861 [ERROR] LogOutputStream:75 - [STDERR_REDIRECT] [Fatal Error] :1:1: Premature end of file.
2025-08-31 10:50:55,861 [ERROR] LogOutputStream:75 - [STDERR_REDIRECT] 
2025-08-31 10:50:55,920 [ERROR] LogOutputStream:75 - [STDERR_REDIRECT] [Fatal Error] :1:1: Premature end of file.
2025-08-31 10:50:55,920 [ERROR] LogOutputStream:75 - [STDERR_REDIRECT] 
2025-08-31 10:50:55,966 [ERROR] LogOutputStream:75 - [STDERR_REDIRECT] [Fatal Error] :1:1: Premature end of file.
2025-08-31 10:50:55,966 [ERROR] LogOutputStream:75 - [STDERR_REDIRECT] 
2025-08-31 10:50:56,011 [ERROR] LogOutputStream:75 - [STDERR_REDIRECT] [Fatal Error] :1:1: Premature end of file.
2025-08-31 10:50:56,011 [ERROR] LogOutputStream:75 - [STDERR_REDIRECT] 
2025-08-31 10:50:56,065 [ERROR] LogOutputStream:75 - [STDERR_REDIRECT] [Fatal Error] :1:1: Premature end of file.
2025-08-31 10:50:56,066 [ERROR] LogOutputStream:75 - [STDERR_REDIRECT] 
2025-08-31 10:50:56,119 [ERROR] LogOutputStream:75 - [STDERR_REDIRECT] [Fatal Error] :1:1: Premature end of file.
2025-08-31 10:50:56,119 [ERROR] LogOutputStream:75 - [STDERR_REDIRECT] 
2025-08-31 10:50:56,174 [ERROR] LogOutputStream:75 - [STDERR_REDIRECT] [Fatal Error] :1:1: Premature end of file.
2025-08-31 10:50:56,174 [ERROR] LogOutputStream:75 - [STDERR_REDIRECT] 
2025-08-31 10:50:56,240 [ERROR] LogOutputStream:75 - [STDERR_REDIRECT] [Fatal Error] :1:1: Premature end of file.
2025-08-31 10:50:56,240 [ERROR] LogOutputStream:75 - [STDERR_REDIRECT] 
2025-08-31 10:50:56,307 [ERROR] LogOutputStream:75 - [STDERR_REDIRECT] [Fatal Error] :1:1: Premature end of file.
2025-08-31 10:50:56,307 [ERROR] LogOutputStream:75 - [STDERR_REDIRECT] 
2025-08-31 10:50:56,365 [ERROR] LogOutputStream:75 - [STDERR_REDIRECT] [Fatal Error] :1:1: Premature end of file.
2025-08-31 10:50:56,365 [ERROR] LogOutputStream:75 - [STDERR_REDIRECT] 
2025-08-31 10:50:56,437 [ERROR] LogOutputStream:75 - [STDERR_REDIRECT] [Fatal Error] :1:1: Premature end of file.
2025-08-31 10:50:56,437 [ERROR] LogOutputStream:75 - [STDERR_REDIRECT] 
2025-08-31 10:50:56,505 [ERROR] LogOutputStream:75 - [STDERR_REDIRECT] [Fatal Error] :1:1: Premature end of file.
2025-08-31 10:50:56,507 [ERROR] LogOutputStream:75 - [STDERR_REDIRECT] 
2025-08-31 10:50:56,572 [ERROR] LogOutputStream:75 - [STDERR_REDIRECT] [Fatal Error] :1:1: Premature end of file.
2025-08-31 10:50:56,573 [ERROR] LogOutputStream:75 - [STDERR_REDIRECT] 
2025-08-31 10:50:56,639 [ERROR] LogOutputStream:75 - [STDERR_REDIRECT] [Fatal Error] :1:1: Premature end of file.
2025-08-31 10:50:56,639 [ERROR] LogOutputStream:75 - [STDERR_REDIRECT] 
2025-08-31 10:50:56,707 [ERROR] LogOutputStream:75 - [STDERR_REDIRECT] [Fatal Error] :1:1: Premature end of file.
2025-08-31 10:50:56,707 [ERROR] LogOutputStream:75 - [STDERR_REDIRECT] 
2025-08-31 10:50:56,771 [ERROR] LogOutputStream:75 - [STDERR_REDIRECT] [Fatal Error] :1:1: Premature end of file.
2025-08-31 10:50:56,771 [ERROR] LogOutputStream:75 - [STDERR_REDIRECT] 
2025-08-31 10:50:56,827 [ERROR] LogOutputStream:75 - [STDERR_REDIRECT] [Fatal Error] :1:1: Premature end of file.
2025-08-31 10:50:56,827 [ERROR] LogOutputStream:75 - [STDERR_REDIRECT] 
2025-08-31 10:50:56,872 [ERROR] LogOutputStream:75 - [STDERR_REDIRECT] [Fatal Error] :1:1: Premature end of file.
2025-08-31 10:50:56,872 [ERROR] LogOutputStream:75 - [STDERR_REDIRECT] 
2025-08-31 10:50:56,923 [ERROR] LogOutputStream:75 - [STDERR_REDIRECT] [Fatal Error] :1:1: Premature end of file.
2025-08-31 10:50:56,923 [ERROR] LogOutputStream:75 - [STDERR_REDIRECT] 
2025-08-31 10:50:56,986 [ERROR] LogOutputStream:75 - [STDERR_REDIRECT] [Fatal Error] :1:1: Premature end of file.
2025-08-31 10:50:56,986 [ERROR] LogOutputStream:75 - [STDERR_REDIRECT] 
2025-08-31 10:50:57,047 [ERROR] LogOutputStream:75 - [STDERR_REDIRECT] [Fatal Error] :1:1: Premature end of file.
2025-08-31 10:50:57,048 [ERROR] LogOutputStream:75 - [STDERR_REDIRECT] 
2025-08-31 10:50:57,113 [ERROR] LogOutputStream:75 - [STDERR_REDIRECT] [Fatal Error] :1:1: Premature end of file.
2025-08-31 10:50:57,114 [ERROR] LogOutputStream:75 - [STDERR_REDIRECT] 
2025-08-31 10:50:57,170 [ERROR] LogOutputStream:75 - [STDERR_REDIRECT] [Fatal Error] :1:1: Premature end of file.
2025-08-31 10:50:57,170 [ERROR] LogOutputStream:75 - [STDERR_REDIRECT] 
2025-08-31 10:50:57,230 [ERROR] LogOutputStream:75 - [STDERR_REDIRECT] [Fatal Error] :1:1: Premature end of file.
2025-08-31 10:50:57,230 [ERROR] LogOutputStream:75 - [STDERR_REDIRECT] 
2025-08-31 10:50:57,277 [ERROR] LogOutputStream:75 - [STDERR_REDIRECT] [Fatal Error] :1:1: Premature end of file.
2025-08-31 10:50:57,277 [ERROR] LogOutputStream:75 - [STDERR_REDIRECT] 
2025-08-31 10:50:57,329 [ERROR] LogOutputStream:75 - [STDERR_REDIRECT] [Fatal Error] :1:1: Premature end of file.
2025-08-31 10:50:57,329 [ERROR] LogOutputStream:75 - [STDERR_REDIRECT] 
2025-08-31 10:50:57,381 [ERROR] LogOutputStream:75 - [STDERR_REDIRECT] [Fatal Error] :1:1: Premature end of file.
2025-08-31 10:50:57,382 [ERROR] LogOutputStream:75 - [STDERR_REDIRECT] 
2025-08-31 10:50:57,441 [ERROR] LogOutputStream:75 - [STDERR_REDIRECT] [Fatal Error] :1:1: Premature end of file.
2025-08-31 10:50:57,441 [ERROR] LogOutputStream:75 - [STDERR_REDIRECT] 
2025-08-31 10:50:57,493 [ERROR] LogOutputStream:75 - [STDERR_REDIRECT] [Fatal Error] :1:1: Premature end of file.
2025-08-31 10:50:57,494 [ERROR] LogOutputStream:75 - [STDERR_REDIRECT] 
2025-08-31 10:50:57,553 [ERROR] LogOutputStream:75 - [STDERR_REDIRECT] [Fatal Error] :1:1: Premature end of file.
2025-08-31 10:50:57,553 [ERROR] LogOutputStream:75 - [STDERR_REDIRECT] 
2025-08-31 10:50:57,611 [ERROR] LogOutputStream:75 - [STDERR_REDIRECT] [Fatal Error] :1:1: Premature end of file.
2025-08-31 10:50:57,612 [ERROR] LogOutputStream:75 - [STDERR_REDIRECT] 
2025-08-31 10:50:57,671 [ERROR] LogOutputStream:75 - [STDERR_REDIRECT] [Fatal Error] :1:1: Premature end of file.
2025-08-31 10:50:57,672 [ERROR] LogOutputStream:75 - [STDERR_REDIRECT] 
2025-08-31 10:50:57,730 [ERROR] LogOutputStream:75 - [STDERR_REDIRECT] [Fatal Error] :1:1: Premature end of file.
2025-08-31 10:50:57,730 [ERROR] LogOutputStream:75 - [STDERR_REDIRECT] 
2025-08-31 10:50:57,791 [ERROR] LogOutputStream:75 - [STDERR_REDIRECT] [Fatal Error] :1:1: Premature end of file.
2025-08-31 10:50:57,791 [ERROR] LogOutputStream:75 - [STDERR_REDIRECT] 
2025-08-31 10:50:57,852 [ERROR] LogOutputStream:75 - [STDERR_REDIRECT] [Fatal Error] :1:1: Premature end of file.
2025-08-31 10:50:57,852 [ERROR] LogOutputStream:75 - [STDERR_REDIRECT] 
2025-08-31 10:50:57,909 [ERROR] LogOutputStream:75 - [STDERR_REDIRECT] [Fatal Error] :1:1: Premature end of file.
2025-08-31 10:50:57,909 [ERROR] LogOutputStream:75 - [STDERR_REDIRECT] 
2025-08-31 10:50:57,955 [ERROR] LogOutputStream:75 - [STDERR_REDIRECT] [Fatal Error] :1:1: Premature end of file.
2025-08-31 10:50:57,955 [ERROR] LogOutputStream:75 - [STDERR_REDIRECT] 
2025-08-31 10:50:58,005 [ERROR] LogOutputStream:75 - [STDERR_REDIRECT] [Fatal Error] :1:1: Premature end of file.
2025-08-31 10:50:58,005 [ERROR] LogOutputStream:75 - [STDERR_REDIRECT] 
2025-08-31 10:50:58,057 [ERROR] LogOutputStream:75 - [STDERR_REDIRECT] [Fatal Error] :1:1: Premature end of file.
2025-08-31 10:50:58,057 [ERROR] LogOutputStream:75 - [STDERR_REDIRECT] 
2025-08-31 10:50:58,103 [ERROR] LogOutputStream:75 - [STDERR_REDIRECT] [Fatal Error] :1:1: Premature end of file.
2025-08-31 10:50:58,103 [ERROR] LogOutputStream:75 - [STDERR_REDIRECT] 
2025-08-31 10:50:58,151 [ERROR] LogOutputStream:75 - [STDERR_REDIRECT] [Fatal Error] :1:1: Premature end of file.
2025-08-31 10:50:58,151 [ERROR] LogOutputStream:75 - [STDERR_REDIRECT] 
2025-08-31 10:50:58,209 [ERROR] LogOutputStream:75 - [STDERR_REDIRECT] [Fatal Error] :1:1: Premature end of file.
2025-08-31 10:50:58,209 [ERROR] LogOutputStream:75 - [STDERR_REDIRECT] 
2025-08-31 10:50:58,259 [ERROR] LogOutputStream:75 - [STDERR_REDIRECT] [Fatal Error] :1:1: Premature end of file.
2025-08-31 10:50:58,259 [ERROR] LogOutputStream:75 - [STDERR_REDIRECT] 
2025-08-31 10:50:58,308 [ERROR] LogOutputStream:75 - [STDERR_REDIRECT] [Fatal Error] :1:1: Premature end of file.
2025-08-31 10:50:58,308 [ERROR] LogOutputStream:75 - [STDERR_REDIRECT] 
2025-08-31 10:50:58,352 [ERROR] LogOutputStream:75 - [STDERR_REDIRECT] [Fatal Error] :1:1: Premature end of file.
2025-08-31 10:50:58,353 [ERROR] LogOutputStream:75 - [STDERR_REDIRECT] 
2025-08-31 10:50:58,399 [ERROR] LogOutputStream:75 - [STDERR_REDIRECT] [Fatal Error] :1:1: Premature end of file.
2025-08-31 10:50:58,399 [ERROR] LogOutputStream:75 - [STDERR_REDIRECT] 
2025-08-31 10:50:58,457 [ERROR] LogOutputStream:75 - [STDERR_REDIRECT] [Fatal Error] :1:1: Premature end of file.
2025-08-31 10:50:58,457 [ERROR] LogOutputStream:75 - [STDERR_REDIRECT] 
2025-08-31 10:50:58,513 [ERROR] LogOutputStream:75 - [STDERR_REDIRECT] [Fatal Error] :1:1: Premature end of file.
2025-08-31 10:50:58,513 [ERROR] LogOutputStream:75 - [STDERR_REDIRECT] 
2025-08-31 10:50:58,566 [ERROR] LogOutputStream:75 - [STDERR_REDIRECT] [Fatal Error] :1:1: Premature end of file.
2025-08-31 10:50:58,566 [ERROR] LogOutputStream:75 - [STDERR_REDIRECT] 
2025-08-31 10:50:58,620 [ERROR] LogOutputStream:75 - [STDERR_REDIRECT] [Fatal Error] :1:1: Premature end of file.
2025-08-31 10:50:58,620 [ERROR] LogOutputStream:75 - [STDERR_REDIRECT] 
2025-08-31 10:50:58,686 [ERROR] LogOutputStream:75 - [STDERR_REDIRECT] [Fatal Error] :1:1: Premature end of file.
2025-08-31 10:50:58,686 [ERROR] LogOutputStream:75 - [STDERR_REDIRECT] 
2025-08-31 10:50:58,753 [ERROR] LogOutputStream:75 - [STDERR_REDIRECT] [Fatal Error] :1:1: Premature end of file.
2025-08-31 10:50:58,753 [ERROR] LogOutputStream:75 - [STDERR_REDIRECT] 
2025-08-31 10:50:58,822 [ERROR] LogOutputStream:75 - [STDERR_REDIRECT] [Fatal Error] :1:1: Premature end of file.
2025-08-31 10:50:58,822 [ERROR] LogOutputStream:75 - [STDERR_REDIRECT] 
2025-08-31 10:50:58,883 [ERROR] LogOutputStream:75 - [STDERR_REDIRECT] [Fatal Error] :1:1: Premature end of file.
2025-08-31 10:50:58,883 [ERROR] LogOutputStream:75 - [STDERR_REDIRECT] 
2025-08-31 10:50:58,951 [ERROR] LogOutputStream:75 - [STDERR_REDIRECT] [Fatal Error] :1:1: Premature end of file.
2025-08-31 10:50:58,951 [ERROR] LogOutputStream:75 - [STDERR_REDIRECT] 
2025-08-31 10:50:59,022 [ERROR] LogOutputStream:75 - [STDERR_REDIRECT] [Fatal Error] :1:1: Premature end of file.
2025-08-31 10:50:59,022 [ERROR] LogOutputStream:75 - [STDERR_REDIRECT] 
2025-08-31 10:50:59,086 [ERROR] LogOutputStream:75 - [STDERR_REDIRECT] [Fatal Error] :1:1: Premature end of file.
2025-08-31 10:50:59,086 [ERROR] LogOutputStream:75 - [STDERR_REDIRECT] 
2025-08-31 10:50:59,150 [ERROR] LogOutputStream:75 - [STDERR_REDIRECT] [Fatal Error] :1:1: Premature end of file.
2025-08-31 10:50:59,152 [ERROR] LogOutputStream:75 - [STDERR_REDIRECT] 
2025-08-31 10:50:59,217 [ERROR] LogOutputStream:75 - [STDERR_REDIRECT] [Fatal Error] :1:1: Premature end of file.
2025-08-31 10:50:59,217 [ERROR] LogOutputStream:75 - [STDERR_REDIRECT] 
2025-08-31 10:50:59,283 [ERROR] LogOutputStream:75 - [STDERR_REDIRECT] [Fatal Error] :1:1: Premature end of file.
2025-08-31 10:50:59,283 [ERROR] LogOutputStream:75 - [STDERR_REDIRECT] 
2025-08-31 10:50:59,352 [ERROR] LogOutputStream:75 - [STDERR_REDIRECT] [Fatal Error] :1:1: Premature end of file.
2025-08-31 10:50:59,353 [ERROR] LogOutputStream:75 - [STDERR_REDIRECT] 
2025-08-31 10:50:59,420 [ERROR] LogOutputStream:75 - [STDERR_REDIRECT] [Fatal Error] :1:1: Premature end of file.
2025-08-31 10:50:59,421 [ERROR] LogOutputStream:75 - [STDERR_REDIRECT] 
2025-08-31 10:50:59,486 [ERROR] LogOutputStream:75 - [STDERR_REDIRECT] [Fatal Error] :1:1: Premature end of file.
2025-08-31 10:50:59,486 [ERROR] LogOutputStream:75 - [STDERR_REDIRECT] 
2025-08-31 10:50:59,562 [ERROR] LogOutputStream:75 - [STDERR_REDIRECT] [Fatal Error] :1:1: Premature end of file.
2025-08-31 10:50:59,562 [ERROR] LogOutputStream:75 - [STDERR_REDIRECT] 
2025-08-31 10:50:59,625 [ERROR] LogOutputStream:75 - [STDERR_REDIRECT] [Fatal Error] :1:1: Premature end of file.
2025-08-31 10:50:59,625 [ERROR] LogOutputStream:75 - [STDERR_REDIRECT] 
2025-08-31 10:50:59,682 [ERROR] LogOutputStream:75 - [STDERR_REDIRECT] [Fatal Error] :1:1: Premature end of file.
2025-08-31 10:50:59,682 [ERROR] LogOutputStream:75 - [STDERR_REDIRECT] 
2025-08-31 10:50:59,738 [ERROR] LogOutputStream:75 - [STDERR_REDIRECT] [Fatal Error] :1:1: Premature end of file.
2025-08-31 10:50:59,738 [ERROR] LogOutputStream:75 - [STDERR_REDIRECT] 
2025-08-31 10:50:59,804 [ERROR] LogOutputStream:75 - [STDERR_REDIRECT] [Fatal Error] :1:1: Premature end of file.
2025-08-31 10:50:59,805 [ERROR] LogOutputStream:75 - [STDERR_REDIRECT] 
2025-08-31 10:50:59,867 [ERROR] LogOutputStream:75 - [STDERR_REDIRECT] [Fatal Error] :1:1: Premature end of file.
2025-08-31 10:50:59,867 [ERROR] LogOutputStream:75 - [STDERR_REDIRECT] 
2025-08-31 10:50:59,922 [ERROR] LogOutputStream:75 - [STDERR_REDIRECT] [Fatal Error] :1:1: Premature end of file.
2025-08-31 10:50:59,923 [ERROR] LogOutputStream:75 - [STDERR_REDIRECT] 
2025-08-31 10:50:59,985 [ERROR] LogOutputStream:75 - [STDERR_REDIRECT] [Fatal Error] :1:1: Premature end of file.
2025-08-31 10:50:59,985 [ERROR] LogOutputStream:75 - [STDERR_REDIRECT] 
2025-08-31 10:51:00,058 [ERROR] LogOutputStream:75 - [STDERR_REDIRECT] [Fatal Error] :1:1: Premature end of file.
2025-08-31 10:51:00,058 [ERROR] LogOutputStream:75 - [STDERR_REDIRECT] 
2025-08-31 10:51:00,111 [ERROR] LogOutputStream:75 - [STDERR_REDIRECT] [Fatal Error] :1:1: Premature end of file.
2025-08-31 10:51:00,111 [ERROR] LogOutputStream:75 - [STDERR_REDIRECT] 
2025-08-31 10:51:00,169 [ERROR] LogOutputStream:75 - [STDERR_REDIRECT] [Fatal Error] :1:1: Premature end of file.
2025-08-31 10:51:00,170 [ERROR] LogOutputStream:75 - [STDERR_REDIRECT] 
2025-08-31 10:51:00,241 [ERROR] LogOutputStream:75 - [STDERR_REDIRECT] [Fatal Error] :1:1: Premature end of file.
2025-08-31 10:51:00,242 [ERROR] LogOutputStream:75 - [STDERR_REDIRECT] 
2025-08-31 10:51:00,300 [ERROR] LogOutputStream:75 - [STDERR_REDIRECT] [Fatal Error] :1:1: Premature end of file.
2025-08-31 10:51:00,301 [ERROR] LogOutputStream:75 - [STDERR_REDIRECT] 
2025-08-31 10:51:00,368 [ERROR] LogOutputStream:75 - [STDERR_REDIRECT] [Fatal Error] :1:1: Premature end of file.
2025-08-31 10:51:00,368 [ERROR] LogOutputStream:75 - [STDERR_REDIRECT] 
2025-08-31 10:51:00,444 [ERROR] LogOutputStream:75 - [STDERR_REDIRECT] [Fatal Error] :1:1: Premature end of file.
2025-08-31 10:51:00,444 [ERROR] LogOutputStream:75 - [STDERR_REDIRECT] 
2025-08-31 10:51:00,525 [ERROR] LogOutputStream:75 - [STDERR_REDIRECT] [Fatal Error] :1:1: Premature end of file.
2025-08-31 10:51:00,525 [ERROR] LogOutputStream:75 - [STDERR_REDIRECT] 
2025-08-31 10:51:00,609 [ERROR] LogOutputStream:75 - [STDERR_REDIRECT] [Fatal Error] :1:1: Premature end of file.
2025-08-31 10:51:00,610 [ERROR] LogOutputStream:75 - [STDERR_REDIRECT] 
2025-08-31 10:51:00,675 [ERROR] LogOutputStream:75 - [STDERR_REDIRECT] [Fatal Error] :1:1: Premature end of file.
2025-08-31 10:51:00,675 [ERROR] LogOutputStream:75 - [STDERR_REDIRECT] 
2025-08-31 10:51:00,732 [ERROR] LogOutputStream:75 - [STDERR_REDIRECT] [Fatal Error] :1:1: Premature end of file.
2025-08-31 10:51:00,732 [ERROR] LogOutputStream:75 - [STDERR_REDIRECT] 
2025-08-31 10:51:00,780 [ERROR] LogOutputStream:75 - [STDERR_REDIRECT] [Fatal Error] :1:1: Premature end of file.
2025-08-31 10:51:00,780 [ERROR] LogOutputStream:75 - [STDERR_REDIRECT] 
2025-08-31 10:51:00,821 [ERROR] LogOutputStream:75 - [STDERR_REDIRECT] [Fatal Error] :1:1: Premature end of file.
2025-08-31 10:51:00,821 [ERROR] LogOutputStream:75 - [STDERR_REDIRECT] 
2025-08-31 10:51:00,868 [ERROR] LogOutputStream:75 - [STDERR_REDIRECT] [Fatal Error] :1:1: Premature end of file.
2025-08-31 10:51:00,868 [ERROR] LogOutputStream:75 - [STDERR_REDIRECT] 
2025-08-31 10:51:00,929 [ERROR] LogOutputStream:75 - [STDERR_REDIRECT] [Fatal Error] :1:1: Premature end of file.
2025-08-31 10:51:00,929 [ERROR] LogOutputStream:75 - [STDERR_REDIRECT] 
2025-08-31 10:51:01,000 [ERROR] LogOutputStream:75 - [STDERR_REDIRECT] [Fatal Error] :1:1: Premature end of file.
2025-08-31 10:51:01,001 [ERROR] LogOutputStream:75 - [STDERR_REDIRECT] 
2025-08-31 10:51:01,077 [ERROR] LogOutputStream:75 - [STDERR_REDIRECT] [Fatal Error] :1:1: Premature end of file.
2025-08-31 10:51:01,077 [ERROR] LogOutputStream:75 - [STDERR_REDIRECT] 
2025-08-31 10:51:01,138 [ERROR] LogOutputStream:75 - [STDERR_REDIRECT] [Fatal Error] :1:1: Premature end of file.
2025-08-31 10:51:01,138 [ERROR] LogOutputStream:75 - [STDERR_REDIRECT] 
2025-08-31 10:51:01,187 [ERROR] LogOutputStream:75 - [STDERR_REDIRECT] [Fatal Error] :1:1: Premature end of file.
2025-08-31 10:51:01,188 [ERROR] LogOutputStream:75 - [STDERR_REDIRECT] 
2025-08-31 10:51:01,232 [ERROR] LogOutputStream:75 - [STDERR_REDIRECT] [Fatal Error] :1:1: Premature end of file.
2025-08-31 10:51:01,233 [ERROR] LogOutputStream:75 - [STDERR_REDIRECT] 
2025-08-31 10:51:01,276 [ERROR] LogOutputStream:75 - [STDERR_REDIRECT] [Fatal Error] :1:1: Premature end of file.
2025-08-31 10:51:01,276 [ERROR] LogOutputStream:75 - [STDERR_REDIRECT] 
2025-08-31 10:51:01,323 [ERROR] LogOutputStream:75 - [STDERR_REDIRECT] [Fatal Error] :1:1: Premature end of file.
2025-08-31 10:51:01,323 [ERROR] LogOutputStream:75 - [STDERR_REDIRECT] 
2025-08-31 10:51:01,369 [ERROR] LogOutputStream:75 - [STDERR_REDIRECT] [Fatal Error] :1:1: Premature end of file.
2025-08-31 10:51:01,369 [ERROR] LogOutputStream:75 - [STDERR_REDIRECT] 
2025-08-31 10:51:01,416 [ERROR] LogOutputStream:75 - [STDERR_REDIRECT] [Fatal Error] :1:1: Premature end of file.
2025-08-31 10:51:01,416 [ERROR] LogOutputStream:75 - [STDERR_REDIRECT] 
2025-08-31 10:51:01,469 [ERROR] LogOutputStream:75 - [STDERR_REDIRECT] [Fatal Error] :1:1: Premature end of file.
2025-08-31 10:51:01,469 [ERROR] LogOutputStream:75 - [STDERR_REDIRECT] 
2025-08-31 10:51:01,542 [ERROR] LogOutputStream:75 - [STDERR_REDIRECT] [Fatal Error] :1:1: Premature end of file.
2025-08-31 10:51:01,542 [ERROR] LogOutputStream:75 - [STDERR_REDIRECT] 
2025-08-31 10:51:01,616 [ERROR] LogOutputStream:75 - [STDERR_REDIRECT] [Fatal Error] :1:1: Premature end of file.
2025-08-31 10:51:01,617 [ERROR] LogOutputStream:75 - [STDERR_REDIRECT] 
2025-08-31 10:51:01,699 [ERROR] LogOutputStream:75 - [STDERR_REDIRECT] [Fatal Error] :1:1: Premature end of file.
2025-08-31 10:51:01,700 [ERROR] LogOutputStream:75 - [STDERR_REDIRECT] 
2025-08-31 10:51:01,785 [ERROR] LogOutputStream:75 - [STDERR_REDIRECT] [Fatal Error] :1:1: Premature end of file.
2025-08-31 10:51:01,785 [ERROR] LogOutputStream:75 - [STDERR_REDIRECT] 
2025-08-31 10:51:01,835 [ERROR] LogOutputStream:75 - [STDERR_REDIRECT] [Fatal Error] :1:1: Premature end of file.
2025-08-31 10:51:01,835 [ERROR] LogOutputStream:75 - [STDERR_REDIRECT] 
2025-08-31 10:51:01,882 [ERROR] LogOutputStream:75 - [STDERR_REDIRECT] [Fatal Error] :1:1: Premature end of file.
2025-08-31 10:51:01,882 [ERROR] LogOutputStream:75 - [STDERR_REDIRECT] 
2025-08-31 10:51:01,925 [ERROR] LogOutputStream:75 - [STDERR_REDIRECT] [Fatal Error] :1:1: Premature end of file.
2025-08-31 10:51:01,926 [ERROR] LogOutputStream:75 - [STDERR_REDIRECT] 
2025-08-31 10:51:01,968 [ERROR] LogOutputStream:75 - [STDERR_REDIRECT] [Fatal Error] :1:1: Premature end of file.
2025-08-31 10:51:01,968 [ERROR] LogOutputStream:75 - [STDERR_REDIRECT] 
2025-08-31 10:51:02,021 [ERROR] LogOutputStream:75 - [STDERR_REDIRECT] [Fatal Error] :1:1: Premature end of file.
2025-08-31 10:51:02,021 [ERROR] LogOutputStream:75 - [STDERR_REDIRECT] 
2025-08-31 10:51:02,073 [ERROR] LogOutputStream:75 - [STDERR_REDIRECT] [Fatal Error] :1:1: Premature end of file.
2025-08-31 10:51:02,073 [ERROR] LogOutputStream:75 - [STDERR_REDIRECT] 
2025-08-31 10:51:02,132 [ERROR] LogOutputStream:75 - [STDERR_REDIRECT] [Fatal Error] :1:1: Premature end of file.
2025-08-31 10:51:02,132 [ERROR] LogOutputStream:75 - [STDERR_REDIRECT] 
2025-08-31 10:51:02,198 [ERROR] LogOutputStream:75 - [STDERR_REDIRECT] [Fatal Error] :1:1: Premature end of file.
2025-08-31 10:51:02,198 [ERROR] LogOutputStream:75 - [STDERR_REDIRECT] 
2025-08-31 10:51:02,267 [ERROR] LogOutputStream:75 - [STDERR_REDIRECT] [Fatal Error] :1:1: Premature end of file.
2025-08-31 10:51:02,267 [ERROR] LogOutputStream:75 - [STDERR_REDIRECT] 
2025-08-31 10:51:02,335 [ERROR] LogOutputStream:75 - [STDERR_REDIRECT] [Fatal Error] :1:1: Premature end of file.
2025-08-31 10:51:02,335 [ERROR] LogOutputStream:75 - [STDERR_REDIRECT] 
2025-08-31 10:51:02,404 [ERROR] LogOutputStream:75 - [STDERR_REDIRECT] [Fatal Error] :1:1: Premature end of file.
2025-08-31 10:51:02,404 [ERROR] LogOutputStream:75 - [STDERR_REDIRECT] 
2025-08-31 10:51:02,467 [ERROR] LogOutputStream:75 - [STDERR_REDIRECT] [Fatal Error] :1:1: Premature end of file.
2025-08-31 10:51:02,467 [ERROR] LogOutputStream:75 - [STDERR_REDIRECT] 
2025-08-31 10:51:02,526 [ERROR] LogOutputStream:75 - [STDERR_REDIRECT] [Fatal Error] :1:1: Premature end of file.
2025-08-31 10:51:02,526 [ERROR] LogOutputStream:75 - [STDERR_REDIRECT] 
2025-08-31 10:51:02,571 [ERROR] LogOutputStream:75 - [STDERR_REDIRECT] [Fatal Error] :1:1: Premature end of file.
2025-08-31 10:51:02,571 [ERROR] LogOutputStream:75 - [STDERR_REDIRECT] 
2025-08-31 10:51:02,618 [ERROR] LogOutputStream:75 - [STDERR_REDIRECT] [Fatal Error] :1:1: Premature end of file.
2025-08-31 10:51:02,618 [ERROR] LogOutputStream:75 - [STDERR_REDIRECT] 
2025-08-31 10:51:02,663 [ERROR] LogOutputStream:75 - [STDERR_REDIRECT] [Fatal Error] :1:1: Premature end of file.
2025-08-31 10:51:02,663 [ERROR] LogOutputStream:75 - [STDERR_REDIRECT] 
2025-08-31 10:51:02,713 [ERROR] LogOutputStream:75 - [STDERR_REDIRECT] [Fatal Error] :1:1: Premature end of file.
2025-08-31 10:51:02,713 [ERROR] LogOutputStream:75 - [STDERR_REDIRECT] 
2025-08-31 10:51:02,764 [ERROR] LogOutputStream:75 - [STDERR_REDIRECT] [Fatal Error] :1:1: Premature end of file.
2025-08-31 10:51:02,764 [ERROR] LogOutputStream:75 - [STDERR_REDIRECT] 
2025-08-31 10:51:02,820 [ERROR] LogOutputStream:75 - [STDERR_REDIRECT] [Fatal Error] :1:1: Premature end of file.
2025-08-31 10:51:02,820 [ERROR] LogOutputStream:75 - [STDERR_REDIRECT] 
2025-08-31 10:51:02,882 [ERROR] LogOutputStream:75 - [STDERR_REDIRECT] [Fatal Error] :1:1: Premature end of file.
2025-08-31 10:51:02,882 [ERROR] LogOutputStream:75 - [STDERR_REDIRECT] 
2025-08-31 10:51:02,944 [ERROR] LogOutputStream:75 - [STDERR_REDIRECT] [Fatal Error] :1:1: Premature end of file.
2025-08-31 10:51:02,944 [ERROR] LogOutputStream:75 - [STDERR_REDIRECT] 
2025-08-31 10:51:03,003 [ERROR] LogOutputStream:75 - [STDERR_REDIRECT] [Fatal Error] :1:1: Premature end of file.
2025-08-31 10:51:03,004 [ERROR] LogOutputStream:75 - [STDERR_REDIRECT] 
2025-08-31 10:51:03,060 [ERROR] LogOutputStream:75 - [STDERR_REDIRECT] [Fatal Error] :1:1: Premature end of file.
2025-08-31 10:51:03,061 [ERROR] LogOutputStream:75 - [STDERR_REDIRECT] 
2025-08-31 10:51:03,118 [ERROR] LogOutputStream:75 - [STDERR_REDIRECT] [Fatal Error] :1:1: Premature end of file.
2025-08-31 10:51:03,118 [ERROR] LogOutputStream:75 - [STDERR_REDIRECT] 
2025-08-31 10:51:03,168 [ERROR] LogOutputStream:75 - [STDERR_REDIRECT] [Fatal Error] :1:1: Premature end of file.
2025-08-31 10:51:03,169 [ERROR] LogOutputStream:75 - [STDERR_REDIRECT] 
2025-08-31 10:51:03,214 [ERROR] LogOutputStream:75 - [STDERR_REDIRECT] [Fatal Error] :1:1: Premature end of file.
2025-08-31 10:51:03,214 [ERROR] LogOutputStream:75 - [STDERR_REDIRECT] 
2025-08-31 10:51:03,260 [ERROR] LogOutputStream:75 - [STDERR_REDIRECT] [Fatal Error] :1:1: Premature end of file.
2025-08-31 10:51:03,260 [ERROR] LogOutputStream:75 - [STDERR_REDIRECT] 
2025-08-31 10:51:03,313 [ERROR] LogOutputStream:75 - [STDERR_REDIRECT] [Fatal Error] :1:1: Premature end of file.
2025-08-31 10:51:03,313 [ERROR] LogOutputStream:75 - [STDERR_REDIRECT] 
2025-08-31 10:51:03,360 [ERROR] LogOutputStream:75 - [STDERR_REDIRECT] [Fatal Error] :1:1: Premature end of file.
2025-08-31 10:51:03,360 [ERROR] LogOutputStream:75 - [STDERR_REDIRECT] 
2025-08-31 10:51:03,405 [ERROR] LogOutputStream:75 - [STDERR_REDIRECT] [Fatal Error] :1:1: Premature end of file.
2025-08-31 10:51:03,405 [ERROR] LogOutputStream:75 - [STDERR_REDIRECT] 
2025-08-31 10:51:03,455 [ERROR] LogOutputStream:75 - [STDERR_REDIRECT] [Fatal Error] :1:1: Premature end of file.
2025-08-31 10:51:03,455 [ERROR] LogOutputStream:75 - [STDERR_REDIRECT] 
2025-08-31 10:51:03,497 [ERROR] LogOutputStream:75 - [STDERR_REDIRECT] [Fatal Error] :1:1: Premature end of file.
2025-08-31 10:51:03,497 [ERROR] LogOutputStream:75 - [STDERR_REDIRECT] 
2025-08-31 10:51:03,536 [ERROR] LogOutputStream:75 - [STDERR_REDIRECT] [Fatal Error] :1:1: Premature end of file.
2025-08-31 10:51:03,536 [ERROR] LogOutputStream:75 - [STDERR_REDIRECT] 
2025-08-31 10:51:03,587 [ERROR] LogOutputStream:75 - [STDERR_REDIRECT] [Fatal Error] :1:1: Premature end of file.
2025-08-31 10:51:03,587 [ERROR] LogOutputStream:75 - [STDERR_REDIRECT] 
2025-08-31 10:51:03,643 [ERROR] LogOutputStream:75 - [STDERR_REDIRECT] [Fatal Error] :1:1: Premature end of file.
2025-08-31 10:51:03,643 [ERROR] LogOutputStream:75 - [STDERR_REDIRECT] 
2025-08-31 10:51:03,710 [ERROR] LogOutputStream:75 - [STDERR_REDIRECT] [Fatal Error] :1:1: Premature end of file.
2025-08-31 10:51:03,710 [ERROR] LogOutputStream:75 - [STDERR_REDIRECT] 
2025-08-31 10:51:03,765 [ERROR] LogOutputStream:75 - [STDERR_REDIRECT] [Fatal Error] :1:1: Premature end of file.
2025-08-31 10:51:03,766 [ERROR] LogOutputStream:75 - [STDERR_REDIRECT] 
2025-08-31 10:51:03,829 [ERROR] LogOutputStream:75 - [STDERR_REDIRECT] [Fatal Error] :1:1: Premature end of file.
2025-08-31 10:51:03,829 [ERROR] LogOutputStream:75 - [STDERR_REDIRECT] 
2025-08-31 10:51:03,881 [ERROR] LogOutputStream:75 - [STDERR_REDIRECT] [Fatal Error] :1:1: Premature end of file.
2025-08-31 10:51:03,881 [ERROR] LogOutputStream:75 - [STDERR_REDIRECT] 
2025-08-31 10:51:03,930 [ERROR] LogOutputStream:75 - [STDERR_REDIRECT] [Fatal Error] :1:1: Premature end of file.
2025-08-31 10:51:03,930 [ERROR] LogOutputStream:75 - [STDERR_REDIRECT] 
2025-08-31 10:51:03,975 [ERROR] LogOutputStream:75 - [STDERR_REDIRECT] [Fatal Error] :1:1: Premature end of file.
2025-08-31 10:51:03,975 [ERROR] LogOutputStream:75 - [STDERR_REDIRECT] 
2025-08-31 10:51:04,018 [ERROR] LogOutputStream:75 - [STDERR_REDIRECT] [Fatal Error] :1:1: Premature end of file.
2025-08-31 10:51:04,019 [ERROR] LogOutputStream:75 - [STDERR_REDIRECT] 
2025-08-31 10:51:04,066 [ERROR] LogOutputStream:75 - [STDERR_REDIRECT] [Fatal Error] :1:1: Premature end of file.
2025-08-31 10:51:04,066 [ERROR] LogOutputStream:75 - [STDERR_REDIRECT] 
2025-08-31 10:51:04,117 [ERROR] LogOutputStream:75 - [STDERR_REDIRECT] [Fatal Error] :1:1: Premature end of file.
2025-08-31 10:51:04,117 [ERROR] LogOutputStream:75 - [STDERR_REDIRECT] 
2025-08-31 10:51:04,164 [ERROR] LogOutputStream:75 - [STDERR_REDIRECT] [Fatal Error] :1:1: Premature end of file.
2025-08-31 10:51:04,164 [ERROR] LogOutputStream:75 - [STDERR_REDIRECT] 
2025-08-31 10:51:04,209 [ERROR] LogOutputStream:75 - [STDERR_REDIRECT] [Fatal Error] :1:1: Premature end of file.
2025-08-31 10:51:04,209 [ERROR] LogOutputStream:75 - [STDERR_REDIRECT] 
2025-08-31 10:51:04,261 [ERROR] LogOutputStream:75 - [STDERR_REDIRECT] [Fatal Error] :1:1: Premature end of file.
2025-08-31 10:51:04,261 [ERROR] LogOutputStream:75 - [STDERR_REDIRECT] 
2025-08-31 10:51:04,314 [ERROR] LogOutputStream:75 - [STDERR_REDIRECT] [Fatal Error] :1:1: Premature end of file.
2025-08-31 10:51:04,314 [ERROR] LogOutputStream:75 - [STDERR_REDIRECT] 
2025-08-31 10:51:04,362 [ERROR] LogOutputStream:75 - [STDERR_REDIRECT] [Fatal Error] :1:1: Premature end of file.
2025-08-31 10:51:04,362 [ERROR] LogOutputStream:75 - [STDERR_REDIRECT] 
2025-08-31 10:51:04,401 [ERROR] LogOutputStream:75 - [STDERR_REDIRECT] [Fatal Error] :1:1: Premature end of file.
2025-08-31 10:51:04,401 [ERROR] LogOutputStream:75 - [STDERR_REDIRECT] 
2025-08-31 10:51:04,444 [ERROR] LogOutputStream:75 - [STDERR_REDIRECT] [Fatal Error] :1:1: Premature end of file.
2025-08-31 10:51:04,444 [ERROR] LogOutputStream:75 - [STDERR_REDIRECT] 
2025-08-31 10:51:04,488 [ERROR] LogOutputStream:75 - [STDERR_REDIRECT] [Fatal Error] :1:1: Premature end of file.
2025-08-31 10:51:04,488 [ERROR] LogOutputStream:75 - [STDERR_REDIRECT] 
2025-08-31 10:51:04,536 [ERROR] LogOutputStream:75 - [STDERR_REDIRECT] [Fatal Error] :1:1: Premature end of file.
2025-08-31 10:51:04,536 [ERROR] LogOutputStream:75 - [STDERR_REDIRECT] 
2025-08-31 10:51:04,581 [ERROR] LogOutputStream:75 - [STDERR_REDIRECT] [Fatal Error] :1:1: Premature end of file.
2025-08-31 10:51:04,581 [ERROR] LogOutputStream:75 - [STDERR_REDIRECT] 
2025-08-31 10:51:04,630 [ERROR] LogOutputStream:75 - [STDERR_REDIRECT] [Fatal Error] :1:1: Premature end of file.
2025-08-31 10:51:04,630 [ERROR] LogOutputStream:75 - [STDERR_REDIRECT] 
2025-08-31 10:51:04,683 [ERROR] LogOutputStream:75 - [STDERR_REDIRECT] [Fatal Error] :1:1: Premature end of file.
2025-08-31 10:51:04,683 [ERROR] LogOutputStream:75 - [STDERR_REDIRECT] 
2025-08-31 10:51:04,746 [ERROR] LogOutputStream:75 - [STDERR_REDIRECT] [Fatal Error] :1:1: Premature end of file.
2025-08-31 10:51:04,746 [ERROR] LogOutputStream:75 - [STDERR_REDIRECT] 
2025-08-31 10:51:04,804 [ERROR] LogOutputStream:75 - [STDERR_REDIRECT] [Fatal Error] :1:1: Premature end of file.
2025-08-31 10:51:04,805 [ERROR] LogOutputStream:75 - [STDERR_REDIRECT] 
2025-08-31 10:51:04,868 [ERROR] LogOutputStream:75 - [STDERR_REDIRECT] [Fatal Error] :1:1: Premature end of file.
2025-08-31 10:51:04,868 [ERROR] LogOutputStream:75 - [STDERR_REDIRECT] 
2025-08-31 10:51:04,931 [ERROR] LogOutputStream:75 - [STDERR_REDIRECT] [Fatal Error] :1:1: Premature end of file.
2025-08-31 10:51:04,932 [ERROR] LogOutputStream:75 - [STDERR_REDIRECT] 
2025-08-31 10:51:04,979 [ERROR] LogOutputStream:75 - [STDERR_REDIRECT] [Fatal Error] :1:1: Premature end of file.
2025-08-31 10:51:04,979 [ERROR] LogOutputStream:75 - [STDERR_REDIRECT] 
2025-08-31 10:51:05,025 [ERROR] LogOutputStream:75 - [STDERR_REDIRECT] [Fatal Error] :1:1: Premature end of file.
2025-08-31 10:51:05,025 [ERROR] LogOutputStream:75 - [STDERR_REDIRECT] 
2025-08-31 10:51:05,079 [ERROR] LogOutputStream:75 - [STDERR_REDIRECT] [Fatal Error] :1:1: Premature end of file.
2025-08-31 10:51:05,079 [ERROR] LogOutputStream:75 - [STDERR_REDIRECT] 
2025-08-31 10:51:05,133 [ERROR] LogOutputStream:75 - [STDERR_REDIRECT] [Fatal Error] :1:1: Premature end of file.
2025-08-31 10:51:05,133 [ERROR] LogOutputStream:75 - [STDERR_REDIRECT] 
2025-08-31 10:51:05,197 [ERROR] LogOutputStream:75 - [STDERR_REDIRECT] [Fatal Error] :1:1: Premature end of file.
2025-08-31 10:51:05,197 [ERROR] LogOutputStream:75 - [STDERR_REDIRECT] 
2025-08-31 10:51:05,282 [ERROR] LogOutputStream:75 - [STDERR_REDIRECT] [Fatal Error] :1:1: Premature end of file.
2025-08-31 10:51:05,282 [ERROR] LogOutputStream:75 - [STDERR_REDIRECT] 
2025-08-31 10:51:05,357 [ERROR] LogOutputStream:75 - [STDERR_REDIRECT] [Fatal Error] :1:1: Premature end of file.
2025-08-31 10:51:05,357 [ERROR] LogOutputStream:75 - [STDERR_REDIRECT] 
2025-08-31 10:51:05,413 [ERROR] LogOutputStream:75 - [STDERR_REDIRECT] [Fatal Error] :1:1: Premature end of file.
2025-08-31 10:51:05,414 [ERROR] LogOutputStream:75 - [STDERR_REDIRECT] 
2025-08-31 10:51:05,497 [ERROR] LogOutputStream:75 - [STDERR_REDIRECT] [Fatal Error] :1:1: Premature end of file.
2025-08-31 10:51:05,498 [ERROR] LogOutputStream:75 - [STDERR_REDIRECT] 
2025-08-31 10:51:05,563 [ERROR] LogOutputStream:75 - [STDERR_REDIRECT] [Fatal Error] :1:1: Premature end of file.
2025-08-31 10:51:05,563 [ERROR] LogOutputStream:75 - [STDERR_REDIRECT] 
2025-08-31 10:51:05,621 [ERROR] LogOutputStream:75 - [STDERR_REDIRECT] [Fatal Error] :1:1: Premature end of file.
2025-08-31 10:51:05,621 [ERROR] LogOutputStream:75 - [STDERR_REDIRECT] 
2025-08-31 10:51:05,680 [ERROR] LogOutputStream:75 - [STDERR_REDIRECT] [Fatal Error] :1:1: Premature end of file.
2025-08-31 10:51:05,680 [ERROR] LogOutputStream:75 - [STDERR_REDIRECT] 
2025-08-31 10:51:05,725 [ERROR] LogOutputStream:75 - [STDERR_REDIRECT] [Fatal Error] :1:1: Premature end of file.
2025-08-31 10:51:05,725 [ERROR] LogOutputStream:75 - [STDERR_REDIRECT] 
2025-08-31 10:51:05,772 [ERROR] LogOutputStream:75 - [STDERR_REDIRECT] [Fatal Error] :1:1: Premature end of file.
2025-08-31 10:51:05,773 [ERROR] LogOutputStream:75 - [STDERR_REDIRECT] 
2025-08-31 10:51:05,817 [ERROR] LogOutputStream:75 - [STDERR_REDIRECT] [Fatal Error] :1:1: Premature end of file.
2025-08-31 10:51:05,817 [ERROR] LogOutputStream:75 - [STDERR_REDIRECT] 
2025-08-31 10:51:05,865 [ERROR] LogOutputStream:75 - [STDERR_REDIRECT] [Fatal Error] :1:1: Premature end of file.
2025-08-31 10:51:05,865 [ERROR] LogOutputStream:75 - [STDERR_REDIRECT] 
2025-08-31 10:51:05,917 [ERROR] LogOutputStream:75 - [STDERR_REDIRECT] [Fatal Error] :1:1: Premature end of file.
2025-08-31 10:51:05,917 [ERROR] LogOutputStream:75 - [STDERR_REDIRECT] 
2025-08-31 10:51:05,966 [ERROR] LogOutputStream:75 - [STDERR_REDIRECT] [Fatal Error] :1:1: Premature end of file.
2025-08-31 10:51:05,966 [ERROR] LogOutputStream:75 - [STDERR_REDIRECT] 
2025-08-31 10:51:06,011 [ERROR] LogOutputStream:75 - [STDERR_REDIRECT] [Fatal Error] :1:1: Premature end of file.
2025-08-31 10:51:06,011 [ERROR] LogOutputStream:75 - [STDERR_REDIRECT] 
2025-08-31 10:51:06,056 [ERROR] LogOutputStream:75 - [STDERR_REDIRECT] [Fatal Error] :1:1: Premature end of file.
2025-08-31 10:51:06,056 [ERROR] LogOutputStream:75 - [STDERR_REDIRECT] 
2025-08-31 10:51:06,098 [ERROR] LogOutputStream:75 - [STDERR_REDIRECT] [Fatal Error] :1:1: Premature end of file.
2025-08-31 10:51:06,099 [ERROR] LogOutputStream:75 - [STDERR_REDIRECT] 
2025-08-31 10:51:06,141 [ERROR] LogOutputStream:75 - [STDERR_REDIRECT] [Fatal Error] :1:1: Premature end of file.
2025-08-31 10:51:06,141 [ERROR] LogOutputStream:75 - [STDERR_REDIRECT] 
2025-08-31 10:51:06,179 [ERROR] LogOutputStream:75 - [STDERR_REDIRECT] [Fatal Error] :1:1: Premature end of file.
2025-08-31 10:51:06,180 [ERROR] LogOutputStream:75 - [STDERR_REDIRECT] 
2025-08-31 10:51:06,220 [ERROR] LogOutputStream:75 - [STDERR_REDIRECT] [Fatal Error] :1:1: Premature end of file.
2025-08-31 10:51:06,220 [ERROR] LogOutputStream:75 - [STDERR_REDIRECT] 
2025-08-31 10:51:06,266 [ERROR] LogOutputStream:75 - [STDERR_REDIRECT] [Fatal Error] :1:1: Premature end of file.
2025-08-31 10:51:06,266 [ERROR] LogOutputStream:75 - [STDERR_REDIRECT] 
2025-08-31 10:51:06,317 [ERROR] LogOutputStream:75 - [STDERR_REDIRECT] [Fatal Error] :1:1: Premature end of file.
2025-08-31 10:51:06,317 [ERROR] LogOutputStream:75 - [STDERR_REDIRECT] 
2025-08-31 10:51:06,380 [ERROR] LogOutputStream:75 - [STDERR_REDIRECT] [Fatal Error] :1:1: Premature end of file.
2025-08-31 10:51:06,380 [ERROR] LogOutputStream:75 - [STDERR_REDIRECT] 
2025-08-31 10:51:06,446 [ERROR] LogOutputStream:75 - [STDERR_REDIRECT] [Fatal Error] :1:1: Premature end of file.
2025-08-31 10:51:06,446 [ERROR] LogOutputStream:75 - [STDERR_REDIRECT] 
2025-08-31 10:51:06,507 [ERROR] LogOutputStream:75 - [STDERR_REDIRECT] [Fatal Error] :1:1: Premature end of file.
2025-08-31 10:51:06,508 [ERROR] LogOutputStream:75 - [STDERR_REDIRECT] 
2025-08-31 10:51:06,580 [ERROR] LogOutputStream:75 - [STDERR_REDIRECT] [Fatal Error] :1:1: Premature end of file.
2025-08-31 10:51:06,580 [ERROR] LogOutputStream:75 - [STDERR_REDIRECT] 
2025-08-31 10:51:06,635 [ERROR] LogOutputStream:75 - [STDERR_REDIRECT] [Fatal Error] :1:1: Premature end of file.
2025-08-31 10:51:06,635 [ERROR] LogOutputStream:75 - [STDERR_REDIRECT] 
2025-08-31 10:51:06,682 [ERROR] LogOutputStream:75 - [STDERR_REDIRECT] [Fatal Error] :1:1: Premature end of file.
2025-08-31 10:51:06,682 [ERROR] LogOutputStream:75 - [STDERR_REDIRECT] 
2025-08-31 10:51:06,734 [ERROR] LogOutputStream:75 - [STDERR_REDIRECT] [Fatal Error] :1:1: Premature end of file.
2025-08-31 10:51:06,734 [ERROR] LogOutputStream:75 - [STDERR_REDIRECT] 
2025-08-31 10:51:06,789 [ERROR] LogOutputStream:75 - [STDERR_REDIRECT] [Fatal Error] :1:1: Premature end of file.
2025-08-31 10:51:06,789 [ERROR] LogOutputStream:75 - [STDERR_REDIRECT] 
2025-08-31 10:51:06,841 [ERROR] LogOutputStream:75 - [STDERR_REDIRECT] [Fatal Error] :1:1: Premature end of file.
2025-08-31 10:51:06,841 [ERROR] LogOutputStream:75 - [STDERR_REDIRECT] 
2025-08-31 10:51:06,902 [ERROR] LogOutputStream:75 - [STDERR_REDIRECT] [Fatal Error] :1:1: Premature end of file.
2025-08-31 10:51:06,902 [ERROR] LogOutputStream:75 - [STDERR_REDIRECT] 
2025-08-31 10:51:06,952 [ERROR] LogOutputStream:75 - [STDERR_REDIRECT] [Fatal Error] :1:1: Premature end of file.
2025-08-31 10:51:06,952 [ERROR] LogOutputStream:75 - [STDERR_REDIRECT] 
2025-08-31 10:51:06,995 [ERROR] LogOutputStream:75 - [STDERR_REDIRECT] [Fatal Error] :1:1: Premature end of file.
2025-08-31 10:51:06,996 [ERROR] LogOutputStream:75 - [STDERR_REDIRECT] 
2025-08-31 10:51:07,043 [ERROR] LogOutputStream:75 - [STDERR_REDIRECT] [Fatal Error] :1:1: Premature end of file.
2025-08-31 10:51:07,043 [ERROR] LogOutputStream:75 - [STDERR_REDIRECT] 
2025-08-31 10:51:07,086 [ERROR] LogOutputStream:75 - [STDERR_REDIRECT] [Fatal Error] :1:1: Premature end of file.
2025-08-31 10:51:07,086 [ERROR] LogOutputStream:75 - [STDERR_REDIRECT] 
2025-08-31 10:51:07,129 [ERROR] LogOutputStream:75 - [STDERR_REDIRECT] [Fatal Error] :1:1: Premature end of file.
2025-08-31 10:51:07,129 [ERROR] LogOutputStream:75 - [STDERR_REDIRECT] 
2025-08-31 10:51:07,172 [ERROR] LogOutputStream:75 - [STDERR_REDIRECT] [Fatal Error] :1:1: Premature end of file.
2025-08-31 10:51:07,172 [ERROR] LogOutputStream:75 - [STDERR_REDIRECT] 
2025-08-31 10:51:07,213 [ERROR] LogOutputStream:75 - [STDERR_REDIRECT] [Fatal Error] :1:1: Premature end of file.
2025-08-31 10:51:07,213 [ERROR] LogOutputStream:75 - [STDERR_REDIRECT] 
2025-08-31 10:51:07,255 [ERROR] LogOutputStream:75 - [STDERR_REDIRECT] [Fatal Error] :1:1: Premature end of file.
2025-08-31 10:51:07,255 [ERROR] LogOutputStream:75 - [STDERR_REDIRECT] 
2025-08-31 10:51:07,301 [ERROR] LogOutputStream:75 - [STDERR_REDIRECT] [Fatal Error] :1:1: Premature end of file.
2025-08-31 10:51:07,301 [ERROR] LogOutputStream:75 - [STDERR_REDIRECT] 
2025-08-31 10:51:07,356 [ERROR] LogOutputStream:75 - [STDERR_REDIRECT] [Fatal Error] :1:1: Premature end of file.
2025-08-31 10:51:07,356 [ERROR] LogOutputStream:75 - [STDERR_REDIRECT] 
2025-08-31 10:51:07,410 [ERROR] LogOutputStream:75 - [STDERR_REDIRECT] [Fatal Error] :1:1: Premature end of file.
2025-08-31 10:51:07,410 [ERROR] LogOutputStream:75 - [STDERR_REDIRECT] 
2025-08-31 10:51:07,482 [ERROR] LogOutputStream:75 - [STDERR_REDIRECT] [Fatal Error] :1:1: Premature end of file.
2025-08-31 10:51:07,482 [ERROR] LogOutputStream:75 - [STDERR_REDIRECT] 
2025-08-31 10:51:07,545 [ERROR] LogOutputStream:75 - [STDERR_REDIRECT] [Fatal Error] :1:1: Premature end of file.
2025-08-31 10:51:07,546 [ERROR] LogOutputStream:75 - [STDERR_REDIRECT] 
2025-08-31 10:51:07,608 [ERROR] LogOutputStream:75 - [STDERR_REDIRECT] [Fatal Error] :1:1: Premature end of file.
2025-08-31 10:51:07,608 [ERROR] LogOutputStream:75 - [STDERR_REDIRECT] 
2025-08-31 10:51:07,660 [ERROR] LogOutputStream:75 - [STDERR_REDIRECT] [Fatal Error] :1:1: Premature end of file.
2025-08-31 10:51:07,660 [ERROR] LogOutputStream:75 - [STDERR_REDIRECT] 
2025-08-31 10:51:07,710 [ERROR] LogOutputStream:75 - [STDERR_REDIRECT] [Fatal Error] :1:1: Premature end of file.
2025-08-31 10:51:07,710 [ERROR] LogOutputStream:75 - [STDERR_REDIRECT] 
2025-08-31 10:51:07,759 [ERROR] LogOutputStream:75 - [STDERR_REDIRECT] [Fatal Error] :1:1: Premature end of file.
2025-08-31 10:51:07,759 [ERROR] LogOutputStream:75 - [STDERR_REDIRECT] 
2025-08-31 10:51:07,808 [ERROR] LogOutputStream:75 - [STDERR_REDIRECT] [Fatal Error] :1:1: Premature end of file.
2025-08-31 10:51:07,808 [ERROR] LogOutputStream:75 - [STDERR_REDIRECT] 
2025-08-31 10:51:07,856 [ERROR] LogOutputStream:75 - [STDERR_REDIRECT] [Fatal Error] :1:1: Premature end of file.
2025-08-31 10:51:07,856 [ERROR] LogOutputStream:75 - [STDERR_REDIRECT] 
2025-08-31 10:51:07,915 [ERROR] LogOutputStream:75 - [STDERR_REDIRECT] [Fatal Error] :1:1: Premature end of file.
2025-08-31 10:51:07,915 [ERROR] LogOutputStream:75 - [STDERR_REDIRECT] 
2025-08-31 10:51:07,972 [ERROR] LogOutputStream:75 - [STDERR_REDIRECT] [Fatal Error] :1:1: Premature end of file.
2025-08-31 10:51:07,972 [ERROR] LogOutputStream:75 - [STDERR_REDIRECT] 
2025-08-31 10:51:08,040 [ERROR] LogOutputStream:75 - [STDERR_REDIRECT] [Fatal Error] :1:1: Premature end of file.
2025-08-31 10:51:08,040 [ERROR] LogOutputStream:75 - [STDERR_REDIRECT] 
2025-08-31 10:51:08,100 [ERROR] LogOutputStream:75 - [STDERR_REDIRECT] [Fatal Error] :1:1: Premature end of file.
2025-08-31 10:51:08,100 [ERROR] LogOutputStream:75 - [STDERR_REDIRECT] 
2025-08-31 10:51:08,148 [ERROR] LogOutputStream:75 - [STDERR_REDIRECT] [Fatal Error] :1:1: Premature end of file.
2025-08-31 10:51:08,148 [ERROR] LogOutputStream:75 - [STDERR_REDIRECT] 
2025-08-31 10:51:08,195 [ERROR] LogOutputStream:75 - [STDERR_REDIRECT] [Fatal Error] :1:1: Premature end of file.
2025-08-31 10:51:08,195 [ERROR] LogOutputStream:75 - [STDERR_REDIRECT] 
2025-08-31 10:51:08,244 [ERROR] LogOutputStream:75 - [STDERR_REDIRECT] [Fatal Error] :1:1: Premature end of file.
2025-08-31 10:51:08,244 [ERROR] LogOutputStream:75 - [STDERR_REDIRECT] 
2025-08-31 10:51:08,291 [ERROR] LogOutputStream:75 - [STDERR_REDIRECT] [Fatal Error] :1:1: Premature end of file.
2025-08-31 10:51:08,291 [ERROR] LogOutputStream:75 - [STDERR_REDIRECT] 
2025-08-31 10:51:08,343 [ERROR] LogOutputStream:75 - [STDERR_REDIRECT] [Fatal Error] :1:1: Premature end of file.
2025-08-31 10:51:08,343 [ERROR] LogOutputStream:75 - [STDERR_REDIRECT] 
2025-08-31 10:51:08,408 [ERROR] LogOutputStream:75 - [STDERR_REDIRECT] [Fatal Error] :1:1: Premature end of file.
2025-08-31 10:51:08,408 [ERROR] LogOutputStream:75 - [STDERR_REDIRECT] 
2025-08-31 10:51:08,454 [ERROR] LogOutputStream:75 - [STDERR_REDIRECT] [Fatal Error] :1:1: Premature end of file.
2025-08-31 10:51:08,454 [ERROR] LogOutputStream:75 - [STDERR_REDIRECT] 
2025-08-31 10:51:08,513 [ERROR] LogOutputStream:75 - [STDERR_REDIRECT] [Fatal Error] :1:1: Premature end of file.
2025-08-31 10:51:08,513 [ERROR] LogOutputStream:75 - [STDERR_REDIRECT] 
2025-08-31 10:51:08,581 [ERROR] LogOutputStream:75 - [STDERR_REDIRECT] [Fatal Error] :1:1: Premature end of file.
2025-08-31 10:51:08,581 [ERROR] LogOutputStream:75 - [STDERR_REDIRECT] 
2025-08-31 10:51:08,644 [ERROR] LogOutputStream:75 - [STDERR_REDIRECT] [Fatal Error] :1:1: Premature end of file.
2025-08-31 10:51:08,644 [ERROR] LogOutputStream:75 - [STDERR_REDIRECT] 
2025-08-31 10:51:08,696 [ERROR] LogOutputStream:75 - [STDERR_REDIRECT] [Fatal Error] :1:1: Premature end of file.
2025-08-31 10:51:08,696 [ERROR] LogOutputStream:75 - [STDERR_REDIRECT] 
2025-08-31 10:51:08,743 [ERROR] LogOutputStream:75 - [STDERR_REDIRECT] [Fatal Error] :1:1: Premature end of file.
2025-08-31 10:51:08,743 [ERROR] LogOutputStream:75 - [STDERR_REDIRECT] 
2025-08-31 10:51:08,792 [ERROR] LogOutputStream:75 - [STDERR_REDIRECT] [Fatal Error] :1:1: Premature end of file.
2025-08-31 10:51:08,792 [ERROR] LogOutputStream:75 - [STDERR_REDIRECT] 
2025-08-31 10:51:08,843 [ERROR] LogOutputStream:75 - [STDERR_REDIRECT] [Fatal Error] :1:1: Premature end of file.
2025-08-31 10:51:08,843 [ERROR] LogOutputStream:75 - [STDERR_REDIRECT] 
2025-08-31 10:51:08,889 [ERROR] LogOutputStream:75 - [STDERR_REDIRECT] [Fatal Error] :1:1: Premature end of file.
2025-08-31 10:51:08,889 [ERROR] LogOutputStream:75 - [STDERR_REDIRECT] 
2025-08-31 10:51:08,940 [ERROR] LogOutputStream:75 - [STDERR_REDIRECT] [Fatal Error] :1:1: Premature end of file.
2025-08-31 10:51:08,940 [ERROR] LogOutputStream:75 - [STDERR_REDIRECT] 
2025-08-31 10:51:09,001 [ERROR] LogOutputStream:75 - [STDERR_REDIRECT] [Fatal Error] :1:1: Premature end of file.
2025-08-31 10:51:09,002 [ERROR] LogOutputStream:75 - [STDERR_REDIRECT] 
2025-08-31 10:51:09,069 [ERROR] LogOutputStream:75 - [STDERR_REDIRECT] [Fatal Error] :1:1: Premature end of file.
2025-08-31 10:51:09,070 [ERROR] LogOutputStream:75 - [STDERR_REDIRECT] 
2025-08-31 10:51:09,124 [ERROR] LogOutputStream:75 - [STDERR_REDIRECT] [Fatal Error] :1:1: Premature end of file.
2025-08-31 10:51:09,124 [ERROR] LogOutputStream:75 - [STDERR_REDIRECT] 
2025-08-31 10:51:09,193 [ERROR] LogOutputStream:75 - [STDERR_REDIRECT] [Fatal Error] :1:1: Premature end of file.
2025-08-31 10:51:09,193 [ERROR] LogOutputStream:75 - [STDERR_REDIRECT] 
2025-08-31 10:51:09,258 [ERROR] LogOutputStream:75 - [STDERR_REDIRECT] [Fatal Error] :1:1: Premature end of file.
2025-08-31 10:51:09,258 [ERROR] LogOutputStream:75 - [STDERR_REDIRECT] 
2025-08-31 10:51:09,312 [ERROR] LogOutputStream:75 - [STDERR_REDIRECT] [Fatal Error] :1:1: Premature end of file.
2025-08-31 10:51:09,312 [ERROR] LogOutputStream:75 - [STDERR_REDIRECT] 
2025-08-31 10:51:09,357 [ERROR] LogOutputStream:75 - [STDERR_REDIRECT] [Fatal Error] :1:1: Premature end of file.
2025-08-31 10:51:09,357 [ERROR] LogOutputStream:75 - [STDERR_REDIRECT] 
2025-08-31 10:51:09,407 [ERROR] LogOutputStream:75 - [STDERR_REDIRECT] [Fatal Error] :1:1: Premature end of file.
2025-08-31 10:51:09,407 [ERROR] LogOutputStream:75 - [STDERR_REDIRECT] 
2025-08-31 10:51:09,455 [ERROR] LogOutputStream:75 - [STDERR_REDIRECT] [Fatal Error] :1:1: Premature end of file.
2025-08-31 10:51:09,455 [ERROR] LogOutputStream:75 - [STDERR_REDIRECT] 
2025-08-31 10:51:09,502 [ERROR] LogOutputStream:75 - [STDERR_REDIRECT] [Fatal Error] :1:1: Premature end of file.
2025-08-31 10:51:09,502 [ERROR] LogOutputStream:75 - [STDERR_REDIRECT] 
2025-08-31 10:51:09,545 [ERROR] LogOutputStream:75 - [STDERR_REDIRECT] [Fatal Error] :1:1: Premature end of file.
2025-08-31 10:51:09,545 [ERROR] LogOutputStream:75 - [STDERR_REDIRECT] 
2025-08-31 10:51:09,595 [ERROR] LogOutputStream:75 - [STDERR_REDIRECT] [Fatal Error] :1:1: Premature end of file.
2025-08-31 10:51:09,595 [ERROR] LogOutputStream:75 - [STDERR_REDIRECT] 
2025-08-31 10:51:09,649 [ERROR] LogOutputStream:75 - [STDERR_REDIRECT] [Fatal Error] :1:1: Premature end of file.
2025-08-31 10:51:09,650 [ERROR] LogOutputStream:75 - [STDERR_REDIRECT] 
2025-08-31 10:51:09,719 [ERROR] LogOutputStream:75 - [STDERR_REDIRECT] [Fatal Error] :1:1: Premature end of file.
2025-08-31 10:51:09,719 [ERROR] LogOutputStream:75 - [STDERR_REDIRECT] 
2025-08-31 10:51:09,785 [ERROR] LogOutputStream:75 - [STDERR_REDIRECT] [Fatal Error] :1:1: Premature end of file.
2025-08-31 10:51:09,785 [ERROR] LogOutputStream:75 - [STDERR_REDIRECT] 
2025-08-31 10:51:09,850 [ERROR] LogOutputStream:75 - [STDERR_REDIRECT] [Fatal Error] :1:1: Premature end of file.
2025-08-31 10:51:09,850 [ERROR] LogOutputStream:75 - [STDERR_REDIRECT] 
2025-08-31 10:51:09,912 [ERROR] LogOutputStream:75 - [STDERR_REDIRECT] [Fatal Error] :1:1: Premature end of file.
2025-08-31 10:51:09,912 [ERROR] LogOutputStream:75 - [STDERR_REDIRECT] 
2025-08-31 10:51:09,960 [ERROR] LogOutputStream:75 - [STDERR_REDIRECT] [Fatal Error] :1:1: Premature end of file.
2025-08-31 10:51:09,960 [ERROR] LogOutputStream:75 - [STDERR_REDIRECT] 
2025-08-31 10:51:10,007 [ERROR] LogOutputStream:75 - [STDERR_REDIRECT] [Fatal Error] :1:1: Premature end of file.
2025-08-31 10:51:10,007 [ERROR] LogOutputStream:75 - [STDERR_REDIRECT] 
2025-08-31 10:51:10,050 [ERROR] LogOutputStream:75 - [STDERR_REDIRECT] [Fatal Error] :1:1: Premature end of file.
2025-08-31 10:51:10,051 [ERROR] LogOutputStream:75 - [STDERR_REDIRECT] 
2025-08-31 10:51:10,094 [ERROR] LogOutputStream:75 - [STDERR_REDIRECT] [Fatal Error] :1:1: Premature end of file.
2025-08-31 10:51:10,095 [ERROR] LogOutputStream:75 - [STDERR_REDIRECT] 
2025-08-31 10:51:10,143 [ERROR] LogOutputStream:75 - [STDERR_REDIRECT] [Fatal Error] :1:1: Premature end of file.
2025-08-31 10:51:10,143 [ERROR] LogOutputStream:75 - [STDERR_REDIRECT] 
2025-08-31 10:51:10,206 [ERROR] LogOutputStream:75 - [STDERR_REDIRECT] [Fatal Error] :1:1: Premature end of file.
2025-08-31 10:51:10,206 [ERROR] LogOutputStream:75 - [STDERR_REDIRECT] 
2025-08-31 10:51:10,271 [ERROR] LogOutputStream:75 - [STDERR_REDIRECT] [Fatal Error] :1:1: Premature end of file.
2025-08-31 10:51:10,271 [ERROR] LogOutputStream:75 - [STDERR_REDIRECT] 
2025-08-31 10:51:10,343 [ERROR] LogOutputStream:75 - [STDERR_REDIRECT] [Fatal Error] :1:1: Premature end of file.
2025-08-31 10:51:10,343 [ERROR] LogOutputStream:75 - [STDERR_REDIRECT] 
2025-08-31 10:51:10,411 [ERROR] LogOutputStream:75 - [STDERR_REDIRECT] [Fatal Error] :1:1: Premature end of file.
2025-08-31 10:51:10,411 [ERROR] LogOutputStream:75 - [STDERR_REDIRECT] 
2025-08-31 10:51:10,463 [ERROR] LogOutputStream:75 - [STDERR_REDIRECT] [Fatal Error] :1:1: Premature end of file.
2025-08-31 10:51:10,463 [ERROR] LogOutputStream:75 - [STDERR_REDIRECT] 
2025-08-31 10:51:10,512 [ERROR] LogOutputStream:75 - [STDERR_REDIRECT] [Fatal Error] :1:1: Premature end of file.
2025-08-31 10:51:10,512 [ERROR] LogOutputStream:75 - [STDERR_REDIRECT] 
2025-08-31 10:51:10,559 [ERROR] LogOutputStream:75 - [STDERR_REDIRECT] [Fatal Error] :1:1: Premature end of file.
2025-08-31 10:51:10,559 [ERROR] LogOutputStream:75 - [STDERR_REDIRECT] 
2025-08-31 10:51:10,606 [ERROR] LogOutputStream:75 - [STDERR_REDIRECT] [Fatal Error] :1:1: Premature end of file.
2025-08-31 10:51:10,606 [ERROR] LogOutputStream:75 - [STDERR_REDIRECT] 
2025-08-31 10:51:10,655 [ERROR] LogOutputStream:75 - [STDERR_REDIRECT] [Fatal Error] :1:1: Premature end of file.
2025-08-31 10:51:10,655 [ERROR] LogOutputStream:75 - [STDERR_REDIRECT] 
2025-08-31 10:51:10,709 [ERROR] LogOutputStream:75 - [STDERR_REDIRECT] [Fatal Error] :1:1: Premature end of file.
2025-08-31 10:51:10,709 [ERROR] LogOutputStream:75 - [STDERR_REDIRECT] 
2025-08-31 10:51:10,776 [ERROR] LogOutputStream:75 - [STDERR_REDIRECT] [Fatal Error] :1:1: Premature end of file.
2025-08-31 10:51:10,776 [ERROR] LogOutputStream:75 - [STDERR_REDIRECT] 
2025-08-31 10:51:10,836 [ERROR] LogOutputStream:75 - [STDERR_REDIRECT] [Fatal Error] :1:1: Premature end of file.
2025-08-31 10:51:10,836 [ERROR] LogOutputStream:75 - [STDERR_REDIRECT] 
2025-08-31 10:51:10,900 [ERROR] LogOutputStream:75 - [STDERR_REDIRECT] [Fatal Error] :1:1: Premature end of file.
2025-08-31 10:51:10,900 [ERROR] LogOutputStream:75 - [STDERR_REDIRECT] 
2025-08-31 10:51:10,969 [ERROR] LogOutputStream:75 - [STDERR_REDIRECT] [Fatal Error] :1:1: Premature end of file.
2025-08-31 10:51:10,970 [ERROR] LogOutputStream:75 - [STDERR_REDIRECT] 
2025-08-31 10:51:11,025 [ERROR] LogOutputStream:75 - [STDERR_REDIRECT] [Fatal Error] :1:1: Premature end of file.
2025-08-31 10:51:11,025 [ERROR] LogOutputStream:75 - [STDERR_REDIRECT] 
2025-08-31 10:51:11,070 [ERROR] LogOutputStream:75 - [STDERR_REDIRECT] [Fatal Error] :1:1: Premature end of file.
2025-08-31 10:51:11,070 [ERROR] LogOutputStream:75 - [STDERR_REDIRECT] 
2025-08-31 10:51:11,120 [ERROR] LogOutputStream:75 - [STDERR_REDIRECT] [Fatal Error] :1:1: Premature end of file.
2025-08-31 10:51:11,120 [ERROR] LogOutputStream:75 - [STDERR_REDIRECT] 
2025-08-31 10:51:11,171 [ERROR] LogOutputStream:75 - [STDERR_REDIRECT] [Fatal Error] :1:1: Premature end of file.
2025-08-31 10:51:11,171 [ERROR] LogOutputStream:75 - [STDERR_REDIRECT] 
2025-08-31 10:51:11,220 [ERROR] LogOutputStream:75 - [STDERR_REDIRECT] [Fatal Error] :1:1: Premature end of file.
2025-08-31 10:51:11,220 [ERROR] LogOutputStream:75 - [STDERR_REDIRECT] 
2025-08-31 10:51:11,288 [ERROR] LogOutputStream:75 - [STDERR_REDIRECT] [Fatal Error] :1:1: Premature end of file.
2025-08-31 10:51:11,288 [ERROR] LogOutputStream:75 - [STDERR_REDIRECT] 
2025-08-31 10:51:11,360 [ERROR] LogOutputStream:75 - [STDERR_REDIRECT] [Fatal Error] :1:1: Premature end of file.
2025-08-31 10:51:11,360 [ERROR] LogOutputStream:75 - [STDERR_REDIRECT] 
2025-08-31 10:51:11,428 [ERROR] LogOutputStream:75 - [STDERR_REDIRECT] [Fatal Error] :1:1: Premature end of file.
2025-08-31 10:51:11,428 [ERROR] LogOutputStream:75 - [STDERR_REDIRECT] 
2025-08-31 10:51:11,493 [ERROR] LogOutputStream:75 - [STDERR_REDIRECT] [Fatal Error] :1:1: Premature end of file.
2025-08-31 10:51:11,493 [ERROR] LogOutputStream:75 - [STDERR_REDIRECT] 
2025-08-31 10:51:11,612 [ERROR] LogOutputStream:75 - [STDERR_REDIRECT] [Fatal Error] :1:1: Premature end of file.
2025-08-31 10:51:11,612 [ERROR] LogOutputStream:75 - [STDERR_REDIRECT] 
2025-08-31 10:51:11,679 [ERROR] LogOutputStream:75 - [STDERR_REDIRECT] [Fatal Error] :1:1: Premature end of file.
2025-08-31 10:51:11,679 [ERROR] LogOutputStream:75 - [STDERR_REDIRECT] 
2025-08-31 10:51:11,745 [ERROR] LogOutputStream:75 - [STDERR_REDIRECT] [Fatal Error] :1:1: Premature end of file.
2025-08-31 10:51:11,745 [ERROR] LogOutputStream:75 - [STDERR_REDIRECT] 
2025-08-31 10:51:11,808 [ERROR] LogOutputStream:75 - [STDERR_REDIRECT] [Fatal Error] :1:1: Premature end of file.
2025-08-31 10:51:11,808 [ERROR] LogOutputStream:75 - [STDERR_REDIRECT] 
2025-08-31 10:51:11,863 [ERROR] LogOutputStream:75 - [STDERR_REDIRECT] [Fatal Error] :1:1: Premature end of file.
2025-08-31 10:51:11,863 [ERROR] LogOutputStream:75 - [STDERR_REDIRECT] 
2025-08-31 10:51:11,936 [ERROR] LogOutputStream:75 - [STDERR_REDIRECT] [Fatal Error] :1:1: Premature end of file.
2025-08-31 10:51:11,937 [ERROR] LogOutputStream:75 - [STDERR_REDIRECT] 
2025-08-31 10:51:12,072 [ERROR] LogOutputStream:75 - [STDERR_REDIRECT] [Fatal Error] :1:1: Premature end of file.
2025-08-31 10:51:12,074 [ERROR] LogOutputStream:75 - [STDERR_REDIRECT] 
2025-08-31 10:51:12,176 [ERROR] LogOutputStream:75 - [STDERR_REDIRECT] [Fatal Error] :1:1: Premature end of file.
2025-08-31 10:51:12,176 [ERROR] LogOutputStream:75 - [STDERR_REDIRECT] 
2025-08-31 10:51:12,252 [ERROR] LogOutputStream:75 - [STDERR_REDIRECT] [Fatal Error] :1:1: Premature end of file.
2025-08-31 10:51:12,252 [ERROR] LogOutputStream:75 - [STDERR_REDIRECT] 
2025-08-31 10:51:12,307 [ERROR] LogOutputStream:75 - [STDERR_REDIRECT] [Fatal Error] :1:1: Premature end of file.
2025-08-31 10:51:12,307 [ERROR] LogOutputStream:75 - [STDERR_REDIRECT] 
2025-08-31 10:51:12,394 [ERROR] LogOutputStream:75 - [STDERR_REDIRECT] [Fatal Error] :1:1: Premature end of file.
2025-08-31 10:51:12,394 [ERROR] LogOutputStream:75 - [STDERR_REDIRECT] 
2025-08-31 10:51:12,471 [ERROR] LogOutputStream:75 - [STDERR_REDIRECT] [Fatal Error] :1:1: Premature end of file.
2025-08-31 10:51:12,472 [ERROR] LogOutputStream:75 - [STDERR_REDIRECT] 
2025-08-31 10:51:12,535 [ERROR] LogOutputStream:75 - [STDERR_REDIRECT] [Fatal Error] :1:1: Premature end of file.
2025-08-31 10:51:12,535 [ERROR] LogOutputStream:75 - [STDERR_REDIRECT] 
2025-08-31 10:51:12,604 [ERROR] LogOutputStream:75 - [STDERR_REDIRECT] [Fatal Error] :1:1: Premature end of file.
2025-08-31 10:51:12,604 [ERROR] LogOutputStream:75 - [STDERR_REDIRECT] 
2025-08-31 10:51:12,676 [ERROR] LogOutputStream:75 - [STDERR_REDIRECT] [Fatal Error] :1:1: Premature end of file.
2025-08-31 10:51:12,677 [ERROR] LogOutputStream:75 - [STDERR_REDIRECT] 
2025-08-31 10:51:12,737 [ERROR] LogOutputStream:75 - [STDERR_REDIRECT] [Fatal Error] :1:1: Premature end of file.
2025-08-31 10:51:12,737 [ERROR] LogOutputStream:75 - [STDERR_REDIRECT] 
2025-08-31 10:51:12,806 [ERROR] LogOutputStream:75 - [STDERR_REDIRECT] [Fatal Error] :1:1: Premature end of file.
2025-08-31 10:51:12,806 [ERROR] LogOutputStream:75 - [STDERR_REDIRECT] 
2025-08-31 10:51:12,874 [ERROR] LogOutputStream:75 - [STDERR_REDIRECT] [Fatal Error] :1:1: Premature end of file.
2025-08-31 10:51:12,874 [ERROR] LogOutputStream:75 - [STDERR_REDIRECT] 
2025-08-31 10:51:12,936 [ERROR] LogOutputStream:75 - [STDERR_REDIRECT] [Fatal Error] :1:1: Premature end of file.
2025-08-31 10:51:12,936 [ERROR] LogOutputStream:75 - [STDERR_REDIRECT] 
2025-08-31 10:51:12,986 [ERROR] LogOutputStream:75 - [STDERR_REDIRECT] [Fatal Error] :1:1: Premature end of file.
2025-08-31 10:51:12,986 [ERROR] LogOutputStream:75 - [STDERR_REDIRECT] 
2025-08-31 10:51:13,027 [ERROR] LogOutputStream:75 - [STDERR_REDIRECT] [Fatal Error] :1:1: Premature end of file.
2025-08-31 10:51:13,027 [ERROR] LogOutputStream:75 - [STDERR_REDIRECT] 
2025-08-31 10:51:13,078 [ERROR] LogOutputStream:75 - [STDERR_REDIRECT] [Fatal Error] :1:1: Premature end of file.
2025-08-31 10:51:13,078 [ERROR] LogOutputStream:75 - [STDERR_REDIRECT] 
2025-08-31 10:51:13,140 [ERROR] LogOutputStream:75 - [STDERR_REDIRECT] [Fatal Error] :1:1: Premature end of file.
2025-08-31 10:51:13,140 [ERROR] LogOutputStream:75 - [STDERR_REDIRECT] 
2025-08-31 10:51:13,190 [ERROR] LogOutputStream:75 - [STDERR_REDIRECT] [Fatal Error] :1:1: Premature end of file.
2025-08-31 10:51:13,190 [ERROR] LogOutputStream:75 - [STDERR_REDIRECT] 
2025-08-31 10:51:13,236 [ERROR] LogOutputStream:75 - [STDERR_REDIRECT] [Fatal Error] :1:1: Premature end of file.
2025-08-31 10:51:13,236 [ERROR] LogOutputStream:75 - [STDERR_REDIRECT] 
2025-08-31 10:51:13,281 [ERROR] LogOutputStream:75 - [STDERR_REDIRECT] [Fatal Error] :1:1: Premature end of file.
2025-08-31 10:51:13,281 [ERROR] LogOutputStream:75 - [STDERR_REDIRECT] 
2025-08-31 10:51:13,342 [ERROR] LogOutputStream:75 - [STDERR_REDIRECT] [Fatal Error] :1:1: Premature end of file.
2025-08-31 10:51:13,342 [ERROR] LogOutputStream:75 - [STDERR_REDIRECT] 
2025-08-31 10:51:13,428 [ERROR] LogOutputStream:75 - [STDERR_REDIRECT] [Fatal Error] :1:1: Premature end of file.
2025-08-31 10:51:13,429 [ERROR] LogOutputStream:75 - [STDERR_REDIRECT] 
2025-08-31 10:51:13,487 [ERROR] LogOutputStream:75 - [STDERR_REDIRECT] [Fatal Error] :1:1: Premature end of file.
2025-08-31 10:51:13,487 [ERROR] LogOutputStream:75 - [STDERR_REDIRECT] 
2025-08-31 10:51:13,541 [ERROR] LogOutputStream:75 - [STDERR_REDIRECT] [Fatal Error] :1:1: Premature end of file.
2025-08-31 10:51:13,541 [ERROR] LogOutputStream:75 - [STDERR_REDIRECT] 
2025-08-31 10:51:13,592 [ERROR] LogOutputStream:75 - [STDERR_REDIRECT] [Fatal Error] :1:1: Premature end of file.
2025-08-31 10:51:13,592 [ERROR] LogOutputStream:75 - [STDERR_REDIRECT] 
2025-08-31 10:51:13,656 [ERROR] LogOutputStream:75 - [STDERR_REDIRECT] [Fatal Error] :1:1: Premature end of file.
2025-08-31 10:51:13,657 [ERROR] LogOutputStream:75 - [STDERR_REDIRECT] 
2025-08-31 10:51:13,712 [ERROR] LogOutputStream:75 - [STDERR_REDIRECT] [Fatal Error] :1:1: Premature end of file.
2025-08-31 10:51:13,712 [ERROR] LogOutputStream:75 - [STDERR_REDIRECT] 
2025-08-31 10:51:13,769 [ERROR] LogOutputStream:75 - [STDERR_REDIRECT] [Fatal Error] :1:1: Premature end of file.
2025-08-31 10:51:13,769 [ERROR] LogOutputStream:75 - [STDERR_REDIRECT] 
2025-08-31 10:51:13,821 [ERROR] LogOutputStream:75 - [STDERR_REDIRECT] [Fatal Error] :1:1: Premature end of file.
2025-08-31 10:51:13,821 [ERROR] LogOutputStream:75 - [STDERR_REDIRECT] 
2025-08-31 10:51:13,884 [ERROR] LogOutputStream:75 - [STDERR_REDIRECT] [Fatal Error] :1:1: Premature end of file.
2025-08-31 10:51:13,884 [ERROR] LogOutputStream:75 - [STDERR_REDIRECT] 
2025-08-31 10:51:13,945 [ERROR] LogOutputStream:75 - [STDERR_REDIRECT] [Fatal Error] :1:1: Premature end of file.
2025-08-31 10:51:13,945 [ERROR] LogOutputStream:75 - [STDERR_REDIRECT] 
2025-08-31 10:51:14,002 [ERROR] LogOutputStream:75 - [STDERR_REDIRECT] [Fatal Error] :1:1: Premature end of file.
2025-08-31 10:51:14,002 [ERROR] LogOutputStream:75 - [STDERR_REDIRECT] 
2025-08-31 10:51:14,049 [ERROR] LogOutputStream:75 - [STDERR_REDIRECT] [Fatal Error] :1:1: Premature end of file.
2025-08-31 10:51:14,049 [ERROR] LogOutputStream:75 - [STDERR_REDIRECT] 
2025-08-31 10:51:14,103 [ERROR] LogOutputStream:75 - [STDERR_REDIRECT] [Fatal Error] :1:1: Premature end of file.
2025-08-31 10:51:14,103 [ERROR] LogOutputStream:75 - [STDERR_REDIRECT] 
2025-08-31 10:51:14,161 [ERROR] LogOutputStream:75 - [STDERR_REDIRECT] [Fatal Error] :1:1: Premature end of file.
2025-08-31 10:51:14,161 [ERROR] LogOutputStream:75 - [STDERR_REDIRECT] 
2025-08-31 10:51:14,220 [ERROR] LogOutputStream:75 - [STDERR_REDIRECT] [Fatal Error] :1:1: Premature end of file.
2025-08-31 10:51:14,220 [ERROR] LogOutputStream:75 - [STDERR_REDIRECT] 
2025-08-31 10:51:14,268 [ERROR] LogOutputStream:75 - [STDERR_REDIRECT] [Fatal Error] :1:1: Premature end of file.
2025-08-31 10:51:14,268 [ERROR] LogOutputStream:75 - [STDERR_REDIRECT] 
2025-08-31 10:51:14,328 [ERROR] LogOutputStream:75 - [STDERR_REDIRECT] [Fatal Error] :1:1: Premature end of file.
2025-08-31 10:51:14,328 [ERROR] LogOutputStream:75 - [STDERR_REDIRECT] 
2025-08-31 10:51:14,393 [ERROR] LogOutputStream:75 - [STDERR_REDIRECT] [Fatal Error] :1:1: Premature end of file.
2025-08-31 10:51:14,393 [ERROR] LogOutputStream:75 - [STDERR_REDIRECT] 
2025-08-31 10:51:14,450 [ERROR] LogOutputStream:75 - [STDERR_REDIRECT] [Fatal Error] :1:1: Premature end of file.
2025-08-31 10:51:14,450 [ERROR] LogOutputStream:75 - [STDERR_REDIRECT] 
2025-08-31 10:51:14,508 [ERROR] LogOutputStream:75 - [STDERR_REDIRECT] [Fatal Error] :1:1: Premature end of file.
2025-08-31 10:51:14,508 [ERROR] LogOutputStream:75 - [STDERR_REDIRECT] 
2025-08-31 10:51:14,567 [ERROR] LogOutputStream:75 - [STDERR_REDIRECT] [Fatal Error] :1:1: Premature end of file.
2025-08-31 10:51:14,567 [ERROR] LogOutputStream:75 - [STDERR_REDIRECT] 
2025-08-31 10:51:14,624 [ERROR] LogOutputStream:75 - [STDERR_REDIRECT] [Fatal Error] :1:1: Premature end of file.
2025-08-31 10:51:14,624 [ERROR] LogOutputStream:75 - [STDERR_REDIRECT] 
2025-08-31 10:51:14,683 [ERROR] LogOutputStream:75 - [STDERR_REDIRECT] [Fatal Error] :1:1: Premature end of file.
2025-08-31 10:51:14,683 [ERROR] LogOutputStream:75 - [STDERR_REDIRECT] 
2025-08-31 10:51:14,749 [ERROR] LogOutputStream:75 - [STDERR_REDIRECT] [Fatal Error] :1:1: Premature end of file.
2025-08-31 10:51:14,749 [ERROR] LogOutputStream:75 - [STDERR_REDIRECT] 
2025-08-31 10:51:14,807 [ERROR] LogOutputStream:75 - [STDERR_REDIRECT] [Fatal Error] :1:1: Premature end of file.
2025-08-31 10:51:14,807 [ERROR] LogOutputStream:75 - [STDERR_REDIRECT] 
2025-08-31 10:51:14,865 [ERROR] LogOutputStream:75 - [STDERR_REDIRECT] [Fatal Error] :1:1: Premature end of file.
2025-08-31 10:51:14,866 [ERROR] LogOutputStream:75 - [STDERR_REDIRECT] 
2025-08-31 10:51:14,915 [ERROR] LogOutputStream:75 - [STDERR_REDIRECT] [Fatal Error] :1:1: Premature end of file.
2025-08-31 10:51:14,915 [ERROR] LogOutputStream:75 - [STDERR_REDIRECT] 
2025-08-31 10:51:14,977 [ERROR] LogOutputStream:75 - [STDERR_REDIRECT] [Fatal Error] :1:1: Premature end of file.
2025-08-31 10:51:14,977 [ERROR] LogOutputStream:75 - [STDERR_REDIRECT] 
2025-08-31 10:51:15,033 [ERROR] LogOutputStream:75 - [STDERR_REDIRECT] [Fatal Error] :1:1: Premature end of file.
2025-08-31 10:51:15,033 [ERROR] LogOutputStream:75 - [STDERR_REDIRECT] 
2025-08-31 10:51:15,081 [ERROR] LogOutputStream:75 - [STDERR_REDIRECT] [Fatal Error] :1:1: Premature end of file.
2025-08-31 10:51:15,081 [ERROR] LogOutputStream:75 - [STDERR_REDIRECT] 
2025-08-31 10:51:15,124 [ERROR] LogOutputStream:75 - [STDERR_REDIRECT] [Fatal Error] :1:1: Premature end of file.
2025-08-31 10:51:15,124 [ERROR] LogOutputStream:75 - [STDERR_REDIRECT] 
2025-08-31 10:51:15,174 [ERROR] LogOutputStream:75 - [STDERR_REDIRECT] [Fatal Error] :1:1: Premature end of file.
2025-08-31 10:51:15,174 [ERROR] LogOutputStream:75 - [STDERR_REDIRECT] 
2025-08-31 10:51:15,227 [ERROR] LogOutputStream:75 - [STDERR_REDIRECT] [Fatal Error] :1:1: Premature end of file.
2025-08-31 10:51:15,227 [ERROR] LogOutputStream:75 - [STDERR_REDIRECT] 
2025-08-31 10:51:15,281 [ERROR] LogOutputStream:75 - [STDERR_REDIRECT] [Fatal Error] :1:1: Premature end of file.
2025-08-31 10:51:15,281 [ERROR] LogOutputStream:75 - [STDERR_REDIRECT] 
2025-08-31 10:51:15,347 [ERROR] LogOutputStream:75 - [STDERR_REDIRECT] [Fatal Error] :1:1: Premature end of file.
2025-08-31 10:51:15,347 [ERROR] LogOutputStream:75 - [STDERR_REDIRECT] 
2025-08-31 10:51:15,402 [ERROR] LogOutputStream:75 - [STDERR_REDIRECT] [Fatal Error] :1:1: Premature end of file.
2025-08-31 10:51:15,402 [ERROR] LogOutputStream:75 - [STDERR_REDIRECT] 
2025-08-31 10:51:15,464 [ERROR] LogOutputStream:75 - [STDERR_REDIRECT] [Fatal Error] :1:1: Premature end of file.
2025-08-31 10:51:15,464 [ERROR] LogOutputStream:75 - [STDERR_REDIRECT] 
2025-08-31 10:51:15,516 [ERROR] LogOutputStream:75 - [STDERR_REDIRECT] [Fatal Error] :1:1: Premature end of file.
2025-08-31 10:51:15,517 [ERROR] LogOutputStream:75 - [STDERR_REDIRECT] 
2025-08-31 10:51:15,565 [ERROR] LogOutputStream:75 - [STDERR_REDIRECT] [Fatal Error] :1:1: Premature end of file.
2025-08-31 10:51:15,565 [ERROR] LogOutputStream:75 - [STDERR_REDIRECT] 
2025-08-31 10:51:15,630 [ERROR] LogOutputStream:75 - [STDERR_REDIRECT] [Fatal Error] :1:1: Premature end of file.
2025-08-31 10:51:15,630 [ERROR] LogOutputStream:75 - [STDERR_REDIRECT] 
2025-08-31 10:51:15,677 [ERROR] LogOutputStream:75 - [STDERR_REDIRECT] [Fatal Error] :1:1: Premature end of file.
2025-08-31 10:51:15,677 [ERROR] LogOutputStream:75 - [STDERR_REDIRECT] 
2025-08-31 10:51:15,719 [ERROR] LogOutputStream:75 - [STDERR_REDIRECT] [Fatal Error] :1:1: Premature end of file.
2025-08-31 10:51:15,719 [ERROR] LogOutputStream:75 - [STDERR_REDIRECT] 
2025-08-31 10:51:15,773 [ERROR] LogOutputStream:75 - [STDERR_REDIRECT] [Fatal Error] :1:1: Premature end of file.
2025-08-31 10:51:15,774 [ERROR] LogOutputStream:75 - [STDERR_REDIRECT] 
2025-08-31 10:51:15,830 [ERROR] LogOutputStream:75 - [STDERR_REDIRECT] [Fatal Error] :1:1: Premature end of file.
2025-08-31 10:51:15,830 [ERROR] LogOutputStream:75 - [STDERR_REDIRECT] 
2025-08-31 10:51:15,892 [ERROR] LogOutputStream:75 - [STDERR_REDIRECT] [Fatal Error] :1:1: Premature end of file.
2025-08-31 10:51:15,892 [ERROR] LogOutputStream:75 - [STDERR_REDIRECT] 
2025-08-31 10:51:15,949 [ERROR] LogOutputStream:75 - [STDERR_REDIRECT] [Fatal Error] :1:1: Premature end of file.
2025-08-31 10:51:15,949 [ERROR] LogOutputStream:75 - [STDERR_REDIRECT] 
2025-08-31 10:51:16,006 [ERROR] LogOutputStream:75 - [STDERR_REDIRECT] [Fatal Error] :1:1: Premature end of file.
2025-08-31 10:51:16,006 [ERROR] LogOutputStream:75 - [STDERR_REDIRECT] 
2025-08-31 10:51:16,051 [ERROR] LogOutputStream:75 - [STDERR_REDIRECT] [Fatal Error] :1:1: Premature end of file.
2025-08-31 10:51:16,051 [ERROR] LogOutputStream:75 - [STDERR_REDIRECT] 
2025-08-31 10:51:16,108 [ERROR] LogOutputStream:75 - [STDERR_REDIRECT] [Fatal Error] :1:1: Premature end of file.
2025-08-31 10:51:16,108 [ERROR] LogOutputStream:75 - [STDERR_REDIRECT] 
2025-08-31 10:51:16,169 [ERROR] LogOutputStream:75 - [STDERR_REDIRECT] [Fatal Error] :1:1: Premature end of file.
2025-08-31 10:51:16,169 [ERROR] LogOutputStream:75 - [STDERR_REDIRECT] 
2025-08-31 10:51:16,232 [ERROR] LogOutputStream:75 - [STDERR_REDIRECT] [Fatal Error] :1:1: Premature end of file.
2025-08-31 10:51:16,232 [ERROR] LogOutputStream:75 - [STDERR_REDIRECT] 
2025-08-31 10:51:16,292 [ERROR] LogOutputStream:75 - [STDERR_REDIRECT] [Fatal Error] :1:1: Premature end of file.
2025-08-31 10:51:16,292 [ERROR] LogOutputStream:75 - [STDERR_REDIRECT] 
2025-08-31 10:51:16,347 [ERROR] LogOutputStream:75 - [STDERR_REDIRECT] [Fatal Error] :1:1: Premature end of file.
2025-08-31 10:51:16,347 [ERROR] LogOutputStream:75 - [STDERR_REDIRECT] 
2025-08-31 10:51:16,389 [ERROR] LogOutputStream:75 - [STDERR_REDIRECT] [Fatal Error] :1:1: Premature end of file.
2025-08-31 10:51:16,389 [ERROR] LogOutputStream:75 - [STDERR_REDIRECT] 
2025-08-31 10:51:16,434 [ERROR] LogOutputStream:75 - [STDERR_REDIRECT] [Fatal Error] :1:1: Premature end of file.
2025-08-31 10:51:16,434 [ERROR] LogOutputStream:75 - [STDERR_REDIRECT] 
2025-08-31 10:51:16,483 [ERROR] LogOutputStream:75 - [STDERR_REDIRECT] [Fatal Error] :1:1: Premature end of file.
2025-08-31 10:51:16,483 [ERROR] LogOutputStream:75 - [STDERR_REDIRECT] 
2025-08-31 10:51:16,539 [ERROR] LogOutputStream:75 - [STDERR_REDIRECT] [Fatal Error] :1:1: Premature end of file.
2025-08-31 10:51:16,539 [ERROR] LogOutputStream:75 - [STDERR_REDIRECT] 
2025-08-31 10:51:16,599 [ERROR] LogOutputStream:75 - [STDERR_REDIRECT] [Fatal Error] :1:1: Premature end of file.
2025-08-31 10:51:16,600 [ERROR] LogOutputStream:75 - [STDERR_REDIRECT] 
2025-08-31 10:51:16,660 [ERROR] LogOutputStream:75 - [STDERR_REDIRECT] [Fatal Error] :1:1: Premature end of file.
2025-08-31 10:51:16,660 [ERROR] LogOutputStream:75 - [STDERR_REDIRECT] 
2025-08-31 10:51:16,714 [ERROR] LogOutputStream:75 - [STDERR_REDIRECT] [Fatal Error] :1:1: Premature end of file.
2025-08-31 10:51:16,714 [ERROR] LogOutputStream:75 - [STDERR_REDIRECT] 
2025-08-31 10:51:16,769 [ERROR] LogOutputStream:75 - [STDERR_REDIRECT] [Fatal Error] :1:1: Premature end of file.
2025-08-31 10:51:16,769 [ERROR] LogOutputStream:75 - [STDERR_REDIRECT] 
2025-08-31 10:51:16,821 [ERROR] LogOutputStream:75 - [STDERR_REDIRECT] [Fatal Error] :1:1: Premature end of file.
2025-08-31 10:51:16,821 [ERROR] LogOutputStream:75 - [STDERR_REDIRECT] 
2025-08-31 10:51:16,877 [ERROR] LogOutputStream:75 - [STDERR_REDIRECT] [Fatal Error] :1:1: Premature end of file.
2025-08-31 10:51:16,877 [ERROR] LogOutputStream:75 - [STDERR_REDIRECT] 
2025-08-31 10:51:16,934 [ERROR] LogOutputStream:75 - [STDERR_REDIRECT] [Fatal Error] :1:1: Premature end of file.
2025-08-31 10:51:16,934 [ERROR] LogOutputStream:75 - [STDERR_REDIRECT] 
2025-08-31 10:51:17,042 [ERROR] LogOutputStream:75 - [STDERR_REDIRECT] [Fatal Error] :1:1: Premature end of file.
2025-08-31 10:51:17,042 [ERROR] LogOutputStream:75 - [STDERR_REDIRECT] 
2025-08-31 10:51:17,100 [ERROR] LogOutputStream:75 - [STDERR_REDIRECT] [Fatal Error] :1:1: Premature end of file.
2025-08-31 10:51:17,100 [ERROR] LogOutputStream:75 - [STDERR_REDIRECT] 
2025-08-31 10:51:17,150 [ERROR] LogOutputStream:75 - [STDERR_REDIRECT] [Fatal Error] :1:1: Premature end of file.
2025-08-31 10:51:17,150 [ERROR] LogOutputStream:75 - [STDERR_REDIRECT] 
2025-08-31 10:51:17,201 [ERROR] LogOutputStream:75 - [STDERR_REDIRECT] [Fatal Error] :1:1: Premature end of file.
2025-08-31 10:51:17,201 [ERROR] LogOutputStream:75 - [STDERR_REDIRECT] 
2025-08-31 10:51:17,262 [ERROR] LogOutputStream:75 - [STDERR_REDIRECT] [Fatal Error] :1:1: Premature end of file.
2025-08-31 10:51:17,262 [ERROR] LogOutputStream:75 - [STDERR_REDIRECT] 
2025-08-31 10:51:17,315 [ERROR] LogOutputStream:75 - [STDERR_REDIRECT] [Fatal Error] :1:1: Premature end of file.
2025-08-31 10:51:17,315 [ERROR] LogOutputStream:75 - [STDERR_REDIRECT] 
2025-08-31 10:51:17,381 [ERROR] LogOutputStream:75 - [STDERR_REDIRECT] [Fatal Error] :1:1: Premature end of file.
2025-08-31 10:51:17,381 [ERROR] LogOutputStream:75 - [STDERR_REDIRECT] 
2025-08-31 10:51:17,454 [ERROR] LogOutputStream:75 - [STDERR_REDIRECT] [Fatal Error] :1:1: Premature end of file.
2025-08-31 10:51:17,454 [ERROR] LogOutputStream:75 - [STDERR_REDIRECT] 
2025-08-31 10:51:17,528 [ERROR] LogOutputStream:75 - [STDERR_REDIRECT] [Fatal Error] :1:1: Premature end of file.
2025-08-31 10:51:17,528 [ERROR] LogOutputStream:75 - [STDERR_REDIRECT] 
2025-08-31 10:51:17,596 [ERROR] LogOutputStream:75 - [STDERR_REDIRECT] [Fatal Error] :1:1: Premature end of file.
2025-08-31 10:51:17,596 [ERROR] LogOutputStream:75 - [STDERR_REDIRECT] 
2025-08-31 10:51:17,661 [ERROR] LogOutputStream:75 - [STDERR_REDIRECT] [Fatal Error] :1:1: Premature end of file.
2025-08-31 10:51:17,661 [ERROR] LogOutputStream:75 - [STDERR_REDIRECT] 
2025-08-31 10:51:17,733 [ERROR] LogOutputStream:75 - [STDERR_REDIRECT] [Fatal Error] :1:1: Premature end of file.
2025-08-31 10:51:17,733 [ERROR] LogOutputStream:75 - [STDERR_REDIRECT] 
2025-08-31 10:51:17,792 [ERROR] LogOutputStream:75 - [STDERR_REDIRECT] [Fatal Error] :1:1: Premature end of file.
2025-08-31 10:51:17,792 [ERROR] LogOutputStream:75 - [STDERR_REDIRECT] 
2025-08-31 10:51:17,858 [ERROR] LogOutputStream:75 - [STDERR_REDIRECT] [Fatal Error] :1:1: Premature end of file.
2025-08-31 10:51:17,859 [ERROR] LogOutputStream:75 - [STDERR_REDIRECT] 
2025-08-31 10:51:17,920 [ERROR] LogOutputStream:75 - [STDERR_REDIRECT] [Fatal Error] :1:1: Premature end of file.
2025-08-31 10:51:17,920 [ERROR] LogOutputStream:75 - [STDERR_REDIRECT] 
2025-08-31 10:51:18,000 [ERROR] LogOutputStream:75 - [STDERR_REDIRECT] [Fatal Error] :1:1: Premature end of file.
2025-08-31 10:51:18,000 [ERROR] LogOutputStream:75 - [STDERR_REDIRECT] 
2025-08-31 10:51:18,066 [ERROR] LogOutputStream:75 - [STDERR_REDIRECT] [Fatal Error] :1:1: Premature end of file.
2025-08-31 10:51:18,067 [ERROR] LogOutputStream:75 - [STDERR_REDIRECT] 
2025-08-31 10:51:18,134 [ERROR] LogOutputStream:75 - [STDERR_REDIRECT] [Fatal Error] :1:1: Premature end of file.
2025-08-31 10:51:18,135 [ERROR] LogOutputStream:75 - [STDERR_REDIRECT] 
2025-08-31 10:51:18,206 [ERROR] LogOutputStream:75 - [STDERR_REDIRECT] [Fatal Error] :1:1: Premature end of file.
2025-08-31 10:51:18,206 [ERROR] LogOutputStream:75 - [STDERR_REDIRECT] 
2025-08-31 10:51:18,273 [ERROR] LogOutputStream:75 - [STDERR_REDIRECT] [Fatal Error] :1:1: Premature end of file.
2025-08-31 10:51:18,273 [ERROR] LogOutputStream:75 - [STDERR_REDIRECT] 
2025-08-31 10:51:18,333 [ERROR] LogOutputStream:75 - [STDERR_REDIRECT] [Fatal Error] :1:1: Premature end of file.
2025-08-31 10:51:18,334 [ERROR] LogOutputStream:75 - [STDERR_REDIRECT] 
2025-08-31 10:51:18,395 [ERROR] LogOutputStream:75 - [STDERR_REDIRECT] [Fatal Error] :1:1: Premature end of file.
2025-08-31 10:51:18,395 [ERROR] LogOutputStream:75 - [STDERR_REDIRECT] 
2025-08-31 10:51:18,461 [ERROR] LogOutputStream:75 - [STDERR_REDIRECT] [Fatal Error] :1:1: Premature end of file.
2025-08-31 10:51:18,461 [ERROR] LogOutputStream:75 - [STDERR_REDIRECT] 
2025-08-31 10:51:18,524 [ERROR] LogOutputStream:75 - [STDERR_REDIRECT] [Fatal Error] :1:1: Premature end of file.
2025-08-31 10:51:18,525 [ERROR] LogOutputStream:75 - [STDERR_REDIRECT] 
2025-08-31 10:51:18,587 [ERROR] LogOutputStream:75 - [STDERR_REDIRECT] [Fatal Error] :1:1: Premature end of file.
2025-08-31 10:51:18,587 [ERROR] LogOutputStream:75 - [STDERR_REDIRECT] 
2025-08-31 10:51:18,653 [ERROR] LogOutputStream:75 - [STDERR_REDIRECT] [Fatal Error] :1:1: Premature end of file.
2025-08-31 10:51:18,653 [ERROR] LogOutputStream:75 - [STDERR_REDIRECT] 
2025-08-31 10:51:18,710 [ERROR] LogOutputStream:75 - [STDERR_REDIRECT] [Fatal Error] :1:1: Premature end of file.
2025-08-31 10:51:18,710 [ERROR] LogOutputStream:75 - [STDERR_REDIRECT] 
2025-08-31 10:51:18,774 [ERROR] LogOutputStream:75 - [STDERR_REDIRECT] [Fatal Error] :1:1: Premature end of file.
2025-08-31 10:51:18,774 [ERROR] LogOutputStream:75 - [STDERR_REDIRECT] 
2025-08-31 10:51:18,842 [ERROR] LogOutputStream:75 - [STDERR_REDIRECT] [Fatal Error] :1:1: Premature end of file.
2025-08-31 10:51:18,842 [ERROR] LogOutputStream:75 - [STDERR_REDIRECT] 
2025-08-31 10:51:18,911 [ERROR] LogOutputStream:75 - [STDERR_REDIRECT] [Fatal Error] :1:1: Premature end of file.
2025-08-31 10:51:18,911 [ERROR] LogOutputStream:75 - [STDERR_REDIRECT] 
2025-08-31 10:51:18,979 [ERROR] LogOutputStream:75 - [STDERR_REDIRECT] [Fatal Error] :1:1: Premature end of file.
2025-08-31 10:51:18,979 [ERROR] LogOutputStream:75 - [STDERR_REDIRECT] 
2025-08-31 10:51:19,049 [ERROR] LogOutputStream:75 - [STDERR_REDIRECT] [Fatal Error] :1:1: Premature end of file.
2025-08-31 10:51:19,049 [ERROR] LogOutputStream:75 - [STDERR_REDIRECT] 
2025-08-31 10:51:19,122 [ERROR] LogOutputStream:75 - [STDERR_REDIRECT] [Fatal Error] :1:1: Premature end of file.
2025-08-31 10:51:19,123 [ERROR] LogOutputStream:75 - [STDERR_REDIRECT] 
2025-08-31 10:51:19,211 [ERROR] LogOutputStream:75 - [STDERR_REDIRECT] [Fatal Error] :1:1: Premature end of file.
2025-08-31 10:51:19,211 [ERROR] LogOutputStream:75 - [STDERR_REDIRECT] 
2025-08-31 10:51:19,281 [ERROR] LogOutputStream:75 - [STDERR_REDIRECT] [Fatal Error] :1:1: Premature end of file.
2025-08-31 10:51:19,281 [ERROR] LogOutputStream:75 - [STDERR_REDIRECT] 
2025-08-31 10:51:19,351 [ERROR] LogOutputStream:75 - [STDERR_REDIRECT] [Fatal Error] :1:1: Premature end of file.
2025-08-31 10:51:19,351 [ERROR] LogOutputStream:75 - [STDERR_REDIRECT] 
2025-08-31 10:51:19,417 [ERROR] LogOutputStream:75 - [STDERR_REDIRECT] [Fatal Error] :1:1: Premature end of file.
2025-08-31 10:51:19,417 [ERROR] LogOutputStream:75 - [STDERR_REDIRECT] 
2025-08-31 10:51:19,490 [ERROR] LogOutputStream:75 - [STDERR_REDIRECT] [Fatal Error] :1:1: Premature end of file.
2025-08-31 10:51:19,490 [ERROR] LogOutputStream:75 - [STDERR_REDIRECT] 
2025-08-31 10:51:19,568 [ERROR] LogOutputStream:75 - [STDERR_REDIRECT] [Fatal Error] :1:1: Premature end of file.
2025-08-31 10:51:19,569 [ERROR] LogOutputStream:75 - [STDERR_REDIRECT] 
2025-08-31 10:51:19,646 [ERROR] LogOutputStream:75 - [STDERR_REDIRECT] [Fatal Error] :1:1: Premature end of file.
2025-08-31 10:51:19,647 [ERROR] LogOutputStream:75 - [STDERR_REDIRECT] 
2025-08-31 10:51:19,707 [ERROR] LogOutputStream:75 - [STDERR_REDIRECT] [Fatal Error] :1:1: Premature end of file.
2025-08-31 10:51:19,707 [ERROR] LogOutputStream:75 - [STDERR_REDIRECT] 
2025-08-31 10:51:19,757 [ERROR] LogOutputStream:75 - [STDERR_REDIRECT] [Fatal Error] :1:1: Premature end of file.
2025-08-31 10:51:19,757 [ERROR] LogOutputStream:75 - [STDERR_REDIRECT] 
2025-08-31 10:51:19,806 [ERROR] LogOutputStream:75 - [STDERR_REDIRECT] [Fatal Error] :1:1: Premature end of file.
2025-08-31 10:51:19,806 [ERROR] LogOutputStream:75 - [STDERR_REDIRECT] 
2025-08-31 10:51:19,861 [ERROR] LogOutputStream:75 - [STDERR_REDIRECT] [Fatal Error] :1:1: Premature end of file.
2025-08-31 10:51:19,861 [ERROR] LogOutputStream:75 - [STDERR_REDIRECT] 
2025-08-31 10:51:19,912 [ERROR] LogOutputStream:75 - [STDERR_REDIRECT] [Fatal Error] :1:1: Premature end of file.
2025-08-31 10:51:19,912 [ERROR] LogOutputStream:75 - [STDERR_REDIRECT] 
2025-08-31 10:51:19,966 [ERROR] LogOutputStream:75 - [STDERR_REDIRECT] [Fatal Error] :1:1: Premature end of file.
2025-08-31 10:51:19,966 [ERROR] LogOutputStream:75 - [STDERR_REDIRECT] 
2025-08-31 10:51:20,031 [ERROR] LogOutputStream:75 - [STDERR_REDIRECT] [Fatal Error] :1:1: Premature end of file.
2025-08-31 10:51:20,031 [ERROR] LogOutputStream:75 - [STDERR_REDIRECT] 
2025-08-31 10:51:20,093 [ERROR] LogOutputStream:75 - [STDERR_REDIRECT] [Fatal Error] :1:1: Premature end of file.
2025-08-31 10:51:20,093 [ERROR] LogOutputStream:75 - [STDERR_REDIRECT] 
2025-08-31 10:51:20,164 [ERROR] LogOutputStream:75 - [STDERR_REDIRECT] [Fatal Error] :1:1: Premature end of file.
2025-08-31 10:51:20,164 [ERROR] LogOutputStream:75 - [STDERR_REDIRECT] 
2025-08-31 10:51:20,221 [ERROR] LogOutputStream:75 - [STDERR_REDIRECT] [Fatal Error] :1:1: Premature end of file.
2025-08-31 10:51:20,221 [ERROR] LogOutputStream:75 - [STDERR_REDIRECT] 
2025-08-31 10:51:20,276 [ERROR] LogOutputStream:75 - [STDERR_REDIRECT] [Fatal Error] :1:1: Premature end of file.
2025-08-31 10:51:20,276 [ERROR] LogOutputStream:75 - [STDERR_REDIRECT] 
2025-08-31 10:51:20,323 [ERROR] LogOutputStream:75 - [STDERR_REDIRECT] [Fatal Error] :1:1: Premature end of file.
2025-08-31 10:51:20,323 [ERROR] LogOutputStream:75 - [STDERR_REDIRECT] 
2025-08-31 10:51:20,371 [ERROR] LogOutputStream:75 - [STDERR_REDIRECT] [Fatal Error] :1:1: Premature end of file.
2025-08-31 10:51:20,371 [ERROR] LogOutputStream:75 - [STDERR_REDIRECT] 
2025-08-31 10:51:20,420 [ERROR] LogOutputStream:75 - [STDERR_REDIRECT] [Fatal Error] :1:1: Premature end of file.
2025-08-31 10:51:20,420 [ERROR] LogOutputStream:75 - [STDERR_REDIRECT] 
2025-08-31 10:51:20,471 [ERROR] LogOutputStream:75 - [STDERR_REDIRECT] [Fatal Error] :1:1: Premature end of file.
2025-08-31 10:51:20,471 [ERROR] LogOutputStream:75 - [STDERR_REDIRECT] 
2025-08-31 10:51:20,523 [ERROR] LogOutputStream:75 - [STDERR_REDIRECT] [Fatal Error] :1:1: Premature end of file.
2025-08-31 10:51:20,523 [ERROR] LogOutputStream:75 - [STDERR_REDIRECT] 
2025-08-31 10:51:20,580 [ERROR] LogOutputStream:75 - [STDERR_REDIRECT] [Fatal Error] :1:1: Premature end of file.
2025-08-31 10:51:20,580 [ERROR] LogOutputStream:75 - [STDERR_REDIRECT] 
2025-08-31 10:51:20,642 [ERROR] LogOutputStream:75 - [STDERR_REDIRECT] [Fatal Error] :1:1: Premature end of file.
2025-08-31 10:51:20,642 [ERROR] LogOutputStream:75 - [STDERR_REDIRECT] 
2025-08-31 10:51:20,710 [ERROR] LogOutputStream:75 - [STDERR_REDIRECT] [Fatal Error] :1:1: Premature end of file.
2025-08-31 10:51:20,711 [ERROR] LogOutputStream:75 - [STDERR_REDIRECT] 
2025-08-31 10:51:20,781 [ERROR] LogOutputStream:75 - [STDERR_REDIRECT] [Fatal Error] :1:1: Premature end of file.
2025-08-31 10:51:20,781 [ERROR] LogOutputStream:75 - [STDERR_REDIRECT] 
2025-08-31 10:51:20,849 [ERROR] LogOutputStream:75 - [STDERR_REDIRECT] [Fatal Error] :1:1: Premature end of file.
2025-08-31 10:51:20,849 [ERROR] LogOutputStream:75 - [STDERR_REDIRECT] 
2025-08-31 10:51:20,904 [ERROR] LogOutputStream:75 - [STDERR_REDIRECT] [Fatal Error] :1:1: Premature end of file.
2025-08-31 10:51:20,904 [ERROR] LogOutputStream:75 - [STDERR_REDIRECT] 
2025-08-31 10:51:20,949 [ERROR] LogOutputStream:75 - [STDERR_REDIRECT] [Fatal Error] :1:1: Premature end of file.
2025-08-31 10:51:20,949 [ERROR] LogOutputStream:75 - [STDERR_REDIRECT] 
2025-08-31 10:51:20,998 [ERROR] LogOutputStream:75 - [STDERR_REDIRECT] [Fatal Error] :1:1: Premature end of file.
2025-08-31 10:51:20,998 [ERROR] LogOutputStream:75 - [STDERR_REDIRECT] 
2025-08-31 10:51:21,044 [ERROR] LogOutputStream:75 - [STDERR_REDIRECT] [Fatal Error] :1:1: Premature end of file.
2025-08-31 10:51:21,044 [ERROR] LogOutputStream:75 - [STDERR_REDIRECT] 
2025-08-31 10:51:21,095 [ERROR] LogOutputStream:75 - [STDERR_REDIRECT] [Fatal Error] :1:1: Premature end of file.
2025-08-31 10:51:21,095 [ERROR] LogOutputStream:75 - [STDERR_REDIRECT] 
2025-08-31 10:51:21,146 [ERROR] LogOutputStream:75 - [STDERR_REDIRECT] [Fatal Error] :1:1: Premature end of file.
2025-08-31 10:51:21,146 [ERROR] LogOutputStream:75 - [STDERR_REDIRECT] 
2025-08-31 10:51:21,212 [ERROR] LogOutputStream:75 - [STDERR_REDIRECT] [Fatal Error] :1:1: Premature end of file.
2025-08-31 10:51:21,212 [ERROR] LogOutputStream:75 - [STDERR_REDIRECT] 
2025-08-31 10:51:21,270 [ERROR] LogOutputStream:75 - [STDERR_REDIRECT] [Fatal Error] :1:1: Premature end of file.
2025-08-31 10:51:21,271 [ERROR] LogOutputStream:75 - [STDERR_REDIRECT] 
2025-08-31 10:51:21,327 [ERROR] LogOutputStream:75 - [STDERR_REDIRECT] [Fatal Error] :1:1: Premature end of file.
2025-08-31 10:51:21,327 [ERROR] LogOutputStream:75 - [STDERR_REDIRECT] 
2025-08-31 10:51:21,384 [ERROR] LogOutputStream:75 - [STDERR_REDIRECT] [Fatal Error] :1:1: Premature end of file.
2025-08-31 10:51:21,385 [ERROR] LogOutputStream:75 - [STDERR_REDIRECT] 
2025-08-31 10:51:21,436 [ERROR] LogOutputStream:75 - [STDERR_REDIRECT] [Fatal Error] :1:1: Premature end of file.
2025-08-31 10:51:21,437 [ERROR] LogOutputStream:75 - [STDERR_REDIRECT] 
2025-08-31 10:51:21,489 [ERROR] LogOutputStream:75 - [STDERR_REDIRECT] [Fatal Error] :1:1: Premature end of file.
2025-08-31 10:51:21,489 [ERROR] LogOutputStream:75 - [STDERR_REDIRECT] 
2025-08-31 10:51:21,542 [ERROR] LogOutputStream:75 - [STDERR_REDIRECT] [Fatal Error] :1:1: Premature end of file.
2025-08-31 10:51:21,542 [ERROR] LogOutputStream:75 - [STDERR_REDIRECT] 
2025-08-31 10:51:21,584 [ERROR] LogOutputStream:75 - [STDERR_REDIRECT] [Fatal Error] :1:1: Premature end of file.
2025-08-31 10:51:21,584 [ERROR] LogOutputStream:75 - [STDERR_REDIRECT] 
2025-08-31 10:51:21,639 [ERROR] LogOutputStream:75 - [STDERR_REDIRECT] [Fatal Error] :1:1: Premature end of file.
2025-08-31 10:51:21,639 [ERROR] LogOutputStream:75 - [STDERR_REDIRECT] 
2025-08-31 10:51:21,712 [ERROR] LogOutputStream:75 - [STDERR_REDIRECT] [Fatal Error] :1:1: Premature end of file.
2025-08-31 10:51:21,712 [ERROR] LogOutputStream:75 - [STDERR_REDIRECT] 
2025-08-31 10:51:21,769 [ERROR] LogOutputStream:75 - [STDERR_REDIRECT] [Fatal Error] :1:1: Premature end of file.
2025-08-31 10:51:21,769 [ERROR] LogOutputStream:75 - [STDERR_REDIRECT] 
2025-08-31 10:51:21,832 [ERROR] LogOutputStream:75 - [STDERR_REDIRECT] [Fatal Error] :1:1: Premature end of file.
2025-08-31 10:51:21,832 [ERROR] LogOutputStream:75 - [STDERR_REDIRECT] 
2025-08-31 10:51:21,896 [ERROR] LogOutputStream:75 - [STDERR_REDIRECT] [Fatal Error] :1:1: Premature end of file.
2025-08-31 10:51:21,896 [ERROR] LogOutputStream:75 - [STDERR_REDIRECT] 
2025-08-31 10:51:21,956 [ERROR] LogOutputStream:75 - [STDERR_REDIRECT] [Fatal Error] :1:1: Premature end of file.
2025-08-31 10:51:21,956 [ERROR] LogOutputStream:75 - [STDERR_REDIRECT] 
2025-08-31 10:51:22,015 [ERROR] LogOutputStream:75 - [STDERR_REDIRECT] [Fatal Error] :1:1: Premature end of file.
2025-08-31 10:51:22,015 [ERROR] LogOutputStream:75 - [STDERR_REDIRECT] 
2025-08-31 10:51:22,075 [ERROR] LogOutputStream:75 - [STDERR_REDIRECT] [Fatal Error] :1:1: Premature end of file.
2025-08-31 10:51:22,075 [ERROR] LogOutputStream:75 - [STDERR_REDIRECT] 
2025-08-31 10:51:22,129 [ERROR] LogOutputStream:75 - [STDERR_REDIRECT] [Fatal Error] :1:1: Premature end of file.
2025-08-31 10:51:22,129 [ERROR] LogOutputStream:75 - [STDERR_REDIRECT] 
2025-08-31 10:51:22,186 [ERROR] LogOutputStream:75 - [STDERR_REDIRECT] [Fatal Error] :1:1: Premature end of file.
2025-08-31 10:51:22,186 [ERROR] LogOutputStream:75 - [STDERR_REDIRECT] 
2025-08-31 10:51:22,241 [ERROR] LogOutputStream:75 - [STDERR_REDIRECT] [Fatal Error] :1:1: Premature end of file.
2025-08-31 10:51:22,241 [ERROR] LogOutputStream:75 - [STDERR_REDIRECT] 
2025-08-31 10:51:22,285 [ERROR] LogOutputStream:75 - [STDERR_REDIRECT] [Fatal Error] :1:1: Premature end of file.
2025-08-31 10:51:22,285 [ERROR] LogOutputStream:75 - [STDERR_REDIRECT] 
2025-08-31 10:51:22,335 [ERROR] LogOutputStream:75 - [STDERR_REDIRECT] [Fatal Error] :1:1: Premature end of file.
2025-08-31 10:51:22,335 [ERROR] LogOutputStream:75 - [STDERR_REDIRECT] 
2025-08-31 10:51:22,408 [ERROR] LogOutputStream:75 - [STDERR_REDIRECT] [Fatal Error] :1:1: Premature end of file.
2025-08-31 10:51:22,408 [ERROR] LogOutputStream:75 - [STDERR_REDIRECT] 
2025-08-31 10:51:22,476 [ERROR] LogOutputStream:75 - [STDERR_REDIRECT] [Fatal Error] :1:1: Premature end of file.
2025-08-31 10:51:22,476 [ERROR] LogOutputStream:75 - [STDERR_REDIRECT] 
2025-08-31 10:51:22,527 [ERROR] LogOutputStream:75 - [STDERR_REDIRECT] [Fatal Error] :1:1: Premature end of file.
2025-08-31 10:51:22,527 [ERROR] LogOutputStream:75 - [STDERR_REDIRECT] 
2025-08-31 10:51:22,575 [ERROR] LogOutputStream:75 - [STDERR_REDIRECT] [Fatal Error] :1:1: Premature end of file.
2025-08-31 10:51:22,575 [ERROR] LogOutputStream:75 - [STDERR_REDIRECT] 
2025-08-31 10:51:22,629 [ERROR] LogOutputStream:75 - [STDERR_REDIRECT] [Fatal Error] :1:1: Premature end of file.
2025-08-31 10:51:22,629 [ERROR] LogOutputStream:75 - [STDERR_REDIRECT] 
2025-08-31 10:51:22,690 [ERROR] LogOutputStream:75 - [STDERR_REDIRECT] [Fatal Error] :1:1: Premature end of file.
2025-08-31 10:51:22,690 [ERROR] LogOutputStream:75 - [STDERR_REDIRECT] 
2025-08-31 10:51:22,751 [ERROR] LogOutputStream:75 - [STDERR_REDIRECT] [Fatal Error] :1:1: Premature end of file.
2025-08-31 10:51:22,752 [ERROR] LogOutputStream:75 - [STDERR_REDIRECT] 
2025-08-31 10:51:22,810 [ERROR] LogOutputStream:75 - [STDERR_REDIRECT] [Fatal Error] :1:1: Premature end of file.
2025-08-31 10:51:22,811 [ERROR] LogOutputStream:75 - [STDERR_REDIRECT] 
2025-08-31 10:51:22,879 [ERROR] LogOutputStream:75 - [STDERR_REDIRECT] [Fatal Error] :1:1: Premature end of file.
2025-08-31 10:51:22,879 [ERROR] LogOutputStream:75 - [STDERR_REDIRECT] 
2025-08-31 10:51:22,946 [ERROR] LogOutputStream:75 - [STDERR_REDIRECT] [Fatal Error] :1:1: Premature end of file.
2025-08-31 10:51:22,946 [ERROR] LogOutputStream:75 - [STDERR_REDIRECT] 
2025-08-31 10:51:23,014 [ERROR] LogOutputStream:75 - [STDERR_REDIRECT] [Fatal Error] :1:1: Premature end of file.
2025-08-31 10:51:23,014 [ERROR] LogOutputStream:75 - [STDERR_REDIRECT] 
2025-08-31 10:51:23,081 [ERROR] LogOutputStream:75 - [STDERR_REDIRECT] [Fatal Error] :1:1: Premature end of file.
2025-08-31 10:51:23,081 [ERROR] LogOutputStream:75 - [STDERR_REDIRECT] 
2025-08-31 10:51:23,141 [ERROR] LogOutputStream:75 - [STDERR_REDIRECT] [Fatal Error] :1:1: Premature end of file.
2025-08-31 10:51:23,141 [ERROR] LogOutputStream:75 - [STDERR_REDIRECT] 
2025-08-31 10:51:23,200 [ERROR] LogOutputStream:75 - [STDERR_REDIRECT] [Fatal Error] :1:1: Premature end of file.
2025-08-31 10:51:23,200 [ERROR] LogOutputStream:75 - [STDERR_REDIRECT] 
2025-08-31 10:51:23,257 [ERROR] LogOutputStream:75 - [STDERR_REDIRECT] [Fatal Error] :1:1: Premature end of file.
2025-08-31 10:51:23,258 [ERROR] LogOutputStream:75 - [STDERR_REDIRECT] 
2025-08-31 10:51:23,312 [ERROR] LogOutputStream:75 - [STDERR_REDIRECT] [Fatal Error] :1:1: Premature end of file.
2025-08-31 10:51:23,312 [ERROR] LogOutputStream:75 - [STDERR_REDIRECT] 
2025-08-31 10:51:23,369 [ERROR] LogOutputStream:75 - [STDERR_REDIRECT] [Fatal Error] :1:1: Premature end of file.
2025-08-31 10:51:23,370 [ERROR] LogOutputStream:75 - [STDERR_REDIRECT] 
2025-08-31 10:51:23,427 [ERROR] LogOutputStream:75 - [STDERR_REDIRECT] [Fatal Error] :1:1: Premature end of file.
2025-08-31 10:51:23,427 [ERROR] LogOutputStream:75 - [STDERR_REDIRECT] 
2025-08-31 10:51:23,481 [ERROR] LogOutputStream:75 - [STDERR_REDIRECT] [Fatal Error] :1:1: Premature end of file.
2025-08-31 10:51:23,481 [ERROR] LogOutputStream:75 - [STDERR_REDIRECT] 
2025-08-31 10:51:23,539 [ERROR] LogOutputStream:75 - [STDERR_REDIRECT] [Fatal Error] :1:1: Premature end of file.
2025-08-31 10:51:23,539 [ERROR] LogOutputStream:75 - [STDERR_REDIRECT] 
2025-08-31 10:51:23,590 [ERROR] LogOutputStream:75 - [STDERR_REDIRECT] [Fatal Error] :1:1: Premature end of file.
2025-08-31 10:51:23,590 [ERROR] LogOutputStream:75 - [STDERR_REDIRECT] 
2025-08-31 10:51:23,644 [ERROR] LogOutputStream:75 - [STDERR_REDIRECT] [Fatal Error] :1:1: Premature end of file.
2025-08-31 10:51:23,644 [ERROR] LogOutputStream:75 - [STDERR_REDIRECT] 
2025-08-31 10:51:23,707 [ERROR] LogOutputStream:75 - [STDERR_REDIRECT] [Fatal Error] :1:1: Premature end of file.
2025-08-31 10:51:23,707 [ERROR] LogOutputStream:75 - [STDERR_REDIRECT] 
2025-08-31 10:51:23,773 [ERROR] LogOutputStream:75 - [STDERR_REDIRECT] [Fatal Error] :1:1: Premature end of file.
2025-08-31 10:51:23,774 [ERROR] LogOutputStream:75 - [STDERR_REDIRECT] 
2025-08-31 10:51:23,835 [ERROR] LogOutputStream:75 - [STDERR_REDIRECT] [Fatal Error] :1:1: Premature end of file.
2025-08-31 10:51:23,835 [ERROR] LogOutputStream:75 - [STDERR_REDIRECT] 
2025-08-31 10:51:23,899 [ERROR] LogOutputStream:75 - [STDERR_REDIRECT] [Fatal Error] :1:1: Premature end of file.
2025-08-31 10:51:23,899 [ERROR] LogOutputStream:75 - [STDERR_REDIRECT] 
2025-08-31 10:51:23,951 [ERROR] LogOutputStream:75 - [STDERR_REDIRECT] [Fatal Error] :1:1: Premature end of file.
2025-08-31 10:51:23,951 [ERROR] LogOutputStream:75 - [STDERR_REDIRECT] 
2025-08-31 10:51:23,998 [ERROR] LogOutputStream:75 - [STDERR_REDIRECT] [Fatal Error] :1:1: Premature end of file.
2025-08-31 10:51:23,998 [ERROR] LogOutputStream:75 - [STDERR_REDIRECT] 
2025-08-31 10:51:24,048 [ERROR] LogOutputStream:75 - [STDERR_REDIRECT] [Fatal Error] :1:1: Premature end of file.
2025-08-31 10:51:24,048 [ERROR] LogOutputStream:75 - [STDERR_REDIRECT] 
2025-08-31 10:51:24,099 [ERROR] LogOutputStream:75 - [STDERR_REDIRECT] [Fatal Error] :1:1: Premature end of file.
2025-08-31 10:51:24,099 [ERROR] LogOutputStream:75 - [STDERR_REDIRECT] 
2025-08-31 10:51:24,162 [ERROR] LogOutputStream:75 - [STDERR_REDIRECT] [Fatal Error] :1:1: Premature end of file.
2025-08-31 10:51:24,163 [ERROR] LogOutputStream:75 - [STDERR_REDIRECT] 
2025-08-31 10:51:24,232 [ERROR] LogOutputStream:75 - [STDERR_REDIRECT] [Fatal Error] :1:1: Premature end of file.
2025-08-31 10:51:24,232 [ERROR] LogOutputStream:75 - [STDERR_REDIRECT] 
2025-08-31 10:51:24,283 [ERROR] LogOutputStream:75 - [STDERR_REDIRECT] [Fatal Error] :1:1: Premature end of file.
2025-08-31 10:51:24,284 [ERROR] LogOutputStream:75 - [STDERR_REDIRECT] 
2025-08-31 10:51:24,335 [ERROR] LogOutputStream:75 - [STDERR_REDIRECT] [Fatal Error] :1:1: Premature end of file.
2025-08-31 10:51:24,335 [ERROR] LogOutputStream:75 - [STDERR_REDIRECT] 
2025-08-31 10:51:24,395 [ERROR] LogOutputStream:75 - [STDERR_REDIRECT] [Fatal Error] :1:1: Premature end of file.
2025-08-31 10:51:24,395 [ERROR] LogOutputStream:75 - [STDERR_REDIRECT] 
2025-08-31 10:51:24,459 [ERROR] LogOutputStream:75 - [STDERR_REDIRECT] [Fatal Error] :1:1: Premature end of file.
2025-08-31 10:51:24,459 [ERROR] LogOutputStream:75 - [STDERR_REDIRECT] 
2025-08-31 10:51:24,522 [ERROR] LogOutputStream:75 - [STDERR_REDIRECT] [Fatal Error] :1:1: Premature end of file.
2025-08-31 10:51:24,522 [ERROR] LogOutputStream:75 - [STDERR_REDIRECT] 
2025-08-31 10:51:24,570 [ERROR] LogOutputStream:75 - [STDERR_REDIRECT] [Fatal Error] :1:1: Premature end of file.
2025-08-31 10:51:24,570 [ERROR] LogOutputStream:75 - [STDERR_REDIRECT] 
2025-08-31 10:51:24,617 [ERROR] LogOutputStream:75 - [STDERR_REDIRECT] [Fatal Error] :1:1: Premature end of file.
2025-08-31 10:51:24,617 [ERROR] LogOutputStream:75 - [STDERR_REDIRECT] 
2025-08-31 10:51:24,673 [ERROR] LogOutputStream:75 - [STDERR_REDIRECT] [Fatal Error] :1:1: Premature end of file.
2025-08-31 10:51:24,674 [ERROR] LogOutputStream:75 - [STDERR_REDIRECT] 
2025-08-31 10:51:24,730 [ERROR] LogOutputStream:75 - [STDERR_REDIRECT] [Fatal Error] :1:1: Premature end of file.
2025-08-31 10:51:24,730 [ERROR] LogOutputStream:75 - [STDERR_REDIRECT] 
2025-08-31 10:51:24,788 [ERROR] LogOutputStream:75 - [STDERR_REDIRECT] [Fatal Error] :1:1: Premature end of file.
2025-08-31 10:51:24,788 [ERROR] LogOutputStream:75 - [STDERR_REDIRECT] 
2025-08-31 10:51:24,847 [ERROR] LogOutputStream:75 - [STDERR_REDIRECT] [Fatal Error] :1:1: Premature end of file.
2025-08-31 10:51:24,847 [ERROR] LogOutputStream:75 - [STDERR_REDIRECT] 
2025-08-31 10:51:24,911 [ERROR] LogOutputStream:75 - [STDERR_REDIRECT] [Fatal Error] :1:1: Premature end of file.
2025-08-31 10:51:24,911 [ERROR] LogOutputStream:75 - [STDERR_REDIRECT] 
2025-08-31 10:51:24,976 [ERROR] LogOutputStream:75 - [STDERR_REDIRECT] [Fatal Error] :1:1: Premature end of file.
2025-08-31 10:51:24,976 [ERROR] LogOutputStream:75 - [STDERR_REDIRECT] 
2025-08-31 10:51:25,025 [ERROR] LogOutputStream:75 - [STDERR_REDIRECT] [Fatal Error] :1:1: Premature end of file.
2025-08-31 10:51:25,025 [ERROR] LogOutputStream:75 - [STDERR_REDIRECT] 
2025-08-31 10:51:25,077 [ERROR] LogOutputStream:75 - [STDERR_REDIRECT] [Fatal Error] :1:1: Premature end of file.
2025-08-31 10:51:25,077 [ERROR] LogOutputStream:75 - [STDERR_REDIRECT] 
2025-08-31 10:51:25,139 [ERROR] LogOutputStream:75 - [STDERR_REDIRECT] [Fatal Error] :1:1: Premature end of file.
2025-08-31 10:51:25,139 [ERROR] LogOutputStream:75 - [STDERR_REDIRECT] 
2025-08-31 10:51:25,193 [ERROR] LogOutputStream:75 - [STDERR_REDIRECT] [Fatal Error] :1:1: Premature end of file.
2025-08-31 10:51:25,193 [ERROR] LogOutputStream:75 - [STDERR_REDIRECT] 
2025-08-31 10:51:25,256 [ERROR] LogOutputStream:75 - [STDERR_REDIRECT] [Fatal Error] :1:1: Premature end of file.
2025-08-31 10:51:25,256 [ERROR] LogOutputStream:75 - [STDERR_REDIRECT] 
2025-08-31 10:51:25,319 [ERROR] LogOutputStream:75 - [STDERR_REDIRECT] [Fatal Error] :1:1: Premature end of file.
2025-08-31 10:51:25,319 [ERROR] LogOutputStream:75 - [STDERR_REDIRECT] 
2025-08-31 10:51:25,391 [ERROR] LogOutputStream:75 - [STDERR_REDIRECT] [Fatal Error] :1:1: Premature end of file.
2025-08-31 10:51:25,392 [ERROR] LogOutputStream:75 - [STDERR_REDIRECT] 
2025-08-31 10:51:25,454 [ERROR] LogOutputStream:75 - [STDERR_REDIRECT] [Fatal Error] :1:1: Premature end of file.
2025-08-31 10:51:25,454 [ERROR] LogOutputStream:75 - [STDERR_REDIRECT] 
2025-08-31 10:51:25,505 [ERROR] LogOutputStream:75 - [STDERR_REDIRECT] [Fatal Error] :1:1: Premature end of file.
2025-08-31 10:51:25,505 [ERROR] LogOutputStream:75 - [STDERR_REDIRECT] 
2025-08-31 10:51:25,553 [ERROR] LogOutputStream:75 - [STDERR_REDIRECT] [Fatal Error] :1:1: Premature end of file.
2025-08-31 10:51:25,553 [ERROR] LogOutputStream:75 - [STDERR_REDIRECT] 
2025-08-31 10:51:25,602 [ERROR] LogOutputStream:75 - [STDERR_REDIRECT] [Fatal Error] :1:1: Premature end of file.
2025-08-31 10:51:25,602 [ERROR] LogOutputStream:75 - [STDERR_REDIRECT] 
2025-08-31 10:51:25,660 [ERROR] LogOutputStream:75 - [STDERR_REDIRECT] [Fatal Error] :1:1: Premature end of file.
2025-08-31 10:51:25,660 [ERROR] LogOutputStream:75 - [STDERR_REDIRECT] 
2025-08-31 10:51:25,728 [ERROR] LogOutputStream:75 - [STDERR_REDIRECT] [Fatal Error] :1:1: Premature end of file.
2025-08-31 10:51:25,728 [ERROR] LogOutputStream:75 - [STDERR_REDIRECT] 
2025-08-31 10:51:25,791 [ERROR] LogOutputStream:75 - [STDERR_REDIRECT] [Fatal Error] :1:1: Premature end of file.
2025-08-31 10:51:25,791 [ERROR] LogOutputStream:75 - [STDERR_REDIRECT] 
2025-08-31 10:51:25,848 [ERROR] LogOutputStream:75 - [STDERR_REDIRECT] [Fatal Error] :1:1: Premature end of file.
2025-08-31 10:51:25,848 [ERROR] LogOutputStream:75 - [STDERR_REDIRECT] 
2025-08-31 10:51:25,910 [ERROR] LogOutputStream:75 - [STDERR_REDIRECT] [Fatal Error] :1:1: Premature end of file.
2025-08-31 10:51:25,911 [ERROR] LogOutputStream:75 - [STDERR_REDIRECT] 
2025-08-31 10:51:25,979 [ERROR] LogOutputStream:75 - [STDERR_REDIRECT] [Fatal Error] :1:1: Premature end of file.
2025-08-31 10:51:25,979 [ERROR] LogOutputStream:75 - [STDERR_REDIRECT] 
2025-08-31 10:51:26,045 [ERROR] LogOutputStream:75 - [STDERR_REDIRECT] [Fatal Error] :1:1: Premature end of file.
2025-08-31 10:51:26,045 [ERROR] LogOutputStream:75 - [STDERR_REDIRECT] 
2025-08-31 10:51:26,109 [ERROR] LogOutputStream:75 - [STDERR_REDIRECT] [Fatal Error] :1:1: Premature end of file.
2025-08-31 10:51:26,109 [ERROR] LogOutputStream:75 - [STDERR_REDIRECT] 
2025-08-31 10:51:26,181 [ERROR] LogOutputStream:75 - [STDERR_REDIRECT] [Fatal Error] :1:1: Premature end of file.
2025-08-31 10:51:26,181 [ERROR] LogOutputStream:75 - [STDERR_REDIRECT] 
2025-08-31 10:51:26,250 [ERROR] LogOutputStream:75 - [STDERR_REDIRECT] [Fatal Error] :1:1: Premature end of file.
2025-08-31 10:51:26,250 [ERROR] LogOutputStream:75 - [STDERR_REDIRECT] 
2025-08-31 10:51:26,315 [ERROR] LogOutputStream:75 - [STDERR_REDIRECT] [Fatal Error] :1:1: Premature end of file.
2025-08-31 10:51:26,315 [ERROR] LogOutputStream:75 - [STDERR_REDIRECT] 
2025-08-31 10:51:26,385 [ERROR] LogOutputStream:75 - [STDERR_REDIRECT] [Fatal Error] :1:1: Premature end of file.
2025-08-31 10:51:26,385 [ERROR] LogOutputStream:75 - [STDERR_REDIRECT] 
2025-08-31 10:51:26,447 [ERROR] LogOutputStream:75 - [STDERR_REDIRECT] [Fatal Error] :1:1: Premature end of file.
2025-08-31 10:51:26,447 [ERROR] LogOutputStream:75 - [STDERR_REDIRECT] 
2025-08-31 10:51:26,517 [ERROR] LogOutputStream:75 - [STDERR_REDIRECT] [Fatal Error] :1:1: Premature end of file.
2025-08-31 10:51:26,518 [ERROR] LogOutputStream:75 - [STDERR_REDIRECT] 
2025-08-31 10:51:26,586 [ERROR] LogOutputStream:75 - [STDERR_REDIRECT] [Fatal Error] :1:1: Premature end of file.
2025-08-31 10:51:26,586 [ERROR] LogOutputStream:75 - [STDERR_REDIRECT] 
2025-08-31 10:51:26,664 [ERROR] LogOutputStream:75 - [STDERR_REDIRECT] [Fatal Error] :1:1: Premature end of file.
2025-08-31 10:51:26,665 [ERROR] LogOutputStream:75 - [STDERR_REDIRECT] 
2025-08-31 10:51:26,731 [ERROR] LogOutputStream:75 - [STDERR_REDIRECT] [Fatal Error] :1:1: Premature end of file.
2025-08-31 10:51:26,731 [ERROR] LogOutputStream:75 - [STDERR_REDIRECT] 
2025-08-31 10:51:26,778 [ERROR] LogOutputStream:75 - [STDERR_REDIRECT] [Fatal Error] :1:1: Premature end of file.
2025-08-31 10:51:26,778 [ERROR] LogOutputStream:75 - [STDERR_REDIRECT] 
2025-08-31 10:51:26,843 [ERROR] LogOutputStream:75 - [STDERR_REDIRECT] [Fatal Error] :1:1: Premature end of file.
2025-08-31 10:51:26,844 [ERROR] LogOutputStream:75 - [STDERR_REDIRECT] 
2025-08-31 10:51:26,912 [ERROR] LogOutputStream:75 - [STDERR_REDIRECT] [Fatal Error] :1:1: Premature end of file.
2025-08-31 10:51:26,913 [ERROR] LogOutputStream:75 - [STDERR_REDIRECT] 
2025-08-31 10:51:26,978 [ERROR] LogOutputStream:75 - [STDERR_REDIRECT] [Fatal Error] :1:1: Premature end of file.
2025-08-31 10:51:26,979 [ERROR] LogOutputStream:75 - [STDERR_REDIRECT] 
2025-08-31 10:51:27,048 [ERROR] LogOutputStream:75 - [STDERR_REDIRECT] [Fatal Error] :1:1: Premature end of file.
2025-08-31 10:51:27,048 [ERROR] LogOutputStream:75 - [STDERR_REDIRECT] 
2025-08-31 10:51:27,105 [ERROR] LogOutputStream:75 - [STDERR_REDIRECT] [Fatal Error] :1:1: Premature end of file.
2025-08-31 10:51:27,105 [ERROR] LogOutputStream:75 - [STDERR_REDIRECT] 
2025-08-31 10:51:27,179 [ERROR] LogOutputStream:75 - [STDERR_REDIRECT] [Fatal Error] :1:1: Premature end of file.
2025-08-31 10:51:27,179 [ERROR] LogOutputStream:75 - [STDERR_REDIRECT] 
2025-08-31 10:51:27,256 [ERROR] LogOutputStream:75 - [STDERR_REDIRECT] [Fatal Error] :1:1: Premature end of file.
2025-08-31 10:51:27,256 [ERROR] LogOutputStream:75 - [STDERR_REDIRECT] 
2025-08-31 10:51:27,305 [ERROR] LogOutputStream:75 - [STDERR_REDIRECT] [Fatal Error] :1:1: Premature end of file.
2025-08-31 10:51:27,306 [ERROR] LogOutputStream:75 - [STDERR_REDIRECT] 
2025-08-31 10:51:27,363 [ERROR] LogOutputStream:75 - [STDERR_REDIRECT] [Fatal Error] :1:1: Premature end of file.
2025-08-31 10:51:27,363 [ERROR] LogOutputStream:75 - [STDERR_REDIRECT] 
2025-08-31 10:51:27,424 [ERROR] LogOutputStream:75 - [STDERR_REDIRECT] [Fatal Error] :1:1: Premature end of file.
2025-08-31 10:51:27,425 [ERROR] LogOutputStream:75 - [STDERR_REDIRECT] 
2025-08-31 10:51:27,493 [ERROR] LogOutputStream:75 - [STDERR_REDIRECT] [Fatal Error] :1:1: Premature end of file.
2025-08-31 10:51:27,493 [ERROR] LogOutputStream:75 - [STDERR_REDIRECT] 
2025-08-31 10:51:27,561 [ERROR] LogOutputStream:75 - [STDERR_REDIRECT] [Fatal Error] :1:1: Premature end of file.
2025-08-31 10:51:27,561 [ERROR] LogOutputStream:75 - [STDERR_REDIRECT] 
2025-08-31 10:51:27,627 [ERROR] LogOutputStream:75 - [STDERR_REDIRECT] [Fatal Error] :1:1: Premature end of file.
2025-08-31 10:51:27,627 [ERROR] LogOutputStream:75 - [STDERR_REDIRECT] 
2025-08-31 10:51:27,688 [ERROR] LogOutputStream:75 - [STDERR_REDIRECT] [Fatal Error] :1:1: Premature end of file.
2025-08-31 10:51:27,688 [ERROR] LogOutputStream:75 - [STDERR_REDIRECT] 
2025-08-31 10:51:27,746 [ERROR] LogOutputStream:75 - [STDERR_REDIRECT] [Fatal Error] :1:1: Premature end of file.
2025-08-31 10:51:27,746 [ERROR] LogOutputStream:75 - [STDERR_REDIRECT] 
2025-08-31 10:51:27,818 [ERROR] LogOutputStream:75 - [STDERR_REDIRECT] [Fatal Error] :1:1: Premature end of file.
2025-08-31 10:51:27,818 [ERROR] LogOutputStream:75 - [STDERR_REDIRECT] 
2025-08-31 10:51:27,891 [ERROR] LogOutputStream:75 - [STDERR_REDIRECT] [Fatal Error] :1:1: Premature end of file.
2025-08-31 10:51:27,892 [ERROR] LogOutputStream:75 - [STDERR_REDIRECT] 
2025-08-31 10:51:27,958 [ERROR] LogOutputStream:75 - [STDERR_REDIRECT] [Fatal Error] :1:1: Premature end of file.
2025-08-31 10:51:27,959 [ERROR] LogOutputStream:75 - [STDERR_REDIRECT] 
2025-08-31 10:51:28,021 [ERROR] LogOutputStream:75 - [STDERR_REDIRECT] [Fatal Error] :1:1: Premature end of file.
2025-08-31 10:51:28,021 [ERROR] LogOutputStream:75 - [STDERR_REDIRECT] 
2025-08-31 10:51:28,085 [ERROR] LogOutputStream:75 - [STDERR_REDIRECT] [Fatal Error] :1:1: Premature end of file.
2025-08-31 10:51:28,085 [ERROR] LogOutputStream:75 - [STDERR_REDIRECT] 
2025-08-31 10:51:28,158 [ERROR] LogOutputStream:75 - [STDERR_REDIRECT] [Fatal Error] :1:1: Premature end of file.
2025-08-31 10:51:28,158 [ERROR] LogOutputStream:75 - [STDERR_REDIRECT] 
2025-08-31 10:51:28,227 [ERROR] LogOutputStream:75 - [STDERR_REDIRECT] [Fatal Error] :1:1: Premature end of file.
2025-08-31 10:51:28,228 [ERROR] LogOutputStream:75 - [STDERR_REDIRECT] 
2025-08-31 10:51:28,282 [ERROR] LogOutputStream:75 - [STDERR_REDIRECT] [Fatal Error] :1:1: Premature end of file.
2025-08-31 10:51:28,282 [ERROR] LogOutputStream:75 - [STDERR_REDIRECT] 
2025-08-31 10:51:28,335 [ERROR] LogOutputStream:75 - [STDERR_REDIRECT] [Fatal Error] :1:1: Premature end of file.
2025-08-31 10:51:28,336 [ERROR] LogOutputStream:75 - [STDERR_REDIRECT] 
2025-08-31 10:51:28,392 [ERROR] LogOutputStream:75 - [STDERR_REDIRECT] [Fatal Error] :1:1: Premature end of file.
2025-08-31 10:51:28,392 [ERROR] LogOutputStream:75 - [STDERR_REDIRECT] 
2025-08-31 10:51:28,526 [ERROR] LogOutputStream:75 - [STDERR_REDIRECT] [Fatal Error] :1:1: Premature end of file.
2025-08-31 10:51:28,527 [ERROR] LogOutputStream:75 - [STDERR_REDIRECT] 
2025-08-31 10:51:28,629 [ERROR] LogOutputStream:75 - [STDERR_REDIRECT] [Fatal Error] :1:1: Premature end of file.
2025-08-31 10:51:28,629 [ERROR] LogOutputStream:75 - [STDERR_REDIRECT] 
2025-08-31 10:51:28,698 [ERROR] LogOutputStream:75 - [STDERR_REDIRECT] [Fatal Error] :1:1: Premature end of file.
2025-08-31 10:51:28,698 [ERROR] LogOutputStream:75 - [STDERR_REDIRECT] 
2025-08-31 10:51:28,788 [ERROR] LogOutputStream:75 - [STDERR_REDIRECT] [Fatal Error] :1:1: Premature end of file.
2025-08-31 10:51:28,788 [ERROR] LogOutputStream:75 - [STDERR_REDIRECT] 
2025-08-31 10:51:28,903 [ERROR] LogOutputStream:75 - [STDERR_REDIRECT] [Fatal Error] :1:1: Premature end of file.
2025-08-31 10:51:28,904 [ERROR] LogOutputStream:75 - [STDERR_REDIRECT] 
2025-08-31 10:51:29,012 [ERROR] LogOutputStream:75 - [STDERR_REDIRECT] [Fatal Error] :1:1: Premature end of file.
2025-08-31 10:51:29,012 [ERROR] LogOutputStream:75 - [STDERR_REDIRECT] 
2025-08-31 10:51:29,075 [ERROR] LogOutputStream:75 - [STDERR_REDIRECT] [Fatal Error] :1:1: Premature end of file.
2025-08-31 10:51:29,075 [ERROR] LogOutputStream:75 - [STDERR_REDIRECT] 
2025-08-31 10:51:29,143 [ERROR] LogOutputStream:75 - [STDERR_REDIRECT] [Fatal Error] :1:1: Premature end of file.
2025-08-31 10:51:29,143 [ERROR] LogOutputStream:75 - [STDERR_REDIRECT] 
2025-08-31 10:51:29,208 [ERROR] LogOutputStream:75 - [STDERR_REDIRECT] [Fatal Error] :1:1: Premature end of file.
2025-08-31 10:51:29,208 [ERROR] LogOutputStream:75 - [STDERR_REDIRECT] 
2025-08-31 10:51:29,272 [ERROR] LogOutputStream:75 - [STDERR_REDIRECT] [Fatal Error] :1:1: Premature end of file.
2025-08-31 10:51:29,273 [ERROR] LogOutputStream:75 - [STDERR_REDIRECT] 
2025-08-31 10:51:29,340 [ERROR] LogOutputStream:75 - [STDERR_REDIRECT] [Fatal Error] :1:1: Premature end of file.
2025-08-31 10:51:29,340 [ERROR] LogOutputStream:75 - [STDERR_REDIRECT] 
2025-08-31 10:51:29,411 [ERROR] LogOutputStream:75 - [STDERR_REDIRECT] [Fatal Error] :1:1: Premature end of file.
2025-08-31 10:51:29,411 [ERROR] LogOutputStream:75 - [STDERR_REDIRECT] 
2025-08-31 10:51:29,486 [ERROR] LogOutputStream:75 - [STDERR_REDIRECT] [Fatal Error] :1:1: Premature end of file.
2025-08-31 10:51:29,486 [ERROR] LogOutputStream:75 - [STDERR_REDIRECT] 
2025-08-31 10:51:29,554 [ERROR] LogOutputStream:75 - [STDERR_REDIRECT] [Fatal Error] :1:1: Premature end of file.
2025-08-31 10:51:29,554 [ERROR] LogOutputStream:75 - [STDERR_REDIRECT] 
2025-08-31 10:51:29,630 [ERROR] LogOutputStream:75 - [STDERR_REDIRECT] [Fatal Error] :1:1: Premature end of file.
2025-08-31 10:51:29,630 [ERROR] LogOutputStream:75 - [STDERR_REDIRECT] 
2025-08-31 10:51:29,685 [ERROR] LogOutputStream:75 - [STDERR_REDIRECT] [Fatal Error] :1:1: Premature end of file.
2025-08-31 10:51:29,685 [ERROR] LogOutputStream:75 - [STDERR_REDIRECT] 
2025-08-31 10:51:29,739 [ERROR] LogOutputStream:75 - [STDERR_REDIRECT] [Fatal Error] :1:1: Premature end of file.
2025-08-31 10:51:29,739 [ERROR] LogOutputStream:75 - [STDERR_REDIRECT] 
2025-08-31 10:51:29,793 [ERROR] LogOutputStream:75 - [STDERR_REDIRECT] [Fatal Error] :1:1: Premature end of file.
2025-08-31 10:51:29,793 [ERROR] LogOutputStream:75 - [STDERR_REDIRECT] 
2025-08-31 10:51:29,850 [ERROR] LogOutputStream:75 - [STDERR_REDIRECT] [Fatal Error] :1:1: Premature end of file.
2025-08-31 10:51:29,850 [ERROR] LogOutputStream:75 - [STDERR_REDIRECT] 
2025-08-31 10:51:29,909 [ERROR] LogOutputStream:75 - [STDERR_REDIRECT] [Fatal Error] :1:1: Premature end of file.
2025-08-31 10:51:29,909 [ERROR] LogOutputStream:75 - [STDERR_REDIRECT] 
2025-08-31 10:51:29,975 [ERROR] LogOutputStream:75 - [STDERR_REDIRECT] [Fatal Error] :1:1: Premature end of file.
2025-08-31 10:51:29,976 [ERROR] LogOutputStream:75 - [STDERR_REDIRECT] 
2025-08-31 10:51:30,032 [ERROR] LogOutputStream:75 - [STDERR_REDIRECT] [Fatal Error] :1:1: Premature end of file.
2025-08-31 10:51:30,032 [ERROR] LogOutputStream:75 - [STDERR_REDIRECT] 
2025-08-31 10:51:30,085 [ERROR] LogOutputStream:75 - [STDERR_REDIRECT] [Fatal Error] :1:1: Premature end of file.
2025-08-31 10:51:30,085 [ERROR] LogOutputStream:75 - [STDERR_REDIRECT] 
2025-08-31 10:51:30,141 [ERROR] LogOutputStream:75 - [STDERR_REDIRECT] [Fatal Error] :1:1: Premature end of file.
2025-08-31 10:51:30,141 [ERROR] LogOutputStream:75 - [STDERR_REDIRECT] 
2025-08-31 10:51:30,207 [ERROR] LogOutputStream:75 - [STDERR_REDIRECT] [Fatal Error] :1:1: Premature end of file.
2025-08-31 10:51:30,208 [ERROR] LogOutputStream:75 - [STDERR_REDIRECT] 
2025-08-31 10:51:30,267 [ERROR] LogOutputStream:75 - [STDERR_REDIRECT] [Fatal Error] :1:1: Premature end of file.
2025-08-31 10:51:30,267 [ERROR] LogOutputStream:75 - [STDERR_REDIRECT] 
2025-08-31 10:51:30,321 [ERROR] LogOutputStream:75 - [STDERR_REDIRECT] [Fatal Error] :1:1: Premature end of file.
2025-08-31 10:51:30,321 [ERROR] LogOutputStream:75 - [STDERR_REDIRECT] 
2025-08-31 10:51:30,378 [ERROR] LogOutputStream:75 - [STDERR_REDIRECT] [Fatal Error] :1:1: Premature end of file.
2025-08-31 10:51:30,379 [ERROR] LogOutputStream:75 - [STDERR_REDIRECT] 
2025-08-31 10:51:30,441 [ERROR] LogOutputStream:75 - [STDERR_REDIRECT] [Fatal Error] :1:1: Premature end of file.
2025-08-31 10:51:30,441 [ERROR] LogOutputStream:75 - [STDERR_REDIRECT] 
2025-08-31 10:51:30,506 [ERROR] LogOutputStream:75 - [STDERR_REDIRECT] [Fatal Error] :1:1: Premature end of file.
2025-08-31 10:51:30,506 [ERROR] LogOutputStream:75 - [STDERR_REDIRECT] 
2025-08-31 10:51:30,567 [ERROR] LogOutputStream:75 - [STDERR_REDIRECT] [Fatal Error] :1:1: Premature end of file.
2025-08-31 10:51:30,567 [ERROR] LogOutputStream:75 - [STDERR_REDIRECT] 
2025-08-31 10:51:30,625 [ERROR] LogOutputStream:75 - [STDERR_REDIRECT] [Fatal Error] :1:1: Premature end of file.
2025-08-31 10:51:30,626 [ERROR] LogOutputStream:75 - [STDERR_REDIRECT] 
2025-08-31 10:51:30,693 [ERROR] LogOutputStream:75 - [STDERR_REDIRECT] [Fatal Error] :1:1: Premature end of file.
2025-08-31 10:51:30,693 [ERROR] LogOutputStream:75 - [STDERR_REDIRECT] 
2025-08-31 10:51:30,751 [ERROR] LogOutputStream:75 - [STDERR_REDIRECT] [Fatal Error] :1:1: Premature end of file.
2025-08-31 10:51:30,751 [ERROR] LogOutputStream:75 - [STDERR_REDIRECT] 
2025-08-31 10:51:30,799 [ERROR] LogOutputStream:75 - [STDERR_REDIRECT] [Fatal Error] :1:1: Premature end of file.
2025-08-31 10:51:30,799 [ERROR] LogOutputStream:75 - [STDERR_REDIRECT] 
2025-08-31 10:51:30,854 [ERROR] LogOutputStream:75 - [STDERR_REDIRECT] [Fatal Error] :1:1: Premature end of file.
2025-08-31 10:51:30,854 [ERROR] LogOutputStream:75 - [STDERR_REDIRECT] 
2025-08-31 10:51:30,920 [ERROR] LogOutputStream:75 - [STDERR_REDIRECT] [Fatal Error] :1:1: Premature end of file.
2025-08-31 10:51:30,921 [ERROR] LogOutputStream:75 - [STDERR_REDIRECT] 
2025-08-31 10:51:30,990 [ERROR] LogOutputStream:75 - [STDERR_REDIRECT] [Fatal Error] :1:1: Premature end of file.
2025-08-31 10:51:30,990 [ERROR] LogOutputStream:75 - [STDERR_REDIRECT] 
2025-08-31 10:51:31,062 [ERROR] LogOutputStream:75 - [STDERR_REDIRECT] [Fatal Error] :1:1: Premature end of file.
2025-08-31 10:51:31,063 [ERROR] LogOutputStream:75 - [STDERR_REDIRECT] 
2025-08-31 10:51:31,126 [ERROR] LogOutputStream:75 - [STDERR_REDIRECT] [Fatal Error] :1:1: Premature end of file.
2025-08-31 10:51:31,126 [ERROR] LogOutputStream:75 - [STDERR_REDIRECT] 
2025-08-31 10:51:31,191 [ERROR] LogOutputStream:75 - [STDERR_REDIRECT] [Fatal Error] :1:1: Premature end of file.
2025-08-31 10:51:31,191 [ERROR] LogOutputStream:75 - [STDERR_REDIRECT] 
2025-08-31 10:51:31,252 [ERROR] LogOutputStream:75 - [STDERR_REDIRECT] [Fatal Error] :1:1: Premature end of file.
2025-08-31 10:51:31,253 [ERROR] LogOutputStream:75 - [STDERR_REDIRECT] 
2025-08-31 10:51:31,310 [ERROR] LogOutputStream:75 - [STDERR_REDIRECT] [Fatal Error] :1:1: Premature end of file.
2025-08-31 10:51:31,311 [ERROR] LogOutputStream:75 - [STDERR_REDIRECT] 
2025-08-31 10:51:31,370 [ERROR] LogOutputStream:75 - [STDERR_REDIRECT] [Fatal Error] :1:1: Premature end of file.
2025-08-31 10:51:31,370 [ERROR] LogOutputStream:75 - [STDERR_REDIRECT] 
2025-08-31 10:51:31,426 [ERROR] LogOutputStream:75 - [STDERR_REDIRECT] [Fatal Error] :1:1: Premature end of file.
2025-08-31 10:51:31,426 [ERROR] LogOutputStream:75 - [STDERR_REDIRECT] 
2025-08-31 10:51:31,488 [ERROR] LogOutputStream:75 - [STDERR_REDIRECT] [Fatal Error] :1:1: Premature end of file.
2025-08-31 10:51:31,488 [ERROR] LogOutputStream:75 - [STDERR_REDIRECT] 
2025-08-31 10:51:31,554 [ERROR] LogOutputStream:75 - [STDERR_REDIRECT] [Fatal Error] :1:1: Premature end of file.
2025-08-31 10:51:31,555 [ERROR] LogOutputStream:75 - [STDERR_REDIRECT] 
2025-08-31 10:51:31,618 [ERROR] LogOutputStream:75 - [STDERR_REDIRECT] [Fatal Error] :1:1: Premature end of file.
2025-08-31 10:51:31,619 [ERROR] LogOutputStream:75 - [STDERR_REDIRECT] 
2025-08-31 10:51:31,684 [ERROR] LogOutputStream:75 - [STDERR_REDIRECT] [Fatal Error] :1:1: Premature end of file.
2025-08-31 10:51:31,684 [ERROR] LogOutputStream:75 - [STDERR_REDIRECT] 
2025-08-31 10:51:31,766 [ERROR] LogOutputStream:75 - [STDERR_REDIRECT] [Fatal Error] :1:1: Premature end of file.
2025-08-31 10:51:31,766 [ERROR] LogOutputStream:75 - [STDERR_REDIRECT] 
2025-08-31 10:51:31,843 [ERROR] LogOutputStream:75 - [STDERR_REDIRECT] [Fatal Error] :1:1: Premature end of file.
2025-08-31 10:51:31,843 [ERROR] LogOutputStream:75 - [STDERR_REDIRECT] 
2025-08-31 10:51:31,908 [ERROR] LogOutputStream:75 - [STDERR_REDIRECT] [Fatal Error] :1:1: Premature end of file.
2025-08-31 10:51:31,908 [ERROR] LogOutputStream:75 - [STDERR_REDIRECT] 
2025-08-31 10:51:31,987 [ERROR] LogOutputStream:75 - [STDERR_REDIRECT] [Fatal Error] :1:1: Premature end of file.
2025-08-31 10:51:31,987 [ERROR] LogOutputStream:75 - [STDERR_REDIRECT] 
2025-08-31 10:51:32,039 [ERROR] LogOutputStream:75 - [STDERR_REDIRECT] [Fatal Error] :1:1: Premature end of file.
2025-08-31 10:51:32,039 [ERROR] LogOutputStream:75 - [STDERR_REDIRECT] 
2025-08-31 10:51:32,086 [ERROR] LogOutputStream:75 - [STDERR_REDIRECT] [Fatal Error] :1:1: Premature end of file.
2025-08-31 10:51:32,086 [ERROR] LogOutputStream:75 - [STDERR_REDIRECT] 
2025-08-31 10:51:32,134 [ERROR] LogOutputStream:75 - [STDERR_REDIRECT] [Fatal Error] :1:1: Premature end of file.
2025-08-31 10:51:32,134 [ERROR] LogOutputStream:75 - [STDERR_REDIRECT] 
2025-08-31 10:51:32,184 [ERROR] LogOutputStream:75 - [STDERR_REDIRECT] [Fatal Error] :1:1: Premature end of file.
2025-08-31 10:51:32,184 [ERROR] LogOutputStream:75 - [STDERR_REDIRECT] 
2025-08-31 10:51:32,238 [ERROR] LogOutputStream:75 - [STDERR_REDIRECT] [Fatal Error] :1:1: Premature end of file.
2025-08-31 10:51:32,238 [ERROR] LogOutputStream:75 - [STDERR_REDIRECT] 
2025-08-31 10:51:32,292 [ERROR] LogOutputStream:75 - [STDERR_REDIRECT] [Fatal Error] :1:1: Premature end of file.
2025-08-31 10:51:32,292 [ERROR] LogOutputStream:75 - [STDERR_REDIRECT] 
2025-08-31 10:51:32,353 [ERROR] LogOutputStream:75 - [STDERR_REDIRECT] [Fatal Error] :1:1: Premature end of file.
2025-08-31 10:51:32,353 [ERROR] LogOutputStream:75 - [STDERR_REDIRECT] 
2025-08-31 10:51:32,418 [ERROR] LogOutputStream:75 - [STDERR_REDIRECT] [Fatal Error] :1:1: Premature end of file.
2025-08-31 10:51:32,418 [ERROR] LogOutputStream:75 - [STDERR_REDIRECT] 
2025-08-31 10:51:32,486 [ERROR] LogOutputStream:75 - [STDERR_REDIRECT] [Fatal Error] :1:1: Premature end of file.
2025-08-31 10:51:32,486 [ERROR] LogOutputStream:75 - [STDERR_REDIRECT] 
2025-08-31 10:51:32,553 [ERROR] LogOutputStream:75 - [STDERR_REDIRECT] [Fatal Error] :1:1: Premature end of file.
2025-08-31 10:51:32,553 [ERROR] LogOutputStream:75 - [STDERR_REDIRECT] 
2025-08-31 10:51:32,619 [ERROR] LogOutputStream:75 - [STDERR_REDIRECT] [Fatal Error] :1:1: Premature end of file.
2025-08-31 10:51:32,619 [ERROR] LogOutputStream:75 - [STDERR_REDIRECT] 
2025-08-31 10:51:32,686 [ERROR] LogOutputStream:75 - [STDERR_REDIRECT] [Fatal Error] :1:1: Premature end of file.
2025-08-31 10:51:32,687 [ERROR] LogOutputStream:75 - [STDERR_REDIRECT] 
2025-08-31 10:51:32,746 [ERROR] LogOutputStream:75 - [STDERR_REDIRECT] [Fatal Error] :1:1: Premature end of file.
2025-08-31 10:51:32,746 [ERROR] LogOutputStream:75 - [STDERR_REDIRECT] 
2025-08-31 10:51:32,809 [ERROR] LogOutputStream:75 - [STDERR_REDIRECT] [Fatal Error] :1:1: Premature end of file.
2025-08-31 10:51:32,809 [ERROR] LogOutputStream:75 - [STDERR_REDIRECT] 
2025-08-31 10:51:32,874 [ERROR] LogOutputStream:75 - [STDERR_REDIRECT] [Fatal Error] :1:1: Premature end of file.
2025-08-31 10:51:32,874 [ERROR] LogOutputStream:75 - [STDERR_REDIRECT] 
2025-08-31 10:51:32,934 [ERROR] LogOutputStream:75 - [STDERR_REDIRECT] [Fatal Error] :1:1: Premature end of file.
2025-08-31 10:51:32,934 [ERROR] LogOutputStream:75 - [STDERR_REDIRECT] 
2025-08-31 10:51:33,015 [ERROR] LogOutputStream:75 - [STDERR_REDIRECT] [Fatal Error] :1:1: Premature end of file.
2025-08-31 10:51:33,016 [ERROR] LogOutputStream:75 - [STDERR_REDIRECT] 
2025-08-31 10:51:33,093 [ERROR] LogOutputStream:75 - [STDERR_REDIRECT] [Fatal Error] :1:1: Premature end of file.
2025-08-31 10:51:33,094 [ERROR] LogOutputStream:75 - [STDERR_REDIRECT] 
2025-08-31 10:51:33,148 [ERROR] LogOutputStream:75 - [STDERR_REDIRECT] [Fatal Error] :1:1: Premature end of file.
2025-08-31 10:51:33,148 [ERROR] LogOutputStream:75 - [STDERR_REDIRECT] 
2025-08-31 10:51:33,207 [ERROR] LogOutputStream:75 - [STDERR_REDIRECT] [Fatal Error] :1:1: Premature end of file.
2025-08-31 10:51:33,207 [ERROR] LogOutputStream:75 - [STDERR_REDIRECT] 
2025-08-31 10:51:33,271 [ERROR] LogOutputStream:75 - [STDERR_REDIRECT] [Fatal Error] :1:1: Premature end of file.
2025-08-31 10:51:33,271 [ERROR] LogOutputStream:75 - [STDERR_REDIRECT] 
2025-08-31 10:51:33,334 [ERROR] LogOutputStream:75 - [STDERR_REDIRECT] [Fatal Error] :1:1: Premature end of file.
2025-08-31 10:51:33,334 [ERROR] LogOutputStream:75 - [STDERR_REDIRECT] 
2025-08-31 10:51:33,402 [ERROR] LogOutputStream:75 - [STDERR_REDIRECT] [Fatal Error] :1:1: Premature end of file.
2025-08-31 10:51:33,402 [ERROR] LogOutputStream:75 - [STDERR_REDIRECT] 
2025-08-31 10:51:33,467 [ERROR] LogOutputStream:75 - [STDERR_REDIRECT] [Fatal Error] :1:1: Premature end of file.
2025-08-31 10:51:33,467 [ERROR] LogOutputStream:75 - [STDERR_REDIRECT] 
2025-08-31 10:51:33,514 [ERROR] LogOutputStream:75 - [STDERR_REDIRECT] [Fatal Error] :1:1: Premature end of file.
2025-08-31 10:51:33,514 [ERROR] LogOutputStream:75 - [STDERR_REDIRECT] 
2025-08-31 10:51:33,561 [ERROR] LogOutputStream:75 - [STDERR_REDIRECT] [Fatal Error] :1:1: Premature end of file.
2025-08-31 10:51:33,561 [ERROR] LogOutputStream:75 - [STDERR_REDIRECT] 
2025-08-31 10:51:33,614 [ERROR] LogOutputStream:75 - [STDERR_REDIRECT] [Fatal Error] :1:1: Premature end of file.
2025-08-31 10:51:33,614 [ERROR] LogOutputStream:75 - [STDERR_REDIRECT] 
2025-08-31 10:51:33,673 [ERROR] LogOutputStream:75 - [STDERR_REDIRECT] [Fatal Error] :1:1: Premature end of file.
2025-08-31 10:51:33,673 [ERROR] LogOutputStream:75 - [STDERR_REDIRECT] 
2025-08-31 10:51:33,727 [ERROR] LogOutputStream:75 - [STDERR_REDIRECT] [Fatal Error] :1:1: Premature end of file.
2025-08-31 10:51:33,727 [ERROR] LogOutputStream:75 - [STDERR_REDIRECT] 
2025-08-31 10:51:33,783 [ERROR] LogOutputStream:75 - [STDERR_REDIRECT] [Fatal Error] :1:1: Premature end of file.
2025-08-31 10:51:33,783 [ERROR] LogOutputStream:75 - [STDERR_REDIRECT] 
2025-08-31 10:51:33,835 [ERROR] LogOutputStream:75 - [STDERR_REDIRECT] [Fatal Error] :1:1: Premature end of file.
2025-08-31 10:51:33,835 [ERROR] LogOutputStream:75 - [STDERR_REDIRECT] 
2025-08-31 10:51:33,894 [ERROR] LogOutputStream:75 - [STDERR_REDIRECT] [Fatal Error] :1:1: Premature end of file.
2025-08-31 10:51:33,895 [ERROR] LogOutputStream:75 - [STDERR_REDIRECT] 
2025-08-31 10:51:33,953 [ERROR] LogOutputStream:75 - [STDERR_REDIRECT] [Fatal Error] :1:1: Premature end of file.
2025-08-31 10:51:33,953 [ERROR] LogOutputStream:75 - [STDERR_REDIRECT] 
2025-08-31 10:51:34,019 [ERROR] LogOutputStream:75 - [STDERR_REDIRECT] [Fatal Error] :1:1: Premature end of file.
2025-08-31 10:51:34,019 [ERROR] LogOutputStream:75 - [STDERR_REDIRECT] 
2025-08-31 10:51:34,089 [ERROR] LogOutputStream:75 - [STDERR_REDIRECT] [Fatal Error] :1:1: Premature end of file.
2025-08-31 10:51:34,089 [ERROR] LogOutputStream:75 - [STDERR_REDIRECT] 
2025-08-31 10:51:34,150 [ERROR] LogOutputStream:75 - [STDERR_REDIRECT] [Fatal Error] :1:1: Premature end of file.
2025-08-31 10:51:34,150 [ERROR] LogOutputStream:75 - [STDERR_REDIRECT] 
2025-08-31 10:51:34,209 [ERROR] LogOutputStream:75 - [STDERR_REDIRECT] [Fatal Error] :1:1: Premature end of file.
2025-08-31 10:51:34,209 [ERROR] LogOutputStream:75 - [STDERR_REDIRECT] 
2025-08-31 10:51:34,260 [ERROR] LogOutputStream:75 - [STDERR_REDIRECT] [Fatal Error] :1:1: Premature end of file.
2025-08-31 10:51:34,261 [ERROR] LogOutputStream:75 - [STDERR_REDIRECT] 
2025-08-31 10:51:34,316 [ERROR] LogOutputStream:75 - [STDERR_REDIRECT] [Fatal Error] :1:1: Premature end of file.
2025-08-31 10:51:34,316 [ERROR] LogOutputStream:75 - [STDERR_REDIRECT] 
2025-08-31 10:51:34,382 [ERROR] LogOutputStream:75 - [STDERR_REDIRECT] [Fatal Error] :1:1: Premature end of file.
2025-08-31 10:51:34,382 [ERROR] LogOutputStream:75 - [STDERR_REDIRECT] 
2025-08-31 10:51:34,447 [ERROR] LogOutputStream:75 - [STDERR_REDIRECT] [Fatal Error] :1:1: Premature end of file.
2025-08-31 10:51:34,447 [ERROR] LogOutputStream:75 - [STDERR_REDIRECT] 
2025-08-31 10:51:34,500 [ERROR] LogOutputStream:75 - [STDERR_REDIRECT] [Fatal Error] :1:1: Premature end of file.
2025-08-31 10:51:34,500 [ERROR] LogOutputStream:75 - [STDERR_REDIRECT] 
2025-08-31 10:51:34,551 [ERROR] LogOutputStream:75 - [STDERR_REDIRECT] [Fatal Error] :1:1: Premature end of file.
2025-08-31 10:51:34,551 [ERROR] LogOutputStream:75 - [STDERR_REDIRECT] 
2025-08-31 10:51:34,606 [ERROR] LogOutputStream:75 - [STDERR_REDIRECT] [Fatal Error] :1:1: Premature end of file.
2025-08-31 10:51:34,606 [ERROR] LogOutputStream:75 - [STDERR_REDIRECT] 
2025-08-31 10:51:34,668 [ERROR] LogOutputStream:75 - [STDERR_REDIRECT] [Fatal Error] :1:1: Premature end of file.
2025-08-31 10:51:34,668 [ERROR] LogOutputStream:75 - [STDERR_REDIRECT] 
2025-08-31 10:51:34,715 [ERROR] LogOutputStream:75 - [STDERR_REDIRECT] [Fatal Error] :1:1: Premature end of file.
2025-08-31 10:51:34,715 [ERROR] LogOutputStream:75 - [STDERR_REDIRECT] 
2025-08-31 10:51:34,762 [ERROR] LogOutputStream:75 - [STDERR_REDIRECT] [Fatal Error] :1:1: Premature end of file.
2025-08-31 10:51:34,762 [ERROR] LogOutputStream:75 - [STDERR_REDIRECT] 
2025-08-31 10:51:34,817 [ERROR] LogOutputStream:75 - [STDERR_REDIRECT] [Fatal Error] :1:1: Premature end of file.
2025-08-31 10:51:34,817 [ERROR] LogOutputStream:75 - [STDERR_REDIRECT] 
2025-08-31 10:51:34,883 [ERROR] LogOutputStream:75 - [STDERR_REDIRECT] [Fatal Error] :1:1: Premature end of file.
2025-08-31 10:51:34,883 [ERROR] LogOutputStream:75 - [STDERR_REDIRECT] 
2025-08-31 10:51:34,961 [ERROR] LogOutputStream:75 - [STDERR_REDIRECT] [Fatal Error] :1:1: Premature end of file.
2025-08-31 10:51:34,961 [ERROR] LogOutputStream:75 - [STDERR_REDIRECT] 
2025-08-31 10:51:35,056 [ERROR] LogOutputStream:75 - [STDERR_REDIRECT] [Fatal Error] :1:1: Premature end of file.
2025-08-31 10:51:35,057 [ERROR] LogOutputStream:75 - [STDERR_REDIRECT] 
2025-08-31 10:51:35,118 [ERROR] LogOutputStream:75 - [STDERR_REDIRECT] [Fatal Error] :1:1: Premature end of file.
2025-08-31 10:51:35,119 [ERROR] LogOutputStream:75 - [STDERR_REDIRECT] 
2025-08-31 10:51:35,172 [ERROR] LogOutputStream:75 - [STDERR_REDIRECT] [Fatal Error] :1:1: Premature end of file.
2025-08-31 10:51:35,172 [ERROR] LogOutputStream:75 - [STDERR_REDIRECT] 
2025-08-31 10:51:35,236 [ERROR] LogOutputStream:75 - [STDERR_REDIRECT] [Fatal Error] :1:1: Premature end of file.
2025-08-31 10:51:35,236 [ERROR] LogOutputStream:75 - [STDERR_REDIRECT] 
2025-08-31 10:51:35,303 [ERROR] LogOutputStream:75 - [STDERR_REDIRECT] [Fatal Error] :1:1: Premature end of file.
2025-08-31 10:51:35,304 [ERROR] LogOutputStream:75 - [STDERR_REDIRECT] 
2025-08-31 10:51:35,362 [ERROR] LogOutputStream:75 - [STDERR_REDIRECT] [Fatal Error] :1:1: Premature end of file.
2025-08-31 10:51:35,363 [ERROR] LogOutputStream:75 - [STDERR_REDIRECT] 
2025-08-31 10:51:35,421 [ERROR] LogOutputStream:75 - [STDERR_REDIRECT] [Fatal Error] :1:1: Premature end of file.
2025-08-31 10:51:35,421 [ERROR] LogOutputStream:75 - [STDERR_REDIRECT] 
2025-08-31 10:51:35,479 [ERROR] LogOutputStream:75 - [STDERR_REDIRECT] [Fatal Error] :1:1: Premature end of file.
2025-08-31 10:51:35,479 [ERROR] LogOutputStream:75 - [STDERR_REDIRECT] 
2025-08-31 10:51:35,533 [ERROR] LogOutputStream:75 - [STDERR_REDIRECT] [Fatal Error] :1:1: Premature end of file.
2025-08-31 10:51:35,533 [ERROR] LogOutputStream:75 - [STDERR_REDIRECT] 
2025-08-31 10:51:35,599 [ERROR] LogOutputStream:75 - [STDERR_REDIRECT] [Fatal Error] :1:1: Premature end of file.
2025-08-31 10:51:35,600 [ERROR] LogOutputStream:75 - [STDERR_REDIRECT] 
2025-08-31 10:51:35,669 [ERROR] LogOutputStream:75 - [STDERR_REDIRECT] [Fatal Error] :1:1: Premature end of file.
2025-08-31 10:51:35,669 [ERROR] LogOutputStream:75 - [STDERR_REDIRECT] 
2025-08-31 10:51:35,742 [ERROR] LogOutputStream:75 - [STDERR_REDIRECT] [Fatal Error] :1:1: Premature end of file.
2025-08-31 10:51:35,742 [ERROR] LogOutputStream:75 - [STDERR_REDIRECT] 
2025-08-31 10:51:35,810 [ERROR] LogOutputStream:75 - [STDERR_REDIRECT] [Fatal Error] :1:1: Premature end of file.
2025-08-31 10:51:35,811 [ERROR] LogOutputStream:75 - [STDERR_REDIRECT] 
2025-08-31 10:51:35,874 [ERROR] LogOutputStream:75 - [STDERR_REDIRECT] [Fatal Error] :1:1: Premature end of file.
2025-08-31 10:51:35,874 [ERROR] LogOutputStream:75 - [STDERR_REDIRECT] 
2025-08-31 10:51:35,930 [ERROR] LogOutputStream:75 - [STDERR_REDIRECT] [Fatal Error] :1:1: Premature end of file.
2025-08-31 10:51:35,930 [ERROR] LogOutputStream:75 - [STDERR_REDIRECT] 
2025-08-31 10:51:35,997 [ERROR] LogOutputStream:75 - [STDERR_REDIRECT] [Fatal Error] :1:1: Premature end of file.
2025-08-31 10:51:35,997 [ERROR] LogOutputStream:75 - [STDERR_REDIRECT] 
2025-08-31 10:51:36,064 [ERROR] LogOutputStream:75 - [STDERR_REDIRECT] [Fatal Error] :1:1: Premature end of file.
2025-08-31 10:51:36,064 [ERROR] LogOutputStream:75 - [STDERR_REDIRECT] 
2025-08-31 10:51:36,140 [ERROR] LogOutputStream:75 - [STDERR_REDIRECT] [Fatal Error] :1:1: Premature end of file.
2025-08-31 10:51:36,140 [ERROR] LogOutputStream:75 - [STDERR_REDIRECT] 
2025-08-31 10:51:36,206 [ERROR] LogOutputStream:75 - [STDERR_REDIRECT] [Fatal Error] :1:1: Premature end of file.
2025-08-31 10:51:36,206 [ERROR] LogOutputStream:75 - [STDERR_REDIRECT] 
2025-08-31 10:51:36,264 [ERROR] LogOutputStream:75 - [STDERR_REDIRECT] [Fatal Error] :1:1: Premature end of file.
2025-08-31 10:51:36,264 [ERROR] LogOutputStream:75 - [STDERR_REDIRECT] 
2025-08-31 10:51:36,330 [ERROR] LogOutputStream:75 - [STDERR_REDIRECT] [Fatal Error] :1:1: Premature end of file.
2025-08-31 10:51:36,330 [ERROR] LogOutputStream:75 - [STDERR_REDIRECT] 
2025-08-31 10:51:36,405 [ERROR] LogOutputStream:75 - [STDERR_REDIRECT] [Fatal Error] :1:1: Premature end of file.
2025-08-31 10:51:36,405 [ERROR] LogOutputStream:75 - [STDERR_REDIRECT] 
2025-08-31 10:51:36,462 [ERROR] LogOutputStream:75 - [STDERR_REDIRECT] [Fatal Error] :1:1: Premature end of file.
2025-08-31 10:51:36,462 [ERROR] LogOutputStream:75 - [STDERR_REDIRECT] 
2025-08-31 10:51:36,527 [ERROR] LogOutputStream:75 - [STDERR_REDIRECT] [Fatal Error] :1:1: Premature end of file.
2025-08-31 10:51:36,527 [ERROR] LogOutputStream:75 - [STDERR_REDIRECT] 
2025-08-31 10:51:36,601 [ERROR] LogOutputStream:75 - [STDERR_REDIRECT] [Fatal Error] :1:1: Premature end of file.
2025-08-31 10:51:36,601 [ERROR] LogOutputStream:75 - [STDERR_REDIRECT] 
2025-08-31 10:51:36,668 [ERROR] LogOutputStream:75 - [STDERR_REDIRECT] [Fatal Error] :1:1: Premature end of file.
2025-08-31 10:51:36,668 [ERROR] LogOutputStream:75 - [STDERR_REDIRECT] 
2025-08-31 10:51:36,728 [ERROR] LogOutputStream:75 - [STDERR_REDIRECT] [Fatal Error] :1:1: Premature end of file.
2025-08-31 10:51:36,728 [ERROR] LogOutputStream:75 - [STDERR_REDIRECT] 
2025-08-31 10:51:36,795 [ERROR] LogOutputStream:75 - [STDERR_REDIRECT] [Fatal Error] :1:1: Premature end of file.
2025-08-31 10:51:36,796 [ERROR] LogOutputStream:75 - [STDERR_REDIRECT] 
2025-08-31 10:51:36,862 [ERROR] LogOutputStream:75 - [STDERR_REDIRECT] [Fatal Error] :1:1: Premature end of file.
2025-08-31 10:51:36,862 [ERROR] LogOutputStream:75 - [STDERR_REDIRECT] 
2025-08-31 10:51:36,931 [ERROR] LogOutputStream:75 - [STDERR_REDIRECT] [Fatal Error] :1:1: Premature end of file.
2025-08-31 10:51:36,931 [ERROR] LogOutputStream:75 - [STDERR_REDIRECT] 
2025-08-31 10:51:36,981 [ERROR] LogOutputStream:75 - [STDERR_REDIRECT] [Fatal Error] :1:1: Premature end of file.
2025-08-31 10:51:36,981 [ERROR] LogOutputStream:75 - [STDERR_REDIRECT] 
2025-08-31 10:51:37,034 [ERROR] LogOutputStream:75 - [STDERR_REDIRECT] [Fatal Error] :1:1: Premature end of file.
2025-08-31 10:51:37,034 [ERROR] LogOutputStream:75 - [STDERR_REDIRECT] 
2025-08-31 10:51:37,095 [ERROR] LogOutputStream:75 - [STDERR_REDIRECT] [Fatal Error] :1:1: Premature end of file.
2025-08-31 10:51:37,095 [ERROR] LogOutputStream:75 - [STDERR_REDIRECT] 
2025-08-31 10:51:37,142 [ERROR] LogOutputStream:75 - [STDERR_REDIRECT] [Fatal Error] :1:1: Premature end of file.
2025-08-31 10:51:37,142 [ERROR] LogOutputStream:75 - [STDERR_REDIRECT] 
2025-08-31 10:51:37,198 [ERROR] LogOutputStream:75 - [STDERR_REDIRECT] [Fatal Error] :1:1: Premature end of file.
2025-08-31 10:51:37,198 [ERROR] LogOutputStream:75 - [STDERR_REDIRECT] 
2025-08-31 10:51:37,257 [ERROR] LogOutputStream:75 - [STDERR_REDIRECT] [Fatal Error] :1:1: Premature end of file.
2025-08-31 10:51:37,257 [ERROR] LogOutputStream:75 - [STDERR_REDIRECT] 
2025-08-31 10:51:37,323 [ERROR] LogOutputStream:75 - [STDERR_REDIRECT] [Fatal Error] :1:1: Premature end of file.
2025-08-31 10:51:37,323 [ERROR] LogOutputStream:75 - [STDERR_REDIRECT] 
2025-08-31 10:51:37,386 [ERROR] LogOutputStream:75 - [STDERR_REDIRECT] [Fatal Error] :1:1: Premature end of file.
2025-08-31 10:51:37,386 [ERROR] LogOutputStream:75 - [STDERR_REDIRECT] 
2025-08-31 10:51:37,449 [ERROR] LogOutputStream:75 - [STDERR_REDIRECT] [Fatal Error] :1:1: Premature end of file.
2025-08-31 10:51:37,449 [ERROR] LogOutputStream:75 - [STDERR_REDIRECT] 
2025-08-31 10:51:37,520 [ERROR] LogOutputStream:75 - [STDERR_REDIRECT] [Fatal Error] :1:1: Premature end of file.
2025-08-31 10:51:37,520 [ERROR] LogOutputStream:75 - [STDERR_REDIRECT] 
2025-08-31 10:51:37,584 [ERROR] LogOutputStream:75 - [STDERR_REDIRECT] [Fatal Error] :1:1: Premature end of file.
2025-08-31 10:51:37,584 [ERROR] LogOutputStream:75 - [STDERR_REDIRECT] 
2025-08-31 10:51:37,654 [ERROR] LogOutputStream:75 - [STDERR_REDIRECT] [Fatal Error] :1:1: Premature end of file.
2025-08-31 10:51:37,654 [ERROR] LogOutputStream:75 - [STDERR_REDIRECT] 
2025-08-31 10:51:37,716 [ERROR] LogOutputStream:75 - [STDERR_REDIRECT] [Fatal Error] :1:1: Premature end of file.
2025-08-31 10:51:37,716 [ERROR] LogOutputStream:75 - [STDERR_REDIRECT] 
2025-08-31 10:51:37,769 [ERROR] LogOutputStream:75 - [STDERR_REDIRECT] [Fatal Error] :1:1: Premature end of file.
2025-08-31 10:51:37,769 [ERROR] LogOutputStream:75 - [STDERR_REDIRECT] 
2025-08-31 10:51:37,827 [ERROR] LogOutputStream:75 - [STDERR_REDIRECT] [Fatal Error] :1:1: Premature end of file.
2025-08-31 10:51:37,827 [ERROR] LogOutputStream:75 - [STDERR_REDIRECT] 
2025-08-31 10:51:37,889 [ERROR] LogOutputStream:75 - [STDERR_REDIRECT] [Fatal Error] :1:1: Premature end of file.
2025-08-31 10:51:37,889 [ERROR] LogOutputStream:75 - [STDERR_REDIRECT] 
2025-08-31 10:51:37,951 [ERROR] LogOutputStream:75 - [STDERR_REDIRECT] [Fatal Error] :1:1: Premature end of file.
2025-08-31 10:51:37,951 [ERROR] LogOutputStream:75 - [STDERR_REDIRECT] 
2025-08-31 10:51:38,015 [ERROR] LogOutputStream:75 - [STDERR_REDIRECT] [Fatal Error] :1:1: Premature end of file.
2025-08-31 10:51:38,015 [ERROR] LogOutputStream:75 - [STDERR_REDIRECT] 
2025-08-31 10:51:38,088 [ERROR] LogOutputStream:75 - [STDERR_REDIRECT] [Fatal Error] :1:1: Premature end of file.
2025-08-31 10:51:38,088 [ERROR] LogOutputStream:75 - [STDERR_REDIRECT] 
2025-08-31 10:51:38,148 [ERROR] LogOutputStream:75 - [STDERR_REDIRECT] [Fatal Error] :1:1: Premature end of file.
2025-08-31 10:51:38,148 [ERROR] LogOutputStream:75 - [STDERR_REDIRECT] 
2025-08-31 10:51:38,204 [ERROR] LogOutputStream:75 - [STDERR_REDIRECT] [Fatal Error] :1:1: Premature end of file.
2025-08-31 10:51:38,204 [ERROR] LogOutputStream:75 - [STDERR_REDIRECT] 
2025-08-31 10:51:38,263 [ERROR] LogOutputStream:75 - [STDERR_REDIRECT] [Fatal Error] :1:1: Premature end of file.
2025-08-31 10:51:38,263 [ERROR] LogOutputStream:75 - [STDERR_REDIRECT] 
2025-08-31 10:51:38,324 [ERROR] LogOutputStream:75 - [STDERR_REDIRECT] [Fatal Error] :1:1: Premature end of file.
2025-08-31 10:51:38,324 [ERROR] LogOutputStream:75 - [STDERR_REDIRECT] 
2025-08-31 10:51:38,384 [ERROR] LogOutputStream:75 - [STDERR_REDIRECT] [Fatal Error] :1:1: Premature end of file.
2025-08-31 10:51:38,384 [ERROR] LogOutputStream:75 - [STDERR_REDIRECT] 
2025-08-31 10:51:38,444 [ERROR] LogOutputStream:75 - [STDERR_REDIRECT] [Fatal Error] :1:1: Premature end of file.
2025-08-31 10:51:38,444 [ERROR] LogOutputStream:75 - [STDERR_REDIRECT] 
2025-08-31 10:51:38,508 [ERROR] LogOutputStream:75 - [STDERR_REDIRECT] [Fatal Error] :1:1: Premature end of file.
2025-08-31 10:51:38,508 [ERROR] LogOutputStream:75 - [STDERR_REDIRECT] 
2025-08-31 10:51:38,575 [ERROR] LogOutputStream:75 - [STDERR_REDIRECT] [Fatal Error] :1:1: Premature end of file.
2025-08-31 10:51:38,575 [ERROR] LogOutputStream:75 - [STDERR_REDIRECT] 
2025-08-31 10:51:38,636 [ERROR] LogOutputStream:75 - [STDERR_REDIRECT] [Fatal Error] :1:1: Premature end of file.
2025-08-31 10:51:38,636 [ERROR] LogOutputStream:75 - [STDERR_REDIRECT] 
2025-08-31 10:51:38,691 [ERROR] LogOutputStream:75 - [STDERR_REDIRECT] [Fatal Error] :1:1: Premature end of file.
2025-08-31 10:51:38,691 [ERROR] LogOutputStream:75 - [STDERR_REDIRECT] 
2025-08-31 10:51:38,742 [ERROR] LogOutputStream:75 - [STDERR_REDIRECT] [Fatal Error] :1:1: Premature end of file.
2025-08-31 10:51:38,742 [ERROR] LogOutputStream:75 - [STDERR_REDIRECT] 
2025-08-31 10:51:38,794 [ERROR] LogOutputStream:75 - [STDERR_REDIRECT] [Fatal Error] :1:1: Premature end of file.
2025-08-31 10:51:38,794 [ERROR] LogOutputStream:75 - [STDERR_REDIRECT] 
2025-08-31 10:51:38,861 [ERROR] LogOutputStream:75 - [STDERR_REDIRECT] [Fatal Error] :1:1: Premature end of file.
2025-08-31 10:51:38,861 [ERROR] LogOutputStream:75 - [STDERR_REDIRECT] 
2025-08-31 10:51:38,914 [ERROR] LogOutputStream:75 - [STDERR_REDIRECT] [Fatal Error] :1:1: Premature end of file.
2025-08-31 10:51:38,914 [ERROR] LogOutputStream:75 - [STDERR_REDIRECT] 
2025-08-31 10:51:38,963 [ERROR] LogOutputStream:75 - [STDERR_REDIRECT] [Fatal Error] :1:1: Premature end of file.
2025-08-31 10:51:38,963 [ERROR] LogOutputStream:75 - [STDERR_REDIRECT] 
2025-08-31 10:51:39,009 [ERROR] LogOutputStream:75 - [STDERR_REDIRECT] [Fatal Error] :1:1: Premature end of file.
2025-08-31 10:51:39,009 [ERROR] LogOutputStream:75 - [STDERR_REDIRECT] 
2025-08-31 10:51:39,060 [ERROR] LogOutputStream:75 - [STDERR_REDIRECT] [Fatal Error] :1:1: Premature end of file.
2025-08-31 10:51:39,060 [ERROR] LogOutputStream:75 - [STDERR_REDIRECT] 
2025-08-31 10:51:39,110 [ERROR] LogOutputStream:75 - [STDERR_REDIRECT] [Fatal Error] :1:1: Premature end of file.
2025-08-31 10:51:39,110 [ERROR] LogOutputStream:75 - [STDERR_REDIRECT] 
2025-08-31 10:51:39,167 [ERROR] LogOutputStream:75 - [STDERR_REDIRECT] [Fatal Error] :1:1: Premature end of file.
2025-08-31 10:51:39,167 [ERROR] LogOutputStream:75 - [STDERR_REDIRECT] 
2025-08-31 10:51:39,217 [ERROR] LogOutputStream:75 - [STDERR_REDIRECT] [Fatal Error] :1:1: Premature end of file.
2025-08-31 10:51:39,217 [ERROR] LogOutputStream:75 - [STDERR_REDIRECT] 
2025-08-31 10:51:39,259 [ERROR] LogOutputStream:75 - [STDERR_REDIRECT] [Fatal Error] :1:1: Premature end of file.
2025-08-31 10:51:39,259 [ERROR] LogOutputStream:75 - [STDERR_REDIRECT] 
2025-08-31 10:51:39,301 [ERROR] LogOutputStream:75 - [STDERR_REDIRECT] [Fatal Error] :1:1: Premature end of file.
2025-08-31 10:51:39,301 [ERROR] LogOutputStream:75 - [STDERR_REDIRECT] 
2025-08-31 10:51:39,344 [ERROR] LogOutputStream:75 - [STDERR_REDIRECT] [Fatal Error] :1:1: Premature end of file.
2025-08-31 10:51:39,345 [ERROR] LogOutputStream:75 - [STDERR_REDIRECT] 
2025-08-31 10:51:39,390 [ERROR] LogOutputStream:75 - [STDERR_REDIRECT] [Fatal Error] :1:1: Premature end of file.
2025-08-31 10:51:39,391 [ERROR] LogOutputStream:75 - [STDERR_REDIRECT] 
2025-08-31 10:51:39,447 [ERROR] LogOutputStream:75 - [STDERR_REDIRECT] [Fatal Error] :1:1: Premature end of file.
2025-08-31 10:51:39,447 [ERROR] LogOutputStream:75 - [STDERR_REDIRECT] 
2025-08-31 10:51:39,493 [ERROR] LogOutputStream:75 - [STDERR_REDIRECT] [Fatal Error] :1:1: Premature end of file.
2025-08-31 10:51:39,493 [ERROR] LogOutputStream:75 - [STDERR_REDIRECT] 
2025-08-31 10:51:39,535 [ERROR] LogOutputStream:75 - [STDERR_REDIRECT] [Fatal Error] :1:1: Premature end of file.
2025-08-31 10:51:39,535 [ERROR] LogOutputStream:75 - [STDERR_REDIRECT] 
2025-08-31 10:51:39,584 [ERROR] LogOutputStream:75 - [STDERR_REDIRECT] [Fatal Error] :1:1: Premature end of file.
2025-08-31 10:51:39,584 [ERROR] LogOutputStream:75 - [STDERR_REDIRECT] 
2025-08-31 10:51:39,630 [ERROR] LogOutputStream:75 - [STDERR_REDIRECT] [Fatal Error] :1:1: Premature end of file.
2025-08-31 10:51:39,631 [ERROR] LogOutputStream:75 - [STDERR_REDIRECT] 
2025-08-31 10:51:39,697 [ERROR] LogOutputStream:75 - [STDERR_REDIRECT] [Fatal Error] :1:1: Premature end of file.
2025-08-31 10:51:39,697 [ERROR] LogOutputStream:75 - [STDERR_REDIRECT] 
2025-08-31 10:51:39,764 [ERROR] LogOutputStream:75 - [STDERR_REDIRECT] [Fatal Error] :1:1: Premature end of file.
2025-08-31 10:51:39,764 [ERROR] LogOutputStream:75 - [STDERR_REDIRECT] 
2025-08-31 10:51:39,833 [ERROR] LogOutputStream:75 - [STDERR_REDIRECT] [Fatal Error] :1:1: Premature end of file.
2025-08-31 10:51:39,834 [ERROR] LogOutputStream:75 - [STDERR_REDIRECT] 
2025-08-31 10:51:39,902 [ERROR] LogOutputStream:75 - [STDERR_REDIRECT] [Fatal Error] :1:1: Premature end of file.
2025-08-31 10:51:39,902 [ERROR] LogOutputStream:75 - [STDERR_REDIRECT] 
2025-08-31 10:51:39,964 [ERROR] LogOutputStream:75 - [STDERR_REDIRECT] [Fatal Error] :1:1: Premature end of file.
2025-08-31 10:51:39,964 [ERROR] LogOutputStream:75 - [STDERR_REDIRECT] 
2025-08-31 10:51:40,034 [ERROR] LogOutputStream:75 - [STDERR_REDIRECT] [Fatal Error] :1:1: Premature end of file.
2025-08-31 10:51:40,034 [ERROR] LogOutputStream:75 - [STDERR_REDIRECT] 
2025-08-31 10:51:40,098 [ERROR] LogOutputStream:75 - [STDERR_REDIRECT] [Fatal Error] :1:1: Premature end of file.
2025-08-31 10:51:40,098 [ERROR] LogOutputStream:75 - [STDERR_REDIRECT] 
2025-08-31 10:51:40,159 [ERROR] LogOutputStream:75 - [STDERR_REDIRECT] [Fatal Error] :1:1: Premature end of file.
2025-08-31 10:51:40,159 [ERROR] LogOutputStream:75 - [STDERR_REDIRECT] 
2025-08-31 10:51:40,209 [ERROR] LogOutputStream:75 - [STDERR_REDIRECT] [Fatal Error] :1:1: Premature end of file.
2025-08-31 10:51:40,209 [ERROR] LogOutputStream:75 - [STDERR_REDIRECT] 
2025-08-31 10:51:40,260 [ERROR] LogOutputStream:75 - [STDERR_REDIRECT] [Fatal Error] :1:1: Premature end of file.
2025-08-31 10:51:40,261 [ERROR] LogOutputStream:75 - [STDERR_REDIRECT] 
2025-08-31 10:51:40,318 [ERROR] LogOutputStream:75 - [STDERR_REDIRECT] [Fatal Error] :1:1: Premature end of file.
2025-08-31 10:51:40,318 [ERROR] LogOutputStream:75 - [STDERR_REDIRECT] 
2025-08-31 10:51:40,380 [ERROR] LogOutputStream:75 - [STDERR_REDIRECT] [Fatal Error] :1:1: Premature end of file.
2025-08-31 10:51:40,380 [ERROR] LogOutputStream:75 - [STDERR_REDIRECT] 
2025-08-31 10:51:40,451 [ERROR] LogOutputStream:75 - [STDERR_REDIRECT] [Fatal Error] :1:1: Premature end of file.
2025-08-31 10:51:40,451 [ERROR] LogOutputStream:75 - [STDERR_REDIRECT] 
2025-08-31 10:51:40,508 [ERROR] LogOutputStream:75 - [STDERR_REDIRECT] [Fatal Error] :1:1: Premature end of file.
2025-08-31 10:51:40,508 [ERROR] LogOutputStream:75 - [STDERR_REDIRECT] 
2025-08-31 10:51:40,567 [ERROR] LogOutputStream:75 - [STDERR_REDIRECT] [Fatal Error] :1:1: Premature end of file.
2025-08-31 10:51:40,567 [ERROR] LogOutputStream:75 - [STDERR_REDIRECT] 
2025-08-31 10:51:40,635 [ERROR] LogOutputStream:75 - [STDERR_REDIRECT] [Fatal Error] :1:1: Premature end of file.
2025-08-31 10:51:40,635 [ERROR] LogOutputStream:75 - [STDERR_REDIRECT] 
2025-08-31 10:51:40,701 [ERROR] LogOutputStream:75 - [STDERR_REDIRECT] [Fatal Error] :1:1: Premature end of file.
2025-08-31 10:51:40,701 [ERROR] LogOutputStream:75 - [STDERR_REDIRECT] 
2025-08-31 10:51:40,765 [ERROR] LogOutputStream:75 - [STDERR_REDIRECT] [Fatal Error] :1:1: Premature end of file.
2025-08-31 10:51:40,766 [ERROR] LogOutputStream:75 - [STDERR_REDIRECT] 
2025-08-31 10:51:40,832 [ERROR] LogOutputStream:75 - [STDERR_REDIRECT] [Fatal Error] :1:1: Premature end of file.
2025-08-31 10:51:40,833 [ERROR] LogOutputStream:75 - [STDERR_REDIRECT] 
2025-08-31 10:51:40,898 [ERROR] LogOutputStream:75 - [STDERR_REDIRECT] [Fatal Error] :1:1: Premature end of file.
2025-08-31 10:51:40,898 [ERROR] LogOutputStream:75 - [STDERR_REDIRECT] 
2025-08-31 10:51:40,974 [ERROR] LogOutputStream:75 - [STDERR_REDIRECT] [Fatal Error] :1:1: Premature end of file.
2025-08-31 10:51:40,974 [ERROR] LogOutputStream:75 - [STDERR_REDIRECT] 
2025-08-31 10:51:41,041 [ERROR] LogOutputStream:75 - [STDERR_REDIRECT] [Fatal Error] :1:1: Premature end of file.
2025-08-31 10:51:41,041 [ERROR] LogOutputStream:75 - [STDERR_REDIRECT] 
2025-08-31 10:51:41,115 [ERROR] LogOutputStream:75 - [STDERR_REDIRECT] [Fatal Error] :1:1: Premature end of file.
2025-08-31 10:51:41,115 [ERROR] LogOutputStream:75 - [STDERR_REDIRECT] 
2025-08-31 10:51:41,181 [ERROR] LogOutputStream:75 - [STDERR_REDIRECT] [Fatal Error] :1:1: Premature end of file.
2025-08-31 10:51:41,181 [ERROR] LogOutputStream:75 - [STDERR_REDIRECT] 
2025-08-31 10:51:41,251 [ERROR] LogOutputStream:75 - [STDERR_REDIRECT] [Fatal Error] :1:1: Premature end of file.
2025-08-31 10:51:41,251 [ERROR] LogOutputStream:75 - [STDERR_REDIRECT] 
2025-08-31 10:51:41,309 [ERROR] LogOutputStream:75 - [STDERR_REDIRECT] [Fatal Error] :1:1: Premature end of file.
2025-08-31 10:51:41,310 [ERROR] LogOutputStream:75 - [STDERR_REDIRECT] 
2025-08-31 10:51:41,376 [ERROR] LogOutputStream:75 - [STDERR_REDIRECT] [Fatal Error] :1:1: Premature end of file.
2025-08-31 10:51:41,376 [ERROR] LogOutputStream:75 - [STDERR_REDIRECT] 
2025-08-31 10:51:41,446 [ERROR] LogOutputStream:75 - [STDERR_REDIRECT] [Fatal Error] :1:1: Premature end of file.
2025-08-31 10:51:41,446 [ERROR] LogOutputStream:75 - [STDERR_REDIRECT] 
2025-08-31 10:51:41,509 [ERROR] LogOutputStream:75 - [STDERR_REDIRECT] [Fatal Error] :1:1: Premature end of file.
2025-08-31 10:51:41,509 [ERROR] LogOutputStream:75 - [STDERR_REDIRECT] 
2025-08-31 10:51:41,559 [ERROR] LogOutputStream:75 - [STDERR_REDIRECT] [Fatal Error] :1:1: Premature end of file.
2025-08-31 10:51:41,559 [ERROR] LogOutputStream:75 - [STDERR_REDIRECT] 
2025-08-31 10:51:41,621 [ERROR] LogOutputStream:75 - [STDERR_REDIRECT] [Fatal Error] :1:1: Premature end of file.
2025-08-31 10:51:41,621 [ERROR] LogOutputStream:75 - [STDERR_REDIRECT] 
2025-08-31 10:51:41,686 [ERROR] LogOutputStream:75 - [STDERR_REDIRECT] [Fatal Error] :1:1: Premature end of file.
2025-08-31 10:51:41,686 [ERROR] LogOutputStream:75 - [STDERR_REDIRECT] 
2025-08-31 10:51:41,742 [ERROR] LogOutputStream:75 - [STDERR_REDIRECT] [Fatal Error] :1:1: Premature end of file.
2025-08-31 10:51:41,742 [ERROR] LogOutputStream:75 - [STDERR_REDIRECT] 
2025-08-31 10:51:41,809 [ERROR] LogOutputStream:75 - [STDERR_REDIRECT] [Fatal Error] :1:1: Premature end of file.
2025-08-31 10:51:41,809 [ERROR] LogOutputStream:75 - [STDERR_REDIRECT] 
2025-08-31 10:51:41,854 [ERROR] LogOutputStream:75 - [STDERR_REDIRECT] [Fatal Error] :1:1: Premature end of file.
2025-08-31 10:51:41,854 [ERROR] LogOutputStream:75 - [STDERR_REDIRECT] 
2025-08-31 10:51:41,903 [ERROR] LogOutputStream:75 - [STDERR_REDIRECT] [Fatal Error] :1:1: Premature end of file.
2025-08-31 10:51:41,904 [ERROR] LogOutputStream:75 - [STDERR_REDIRECT] 
2025-08-31 10:51:41,961 [ERROR] LogOutputStream:75 - [STDERR_REDIRECT] [Fatal Error] :1:1: Premature end of file.
2025-08-31 10:51:41,961 [ERROR] LogOutputStream:75 - [STDERR_REDIRECT] 
2025-08-31 10:51:42,028 [ERROR] LogOutputStream:75 - [STDERR_REDIRECT] [Fatal Error] :1:1: Premature end of file.
2025-08-31 10:51:42,028 [ERROR] LogOutputStream:75 - [STDERR_REDIRECT] 
2025-08-31 10:51:42,090 [ERROR] LogOutputStream:75 - [STDERR_REDIRECT] [Fatal Error] :1:1: Premature end of file.
2025-08-31 10:51:42,090 [ERROR] LogOutputStream:75 - [STDERR_REDIRECT] 
2025-08-31 10:51:42,148 [ERROR] LogOutputStream:75 - [STDERR_REDIRECT] [Fatal Error] :1:1: Premature end of file.
2025-08-31 10:51:42,148 [ERROR] LogOutputStream:75 - [STDERR_REDIRECT] 
2025-08-31 10:51:42,210 [ERROR] LogOutputStream:75 - [STDERR_REDIRECT] [Fatal Error] :1:1: Premature end of file.
2025-08-31 10:51:42,210 [ERROR] LogOutputStream:75 - [STDERR_REDIRECT] 
2025-08-31 10:51:42,274 [ERROR] LogOutputStream:75 - [STDERR_REDIRECT] [Fatal Error] :1:1: Premature end of file.
2025-08-31 10:51:42,274 [ERROR] LogOutputStream:75 - [STDERR_REDIRECT] 
2025-08-31 10:51:42,337 [ERROR] LogOutputStream:75 - [STDERR_REDIRECT] [Fatal Error] :1:1: Premature end of file.
2025-08-31 10:51:42,337 [ERROR] LogOutputStream:75 - [STDERR_REDIRECT] 
2025-08-31 10:51:42,408 [ERROR] LogOutputStream:75 - [STDERR_REDIRECT] [Fatal Error] :1:1: Premature end of file.
2025-08-31 10:51:42,408 [ERROR] LogOutputStream:75 - [STDERR_REDIRECT] 
2025-08-31 10:51:42,479 [ERROR] LogOutputStream:75 - [STDERR_REDIRECT] [Fatal Error] :1:1: Premature end of file.
2025-08-31 10:51:42,480 [ERROR] LogOutputStream:75 - [STDERR_REDIRECT] 
2025-08-31 10:51:42,555 [ERROR] LogOutputStream:75 - [STDERR_REDIRECT] [Fatal Error] :1:1: Premature end of file.
2025-08-31 10:51:42,555 [ERROR] LogOutputStream:75 - [STDERR_REDIRECT] 
2025-08-31 10:51:42,632 [ERROR] LogOutputStream:75 - [STDERR_REDIRECT] [Fatal Error] :1:1: Premature end of file.
2025-08-31 10:51:42,632 [ERROR] LogOutputStream:75 - [STDERR_REDIRECT] 
2025-08-31 10:51:42,704 [ERROR] LogOutputStream:75 - [STDERR_REDIRECT] [Fatal Error] :1:1: Premature end of file.
2025-08-31 10:51:42,705 [ERROR] LogOutputStream:75 - [STDERR_REDIRECT] 
2025-08-31 10:51:42,777 [ERROR] LogOutputStream:75 - [STDERR_REDIRECT] [Fatal Error] :1:1: Premature end of file.
2025-08-31 10:51:42,777 [ERROR] LogOutputStream:75 - [STDERR_REDIRECT] 
2025-08-31 10:51:42,849 [ERROR] LogOutputStream:75 - [STDERR_REDIRECT] [Fatal Error] :1:1: Premature end of file.
2025-08-31 10:51:42,849 [ERROR] LogOutputStream:75 - [STDERR_REDIRECT] 
2025-08-31 10:51:42,927 [ERROR] LogOutputStream:75 - [STDERR_REDIRECT] [Fatal Error] :1:1: Premature end of file.
2025-08-31 10:51:42,928 [ERROR] LogOutputStream:75 - [STDERR_REDIRECT] 
2025-08-31 10:51:42,997 [ERROR] LogOutputStream:75 - [STDERR_REDIRECT] [Fatal Error] :1:1: Premature end of file.
2025-08-31 10:51:42,998 [ERROR] LogOutputStream:75 - [STDERR_REDIRECT] 
2025-08-31 10:51:43,063 [ERROR] LogOutputStream:75 - [STDERR_REDIRECT] [Fatal Error] :1:1: Premature end of file.
2025-08-31 10:51:43,064 [ERROR] LogOutputStream:75 - [STDERR_REDIRECT] 
2025-08-31 10:51:43,131 [ERROR] LogOutputStream:75 - [STDERR_REDIRECT] [Fatal Error] :1:1: Premature end of file.
2025-08-31 10:51:43,131 [ERROR] LogOutputStream:75 - [STDERR_REDIRECT] 
2025-08-31 10:51:43,200 [ERROR] LogOutputStream:75 - [STDERR_REDIRECT] [Fatal Error] :1:1: Premature end of file.
2025-08-31 10:51:43,200 [ERROR] LogOutputStream:75 - [STDERR_REDIRECT] 
2025-08-31 10:51:43,272 [ERROR] LogOutputStream:75 - [STDERR_REDIRECT] [Fatal Error] :1:1: Premature end of file.
2025-08-31 10:51:43,272 [ERROR] LogOutputStream:75 - [STDERR_REDIRECT] 
2025-08-31 10:51:43,346 [ERROR] LogOutputStream:75 - [STDERR_REDIRECT] [Fatal Error] :1:1: Premature end of file.
2025-08-31 10:51:43,346 [ERROR] LogOutputStream:75 - [STDERR_REDIRECT] 
2025-08-31 10:51:43,418 [ERROR] LogOutputStream:75 - [STDERR_REDIRECT] [Fatal Error] :1:1: Premature end of file.
2025-08-31 10:51:43,418 [ERROR] LogOutputStream:75 - [STDERR_REDIRECT] 
2025-08-31 10:51:43,490 [ERROR] LogOutputStream:75 - [STDERR_REDIRECT] [Fatal Error] :1:1: Premature end of file.
2025-08-31 10:51:43,491 [ERROR] LogOutputStream:75 - [STDERR_REDIRECT] 
2025-08-31 10:51:43,566 [ERROR] LogOutputStream:75 - [STDERR_REDIRECT] [Fatal Error] :1:1: Premature end of file.
2025-08-31 10:51:43,566 [ERROR] LogOutputStream:75 - [STDERR_REDIRECT] 
2025-08-31 10:51:43,642 [ERROR] LogOutputStream:75 - [STDERR_REDIRECT] [Fatal Error] :1:1: Premature end of file.
2025-08-31 10:51:43,642 [ERROR] LogOutputStream:75 - [STDERR_REDIRECT] 
2025-08-31 10:51:43,709 [ERROR] LogOutputStream:75 - [STDERR_REDIRECT] [Fatal Error] :1:1: Premature end of file.
2025-08-31 10:51:43,709 [ERROR] LogOutputStream:75 - [STDERR_REDIRECT] 
2025-08-31 10:51:43,779 [ERROR] LogOutputStream:75 - [STDERR_REDIRECT] [Fatal Error] :1:1: Premature end of file.
2025-08-31 10:51:43,779 [ERROR] LogOutputStream:75 - [STDERR_REDIRECT] 
2025-08-31 10:51:43,850 [ERROR] LogOutputStream:75 - [STDERR_REDIRECT] [Fatal Error] :1:1: Premature end of file.
2025-08-31 10:51:43,850 [ERROR] LogOutputStream:75 - [STDERR_REDIRECT] 
2025-08-31 10:51:43,918 [ERROR] LogOutputStream:75 - [STDERR_REDIRECT] [Fatal Error] :1:1: Premature end of file.
2025-08-31 10:51:43,919 [ERROR] LogOutputStream:75 - [STDERR_REDIRECT] 
2025-08-31 10:51:43,996 [ERROR] LogOutputStream:75 - [STDERR_REDIRECT] [Fatal Error] :1:1: Premature end of file.
2025-08-31 10:51:43,996 [ERROR] LogOutputStream:75 - [STDERR_REDIRECT] 
2025-08-31 10:51:44,071 [ERROR] LogOutputStream:75 - [STDERR_REDIRECT] [Fatal Error] :1:1: Premature end of file.
2025-08-31 10:51:44,071 [ERROR] LogOutputStream:75 - [STDERR_REDIRECT] 
2025-08-31 10:51:44,146 [ERROR] LogOutputStream:75 - [STDERR_REDIRECT] [Fatal Error] :1:1: Premature end of file.
2025-08-31 10:51:44,146 [ERROR] LogOutputStream:75 - [STDERR_REDIRECT] 
2025-08-31 10:51:44,217 [ERROR] LogOutputStream:75 - [STDERR_REDIRECT] [Fatal Error] :1:1: Premature end of file.
2025-08-31 10:51:44,217 [ERROR] LogOutputStream:75 - [STDERR_REDIRECT] 
2025-08-31 10:51:44,282 [ERROR] LogOutputStream:75 - [STDERR_REDIRECT] [Fatal Error] :1:1: Premature end of file.
2025-08-31 10:51:44,283 [ERROR] LogOutputStream:75 - [STDERR_REDIRECT] 
2025-08-31 10:51:44,347 [ERROR] LogOutputStream:75 - [STDERR_REDIRECT] [Fatal Error] :1:1: Premature end of file.
2025-08-31 10:51:44,347 [ERROR] LogOutputStream:75 - [STDERR_REDIRECT] 
2025-08-31 10:51:44,414 [ERROR] LogOutputStream:75 - [STDERR_REDIRECT] [Fatal Error] :1:1: Premature end of file.
2025-08-31 10:51:44,414 [ERROR] LogOutputStream:75 - [STDERR_REDIRECT] 
2025-08-31 10:51:44,478 [ERROR] LogOutputStream:75 - [STDERR_REDIRECT] [Fatal Error] :1:1: Premature end of file.
2025-08-31 10:51:44,478 [ERROR] LogOutputStream:75 - [STDERR_REDIRECT] 
2025-08-31 10:51:44,551 [ERROR] LogOutputStream:75 - [STDERR_REDIRECT] [Fatal Error] :1:1: Premature end of file.
2025-08-31 10:51:44,551 [ERROR] LogOutputStream:75 - [STDERR_REDIRECT] 
2025-08-31 10:51:44,626 [ERROR] LogOutputStream:75 - [STDERR_REDIRECT] [Fatal Error] :1:1: Premature end of file.
2025-08-31 10:51:44,626 [ERROR] LogOutputStream:75 - [STDERR_REDIRECT] 
2025-08-31 10:51:44,708 [ERROR] LogOutputStream:75 - [STDERR_REDIRECT] [Fatal Error] :1:1: Premature end of file.
2025-08-31 10:51:44,708 [ERROR] LogOutputStream:75 - [STDERR_REDIRECT] 
2025-08-31 10:51:44,780 [ERROR] LogOutputStream:75 - [STDERR_REDIRECT] [Fatal Error] :1:1: Premature end of file.
2025-08-31 10:51:44,781 [ERROR] LogOutputStream:75 - [STDERR_REDIRECT] 
2025-08-31 10:51:44,846 [ERROR] LogOutputStream:75 - [STDERR_REDIRECT] [Fatal Error] :1:1: Premature end of file.
2025-08-31 10:51:44,847 [ERROR] LogOutputStream:75 - [STDERR_REDIRECT] 
2025-08-31 10:51:44,916 [ERROR] LogOutputStream:75 - [STDERR_REDIRECT] [Fatal Error] :1:1: Premature end of file.
2025-08-31 10:51:44,916 [ERROR] LogOutputStream:75 - [STDERR_REDIRECT] 
2025-08-31 10:51:44,992 [ERROR] LogOutputStream:75 - [STDERR_REDIRECT] [Fatal Error] :1:1: Premature end of file.
2025-08-31 10:51:44,992 [ERROR] LogOutputStream:75 - [STDERR_REDIRECT] 
2025-08-31 10:51:45,070 [ERROR] LogOutputStream:75 - [STDERR_REDIRECT] [Fatal Error] :1:1: Premature end of file.
2025-08-31 10:51:45,070 [ERROR] LogOutputStream:75 - [STDERR_REDIRECT] 
2025-08-31 10:51:45,135 [ERROR] LogOutputStream:75 - [STDERR_REDIRECT] [Fatal Error] :1:1: Premature end of file.
2025-08-31 10:51:45,135 [ERROR] LogOutputStream:75 - [STDERR_REDIRECT] 
2025-08-31 10:51:45,212 [ERROR] LogOutputStream:75 - [STDERR_REDIRECT] [Fatal Error] :1:1: Premature end of file.
2025-08-31 10:51:45,213 [ERROR] LogOutputStream:75 - [STDERR_REDIRECT] 
2025-08-31 10:51:45,292 [ERROR] LogOutputStream:75 - [STDERR_REDIRECT] [Fatal Error] :1:1: Premature end of file.
2025-08-31 10:51:45,292 [ERROR] LogOutputStream:75 - [STDERR_REDIRECT] 
2025-08-31 10:51:45,365 [ERROR] LogOutputStream:75 - [STDERR_REDIRECT] [Fatal Error] :1:1: Premature end of file.
2025-08-31 10:51:45,365 [ERROR] LogOutputStream:75 - [STDERR_REDIRECT] 
2025-08-31 10:51:45,439 [ERROR] LogOutputStream:75 - [STDERR_REDIRECT] [Fatal Error] :1:1: Premature end of file.
2025-08-31 10:51:45,439 [ERROR] LogOutputStream:75 - [STDERR_REDIRECT] 
2025-08-31 10:51:45,501 [ERROR] LogOutputStream:75 - [STDERR_REDIRECT] [Fatal Error] :1:1: Premature end of file.
2025-08-31 10:51:45,501 [ERROR] LogOutputStream:75 - [STDERR_REDIRECT] 
2025-08-31 10:51:45,576 [ERROR] LogOutputStream:75 - [STDERR_REDIRECT] [Fatal Error] :1:1: Premature end of file.
2025-08-31 10:51:45,576 [ERROR] LogOutputStream:75 - [STDERR_REDIRECT] 
2025-08-31 10:51:45,647 [ERROR] LogOutputStream:75 - [STDERR_REDIRECT] [Fatal Error] :1:1: Premature end of file.
2025-08-31 10:51:45,647 [ERROR] LogOutputStream:75 - [STDERR_REDIRECT] 
2025-08-31 10:51:45,717 [ERROR] LogOutputStream:75 - [STDERR_REDIRECT] [Fatal Error] :1:1: Premature end of file.
2025-08-31 10:51:45,717 [ERROR] LogOutputStream:75 - [STDERR_REDIRECT] 
2025-08-31 10:51:45,794 [ERROR] LogOutputStream:75 - [STDERR_REDIRECT] [Fatal Error] :1:1: Premature end of file.
2025-08-31 10:51:45,794 [ERROR] LogOutputStream:75 - [STDERR_REDIRECT] 
2025-08-31 10:51:45,875 [ERROR] LogOutputStream:75 - [STDERR_REDIRECT] [Fatal Error] :1:1: Premature end of file.
2025-08-31 10:51:45,875 [ERROR] LogOutputStream:75 - [STDERR_REDIRECT] 
2025-08-31 10:51:45,949 [ERROR] LogOutputStream:75 - [STDERR_REDIRECT] [Fatal Error] :1:1: Premature end of file.
2025-08-31 10:51:45,950 [ERROR] LogOutputStream:75 - [STDERR_REDIRECT] 
2025-08-31 10:51:46,023 [ERROR] LogOutputStream:75 - [STDERR_REDIRECT] [Fatal Error] :1:1: Premature end of file.
2025-08-31 10:51:46,023 [ERROR] LogOutputStream:75 - [STDERR_REDIRECT] 
2025-08-31 10:51:46,098 [ERROR] LogOutputStream:75 - [STDERR_REDIRECT] [Fatal Error] :1:1: Premature end of file.
2025-08-31 10:51:46,098 [ERROR] LogOutputStream:75 - [STDERR_REDIRECT] 
2025-08-31 10:51:46,172 [ERROR] LogOutputStream:75 - [STDERR_REDIRECT] [Fatal Error] :1:1: Premature end of file.
2025-08-31 10:51:46,172 [ERROR] LogOutputStream:75 - [STDERR_REDIRECT] 
2025-08-31 10:51:46,246 [ERROR] LogOutputStream:75 - [STDERR_REDIRECT] [Fatal Error] :1:1: Premature end of file.
2025-08-31 10:51:46,246 [ERROR] LogOutputStream:75 - [STDERR_REDIRECT] 
2025-08-31 10:51:46,320 [ERROR] LogOutputStream:75 - [STDERR_REDIRECT] [Fatal Error] :1:1: Premature end of file.
2025-08-31 10:51:46,320 [ERROR] LogOutputStream:75 - [STDERR_REDIRECT] 
2025-08-31 10:51:46,394 [ERROR] LogOutputStream:75 - [STDERR_REDIRECT] [Fatal Error] :1:1: Premature end of file.
2025-08-31 10:51:46,395 [ERROR] LogOutputStream:75 - [STDERR_REDIRECT] 
2025-08-31 10:51:46,466 [ERROR] LogOutputStream:75 - [STDERR_REDIRECT] [Fatal Error] :1:1: Premature end of file.
2025-08-31 10:51:46,467 [ERROR] LogOutputStream:75 - [STDERR_REDIRECT] 
2025-08-31 10:51:46,543 [ERROR] LogOutputStream:75 - [STDERR_REDIRECT] [Fatal Error] :1:1: Premature end of file.
2025-08-31 10:51:46,543 [ERROR] LogOutputStream:75 - [STDERR_REDIRECT] 
2025-08-31 10:51:46,618 [ERROR] LogOutputStream:75 - [STDERR_REDIRECT] [Fatal Error] :1:1: Premature end of file.
2025-08-31 10:51:46,618 [ERROR] LogOutputStream:75 - [STDERR_REDIRECT] 
2025-08-31 10:51:46,691 [ERROR] LogOutputStream:75 - [STDERR_REDIRECT] [Fatal Error] :1:1: Premature end of file.
2025-08-31 10:51:46,691 [ERROR] LogOutputStream:75 - [STDERR_REDIRECT] 
2025-08-31 10:51:46,765 [ERROR] LogOutputStream:75 - [STDERR_REDIRECT] [Fatal Error] :1:1: Premature end of file.
2025-08-31 10:51:46,765 [ERROR] LogOutputStream:75 - [STDERR_REDIRECT] 
2025-08-31 10:51:46,830 [ERROR] LogOutputStream:75 - [STDERR_REDIRECT] [Fatal Error] :1:1: Premature end of file.
2025-08-31 10:51:46,830 [ERROR] LogOutputStream:75 - [STDERR_REDIRECT] 
2025-08-31 10:51:46,897 [ERROR] LogOutputStream:75 - [STDERR_REDIRECT] [Fatal Error] :1:1: Premature end of file.
2025-08-31 10:51:46,897 [ERROR] LogOutputStream:75 - [STDERR_REDIRECT] 
2025-08-31 10:51:46,960 [ERROR] LogOutputStream:75 - [STDERR_REDIRECT] [Fatal Error] :1:1: Premature end of file.
2025-08-31 10:51:46,960 [ERROR] LogOutputStream:75 - [STDERR_REDIRECT] 
2025-08-31 10:51:47,036 [ERROR] LogOutputStream:75 - [STDERR_REDIRECT] [Fatal Error] :1:1: Premature end of file.
2025-08-31 10:51:47,036 [ERROR] LogOutputStream:75 - [STDERR_REDIRECT] 
2025-08-31 10:51:47,110 [ERROR] LogOutputStream:75 - [STDERR_REDIRECT] [Fatal Error] :1:1: Premature end of file.
2025-08-31 10:51:47,111 [ERROR] LogOutputStream:75 - [STDERR_REDIRECT] 
2025-08-31 10:51:47,181 [ERROR] LogOutputStream:75 - [STDERR_REDIRECT] [Fatal Error] :1:1: Premature end of file.
2025-08-31 10:51:47,181 [ERROR] LogOutputStream:75 - [STDERR_REDIRECT] 
2025-08-31 10:51:47,247 [ERROR] LogOutputStream:75 - [STDERR_REDIRECT] [Fatal Error] :1:1: Premature end of file.
2025-08-31 10:51:47,247 [ERROR] LogOutputStream:75 - [STDERR_REDIRECT] 
2025-08-31 10:51:47,316 [ERROR] LogOutputStream:75 - [STDERR_REDIRECT] [Fatal Error] :1:1: Premature end of file.
2025-08-31 10:51:47,316 [ERROR] LogOutputStream:75 - [STDERR_REDIRECT] 
2025-08-31 10:51:47,388 [ERROR] LogOutputStream:75 - [STDERR_REDIRECT] [Fatal Error] :1:1: Premature end of file.
2025-08-31 10:51:47,390 [ERROR] LogOutputStream:75 - [STDERR_REDIRECT] 
2025-08-31 10:51:47,455 [ERROR] LogOutputStream:75 - [STDERR_REDIRECT] [Fatal Error] :1:1: Premature end of file.
2025-08-31 10:51:47,456 [ERROR] LogOutputStream:75 - [STDERR_REDIRECT] 
2025-08-31 10:51:47,505 [ERROR] LogOutputStream:75 - [STDERR_REDIRECT] [Fatal Error] :1:1: Premature end of file.
2025-08-31 10:51:47,505 [ERROR] LogOutputStream:75 - [STDERR_REDIRECT] 
2025-08-31 10:51:47,567 [ERROR] LogOutputStream:75 - [STDERR_REDIRECT] [Fatal Error] :1:1: Premature end of file.
2025-08-31 10:51:47,567 [ERROR] LogOutputStream:75 - [STDERR_REDIRECT] 
2025-08-31 10:51:47,640 [ERROR] LogOutputStream:75 - [STDERR_REDIRECT] [Fatal Error] :1:1: Premature end of file.
2025-08-31 10:51:47,640 [ERROR] LogOutputStream:75 - [STDERR_REDIRECT] 
2025-08-31 10:51:47,713 [ERROR] LogOutputStream:75 - [STDERR_REDIRECT] [Fatal Error] :1:1: Premature end of file.
2025-08-31 10:51:47,713 [ERROR] LogOutputStream:75 - [STDERR_REDIRECT] 
2025-08-31 10:51:47,790 [ERROR] LogOutputStream:75 - [STDERR_REDIRECT] [Fatal Error] :1:1: Premature end of file.
2025-08-31 10:51:47,790 [ERROR] LogOutputStream:75 - [STDERR_REDIRECT] 
2025-08-31 10:51:47,868 [ERROR] LogOutputStream:75 - [STDERR_REDIRECT] [Fatal Error] :1:1: Premature end of file.
2025-08-31 10:51:47,869 [ERROR] LogOutputStream:75 - [STDERR_REDIRECT] 
2025-08-31 10:51:47,934 [ERROR] LogOutputStream:75 - [STDERR_REDIRECT] [Fatal Error] :1:1: Premature end of file.
2025-08-31 10:51:47,934 [ERROR] LogOutputStream:75 - [STDERR_REDIRECT] 
2025-08-31 10:51:48,000 [ERROR] LogOutputStream:75 - [STDERR_REDIRECT] [Fatal Error] :1:1: Premature end of file.
2025-08-31 10:51:48,001 [ERROR] LogOutputStream:75 - [STDERR_REDIRECT] 
2025-08-31 10:51:48,066 [ERROR] LogOutputStream:75 - [STDERR_REDIRECT] [Fatal Error] :1:1: Premature end of file.
2025-08-31 10:51:48,066 [ERROR] LogOutputStream:75 - [STDERR_REDIRECT] 
2025-08-31 10:51:48,133 [ERROR] LogOutputStream:75 - [STDERR_REDIRECT] [Fatal Error] :1:1: Premature end of file.
2025-08-31 10:51:48,133 [ERROR] LogOutputStream:75 - [STDERR_REDIRECT] 
2025-08-31 10:51:48,189 [ERROR] LogOutputStream:75 - [STDERR_REDIRECT] [Fatal Error] :1:1: Premature end of file.
2025-08-31 10:51:48,189 [ERROR] LogOutputStream:75 - [STDERR_REDIRECT] 
2025-08-31 10:51:48,259 [ERROR] LogOutputStream:75 - [STDERR_REDIRECT] [Fatal Error] :1:1: Premature end of file.
2025-08-31 10:51:48,259 [ERROR] LogOutputStream:75 - [STDERR_REDIRECT] 
2025-08-31 10:51:48,323 [ERROR] LogOutputStream:75 - [STDERR_REDIRECT] [Fatal Error] :1:1: Premature end of file.
2025-08-31 10:51:48,323 [ERROR] LogOutputStream:75 - [STDERR_REDIRECT] 
2025-08-31 10:51:48,379 [ERROR] LogOutputStream:75 - [STDERR_REDIRECT] [Fatal Error] :1:1: Premature end of file.
2025-08-31 10:51:48,379 [ERROR] LogOutputStream:75 - [STDERR_REDIRECT] 
2025-08-31 10:51:48,449 [ERROR] LogOutputStream:75 - [STDERR_REDIRECT] [Fatal Error] :1:1: Premature end of file.
2025-08-31 10:51:48,449 [ERROR] LogOutputStream:75 - [STDERR_REDIRECT] 
2025-08-31 10:51:48,511 [ERROR] LogOutputStream:75 - [STDERR_REDIRECT] [Fatal Error] :1:1: Premature end of file.
2025-08-31 10:51:48,511 [ERROR] LogOutputStream:75 - [STDERR_REDIRECT] 
2025-08-31 10:51:48,572 [ERROR] LogOutputStream:75 - [STDERR_REDIRECT] [Fatal Error] :1:1: Premature end of file.
2025-08-31 10:51:48,572 [ERROR] LogOutputStream:75 - [STDERR_REDIRECT] 
2025-08-31 10:51:48,643 [ERROR] LogOutputStream:75 - [STDERR_REDIRECT] [Fatal Error] :1:1: Premature end of file.
2025-08-31 10:51:48,643 [ERROR] LogOutputStream:75 - [STDERR_REDIRECT] 
2025-08-31 10:51:48,711 [ERROR] LogOutputStream:75 - [STDERR_REDIRECT] [Fatal Error] :1:1: Premature end of file.
2025-08-31 10:51:48,711 [ERROR] LogOutputStream:75 - [STDERR_REDIRECT] 
2025-08-31 10:51:48,774 [ERROR] LogOutputStream:75 - [STDERR_REDIRECT] [Fatal Error] :1:1: Premature end of file.
2025-08-31 10:51:48,774 [ERROR] LogOutputStream:75 - [STDERR_REDIRECT] 
2025-08-31 10:51:48,833 [ERROR] LogOutputStream:75 - [STDERR_REDIRECT] [Fatal Error] :1:1: Premature end of file.
2025-08-31 10:51:48,833 [ERROR] LogOutputStream:75 - [STDERR_REDIRECT] 
2025-08-31 10:51:48,894 [ERROR] LogOutputStream:75 - [STDERR_REDIRECT] [Fatal Error] :1:1: Premature end of file.
2025-08-31 10:51:48,894 [ERROR] LogOutputStream:75 - [STDERR_REDIRECT] 
2025-08-31 10:51:48,950 [ERROR] LogOutputStream:75 - [STDERR_REDIRECT] [Fatal Error] :1:1: Premature end of file.
2025-08-31 10:51:48,950 [ERROR] LogOutputStream:75 - [STDERR_REDIRECT] 
2025-08-31 10:51:48,995 [ERROR] LogOutputStream:75 - [STDERR_REDIRECT] [Fatal Error] :1:1: Premature end of file.
2025-08-31 10:51:48,996 [ERROR] LogOutputStream:75 - [STDERR_REDIRECT] 
2025-08-31 10:51:49,051 [ERROR] LogOutputStream:75 - [STDERR_REDIRECT] [Fatal Error] :1:1: Premature end of file.
2025-08-31 10:51:49,051 [ERROR] LogOutputStream:75 - [STDERR_REDIRECT] 
2025-08-31 10:51:49,103 [ERROR] LogOutputStream:75 - [STDERR_REDIRECT] [Fatal Error] :1:1: Premature end of file.
2025-08-31 10:51:49,104 [ERROR] LogOutputStream:75 - [STDERR_REDIRECT] 
2025-08-31 10:51:49,159 [ERROR] LogOutputStream:75 - [STDERR_REDIRECT] [Fatal Error] :1:1: Premature end of file.
2025-08-31 10:51:49,160 [ERROR] LogOutputStream:75 - [STDERR_REDIRECT] 
2025-08-31 10:51:49,216 [ERROR] LogOutputStream:75 - [STDERR_REDIRECT] [Fatal Error] :1:1: Premature end of file.
2025-08-31 10:51:49,216 [ERROR] LogOutputStream:75 - [STDERR_REDIRECT] 
2025-08-31 10:51:49,275 [ERROR] LogOutputStream:75 - [STDERR_REDIRECT] [Fatal Error] :1:1: Premature end of file.
2025-08-31 10:51:49,275 [ERROR] LogOutputStream:75 - [STDERR_REDIRECT] 
2025-08-31 10:51:49,331 [ERROR] LogOutputStream:75 - [STDERR_REDIRECT] [Fatal Error] :1:1: Premature end of file.
2025-08-31 10:51:49,333 [ERROR] LogOutputStream:75 - [STDERR_REDIRECT] 
2025-08-31 10:51:49,390 [ERROR] LogOutputStream:75 - [STDERR_REDIRECT] [Fatal Error] :1:1: Premature end of file.
2025-08-31 10:51:49,390 [ERROR] LogOutputStream:75 - [STDERR_REDIRECT] 
2025-08-31 10:51:49,458 [ERROR] LogOutputStream:75 - [STDERR_REDIRECT] [Fatal Error] :1:1: Premature end of file.
2025-08-31 10:51:49,458 [ERROR] LogOutputStream:75 - [STDERR_REDIRECT] 
2025-08-31 10:51:49,516 [ERROR] LogOutputStream:75 - [STDERR_REDIRECT] [Fatal Error] :1:1: Premature end of file.
2025-08-31 10:51:49,516 [ERROR] LogOutputStream:75 - [STDERR_REDIRECT] 
2025-08-31 10:51:49,567 [ERROR] LogOutputStream:75 - [STDERR_REDIRECT] [Fatal Error] :1:1: Premature end of file.
2025-08-31 10:51:49,568 [ERROR] LogOutputStream:75 - [STDERR_REDIRECT] 
2025-08-31 10:51:49,630 [ERROR] LogOutputStream:75 - [STDERR_REDIRECT] [Fatal Error] :1:1: Premature end of file.
2025-08-31 10:51:49,630 [ERROR] LogOutputStream:75 - [STDERR_REDIRECT] 
2025-08-31 10:51:49,692 [ERROR] LogOutputStream:75 - [STDERR_REDIRECT] [Fatal Error] :1:1: Premature end of file.
2025-08-31 10:51:49,692 [ERROR] LogOutputStream:75 - [STDERR_REDIRECT] 
2025-08-31 10:51:49,749 [ERROR] LogOutputStream:75 - [STDERR_REDIRECT] [Fatal Error] :1:1: Premature end of file.
2025-08-31 10:51:49,749 [ERROR] LogOutputStream:75 - [STDERR_REDIRECT] 
2025-08-31 10:51:49,802 [ERROR] LogOutputStream:75 - [STDERR_REDIRECT] [Fatal Error] :1:1: Premature end of file.
2025-08-31 10:51:49,802 [ERROR] LogOutputStream:75 - [STDERR_REDIRECT] 
2025-08-31 10:51:49,872 [ERROR] LogOutputStream:75 - [STDERR_REDIRECT] [Fatal Error] :1:1: Premature end of file.
2025-08-31 10:51:49,872 [ERROR] LogOutputStream:75 - [STDERR_REDIRECT] 
2025-08-31 10:51:49,939 [ERROR] LogOutputStream:75 - [STDERR_REDIRECT] [Fatal Error] :1:1: Premature end of file.
2025-08-31 10:51:49,939 [ERROR] LogOutputStream:75 - [STDERR_REDIRECT] 
2025-08-31 10:51:50,003 [ERROR] LogOutputStream:75 - [STDERR_REDIRECT] [Fatal Error] :1:1: Premature end of file.
2025-08-31 10:51:50,003 [ERROR] LogOutputStream:75 - [STDERR_REDIRECT] 
2025-08-31 10:51:50,068 [ERROR] LogOutputStream:75 - [STDERR_REDIRECT] [Fatal Error] :1:1: Premature end of file.
2025-08-31 10:51:50,068 [ERROR] LogOutputStream:75 - [STDERR_REDIRECT] 
2025-08-31 10:51:50,126 [ERROR] LogOutputStream:75 - [STDERR_REDIRECT] [Fatal Error] :1:1: Premature end of file.
2025-08-31 10:51:50,127 [ERROR] LogOutputStream:75 - [STDERR_REDIRECT] 
2025-08-31 10:51:50,192 [ERROR] LogOutputStream:75 - [STDERR_REDIRECT] [Fatal Error] :1:1: Premature end of file.
2025-08-31 10:51:50,192 [ERROR] LogOutputStream:75 - [STDERR_REDIRECT] 
2025-08-31 10:51:50,256 [ERROR] LogOutputStream:75 - [STDERR_REDIRECT] [Fatal Error] :1:1: Premature end of file.
2025-08-31 10:51:50,256 [ERROR] LogOutputStream:75 - [STDERR_REDIRECT] 
2025-08-31 10:51:50,323 [ERROR] LogOutputStream:75 - [STDERR_REDIRECT] [Fatal Error] :1:1: Premature end of file.
2025-08-31 10:51:50,323 [ERROR] LogOutputStream:75 - [STDERR_REDIRECT] 
2025-08-31 10:51:50,386 [ERROR] LogOutputStream:75 - [STDERR_REDIRECT] [Fatal Error] :1:1: Premature end of file.
2025-08-31 10:51:50,387 [ERROR] LogOutputStream:75 - [STDERR_REDIRECT] 
2025-08-31 10:51:50,452 [ERROR] LogOutputStream:75 - [STDERR_REDIRECT] [Fatal Error] :1:1: Premature end of file.
2025-08-31 10:51:50,452 [ERROR] LogOutputStream:75 - [STDERR_REDIRECT] 
2025-08-31 10:51:50,515 [ERROR] LogOutputStream:75 - [STDERR_REDIRECT] [Fatal Error] :1:1: Premature end of file.
2025-08-31 10:51:50,515 [ERROR] LogOutputStream:75 - [STDERR_REDIRECT] 
2025-08-31 10:51:50,575 [ERROR] LogOutputStream:75 - [STDERR_REDIRECT] [Fatal Error] :1:1: Premature end of file.
2025-08-31 10:51:50,575 [ERROR] LogOutputStream:75 - [STDERR_REDIRECT] 
2025-08-31 10:51:50,634 [ERROR] LogOutputStream:75 - [STDERR_REDIRECT] [Fatal Error] :1:1: Premature end of file.
2025-08-31 10:51:50,634 [ERROR] LogOutputStream:75 - [STDERR_REDIRECT] 
2025-08-31 10:51:50,703 [ERROR] LogOutputStream:75 - [STDERR_REDIRECT] [Fatal Error] :1:1: Premature end of file.
2025-08-31 10:51:50,703 [ERROR] LogOutputStream:75 - [STDERR_REDIRECT] 
2025-08-31 10:51:50,768 [ERROR] LogOutputStream:75 - [STDERR_REDIRECT] [Fatal Error] :1:1: Premature end of file.
2025-08-31 10:51:50,768 [ERROR] LogOutputStream:75 - [STDERR_REDIRECT] 
2025-08-31 10:51:50,819 [ERROR] LogOutputStream:75 - [STDERR_REDIRECT] [Fatal Error] :1:1: Premature end of file.
2025-08-31 10:51:50,819 [ERROR] LogOutputStream:75 - [STDERR_REDIRECT] 
2025-08-31 10:51:50,872 [ERROR] LogOutputStream:75 - [STDERR_REDIRECT] [Fatal Error] :1:1: Premature end of file.
2025-08-31 10:51:50,872 [ERROR] LogOutputStream:75 - [STDERR_REDIRECT] 
2025-08-31 10:51:50,926 [ERROR] LogOutputStream:75 - [STDERR_REDIRECT] [Fatal Error] :1:1: Premature end of file.
2025-08-31 10:51:50,926 [ERROR] LogOutputStream:75 - [STDERR_REDIRECT] 
2025-08-31 10:51:50,983 [ERROR] LogOutputStream:75 - [STDERR_REDIRECT] [Fatal Error] :1:1: Premature end of file.
2025-08-31 10:51:50,984 [ERROR] LogOutputStream:75 - [STDERR_REDIRECT] 
2025-08-31 10:51:51,039 [ERROR] LogOutputStream:75 - [STDERR_REDIRECT] [Fatal Error] :1:1: Premature end of file.
2025-08-31 10:51:51,039 [ERROR] LogOutputStream:75 - [STDERR_REDIRECT] 
2025-08-31 10:51:51,099 [ERROR] LogOutputStream:75 - [STDERR_REDIRECT] [Fatal Error] :1:1: Premature end of file.
2025-08-31 10:51:51,099 [ERROR] LogOutputStream:75 - [STDERR_REDIRECT] 
2025-08-31 10:51:51,150 [ERROR] LogOutputStream:75 - [STDERR_REDIRECT] [Fatal Error] :1:1: Premature end of file.
2025-08-31 10:51:51,150 [ERROR] LogOutputStream:75 - [STDERR_REDIRECT] 
2025-08-31 10:51:51,201 [ERROR] LogOutputStream:75 - [STDERR_REDIRECT] [Fatal Error] :1:1: Premature end of file.
2025-08-31 10:51:51,201 [ERROR] LogOutputStream:75 - [STDERR_REDIRECT] 
2025-08-31 10:51:51,247 [ERROR] LogOutputStream:75 - [STDERR_REDIRECT] [Fatal Error] :1:1: Premature end of file.
2025-08-31 10:51:51,248 [ERROR] LogOutputStream:75 - [STDERR_REDIRECT] 
2025-08-31 10:51:51,298 [ERROR] LogOutputStream:75 - [STDERR_REDIRECT] [Fatal Error] :1:1: Premature end of file.
2025-08-31 10:51:51,298 [ERROR] LogOutputStream:75 - [STDERR_REDIRECT] 
2025-08-31 10:51:51,363 [ERROR] LogOutputStream:75 - [STDERR_REDIRECT] [Fatal Error] :1:1: Premature end of file.
2025-08-31 10:51:51,364 [ERROR] LogOutputStream:75 - [STDERR_REDIRECT] 
2025-08-31 10:51:51,423 [ERROR] LogOutputStream:75 - [STDERR_REDIRECT] [Fatal Error] :1:1: Premature end of file.
2025-08-31 10:51:51,423 [ERROR] LogOutputStream:75 - [STDERR_REDIRECT] 
2025-08-31 10:51:51,484 [ERROR] LogOutputStream:75 - [STDERR_REDIRECT] [Fatal Error] :1:1: Premature end of file.
2025-08-31 10:51:51,484 [ERROR] LogOutputStream:75 - [STDERR_REDIRECT] 
2025-08-31 10:51:51,545 [ERROR] LogOutputStream:75 - [STDERR_REDIRECT] [Fatal Error] :1:1: Premature end of file.
2025-08-31 10:51:51,545 [ERROR] LogOutputStream:75 - [STDERR_REDIRECT] 
2025-08-31 10:51:51,602 [ERROR] LogOutputStream:75 - [STDERR_REDIRECT] [Fatal Error] :1:1: Premature end of file.
2025-08-31 10:51:51,602 [ERROR] LogOutputStream:75 - [STDERR_REDIRECT] 
2025-08-31 10:51:51,657 [ERROR] LogOutputStream:75 - [STDERR_REDIRECT] [Fatal Error] :1:1: Premature end of file.
2025-08-31 10:51:51,657 [ERROR] LogOutputStream:75 - [STDERR_REDIRECT] 
2025-08-31 10:51:51,707 [ERROR] LogOutputStream:75 - [STDERR_REDIRECT] [Fatal Error] :1:1: Premature end of file.
2025-08-31 10:51:51,707 [ERROR] LogOutputStream:75 - [STDERR_REDIRECT] 
2025-08-31 10:51:51,764 [ERROR] LogOutputStream:75 - [STDERR_REDIRECT] [Fatal Error] :1:1: Premature end of file.
2025-08-31 10:51:51,764 [ERROR] LogOutputStream:75 - [STDERR_REDIRECT] 
2025-08-31 10:51:51,821 [ERROR] LogOutputStream:75 - [STDERR_REDIRECT] [Fatal Error] :1:1: Premature end of file.
2025-08-31 10:51:51,821 [ERROR] LogOutputStream:75 - [STDERR_REDIRECT] 
2025-08-31 10:51:51,878 [ERROR] LogOutputStream:75 - [STDERR_REDIRECT] [Fatal Error] :1:1: Premature end of file.
2025-08-31 10:51:51,878 [ERROR] LogOutputStream:75 - [STDERR_REDIRECT] 
2025-08-31 10:51:51,930 [ERROR] LogOutputStream:75 - [STDERR_REDIRECT] [Fatal Error] :1:1: Premature end of file.
2025-08-31 10:51:51,930 [ERROR] LogOutputStream:75 - [STDERR_REDIRECT] 
2025-08-31 10:51:51,996 [ERROR] LogOutputStream:75 - [STDERR_REDIRECT] [Fatal Error] :1:1: Premature end of file.
2025-08-31 10:51:51,997 [ERROR] LogOutputStream:75 - [STDERR_REDIRECT] 
2025-08-31 10:51:52,050 [ERROR] LogOutputStream:75 - [STDERR_REDIRECT] [Fatal Error] :1:1: Premature end of file.
2025-08-31 10:51:52,050 [ERROR] LogOutputStream:75 - [STDERR_REDIRECT] 
2025-08-31 10:51:52,107 [ERROR] LogOutputStream:75 - [STDERR_REDIRECT] [Fatal Error] :1:1: Premature end of file.
2025-08-31 10:51:52,107 [ERROR] LogOutputStream:75 - [STDERR_REDIRECT] 
2025-08-31 10:51:52,172 [ERROR] LogOutputStream:75 - [STDERR_REDIRECT] [Fatal Error] :1:1: Premature end of file.
2025-08-31 10:51:52,172 [ERROR] LogOutputStream:75 - [STDERR_REDIRECT] 
2025-08-31 10:51:52,237 [ERROR] LogOutputStream:75 - [STDERR_REDIRECT] [Fatal Error] :1:1: Premature end of file.
2025-08-31 10:51:52,237 [ERROR] LogOutputStream:75 - [STDERR_REDIRECT] 
2025-08-31 10:51:52,306 [ERROR] LogOutputStream:75 - [STDERR_REDIRECT] [Fatal Error] :1:1: Premature end of file.
2025-08-31 10:51:52,306 [ERROR] LogOutputStream:75 - [STDERR_REDIRECT] 
2025-08-31 10:51:52,371 [ERROR] LogOutputStream:75 - [STDERR_REDIRECT] [Fatal Error] :1:1: Premature end of file.
2025-08-31 10:51:52,372 [ERROR] LogOutputStream:75 - [STDERR_REDIRECT] 
2025-08-31 10:51:52,446 [ERROR] LogOutputStream:75 - [STDERR_REDIRECT] [Fatal Error] :1:1: Premature end of file.
2025-08-31 10:51:52,446 [ERROR] LogOutputStream:75 - [STDERR_REDIRECT] 
2025-08-31 10:51:52,513 [ERROR] LogOutputStream:75 - [STDERR_REDIRECT] [Fatal Error] :1:1: Premature end of file.
2025-08-31 10:51:52,513 [ERROR] LogOutputStream:75 - [STDERR_REDIRECT] 
2025-08-31 10:51:52,580 [ERROR] LogOutputStream:75 - [STDERR_REDIRECT] [Fatal Error] :1:1: Premature end of file.
2025-08-31 10:51:52,581 [ERROR] LogOutputStream:75 - [STDERR_REDIRECT] 
2025-08-31 10:51:52,650 [ERROR] LogOutputStream:75 - [STDERR_REDIRECT] [Fatal Error] :1:1: Premature end of file.
2025-08-31 10:51:52,650 [ERROR] LogOutputStream:75 - [STDERR_REDIRECT] 
2025-08-31 10:51:52,719 [ERROR] LogOutputStream:75 - [STDERR_REDIRECT] [Fatal Error] :1:1: Premature end of file.
2025-08-31 10:51:52,719 [ERROR] LogOutputStream:75 - [STDERR_REDIRECT] 
2025-08-31 10:51:52,787 [ERROR] LogOutputStream:75 - [STDERR_REDIRECT] [Fatal Error] :1:1: Premature end of file.
2025-08-31 10:51:52,787 [ERROR] LogOutputStream:75 - [STDERR_REDIRECT] 
2025-08-31 10:51:52,850 [ERROR] LogOutputStream:75 - [STDERR_REDIRECT] [Fatal Error] :1:1: Premature end of file.
2025-08-31 10:51:52,850 [ERROR] LogOutputStream:75 - [STDERR_REDIRECT] 
2025-08-31 10:51:52,914 [ERROR] LogOutputStream:75 - [STDERR_REDIRECT] [Fatal Error] :1:1: Premature end of file.
2025-08-31 10:51:52,914 [ERROR] LogOutputStream:75 - [STDERR_REDIRECT] 
2025-08-31 10:51:52,979 [ERROR] LogOutputStream:75 - [STDERR_REDIRECT] [Fatal Error] :1:1: Premature end of file.
2025-08-31 10:51:52,979 [ERROR] LogOutputStream:75 - [STDERR_REDIRECT] 
2025-08-31 10:51:53,044 [ERROR] LogOutputStream:75 - [STDERR_REDIRECT] [Fatal Error] :1:1: Premature end of file.
2025-08-31 10:51:53,045 [ERROR] LogOutputStream:75 - [STDERR_REDIRECT] 
2025-08-31 10:51:53,111 [ERROR] LogOutputStream:75 - [STDERR_REDIRECT] [Fatal Error] :1:1: Premature end of file.
2025-08-31 10:51:53,111 [ERROR] LogOutputStream:75 - [STDERR_REDIRECT] 
2025-08-31 10:51:53,168 [ERROR] LogOutputStream:75 - [STDERR_REDIRECT] [Fatal Error] :1:1: Premature end of file.
2025-08-31 10:51:53,168 [ERROR] LogOutputStream:75 - [STDERR_REDIRECT] 
2025-08-31 10:51:53,234 [ERROR] LogOutputStream:75 - [STDERR_REDIRECT] [Fatal Error] :1:1: Premature end of file.
2025-08-31 10:51:53,234 [ERROR] LogOutputStream:75 - [STDERR_REDIRECT] 
2025-08-31 10:51:53,295 [ERROR] LogOutputStream:75 - [STDERR_REDIRECT] [Fatal Error] :1:1: Premature end of file.
2025-08-31 10:51:53,295 [ERROR] LogOutputStream:75 - [STDERR_REDIRECT] 
2025-08-31 10:51:53,367 [ERROR] LogOutputStream:75 - [STDERR_REDIRECT] [Fatal Error] :1:1: Premature end of file.
2025-08-31 10:51:53,368 [ERROR] LogOutputStream:75 - [STDERR_REDIRECT] 
2025-08-31 10:51:53,434 [ERROR] LogOutputStream:75 - [STDERR_REDIRECT] [Fatal Error] :1:1: Premature end of file.
2025-08-31 10:51:53,434 [ERROR] LogOutputStream:75 - [STDERR_REDIRECT] 
2025-08-31 10:51:53,500 [ERROR] LogOutputStream:75 - [STDERR_REDIRECT] [Fatal Error] :1:1: Premature end of file.
2025-08-31 10:51:53,500 [ERROR] LogOutputStream:75 - [STDERR_REDIRECT] 
2025-08-31 10:51:53,561 [ERROR] LogOutputStream:75 - [STDERR_REDIRECT] [Fatal Error] :1:1: Premature end of file.
2025-08-31 10:51:53,561 [ERROR] LogOutputStream:75 - [STDERR_REDIRECT] 
2025-08-31 10:51:53,607 [ERROR] LogOutputStream:75 - [STDERR_REDIRECT] [Fatal Error] :1:1: Premature end of file.
2025-08-31 10:51:53,608 [ERROR] LogOutputStream:75 - [STDERR_REDIRECT] 
2025-08-31 10:51:53,664 [ERROR] LogOutputStream:75 - [STDERR_REDIRECT] [Fatal Error] :1:1: Premature end of file.
2025-08-31 10:51:53,664 [ERROR] LogOutputStream:75 - [STDERR_REDIRECT] 
2025-08-31 10:51:53,712 [ERROR] LogOutputStream:75 - [STDERR_REDIRECT] [Fatal Error] :1:1: Premature end of file.
2025-08-31 10:51:53,712 [ERROR] LogOutputStream:75 - [STDERR_REDIRECT] 
2025-08-31 10:51:53,762 [ERROR] LogOutputStream:75 - [STDERR_REDIRECT] [Fatal Error] :1:1: Premature end of file.
2025-08-31 10:51:53,762 [ERROR] LogOutputStream:75 - [STDERR_REDIRECT] 
2025-08-31 10:51:53,809 [ERROR] LogOutputStream:75 - [STDERR_REDIRECT] [Fatal Error] :1:1: Premature end of file.
2025-08-31 10:51:53,809 [ERROR] LogOutputStream:75 - [STDERR_REDIRECT] 
2025-08-31 10:51:53,867 [ERROR] LogOutputStream:75 - [STDERR_REDIRECT] [Fatal Error] :1:1: Premature end of file.
2025-08-31 10:51:53,868 [ERROR] LogOutputStream:75 - [STDERR_REDIRECT] 
2025-08-31 10:51:53,936 [ERROR] LogOutputStream:75 - [STDERR_REDIRECT] [Fatal Error] :1:1: Premature end of file.
2025-08-31 10:51:53,936 [ERROR] LogOutputStream:75 - [STDERR_REDIRECT] 
2025-08-31 10:51:53,993 [ERROR] LogOutputStream:75 - [STDERR_REDIRECT] [Fatal Error] :1:1: Premature end of file.
2025-08-31 10:51:53,994 [ERROR] LogOutputStream:75 - [STDERR_REDIRECT] 
2025-08-31 10:51:54,054 [ERROR] LogOutputStream:75 - [STDERR_REDIRECT] [Fatal Error] :1:1: Premature end of file.
2025-08-31 10:51:54,054 [ERROR] LogOutputStream:75 - [STDERR_REDIRECT] 
2025-08-31 10:51:54,115 [ERROR] LogOutputStream:75 - [STDERR_REDIRECT] [Fatal Error] :1:1: Premature end of file.
2025-08-31 10:51:54,116 [ERROR] LogOutputStream:75 - [STDERR_REDIRECT] 
2025-08-31 10:51:54,181 [ERROR] LogOutputStream:75 - [STDERR_REDIRECT] [Fatal Error] :1:1: Premature end of file.
2025-08-31 10:51:54,182 [ERROR] LogOutputStream:75 - [STDERR_REDIRECT] 
2025-08-31 10:51:54,239 [ERROR] LogOutputStream:75 - [STDERR_REDIRECT] [Fatal Error] :1:1: Premature end of file.
2025-08-31 10:51:54,239 [ERROR] LogOutputStream:75 - [STDERR_REDIRECT] 
2025-08-31 10:51:54,305 [ERROR] LogOutputStream:75 - [STDERR_REDIRECT] [Fatal Error] :1:1: Premature end of file.
2025-08-31 10:51:54,305 [ERROR] LogOutputStream:75 - [STDERR_REDIRECT] 
2025-08-31 10:51:54,408 [ERROR] LogOutputStream:75 - [STDERR_REDIRECT] [Fatal Error] :1:1: Premature end of file.
2025-08-31 10:51:54,408 [ERROR] LogOutputStream:75 - [STDERR_REDIRECT] 
2025-08-31 10:51:54,485 [ERROR] LogOutputStream:75 - [STDERR_REDIRECT] [Fatal Error] :1:1: Premature end of file.
2025-08-31 10:51:54,485 [ERROR] LogOutputStream:75 - [STDERR_REDIRECT] 
2025-08-31 10:51:54,550 [ERROR] LogOutputStream:75 - [STDERR_REDIRECT] [Fatal Error] :1:1: Premature end of file.
2025-08-31 10:51:54,550 [ERROR] LogOutputStream:75 - [STDERR_REDIRECT] 
2025-08-31 10:51:54,615 [ERROR] LogOutputStream:75 - [STDERR_REDIRECT] [Fatal Error] :1:1: Premature end of file.
2025-08-31 10:51:54,615 [ERROR] LogOutputStream:75 - [STDERR_REDIRECT] 
2025-08-31 10:51:54,683 [ERROR] LogOutputStream:75 - [STDERR_REDIRECT] [Fatal Error] :1:1: Premature end of file.
2025-08-31 10:51:54,683 [ERROR] LogOutputStream:75 - [STDERR_REDIRECT] 
2025-08-31 10:51:54,748 [ERROR] LogOutputStream:75 - [STDERR_REDIRECT] [Fatal Error] :1:1: Premature end of file.
2025-08-31 10:51:54,748 [ERROR] LogOutputStream:75 - [STDERR_REDIRECT] 
2025-08-31 10:51:54,813 [ERROR] LogOutputStream:75 - [STDERR_REDIRECT] [Fatal Error] :1:1: Premature end of file.
2025-08-31 10:51:54,814 [ERROR] LogOutputStream:75 - [STDERR_REDIRECT] 
2025-08-31 10:51:54,878 [ERROR] LogOutputStream:75 - [STDERR_REDIRECT] [Fatal Error] :1:1: Premature end of file.
2025-08-31 10:51:54,878 [ERROR] LogOutputStream:75 - [STDERR_REDIRECT] 
2025-08-31 10:51:54,935 [ERROR] LogOutputStream:75 - [STDERR_REDIRECT] [Fatal Error] :1:1: Premature end of file.
2025-08-31 10:51:54,936 [ERROR] LogOutputStream:75 - [STDERR_REDIRECT] 
2025-08-31 10:51:54,986 [ERROR] LogOutputStream:75 - [STDERR_REDIRECT] [Fatal Error] :1:1: Premature end of file.
2025-08-31 10:51:54,986 [ERROR] LogOutputStream:75 - [STDERR_REDIRECT] 
2025-08-31 10:51:55,048 [ERROR] LogOutputStream:75 - [STDERR_REDIRECT] [Fatal Error] :1:1: Premature end of file.
2025-08-31 10:51:55,048 [ERROR] LogOutputStream:75 - [STDERR_REDIRECT] 
2025-08-31 10:51:55,116 [ERROR] LogOutputStream:75 - [STDERR_REDIRECT] [Fatal Error] :1:1: Premature end of file.
2025-08-31 10:51:55,116 [ERROR] LogOutputStream:75 - [STDERR_REDIRECT] 
2025-08-31 10:51:55,188 [ERROR] LogOutputStream:75 - [STDERR_REDIRECT] [Fatal Error] :1:1: Premature end of file.
2025-08-31 10:51:55,188 [ERROR] LogOutputStream:75 - [STDERR_REDIRECT] 
2025-08-31 10:51:55,261 [ERROR] LogOutputStream:75 - [STDERR_REDIRECT] [Fatal Error] :1:1: Premature end of file.
2025-08-31 10:51:55,261 [ERROR] LogOutputStream:75 - [STDERR_REDIRECT] 
2025-08-31 10:51:55,325 [ERROR] LogOutputStream:75 - [STDERR_REDIRECT] [Fatal Error] :1:1: Premature end of file.
2025-08-31 10:51:55,325 [ERROR] LogOutputStream:75 - [STDERR_REDIRECT] 
2025-08-31 10:51:55,395 [ERROR] LogOutputStream:75 - [STDERR_REDIRECT] [Fatal Error] :1:1: Premature end of file.
2025-08-31 10:51:55,395 [ERROR] LogOutputStream:75 - [STDERR_REDIRECT] 
2025-08-31 10:51:55,459 [ERROR] LogOutputStream:75 - [STDERR_REDIRECT] [Fatal Error] :1:1: Premature end of file.
2025-08-31 10:51:55,459 [ERROR] LogOutputStream:75 - [STDERR_REDIRECT] 
2025-08-31 10:51:55,521 [ERROR] LogOutputStream:75 - [STDERR_REDIRECT] [Fatal Error] :1:1: Premature end of file.
2025-08-31 10:51:55,521 [ERROR] LogOutputStream:75 - [STDERR_REDIRECT] 
2025-08-31 10:51:55,585 [ERROR] LogOutputStream:75 - [STDERR_REDIRECT] [Fatal Error] :1:1: Premature end of file.
2025-08-31 10:51:55,585 [ERROR] LogOutputStream:75 - [STDERR_REDIRECT] 
2025-08-31 10:51:55,652 [ERROR] LogOutputStream:75 - [STDERR_REDIRECT] [Fatal Error] :1:1: Premature end of file.
2025-08-31 10:51:55,652 [ERROR] LogOutputStream:75 - [STDERR_REDIRECT] 
2025-08-31 10:51:55,726 [ERROR] LogOutputStream:75 - [STDERR_REDIRECT] [Fatal Error] :1:1: Premature end of file.
2025-08-31 10:51:55,726 [ERROR] LogOutputStream:75 - [STDERR_REDIRECT] 
2025-08-31 10:51:55,794 [ERROR] LogOutputStream:75 - [STDERR_REDIRECT] [Fatal Error] :1:1: Premature end of file.
2025-08-31 10:51:55,795 [ERROR] LogOutputStream:75 - [STDERR_REDIRECT] 
2025-08-31 10:51:55,867 [ERROR] LogOutputStream:75 - [STDERR_REDIRECT] [Fatal Error] :1:1: Premature end of file.
2025-08-31 10:51:55,867 [ERROR] LogOutputStream:75 - [STDERR_REDIRECT] 
2025-08-31 10:51:55,951 [ERROR] LogOutputStream:75 - [STDERR_REDIRECT] [Fatal Error] :1:1: Premature end of file.
2025-08-31 10:51:55,951 [ERROR] LogOutputStream:75 - [STDERR_REDIRECT] 
2025-08-31 10:51:56,014 [ERROR] LogOutputStream:75 - [STDERR_REDIRECT] [Fatal Error] :1:1: Premature end of file.
2025-08-31 10:51:56,014 [ERROR] LogOutputStream:75 - [STDERR_REDIRECT] 
2025-08-31 10:51:56,083 [ERROR] LogOutputStream:75 - [STDERR_REDIRECT] [Fatal Error] :1:1: Premature end of file.
2025-08-31 10:51:56,084 [ERROR] LogOutputStream:75 - [STDERR_REDIRECT] 
2025-08-31 10:51:56,158 [ERROR] LogOutputStream:75 - [STDERR_REDIRECT] [Fatal Error] :1:1: Premature end of file.
2025-08-31 10:51:56,158 [ERROR] LogOutputStream:75 - [STDERR_REDIRECT] 
2025-08-31 10:51:56,202 [ERROR] LogOutputStream:75 - [STDERR_REDIRECT] [Fatal Error] :1:1: Premature end of file.
2025-08-31 10:51:56,202 [ERROR] LogOutputStream:75 - [STDERR_REDIRECT] 
2025-08-31 10:51:56,258 [ERROR] LogOutputStream:75 - [STDERR_REDIRECT] [Fatal Error] :1:1: Premature end of file.
2025-08-31 10:51:56,258 [ERROR] LogOutputStream:75 - [STDERR_REDIRECT] 
2025-08-31 10:51:56,310 [ERROR] LogOutputStream:75 - [STDERR_REDIRECT] [Fatal Error] :1:1: Premature end of file.
2025-08-31 10:51:56,310 [ERROR] LogOutputStream:75 - [STDERR_REDIRECT] 
2025-08-31 10:51:56,381 [ERROR] LogOutputStream:75 - [STDERR_REDIRECT] [Fatal Error] :1:1: Premature end of file.
2025-08-31 10:51:56,381 [ERROR] LogOutputStream:75 - [STDERR_REDIRECT] 
2025-08-31 10:51:56,446 [ERROR] LogOutputStream:75 - [STDERR_REDIRECT] [Fatal Error] :1:1: Premature end of file.
2025-08-31 10:51:56,446 [ERROR] LogOutputStream:75 - [STDERR_REDIRECT] 
2025-08-31 10:51:56,517 [ERROR] LogOutputStream:75 - [STDERR_REDIRECT] [Fatal Error] :1:1: Premature end of file.
2025-08-31 10:51:56,517 [ERROR] LogOutputStream:75 - [STDERR_REDIRECT] 
2025-08-31 10:51:56,593 [ERROR] LogOutputStream:75 - [STDERR_REDIRECT] [Fatal Error] :1:1: Premature end of file.
2025-08-31 10:51:56,593 [ERROR] LogOutputStream:75 - [STDERR_REDIRECT] 
2025-08-31 10:51:56,661 [ERROR] LogOutputStream:75 - [STDERR_REDIRECT] [Fatal Error] :1:1: Premature end of file.
2025-08-31 10:51:56,661 [ERROR] LogOutputStream:75 - [STDERR_REDIRECT] 
2025-08-31 10:51:56,732 [ERROR] LogOutputStream:75 - [STDERR_REDIRECT] [Fatal Error] :1:1: Premature end of file.
2025-08-31 10:51:56,732 [ERROR] LogOutputStream:75 - [STDERR_REDIRECT] 
2025-08-31 10:51:56,811 [ERROR] LogOutputStream:75 - [STDERR_REDIRECT] [Fatal Error] :1:1: Premature end of file.
2025-08-31 10:51:56,812 [ERROR] LogOutputStream:75 - [STDERR_REDIRECT] 
2025-08-31 10:51:56,882 [ERROR] LogOutputStream:75 - [STDERR_REDIRECT] [Fatal Error] :1:1: Premature end of file.
2025-08-31 10:51:56,882 [ERROR] LogOutputStream:75 - [STDERR_REDIRECT] 
2025-08-31 10:51:56,955 [ERROR] LogOutputStream:75 - [STDERR_REDIRECT] [Fatal Error] :1:1: Premature end of file.
2025-08-31 10:51:56,956 [ERROR] LogOutputStream:75 - [STDERR_REDIRECT] 
2025-08-31 10:51:57,024 [ERROR] LogOutputStream:75 - [STDERR_REDIRECT] [Fatal Error] :1:1: Premature end of file.
2025-08-31 10:51:57,025 [ERROR] LogOutputStream:75 - [STDERR_REDIRECT] 
2025-08-31 10:51:57,119 [ERROR] LogOutputStream:75 - [STDERR_REDIRECT] [Fatal Error] :1:1: Premature end of file.
2025-08-31 10:51:57,119 [ERROR] LogOutputStream:75 - [STDERR_REDIRECT] 
2025-08-31 10:51:57,170 [ERROR] LogOutputStream:75 - [STDERR_REDIRECT] [Fatal Error] :1:1: Premature end of file.
2025-08-31 10:51:57,170 [ERROR] LogOutputStream:75 - [STDERR_REDIRECT] 
2025-08-31 10:51:57,216 [ERROR] LogOutputStream:75 - [STDERR_REDIRECT] [Fatal Error] :1:1: Premature end of file.
2025-08-31 10:51:57,216 [ERROR] LogOutputStream:75 - [STDERR_REDIRECT] 
2025-08-31 10:51:57,281 [ERROR] LogOutputStream:75 - [STDERR_REDIRECT] [Fatal Error] :1:1: Premature end of file.
2025-08-31 10:51:57,282 [ERROR] LogOutputStream:75 - [STDERR_REDIRECT] 
2025-08-31 10:51:57,363 [ERROR] LogOutputStream:75 - [STDERR_REDIRECT] [Fatal Error] :1:1: Premature end of file.
2025-08-31 10:51:57,363 [ERROR] LogOutputStream:75 - [STDERR_REDIRECT] 
2025-08-31 10:51:57,438 [ERROR] LogOutputStream:75 - [STDERR_REDIRECT] [Fatal Error] :1:1: Premature end of file.
2025-08-31 10:51:57,438 [ERROR] LogOutputStream:75 - [STDERR_REDIRECT] 
2025-08-31 10:51:57,509 [ERROR] LogOutputStream:75 - [STDERR_REDIRECT] [Fatal Error] :1:1: Premature end of file.
2025-08-31 10:51:57,509 [ERROR] LogOutputStream:75 - [STDERR_REDIRECT] 
2025-08-31 10:51:57,580 [ERROR] LogOutputStream:75 - [STDERR_REDIRECT] [Fatal Error] :1:1: Premature end of file.
2025-08-31 10:51:57,580 [ERROR] LogOutputStream:75 - [STDERR_REDIRECT] 
2025-08-31 10:51:57,654 [ERROR] LogOutputStream:75 - [STDERR_REDIRECT] [Fatal Error] :1:1: Premature end of file.
2025-08-31 10:51:57,654 [ERROR] LogOutputStream:75 - [STDERR_REDIRECT] 
2025-08-31 10:51:57,721 [ERROR] LogOutputStream:75 - [STDERR_REDIRECT] [Fatal Error] :1:1: Premature end of file.
2025-08-31 10:51:57,721 [ERROR] LogOutputStream:75 - [STDERR_REDIRECT] 
2025-08-31 10:51:57,802 [ERROR] LogOutputStream:75 - [STDERR_REDIRECT] [Fatal Error] :1:1: Premature end of file.
2025-08-31 10:51:57,802 [ERROR] LogOutputStream:75 - [STDERR_REDIRECT] 
2025-08-31 10:51:57,863 [ERROR] LogOutputStream:75 - [STDERR_REDIRECT] [Fatal Error] :1:1: Premature end of file.
2025-08-31 10:51:57,863 [ERROR] LogOutputStream:75 - [STDERR_REDIRECT] 
2025-08-31 10:51:57,932 [ERROR] LogOutputStream:75 - [STDERR_REDIRECT] [Fatal Error] :1:1: Premature end of file.
2025-08-31 10:51:57,932 [ERROR] LogOutputStream:75 - [STDERR_REDIRECT] 
2025-08-31 10:51:58,008 [ERROR] LogOutputStream:75 - [STDERR_REDIRECT] [Fatal Error] :1:1: Premature end of file.
2025-08-31 10:51:58,008 [ERROR] LogOutputStream:75 - [STDERR_REDIRECT] 
2025-08-31 10:51:58,076 [ERROR] LogOutputStream:75 - [STDERR_REDIRECT] [Fatal Error] :1:1: Premature end of file.
2025-08-31 10:51:58,077 [ERROR] LogOutputStream:75 - [STDERR_REDIRECT] 
2025-08-31 10:51:58,146 [ERROR] LogOutputStream:75 - [STDERR_REDIRECT] [Fatal Error] :1:1: Premature end of file.
2025-08-31 10:51:58,147 [ERROR] LogOutputStream:75 - [STDERR_REDIRECT] 
2025-08-31 10:51:58,220 [ERROR] LogOutputStream:75 - [STDERR_REDIRECT] [Fatal Error] :1:1: Premature end of file.
2025-08-31 10:51:58,220 [ERROR] LogOutputStream:75 - [STDERR_REDIRECT] 
2025-08-31 10:51:58,275 [ERROR] LogOutputStream:75 - [STDERR_REDIRECT] [Fatal Error] :1:1: Premature end of file.
2025-08-31 10:51:58,276 [ERROR] LogOutputStream:75 - [STDERR_REDIRECT] 
2025-08-31 10:51:58,346 [ERROR] LogOutputStream:75 - [STDERR_REDIRECT] [Fatal Error] :1:1: Premature end of file.
2025-08-31 10:51:58,346 [ERROR] LogOutputStream:75 - [STDERR_REDIRECT] 
2025-08-31 10:51:58,424 [ERROR] LogOutputStream:75 - [STDERR_REDIRECT] [Fatal Error] :1:1: Premature end of file.
2025-08-31 10:51:58,424 [ERROR] LogOutputStream:75 - [STDERR_REDIRECT] 
2025-08-31 10:51:58,496 [ERROR] LogOutputStream:75 - [STDERR_REDIRECT] [Fatal Error] :1:1: Premature end of file.
2025-08-31 10:51:58,496 [ERROR] LogOutputStream:75 - [STDERR_REDIRECT] 
2025-08-31 10:51:58,569 [ERROR] LogOutputStream:75 - [STDERR_REDIRECT] [Fatal Error] :1:1: Premature end of file.
2025-08-31 10:51:58,570 [ERROR] LogOutputStream:75 - [STDERR_REDIRECT] 
2025-08-31 10:51:58,628 [ERROR] LogOutputStream:75 - [STDERR_REDIRECT] [Fatal Error] :1:1: Premature end of file.
2025-08-31 10:51:58,628 [ERROR] LogOutputStream:75 - [STDERR_REDIRECT] 
2025-08-31 10:51:58,700 [ERROR] LogOutputStream:75 - [STDERR_REDIRECT] [Fatal Error] :1:1: Premature end of file.
2025-08-31 10:51:58,700 [ERROR] LogOutputStream:75 - [STDERR_REDIRECT] 
2025-08-31 10:51:58,764 [ERROR] LogOutputStream:75 - [STDERR_REDIRECT] [Fatal Error] :1:1: Premature end of file.
2025-08-31 10:51:58,764 [ERROR] LogOutputStream:75 - [STDERR_REDIRECT] 
2025-08-31 10:51:58,822 [ERROR] LogOutputStream:75 - [STDERR_REDIRECT] [Fatal Error] :1:1: Premature end of file.
2025-08-31 10:51:58,822 [ERROR] LogOutputStream:75 - [STDERR_REDIRECT] 
2025-08-31 10:51:58,887 [ERROR] LogOutputStream:75 - [STDERR_REDIRECT] [Fatal Error] :1:1: Premature end of file.
2025-08-31 10:51:58,887 [ERROR] LogOutputStream:75 - [STDERR_REDIRECT] 
2025-08-31 10:51:58,953 [ERROR] LogOutputStream:75 - [STDERR_REDIRECT] [Fatal Error] :1:1: Premature end of file.
2025-08-31 10:51:58,953 [ERROR] LogOutputStream:75 - [STDERR_REDIRECT] 
2025-08-31 10:51:59,033 [ERROR] LogOutputStream:75 - [STDERR_REDIRECT] [Fatal Error] :1:1: Premature end of file.
2025-08-31 10:51:59,035 [ERROR] LogOutputStream:75 - [STDERR_REDIRECT] 
2025-08-31 10:51:59,124 [ERROR] LogOutputStream:75 - [STDERR_REDIRECT] [Fatal Error] :1:1: Premature end of file.
2025-08-31 10:51:59,124 [ERROR] LogOutputStream:75 - [STDERR_REDIRECT] 
2025-08-31 10:51:59,183 [ERROR] LogOutputStream:75 - [STDERR_REDIRECT] [Fatal Error] :1:1: Premature end of file.
2025-08-31 10:51:59,183 [ERROR] LogOutputStream:75 - [STDERR_REDIRECT] 
2025-08-31 10:51:59,247 [ERROR] LogOutputStream:75 - [STDERR_REDIRECT] [Fatal Error] :1:1: Premature end of file.
2025-08-31 10:51:59,247 [ERROR] LogOutputStream:75 - [STDERR_REDIRECT] 
2025-08-31 10:51:59,326 [ERROR] LogOutputStream:75 - [STDERR_REDIRECT] [Fatal Error] :1:1: Premature end of file.
2025-08-31 10:51:59,326 [ERROR] LogOutputStream:75 - [STDERR_REDIRECT] 
2025-08-31 10:51:59,400 [ERROR] LogOutputStream:75 - [STDERR_REDIRECT] [Fatal Error] :1:1: Premature end of file.
2025-08-31 10:51:59,400 [ERROR] LogOutputStream:75 - [STDERR_REDIRECT] 
2025-08-31 10:51:59,475 [ERROR] LogOutputStream:75 - [STDERR_REDIRECT] [Fatal Error] :1:1: Premature end of file.
2025-08-31 10:51:59,475 [ERROR] LogOutputStream:75 - [STDERR_REDIRECT] 
2025-08-31 10:51:59,531 [ERROR] LogOutputStream:75 - [STDERR_REDIRECT] [Fatal Error] :1:1: Premature end of file.
2025-08-31 10:51:59,531 [ERROR] LogOutputStream:75 - [STDERR_REDIRECT] 
2025-08-31 10:51:59,576 [ERROR] LogOutputStream:75 - [STDERR_REDIRECT] [Fatal Error] :1:1: Premature end of file.
2025-08-31 10:51:59,576 [ERROR] LogOutputStream:75 - [STDERR_REDIRECT] 
2025-08-31 10:51:59,631 [ERROR] LogOutputStream:75 - [STDERR_REDIRECT] [Fatal Error] :1:1: Premature end of file.
2025-08-31 10:51:59,631 [ERROR] LogOutputStream:75 - [STDERR_REDIRECT] 
2025-08-31 10:51:59,705 [ERROR] LogOutputStream:75 - [STDERR_REDIRECT] [Fatal Error] :1:1: Premature end of file.
2025-08-31 10:51:59,705 [ERROR] LogOutputStream:75 - [STDERR_REDIRECT] 
2025-08-31 10:51:59,776 [ERROR] LogOutputStream:75 - [STDERR_REDIRECT] [Fatal Error] :1:1: Premature end of file.
2025-08-31 10:51:59,776 [ERROR] LogOutputStream:75 - [STDERR_REDIRECT] 
2025-08-31 10:51:59,836 [ERROR] LogOutputStream:75 - [STDERR_REDIRECT] [Fatal Error] :1:1: Premature end of file.
2025-08-31 10:51:59,836 [ERROR] LogOutputStream:75 - [STDERR_REDIRECT] 
2025-08-31 10:51:59,897 [ERROR] LogOutputStream:75 - [STDERR_REDIRECT] [Fatal Error] :1:1: Premature end of file.
2025-08-31 10:51:59,897 [ERROR] LogOutputStream:75 - [STDERR_REDIRECT] 
2025-08-31 10:51:59,975 [ERROR] LogOutputStream:75 - [STDERR_REDIRECT] [Fatal Error] :1:1: Premature end of file.
2025-08-31 10:51:59,976 [ERROR] LogOutputStream:75 - [STDERR_REDIRECT] 
2025-08-31 10:52:00,072 [ERROR] LogOutputStream:75 - [STDERR_REDIRECT] [Fatal Error] :1:1: Premature end of file.
2025-08-31 10:52:00,073 [ERROR] LogOutputStream:75 - [STDERR_REDIRECT] 
2025-08-31 10:52:00,133 [ERROR] LogOutputStream:75 - [STDERR_REDIRECT] [Fatal Error] :1:1: Premature end of file.
2025-08-31 10:52:00,133 [ERROR] LogOutputStream:75 - [STDERR_REDIRECT] 
2025-08-31 10:52:00,184 [ERROR] LogOutputStream:75 - [STDERR_REDIRECT] [Fatal Error] :1:1: Premature end of file.
2025-08-31 10:52:00,184 [ERROR] LogOutputStream:75 - [STDERR_REDIRECT] 
2025-08-31 10:52:00,243 [ERROR] LogOutputStream:75 - [STDERR_REDIRECT] [Fatal Error] :1:1: Premature end of file.
2025-08-31 10:52:00,243 [ERROR] LogOutputStream:75 - [STDERR_REDIRECT] 
2025-08-31 10:52:00,303 [ERROR] LogOutputStream:75 - [STDERR_REDIRECT] [Fatal Error] :1:1: Premature end of file.
2025-08-31 10:52:00,303 [ERROR] LogOutputStream:75 - [STDERR_REDIRECT] 
2025-08-31 10:52:00,368 [ERROR] LogOutputStream:75 - [STDERR_REDIRECT] [Fatal Error] :1:1: Premature end of file.
2025-08-31 10:52:00,368 [ERROR] LogOutputStream:75 - [STDERR_REDIRECT] 
2025-08-31 10:52:00,434 [ERROR] LogOutputStream:75 - [STDERR_REDIRECT] [Fatal Error] :1:1: Premature end of file.
2025-08-31 10:52:00,434 [ERROR] LogOutputStream:75 - [STDERR_REDIRECT] 
2025-08-31 10:52:00,498 [ERROR] LogOutputStream:75 - [STDERR_REDIRECT] [Fatal Error] :1:1: Premature end of file.
2025-08-31 10:52:00,498 [ERROR] LogOutputStream:75 - [STDERR_REDIRECT] 
2025-08-31 10:52:00,554 [ERROR] LogOutputStream:75 - [STDERR_REDIRECT] [Fatal Error] :1:1: Premature end of file.
2025-08-31 10:52:00,554 [ERROR] LogOutputStream:75 - [STDERR_REDIRECT] 
2025-08-31 10:52:00,607 [ERROR] LogOutputStream:75 - [STDERR_REDIRECT] [Fatal Error] :1:1: Premature end of file.
2025-08-31 10:52:00,607 [ERROR] LogOutputStream:75 - [STDERR_REDIRECT] 
2025-08-31 10:52:00,669 [ERROR] LogOutputStream:75 - [STDERR_REDIRECT] [Fatal Error] :1:1: Premature end of file.
2025-08-31 10:52:00,669 [ERROR] LogOutputStream:75 - [STDERR_REDIRECT] 
2025-08-31 10:52:00,733 [ERROR] LogOutputStream:75 - [STDERR_REDIRECT] [Fatal Error] :1:1: Premature end of file.
2025-08-31 10:52:00,733 [ERROR] LogOutputStream:75 - [STDERR_REDIRECT] 
2025-08-31 10:52:00,832 [ERROR] LogOutputStream:75 - [STDERR_REDIRECT] [Fatal Error] :1:1: Premature end of file.
2025-08-31 10:52:00,832 [ERROR] LogOutputStream:75 - [STDERR_REDIRECT] 
2025-08-31 10:52:00,916 [ERROR] LogOutputStream:75 - [STDERR_REDIRECT] [Fatal Error] :1:1: Premature end of file.
2025-08-31 10:52:00,917 [ERROR] LogOutputStream:75 - [STDERR_REDIRECT] 
2025-08-31 10:52:00,974 [ERROR] LogOutputStream:75 - [STDERR_REDIRECT] [Fatal Error] :1:1: Premature end of file.
2025-08-31 10:52:00,975 [ERROR] LogOutputStream:75 - [STDERR_REDIRECT] 
2025-08-31 10:52:01,041 [ERROR] LogOutputStream:75 - [STDERR_REDIRECT] [Fatal Error] :1:1: Premature end of file.
2025-08-31 10:52:01,041 [ERROR] LogOutputStream:75 - [STDERR_REDIRECT] 
2025-08-31 10:52:01,122 [ERROR] LogOutputStream:75 - [STDERR_REDIRECT] [Fatal Error] :1:1: Premature end of file.
2025-08-31 10:52:01,122 [ERROR] LogOutputStream:75 - [STDERR_REDIRECT] 
2025-08-31 10:52:01,241 [ERROR] LogOutputStream:75 - [STDERR_REDIRECT] [Fatal Error] :1:1: Premature end of file.
2025-08-31 10:52:01,241 [ERROR] LogOutputStream:75 - [STDERR_REDIRECT] 
2025-08-31 10:52:01,313 [ERROR] LogOutputStream:75 - [STDERR_REDIRECT] [Fatal Error] :1:1: Premature end of file.
2025-08-31 10:52:01,315 [ERROR] LogOutputStream:75 - [STDERR_REDIRECT] 
2025-08-31 10:52:01,396 [ERROR] LogOutputStream:75 - [STDERR_REDIRECT] [Fatal Error] :1:1: Premature end of file.
2025-08-31 10:52:01,396 [ERROR] LogOutputStream:75 - [STDERR_REDIRECT] 
2025-08-31 10:52:01,474 [ERROR] LogOutputStream:75 - [STDERR_REDIRECT] [Fatal Error] :1:1: Premature end of file.
2025-08-31 10:52:01,474 [ERROR] LogOutputStream:75 - [STDERR_REDIRECT] 
2025-08-31 10:52:01,532 [ERROR] LogOutputStream:75 - [STDERR_REDIRECT] [Fatal Error] :1:1: Premature end of file.
2025-08-31 10:52:01,533 [ERROR] LogOutputStream:75 - [STDERR_REDIRECT] 
2025-08-31 10:52:01,600 [ERROR] LogOutputStream:75 - [STDERR_REDIRECT] [Fatal Error] :1:1: Premature end of file.
2025-08-31 10:52:01,600 [ERROR] LogOutputStream:75 - [STDERR_REDIRECT] 
2025-08-31 10:52:01,666 [ERROR] LogOutputStream:75 - [STDERR_REDIRECT] [Fatal Error] :1:1: Premature end of file.
2025-08-31 10:52:01,667 [ERROR] LogOutputStream:75 - [STDERR_REDIRECT] 
2025-08-31 10:52:01,672 [ERROR] LogOutputStream:75 - [STDERR_REDIRECT] Exception in thread "Serial Ports Filter" java.lang.NullPointerException: Cannot invoke "org.eclipse.core.resources.ResourcesPlugin.getLog()" because the return value of "org.eclipse.core.resources.ResourcesPlugin.getPlugin()" is null
2025-08-31 10:52:01,674 [ERROR] LogOutputStream:75 - [STDERR_REDIRECT] 	at com.st.stm32cube.common.logger.MCULoggerPlugin.log(MCULoggerPlugin.java:84)
2025-08-31 10:52:01,675 [ERROR] LogOutputStream:75 - [STDERR_REDIRECT] 	at com.st.stm32cube.common.logger.MCULoggerPlugin.logException(MCULoggerPlugin.java:116)
2025-08-31 10:52:01,677 [ERROR] LogOutputStream:75 - [STDERR_REDIRECT] 	at com.st.stm32cube.ide.mpu.remote.serial.internal.SerialPortProviderWindows.run(SerialPortProviderWindows.java:156)
2025-08-31 10:52:01,679 [ERROR] LogOutputStream:75 - [STDERR_REDIRECT] 	at java.base/java.util.TimerThread.mainLoop(Timer.java:566)
2025-08-31 10:52:01,682 [ERROR] LogOutputStream:75 - [STDERR_REDIRECT] 	at java.base/java.util.TimerThread.run(Timer.java:516)
2025-08-31 10:52:01,727 [ERROR] LogOutputStream:75 - [STDERR_REDIRECT] 
2025-08-31 10:52:01,729 [ERROR] LogOutputStream:75 - [STDERR_REDIRECT] 
